{"type":"FeatureCollection","features":[{"type":"Feature","id":1,"geometry":{"type":"Point","coordinates":[7.907699647912921,47.35193475927172]},"properties":{"OBJECTID":1,"UUID":"{18764CDB-5A68-E611-B7C2-F04DA23F2F2A}","HSTNAME":"Olten","VMITTEL":1,"BFS_NR":2581,"GEMEINDE":"Olten","EINWOHNER":0,"ARBEITSPL":0,"RADIUS":1000,"DIDOKNR":218,"ANGSTUFE":null,"SLOID":"ch:1:sloid:218","TU":6}},{"type":"Feature","id":2,"geometry":{"type":"Point","coordinates":[7.957040848507767,47.26266615496045]},"properties":{"OBJECTID":2,"UUID":"{8EE8C1D5-5A68-E611-B7C2-F04DA23F2F2A}","HSTNAME":"Brittnau-Wikon","VMITTEL":1,"BFS_NR":1147,"GEMEINDE":"Wikon","EINWOHNER":1053,"ARBEITSPL":765,"RADIUS":1000,"DIDOKNR":2002,"ANGSTUFE":2,"SLOID":"ch:1:sloid:2002","TU":6}},{"type":"Feature","id":3,"geometry":{"type":"Point","coordinates":[7.977449481598917,47.19238062097447]},"properties":{"OBJECTID":3,"UUID":"{4F764CDB-5A68-E611-B7C2-F04DA23F2F2A}","HSTNAME":"Nebikon","VMITTEL":1,"BFS_NR":1137,"GEMEINDE":"Nebikon","EINWOHNER":3372,"ARBEITSPL":3192,"RADIUS":1000,"DIDOKNR":2005,"ANGSTUFE":3,"SLOID":"ch:1:sloid:2005","TU":6}},{"type":"Feature","id":4,"geometry":{"type":"Point","coordinates":[7.979025922465625,47.217557940812775]},"properties":{"OBJECTID":4,"UUID":"{DD764CDB-5A68-E611-B7C2-F04DA23F2F2A}","HSTNAME":"Dagmersellen","VMITTEL":1,"BFS_NR":1125,"GEMEINDE":"Dagmersellen","EINWOHNER":3141,"ARBEITSPL":2266,"RADIUS":1000,"DIDOKNR":2004,"ANGSTUFE":3,"SLOID":"ch:1:sloid:2004","TU":6}},{"type":"Feature","id":5,"geometry":{"type":"Point","coordinates":[7.943117673978112,47.28805253539377]},"properties":{"OBJECTID":5,"UUID":"{ACE8C1D5-5A68-E611-B7C2-F04DA23F2F2A}","HSTNAME":"Zofingen","VMITTEL":1,"BFS_NR":4289,"GEMEINDE":"Zofingen","EINWOHNER":0,"ARBEITSPL":0,"RADIUS":1000,"DIDOKNR":2001,"ANGSTUFE":null,"SLOID":"ch:1:sloid:2001","TU":6}},{"type":"Feature","id":6,"geometry":{"type":"Point","coordinates":[7.908222606719282,47.320268469494955]},"properties":{"OBJECTID":6,"UUID":"{E0764CDB-5A68-E611-B7C2-F04DA23F2F2A}","HSTNAME":"Aarburg-Oftringen","VMITTEL":1,"BFS_NR":4271,"GEMEINDE":"Aarburg","EINWOHNER":0,"ARBEITSPL":0,"RADIUS":1000,"DIDOKNR":2000,"ANGSTUFE":null,"SLOID":"ch:1:sloid:2000","TU":6}},{"type":"Feature","id":7,"geometry":{"type":"Point","coordinates":[8.097893864664309,47.170795040927885]},"properties":{"OBJECTID":7,"UUID":"{4B774CDB-5A68-E611-B7C2-F04DA23F2F2A}","HSTNAME":"Sursee","VMITTEL":1,"BFS_NR":1103,"GEMEINDE":"Sursee","EINWOHNER":7934,"ARBEITSPL":10204,"RADIUS":1000,"DIDOKNR":2007,"ANGSTUFE":4,"SLOID":"ch:1:sloid:2007","TU":6}},{"type":"Feature","id":8,"geometry":{"type":"Point","coordinates":[7.968774385627647,47.241468372117275]},"properties":{"OBJECTID":8,"UUID":"{CF774CDB-5A68-E611-B7C2-F04DA23F2F2A}","HSTNAME":"Reiden","VMITTEL":1,"BFS_NR":1140,"GEMEINDE":"Reiden","EINWOHNER":4499,"ARBEITSPL":2638,"RADIUS":1000,"DIDOKNR":2003,"ANGSTUFE":3,"SLOID":"ch:1:sloid:2003","TU":6}},{"type":"Feature","id":9,"geometry":{"type":"Point","coordinates":[8.019020059352998,47.18385897475102]},"properties":{"OBJECTID":9,"UUID":"{96E8C1D5-5A68-E611-B7C2-F04DA23F2F2A}","HSTNAME":"Wauwil","VMITTEL":1,"BFS_NR":1146,"GEMEINDE":"Wauwil","EINWOHNER":3443,"ARBEITSPL":962,"RADIUS":1000,"DIDOKNR":2006,"ANGSTUFE":3,"SLOID":"ch:1:sloid:2006","TU":6}},{"type":"Feature","id":10,"geometry":{"type":"Point","coordinates":[8.19597905819456,47.11605321160842]},"properties":{"OBJECTID":10,"UUID":"{9D774CDB-5A68-E611-B7C2-F04DA23F2F2A}","HSTNAME":"Sempach-Neuenkirch","VMITTEL":1,"BFS_NR":1093,"GEMEINDE":"Neuenkirch","EINWOHNER":1593,"ARBEITSPL":1695,"RADIUS":1000,"DIDOKNR":2009,"ANGSTUFE":3,"SLOID":"ch:1:sloid:2009","TU":6}},{"type":"Feature","id":11,"geometry":{"type":"Point","coordinates":[8.13860102484742,47.13881174769981]},"properties":{"OBJECTID":11,"UUID":"{F5E7C1D5-5A68-E611-B7C2-F04DA23F2F2A}","HSTNAME":"Nottwil","VMITTEL":1,"BFS_NR":1094,"GEMEINDE":"Nottwil","EINWOHNER":2914,"ARBEITSPL":2815,"RADIUS":1000,"DIDOKNR":2008,"ANGSTUFE":3,"SLOID":"ch:1:sloid:2008","TU":6}},{"type":"Feature","id":12,"geometry":{"type":"Point","coordinates":[8.114234459651346,47.155237622368226]},"properties":{"OBJECTID":12,"UUID":"{26E9C1D5-5A68-E611-B7C2-F04DA23F2F2A}","HSTNAME":"Oberkirch LU","VMITTEL":1,"BFS_NR":1095,"GEMEINDE":"Oberkirch","EINWOHNER":3423,"ARBEITSPL":1083,"RADIUS":1000,"DIDOKNR":2011,"ANGSTUFE":3,"SLOID":"ch:1:sloid:2011","TU":6}},{"type":"Feature","id":13,"geometry":{"type":"Point","coordinates":[8.074581534713925,47.18008191185549]},"properties":{"OBJECTID":13,"UUID":"{E6764CDB-5A68-E611-B7C2-F04DA23F2F2A}","HSTNAME":"St. Erhard-Knutwil","VMITTEL":1,"BFS_NR":1089,"GEMEINDE":"Knutwil","EINWOHNER":1602,"ARBEITSPL":407,"RADIUS":1000,"DIDOKNR":2010,"ANGSTUFE":2,"SLOID":"ch:1:sloid:2010","TU":6}},{"type":"Feature","id":14,"geometry":{"type":"Point","coordinates":[8.27319059246849,47.09090997877414]},"properties":{"OBJECTID":14,"UUID":"{B5794CDB-5A68-E611-B7C2-F04DA23F2F2A}","HSTNAME":"Emmenbrücke Kapf","VMITTEL":1,"BFS_NR":1024,"GEMEINDE":"Emmen","EINWOHNER":9310,"ARBEITSPL":1562,"RADIUS":1000,"DIDOKNR":2012,"ANGSTUFE":3,"SLOID":"ch:1:sloid:2012","TU":6}},{"type":"Feature","id":15,"geometry":{"type":"Point","coordinates":[8.18339284404296,47.25450709163165]},"properties":{"OBJECTID":15,"UUID":"{22794CDB-5A68-E611-B7C2-F04DA23F2F2A}","HSTNAME":"Reinach AG Mitte","VMITTEL":1,"BFS_NR":4141,"GEMEINDE":"Reinach (AG)","EINWOHNER":0,"ARBEITSPL":0,"RADIUS":1000,"DIDOKNR":2176,"ANGSTUFE":null,"SLOID":"ch:1:sloid:2176","TU":9}},{"type":"Feature","id":16,"geometry":{"type":"Point","coordinates":[8.523271537389263,47.19536403756797]},"properties":{"OBJECTID":16,"UUID":"{56784CDB-5A68-E611-B7C2-F04DA23F2F2A}","HSTNAME":"Baar","VMITTEL":1,"BFS_NR":1701,"GEMEINDE":"Baar","EINWOHNER":0,"ARBEITSPL":0,"RADIUS":1000,"DIDOKNR":2206,"ANGSTUFE":null,"SLOID":"ch:1:sloid:2206","TU":6}},{"type":"Feature","id":17,"geometry":{"type":"Point","coordinates":[8.181654454885269,47.25706659057497]},"properties":{"OBJECTID":17,"UUID":"{FD794CDB-5A68-E611-B7C2-F04DA23F2F2A}","HSTNAME":"Reinach AG Nord","VMITTEL":1,"BFS_NR":4141,"GEMEINDE":"Reinach (AG)","EINWOHNER":0,"ARBEITSPL":0,"RADIUS":1000,"DIDOKNR":2167,"ANGSTUFE":null,"SLOID":"ch:1:sloid:2167","TU":9}},{"type":"Feature","id":18,"geometry":{"type":"Point","coordinates":[8.189318777644784,47.24092221718509]},"properties":{"OBJECTID":18,"UUID":"{C9991636-BDED-EA11-A2C2-662325A903D8}","HSTNAME":"Menziken","VMITTEL":1,"BFS_NR":4139,"GEMEINDE":"Menziken","EINWOHNER":0,"ARBEITSPL":0,"RADIUS":1000,"DIDOKNR":2169,"ANGSTUFE":null,"SLOID":"ch:1:sloid:2169","TU":9}},{"type":"Feature","id":19,"geometry":{"type":"Point","coordinates":[8.394788526650403,47.121327667758905]},"properties":{"OBJECTID":19,"UUID":"{FD764CDB-5A68-E611-B7C2-F04DA23F2F2A}","HSTNAME":"Gisikon-Root","VMITTEL":1,"BFS_NR":1065,"GEMEINDE":"Root","EINWOHNER":4461,"ARBEITSPL":1518,"RADIUS":1000,"DIDOKNR":2201,"ANGSTUFE":3,"SLOID":"ch:1:sloid:2201","TU":6}},{"type":"Feature","id":20,"geometry":{"type":"Point","coordinates":[8.184534661297901,47.25006233471536]},"properties":{"OBJECTID":20,"UUID":"{E6754CDB-5A68-E611-B7C2-F04DA23F2F2A}","HSTNAME":"Reinach AG","VMITTEL":1,"BFS_NR":4141,"GEMEINDE":"Reinach (AG)","EINWOHNER":0,"ARBEITSPL":0,"RADIUS":1000,"DIDOKNR":2168,"ANGSTUFE":null,"SLOID":"ch:1:sloid:2168","TU":9}},{"type":"Feature","id":21,"geometry":{"type":"Point","coordinates":[8.342358256170462,47.08426271807688]},"properties":{"OBJECTID":21,"UUID":"{C2764CDB-5A68-E611-B7C2-F04DA23F2F2A}","HSTNAME":"Ebikon","VMITTEL":1,"BFS_NR":1054,"GEMEINDE":"Ebikon","EINWOHNER":7641,"ARBEITSPL":3389,"RADIUS":1000,"DIDOKNR":2200,"ANGSTUFE":3,"SLOID":"ch:1:sloid:2200","TU":6}},{"type":"Feature","id":22,"geometry":{"type":"Point","coordinates":[8.457504763732393,47.17824387740833]},"properties":{"OBJECTID":22,"UUID":"{62794CDB-5A68-E611-B7C2-F04DA23F2F2A}","HSTNAME":"Cham","VMITTEL":1,"BFS_NR":1702,"GEMEINDE":"Cham","EINWOHNER":0,"ARBEITSPL":0,"RADIUS":1000,"DIDOKNR":2203,"ANGSTUFE":null,"SLOID":"ch:1:sloid:2203","TU":6}},{"type":"Feature","id":23,"geometry":{"type":"Point","coordinates":[8.430495263903861,47.14176416722356]},"properties":{"OBJECTID":23,"UUID":"{F1E7C1D5-5A68-E611-B7C2-F04DA23F2F2A}","HSTNAME":"Rotkreuz","VMITTEL":1,"BFS_NR":1707,"GEMEINDE":"Risch","EINWOHNER":0,"ARBEITSPL":0,"RADIUS":1000,"DIDOKNR":2202,"ANGSTUFE":null,"SLOID":"ch:1:sloid:2202","TU":6}},{"type":"Feature","id":24,"geometry":{"type":"Point","coordinates":[8.515049340964842,47.173706977684965]},"properties":{"OBJECTID":24,"UUID":"{56774CDB-5A68-E611-B7C2-F04DA23F2F2A}","HSTNAME":"Zug","VMITTEL":1,"BFS_NR":1711,"GEMEINDE":"Zug","EINWOHNER":0,"ARBEITSPL":0,"RADIUS":1000,"DIDOKNR":2204,"ANGSTUFE":null,"SLOID":"ch:1:sloid:2204","TU":6}},{"type":"Feature","id":25,"geometry":{"type":"Point","coordinates":[8.486645706225632,47.18023757775784]},"properties":{"OBJECTID":25,"UUID":"{43794CDB-5A68-E611-B7C2-F04DA23F2F2A}","HSTNAME":"Zug Chollermüli","VMITTEL":1,"BFS_NR":1711,"GEMEINDE":"Zug","EINWOHNER":0,"ARBEITSPL":0,"RADIUS":1000,"DIDOKNR":2230,"ANGSTUFE":null,"SLOID":"ch:1:sloid:2230","TU":6}},{"type":"Feature","id":26,"geometry":{"type":"Point","coordinates":[8.319710091821628,47.10789934285909]},"properties":{"OBJECTID":26,"UUID":"{1A7A4CDB-5A68-E611-B7C2-F04DA23F2F2A}","HSTNAME":"Waldibrücke","VMITTEL":1,"BFS_NR":1024,"GEMEINDE":"Emmen","EINWOHNER":381,"ARBEITSPL":763,"RADIUS":1000,"DIDOKNR":2017,"ANGSTUFE":3,"SLOID":"ch:1:sloid:2017","TU":6}},{"type":"Feature","id":27,"geometry":{"type":"Point","coordinates":[8.242314423575339,47.22969061575412]},"properties":{"OBJECTID":27,"UUID":"{F8794CDB-5A68-E611-B7C2-F04DA23F2F2A}","HSTNAME":"Ermensee","VMITTEL":1,"BFS_NR":1025,"GEMEINDE":"Ermensee","EINWOHNER":857,"ARBEITSPL":271,"RADIUS":1000,"DIDOKNR":2019,"ANGSTUFE":3,"SLOID":"ch:1:sloid:2019","TU":6}},{"type":"Feature","id":28,"geometry":{"type":"Point","coordinates":[8.224159651309792,47.244292314951956]},"properties":{"OBJECTID":28,"UUID":"{F8774CDB-5A68-E611-B7C2-F04DA23F2F2A}","HSTNAME":"Mosen","VMITTEL":1,"BFS_NR":1030,"GEMEINDE":"Hitzkirch","EINWOHNER":332,"ARBEITSPL":205,"RADIUS":1000,"DIDOKNR":2029,"ANGSTUFE":3,"SLOID":"ch:1:sloid:2029","TU":6}},{"type":"Feature","id":29,"geometry":{"type":"Point","coordinates":[8.28256536800569,47.07060149966684]},"properties":{"OBJECTID":29,"UUID":"{96784CDB-5A68-E611-B7C2-F04DA23F2F2A}","HSTNAME":"Emmenbrücke","VMITTEL":1,"BFS_NR":1024,"GEMEINDE":"Emmen","EINWOHNER":10256,"ARBEITSPL":7094,"RADIUS":1000,"DIDOKNR":2021,"ANGSTUFE":4,"SLOID":"ch:1:sloid:2021","TU":6}},{"type":"Feature","id":30,"geometry":{"type":"Point","coordinates":[8.276820079539938,47.078314178254935]},"properties":{"OBJECTID":30,"UUID":"{D5754CDB-5A68-E611-B7C2-F04DA23F2F2A}","HSTNAME":"Emmenbrücke Gersag","VMITTEL":1,"BFS_NR":1024,"GEMEINDE":"Emmen","EINWOHNER":10569,"ARBEITSPL":4382,"RADIUS":1000,"DIDOKNR":2028,"ANGSTUFE":4,"SLOID":"ch:1:sloid:2028","TU":6}},{"type":"Feature","id":31,"geometry":{"type":"Point","coordinates":[8.160253101708843,47.35315656566959]},"properties":{"OBJECTID":31,"UUID":"{5C67E0BE-49BC-EE11-AEE7-00505692A170}","HSTNAME":"Seon Nord","VMITTEL":1,"BFS_NR":4209,"GEMEINDE":"Seon","EINWOHNER":0,"ARBEITSPL":0,"RADIUS":1000,"DIDOKNR":2043,"ANGSTUFE":null,"SLOID":"ch:1:sloid:2043","TU":6}},{"type":"Feature","id":32,"geometry":{"type":"Point","coordinates":[8.298733635090635,47.16456932341677]},"properties":{"OBJECTID":32,"UUID":"{9A784CDB-5A68-E611-B7C2-F04DA23F2F2A}","HSTNAME":"Hochdorf Schönau","VMITTEL":1,"BFS_NR":1031,"GEMEINDE":"Hochdorf","EINWOHNER":4430,"ARBEITSPL":698,"RADIUS":1000,"DIDOKNR":2042,"ANGSTUFE":3,"SLOID":"ch:1:sloid:2042","TU":6}},{"type":"Feature","id":33,"geometry":{"type":"Point","coordinates":[8.24756144538213,47.08918367453322]},"properties":{"OBJECTID":33,"UUID":"{14794CDB-5A68-E611-B7C2-F04DA23F2F2A}","HSTNAME":"Rothenburg Station","VMITTEL":1,"BFS_NR":1040,"GEMEINDE":"Rothenburg","EINWOHNER":275,"ARBEITSPL":5949,"RADIUS":1000,"DIDOKNR":2020,"ANGSTUFE":3,"SLOID":"ch:1:sloid:2020","TU":6}},{"type":"Feature","id":34,"geometry":{"type":"Point","coordinates":[8.175949455329249,47.328638756622155]},"properties":{"OBJECTID":34,"UUID":"{D7754CDB-5A68-E611-B7C2-F04DA23F2F2A}","HSTNAME":"Hallwil","VMITTEL":1,"BFS_NR":4197,"GEMEINDE":"Hallwil","EINWOHNER":0,"ARBEITSPL":0,"RADIUS":1000,"DIDOKNR":2031,"ANGSTUFE":null,"SLOID":"ch:1:sloid:2031","TU":6}},{"type":"Feature","id":35,"geometry":{"type":"Point","coordinates":[8.316898802052275,47.15376765531006]},"properties":{"OBJECTID":35,"UUID":"{27E9C1D5-5A68-E611-B7C2-F04DA23F2F2A}","HSTNAME":"Ballwil","VMITTEL":1,"BFS_NR":1023,"GEMEINDE":"Ballwil","EINWOHNER":2357,"ARBEITSPL":632,"RADIUS":1000,"DIDOKNR":2023,"ANGSTUFE":3,"SLOID":"ch:1:sloid:2023","TU":6}},{"type":"Feature","id":36,"geometry":{"type":"Point","coordinates":[8.158807389779964,47.34614895652366]},"properties":{"OBJECTID":36,"UUID":"{A4764CDB-5A68-E611-B7C2-F04DA23F2F2A}","HSTNAME":"Seon","VMITTEL":1,"BFS_NR":4209,"GEMEINDE":"Seon","EINWOHNER":0,"ARBEITSPL":0,"RADIUS":1000,"DIDOKNR":2030,"ANGSTUFE":null,"SLOID":"ch:1:sloid:2030","TU":6}},{"type":"Feature","id":37,"geometry":{"type":"Point","coordinates":[8.322790731804643,47.13239599982775]},"properties":{"OBJECTID":37,"UUID":"{AF794CDB-5A68-E611-B7C2-F04DA23F2F2A}","HSTNAME":"Eschenbach LU","VMITTEL":1,"BFS_NR":1026,"GEMEINDE":"Eschenbach (LU)","EINWOHNER":3295,"ARBEITSPL":1044,"RADIUS":1000,"DIDOKNR":2022,"ANGSTUFE":3,"SLOID":"ch:1:sloid:2022","TU":6}},{"type":"Feature","id":38,"geometry":{"type":"Point","coordinates":[8.199017331886722,47.2878566004519]},"properties":{"OBJECTID":38,"UUID":"{B4764CDB-5A68-E611-B7C2-F04DA23F2F2A}","HSTNAME":"Birrwil","VMITTEL":1,"BFS_NR":4132,"GEMEINDE":"Birrwil","EINWOHNER":0,"ARBEITSPL":0,"RADIUS":1000,"DIDOKNR":2033,"ANGSTUFE":null,"SLOID":"ch:1:sloid:2033","TU":6}},{"type":"Feature","id":39,"geometry":{"type":"Point","coordinates":[8.280231508343201,47.185688959165496]},"properties":{"OBJECTID":39,"UUID":"{98E8C1D5-5A68-E611-B7C2-F04DA23F2F2A}","HSTNAME":"Baldegg","VMITTEL":1,"BFS_NR":1031,"GEMEINDE":"Hochdorf","EINWOHNER":570,"ARBEITSPL":368,"RADIUS":1000,"DIDOKNR":2025,"ANGSTUFE":3,"SLOID":"ch:1:sloid:2025","TU":6}},{"type":"Feature","id":40,"geometry":{"type":"Point","coordinates":[8.288699624314983,47.166975188716606]},"properties":{"OBJECTID":40,"UUID":"{6C784CDB-5A68-E611-B7C2-F04DA23F2F2A}","HSTNAME":"Hochdorf","VMITTEL":1,"BFS_NR":1031,"GEMEINDE":"Hochdorf","EINWOHNER":4233,"ARBEITSPL":3728,"RADIUS":1000,"DIDOKNR":2024,"ANGSTUFE":3,"SLOID":"ch:1:sloid:2024","TU":6}},{"type":"Feature","id":41,"geometry":{"type":"Point","coordinates":[8.184560549260679,47.315038736596016]},"properties":{"OBJECTID":41,"UUID":"{EE794CDB-5A68-E611-B7C2-F04DA23F2F2A}","HSTNAME":"Boniswil","VMITTEL":1,"BFS_NR":4192,"GEMEINDE":"Boniswil","EINWOHNER":0,"ARBEITSPL":0,"RADIUS":1000,"DIDOKNR":2032,"ANGSTUFE":null,"SLOID":"ch:1:sloid:2032","TU":6}},{"type":"Feature","id":42,"geometry":{"type":"Point","coordinates":[8.252001025629623,47.22267273480349]},"properties":{"OBJECTID":42,"UUID":"{CA794CDB-5A68-E611-B7C2-F04DA23F2F2A}","HSTNAME":"Hitzkirch","VMITTEL":1,"BFS_NR":1030,"GEMEINDE":"Hitzkirch","EINWOHNER":2353,"ARBEITSPL":1964,"RADIUS":1000,"DIDOKNR":2027,"ANGSTUFE":3,"SLOID":"ch:1:sloid:2027","TU":6}},{"type":"Feature","id":43,"geometry":{"type":"Point","coordinates":[8.26482492435435,47.213559038772296]},"properties":{"OBJECTID":43,"UUID":"{B5784CDB-5A68-E611-B7C2-F04DA23F2F2A}","HSTNAME":"Gelfingen","VMITTEL":1,"BFS_NR":1030,"GEMEINDE":"Hitzkirch","EINWOHNER":1201,"ARBEITSPL":196,"RADIUS":1000,"DIDOKNR":2026,"ANGSTUFE":3,"SLOID":"ch:1:sloid:2026","TU":6}},{"type":"Feature","id":44,"geometry":{"type":"Point","coordinates":[8.202235544537357,47.267219858873375]},"properties":{"OBJECTID":44,"UUID":"{8BE8C1D5-5A68-E611-B7C2-F04DA23F2F2A}","HSTNAME":"Beinwil am See","VMITTEL":1,"BFS_NR":4131,"GEMEINDE":"Beinwil am See","EINWOHNER":0,"ARBEITSPL":0,"RADIUS":1000,"DIDOKNR":2034,"ANGSTUFE":null,"SLOID":"ch:1:sloid:2034","TU":6}},{"type":"Feature","id":45,"geometry":{"type":"Point","coordinates":[8.18946555058695,47.20786412975887]},"properties":{"OBJECTID":45,"UUID":"{38794CDB-5A68-E611-B7C2-F04DA23F2F2A}","HSTNAME":"Beromünster, Post","VMITTEL":2,"BFS_NR":1081,"GEMEINDE":"Beromünster","EINWOHNER":233,"ARBEITSPL":316,"RADIUS":300,"DIDOKNR":2038,"ANGSTUFE":4,"SLOID":"ch:1:sloid:2038","TU":3}},{"type":"Feature","id":46,"geometry":{"type":"Point","coordinates":[8.317744953388685,47.18069028999337]},"properties":{"OBJECTID":46,"UUID":"{8B774CDB-5A68-E611-B7C2-F04DA23F2F2A}","HSTNAME":"Hohenrain, Post","VMITTEL":2,"BFS_NR":1032,"GEMEINDE":"Hohenrain","EINWOHNER":154,"ARBEITSPL":310,"RADIUS":300,"DIDOKNR":2087,"ANGSTUFE":1,"SLOID":"ch:1:sloid:2087","TU":4}},{"type":"Feature","id":47,"geometry":{"type":"Point","coordinates":[8.094852929107331,47.21352406239698]},"properties":{"OBJECTID":47,"UUID":"{03E9C1D5-5A68-E611-B7C2-F04DA23F2F2A}","HSTNAME":"Büron, Dorf","VMITTEL":8,"BFS_NR":1082,"GEMEINDE":"Büron","EINWOHNER":1276,"ARBEITSPL":253,"RADIUS":300,"DIDOKNR":2086,"ANGSTUFE":4,"SLOID":"ch:1:sloid:2086","TU":3}},{"type":"Feature","id":48,"geometry":{"type":"Point","coordinates":[8.10877023316789,47.197981542269844]},"properties":{"OBJECTID":48,"UUID":"{1FE8C1D5-5A68-E611-B7C2-F04DA23F2F2A}","HSTNAME":"Geuensee, Chäppelimatt","VMITTEL":8,"BFS_NR":1085,"GEMEINDE":"Geuensee","EINWOHNER":818,"ARBEITSPL":175,"RADIUS":300,"DIDOKNR":2092,"ANGSTUFE":4,"SLOID":"ch:1:sloid:2092","TU":3}},{"type":"Feature","id":49,"geometry":{"type":"Point","coordinates":[8.051086416066493,47.23846500147302]},"properties":{"OBJECTID":49,"UUID":"{0F784CDB-5A68-E611-B7C2-F04DA23F2F2A}","HSTNAME":"Winikon, Post","VMITTEL":8,"BFS_NR":1104,"GEMEINDE":"Triengen","EINWOHNER":283,"ARBEITSPL":199,"RADIUS":300,"DIDOKNR":2095,"ANGSTUFE":3,"SLOID":"ch:1:sloid:2095","TU":3}},{"type":"Feature","id":50,"geometry":{"type":"Point","coordinates":[8.039378160202263,47.29195573905542]},"properties":{"OBJECTID":50,"UUID":"{E5E7C1D5-5A68-E611-B7C2-F04DA23F2F2A}","HSTNAME":"Wittwil, Käserei","VMITTEL":2,"BFS_NR":4284,"GEMEINDE":"Staffelbach","EINWOHNER":0,"ARBEITSPL":0,"RADIUS":300,"DIDOKNR":2089,"ANGSTUFE":null,"SLOID":"ch:1:sloid:2089","TU":3}},{"type":"Feature","id":51,"geometry":{"type":"Point","coordinates":[7.978771344745691,47.35639008752839]},"properties":{"OBJECTID":51,"UUID":"{02F8FEEB-2C52-E911-816A-F04DA23FCE90}","HSTNAME":"Däniken SO","VMITTEL":1,"BFS_NR":2572,"GEMEINDE":"Däniken","EINWOHNER":0,"ARBEITSPL":0,"RADIUS":1000,"DIDOKNR":2111,"ANGSTUFE":null,"SLOID":"ch:1:sloid:2111","TU":6}},{"type":"Feature","id":52,"geometry":{"type":"Point","coordinates":[8.064613158202702,47.26914576204072]},"properties":{"OBJECTID":52,"UUID":"{307A4CDB-5A68-E611-B7C2-F04DA23F2F2A}","HSTNAME":"Moosleerau, Abzw.","VMITTEL":2,"BFS_NR":4277,"GEMEINDE":"Moosleerau","EINWOHNER":0,"ARBEITSPL":0,"RADIUS":300,"DIDOKNR":2097,"ANGSTUFE":null,"SLOID":"ch:1:sloid:2097","TU":3}},{"type":"Feature","id":53,"geometry":{"type":"Point","coordinates":[8.041991158314572,47.28569075823301]},"properties":{"OBJECTID":53,"UUID":"{08764CDB-5A68-E611-B7C2-F04DA23F2F2A}","HSTNAME":"Staffelbach, Gemeindehaus","VMITTEL":2,"BFS_NR":4284,"GEMEINDE":"Staffelbach","EINWOHNER":0,"ARBEITSPL":0,"RADIUS":300,"DIDOKNR":2088,"ANGSTUFE":null,"SLOID":"ch:1:sloid:2088","TU":3}},{"type":"Feature","id":54,"geometry":{"type":"Point","coordinates":[7.946501331157315,47.354276137223195]},"properties":{"OBJECTID":54,"UUID":"{519A8D2F-2D52-E911-816A-F04DA23FCE90}","HSTNAME":"Dulliken","VMITTEL":1,"BFS_NR":2573,"GEMEINDE":"Dulliken","EINWOHNER":0,"ARBEITSPL":0,"RADIUS":1000,"DIDOKNR":2110,"ANGSTUFE":null,"SLOID":"ch:1:sloid:2110","TU":6}},{"type":"Feature","id":55,"geometry":{"type":"Point","coordinates":[8.044711008409735,47.26093183938279]},"properties":{"OBJECTID":55,"UUID":"{77794CDB-5A68-E611-B7C2-F04DA23F2F2A}","HSTNAME":"Attelwil, alte Post","VMITTEL":2,"BFS_NR":4281,"GEMEINDE":"Reitnau","EINWOHNER":0,"ARBEITSPL":0,"RADIUS":300,"DIDOKNR":2096,"ANGSTUFE":null,"SLOID":"ch:1:sloid:2096","TU":3}},{"type":"Feature","id":56,"geometry":{"type":"Point","coordinates":[8.088959175495432,47.220627517516014]},"properties":{"OBJECTID":56,"UUID":"{E3764CDB-5A68-E611-B7C2-F04DA23F2F2A}","HSTNAME":"Büron, Triengenacker","VMITTEL":8,"BFS_NR":1082,"GEMEINDE":"Büron","EINWOHNER":26,"ARBEITSPL":34,"RADIUS":300,"DIDOKNR":2090,"ANGSTUFE":3,"SLOID":"ch:1:sloid:2090","TU":3}},{"type":"Feature","id":57,"geometry":{"type":"Point","coordinates":[8.271714093875149,47.09379950842056]},"properties":{"OBJECTID":57,"UUID":"{9BE7C1D5-5A68-E611-B7C2-F04DA23F2F2A}","HSTNAME":"Rothenburg, Flecken","VMITTEL":2,"BFS_NR":1040,"GEMEINDE":"Rothenburg","EINWOHNER":1097,"ARBEITSPL":497,"RADIUS":300,"DIDOKNR":2098,"ANGSTUFE":5,"SLOID":"ch:1:sloid:2098","TU":1}},{"type":"Feature","id":58,"geometry":{"type":"Point","coordinates":[8.051273718700672,47.3913595141697]},"properties":{"OBJECTID":58,"UUID":"{1F683722-2C52-E911-816A-F04DA23FCE90}","HSTNAME":"Aarau","VMITTEL":1,"BFS_NR":4001,"GEMEINDE":"Aarau","EINWOHNER":0,"ARBEITSPL":0,"RADIUS":1000,"DIDOKNR":2113,"ANGSTUFE":null,"SLOID":"ch:1:sloid:2113","TU":6}},{"type":"Feature","id":59,"geometry":{"type":"Point","coordinates":[8.000158398744546,47.37142387060858]},"properties":{"OBJECTID":59,"UUID":"{27A2A7A0-2C52-E911-816A-F04DA23FCE90}","HSTNAME":"Schönenwerd SO","VMITTEL":1,"BFS_NR":2583,"GEMEINDE":"Schönenwerd","EINWOHNER":0,"ARBEITSPL":0,"RADIUS":1000,"DIDOKNR":2112,"ANGSTUFE":null,"SLOID":"ch:1:sloid:2112","TU":6}},{"type":"Feature","id":60,"geometry":{"type":"Point","coordinates":[8.170392889345116,47.39119975544032]},"properties":{"OBJECTID":60,"UUID":"{4D764CDB-5A68-E611-B7C2-F04DA23F2F2A}","HSTNAME":"Lenzburg","VMITTEL":1,"BFS_NR":4201,"GEMEINDE":"Lenzburg","EINWOHNER":0,"ARBEITSPL":0,"RADIUS":1000,"DIDOKNR":2119,"ANGSTUFE":null,"SLOID":"ch:1:sloid:2119","TU":6}},{"type":"Feature","id":61,"geometry":{"type":"Point","coordinates":[8.449908537945825,47.16915942018376]},"properties":{"OBJECTID":61,"UUID":"{E7E8C1D5-5A68-E611-B7C2-F04DA23F2F2A}","HSTNAME":"Hünenberg Chämleten","VMITTEL":1,"BFS_NR":1703,"GEMEINDE":"Hünenberg","EINWOHNER":0,"ARBEITSPL":0,"RADIUS":1000,"DIDOKNR":2306,"ANGSTUFE":null,"SLOID":"ch:1:sloid:2306","TU":6}},{"type":"Feature","id":62,"geometry":{"type":"Point","coordinates":[7.89540560784213,47.26996663201039]},"properties":{"OBJECTID":62,"UUID":"{0DE8C1D5-5A68-E611-B7C2-F04DA23F2F2A}","HSTNAME":"Vordemwald, Chratzernstrasse","VMITTEL":2,"BFS_NR":4287,"GEMEINDE":"Vordemwald","EINWOHNER":0,"ARBEITSPL":0,"RADIUS":300,"DIDOKNR":2351,"ANGSTUFE":null,"SLOID":"ch:1:sloid:2351","TU":9}},{"type":"Feature","id":63,"geometry":{"type":"Point","coordinates":[7.90172297668182,47.2753680803763]},"properties":{"OBJECTID":63,"UUID":"{A8E7C1D5-5A68-E611-B7C2-F04DA23F2F2A}","HSTNAME":"Vordemwald, Post","VMITTEL":2,"BFS_NR":4287,"GEMEINDE":"Vordemwald","EINWOHNER":0,"ARBEITSPL":0,"RADIUS":300,"DIDOKNR":2350,"ANGSTUFE":null,"SLOID":"ch:1:sloid:2350","TU":9}},{"type":"Feature","id":64,"geometry":{"type":"Point","coordinates":[7.942904852038064,47.259464853462205]},"properties":{"OBJECTID":64,"UUID":"{6A764CDB-5A68-E611-B7C2-F04DA23F2F2A}","HSTNAME":"Brittnau, Ausserdorf","VMITTEL":2,"BFS_NR":4274,"GEMEINDE":"Brittnau","EINWOHNER":0,"ARBEITSPL":0,"RADIUS":300,"DIDOKNR":2353,"ANGSTUFE":null,"SLOID":"ch:1:sloid:2353","TU":9}},{"type":"Feature","id":65,"geometry":{"type":"Point","coordinates":[7.969841929978858,47.25236908725948]},"properties":{"OBJECTID":65,"UUID":"{0D784CDB-5A68-E611-B7C2-F04DA23F2F2A}","HSTNAME":"Reiden, Unterdorf","VMITTEL":2,"BFS_NR":1140,"GEMEINDE":"Reiden","EINWOHNER":423,"ARBEITSPL":106,"RADIUS":300,"DIDOKNR":2352,"ANGSTUFE":3,"SLOID":"ch:1:sloid:2352","TU":9}},{"type":"Feature","id":66,"geometry":{"type":"Point","coordinates":[7.950944668920379,47.265514933243274]},"properties":{"OBJECTID":66,"UUID":"{CE794CDB-5A68-E611-B7C2-F04DA23F2F2A}","HSTNAME":"Brittnau, Bifang","VMITTEL":2,"BFS_NR":4274,"GEMEINDE":"Brittnau","EINWOHNER":0,"ARBEITSPL":0,"RADIUS":300,"DIDOKNR":2355,"ANGSTUFE":null,"SLOID":"ch:1:sloid:2355","TU":9}},{"type":"Feature","id":67,"geometry":{"type":"Point","coordinates":[7.946876790634589,47.2596508647379]},"properties":{"OBJECTID":67,"UUID":"{78E8C1D5-5A68-E611-B7C2-F04DA23F2F2A}","HSTNAME":"Brittnau, Schulhaus","VMITTEL":2,"BFS_NR":4274,"GEMEINDE":"Brittnau","EINWOHNER":0,"ARBEITSPL":0,"RADIUS":300,"DIDOKNR":2354,"ANGSTUFE":null,"SLOID":"ch:1:sloid:2354","TU":9}},{"type":"Feature","id":68,"geometry":{"type":"Point","coordinates":[7.9210979734342155,47.27758853511945]},"properties":{"OBJECTID":68,"UUID":"{E4E8C1D5-5A68-E611-B7C2-F04DA23F2F2A}","HSTNAME":"Strengelbach, Schleipfen","VMITTEL":2,"BFS_NR":4285,"GEMEINDE":"Strengelbach","EINWOHNER":0,"ARBEITSPL":0,"RADIUS":300,"DIDOKNR":2356,"ANGSTUFE":null,"SLOID":"ch:1:sloid:2356","TU":9}},{"type":"Feature","id":69,"geometry":{"type":"Point","coordinates":[7.972862565039875,47.30136506234008]},"properties":{"OBJECTID":69,"UUID":"{E3784CDB-5A68-E611-B7C2-F04DA23F2F2A}","HSTNAME":"Mühlethal, Weiher","VMITTEL":2,"BFS_NR":4289,"GEMEINDE":"Zofingen","EINWOHNER":0,"ARBEITSPL":0,"RADIUS":300,"DIDOKNR":2371,"ANGSTUFE":null,"SLOID":"ch:1:sloid:2371","TU":9}},{"type":"Feature","id":70,"geometry":{"type":"Point","coordinates":[7.959127817892319,47.2455459165536]},"properties":{"OBJECTID":70,"UUID":"{E6784CDB-5A68-E611-B7C2-F04DA23F2F2A}","HSTNAME":"Reiden, Mehlsecken","VMITTEL":2,"BFS_NR":1140,"GEMEINDE":"Reiden","EINWOHNER":77,"ARBEITSPL":1632,"RADIUS":300,"DIDOKNR":2395,"ANGSTUFE":2,"SLOID":"ch:1:sloid:2395","TU":9}},{"type":"Feature","id":71,"geometry":{"type":"Point","coordinates":[7.94846389143967,47.27418783608899]},"properties":{"OBJECTID":71,"UUID":"{15E9C1D5-5A68-E611-B7C2-F04DA23F2F2A}","HSTNAME":"Brittnau, Abzw. Hard","VMITTEL":2,"BFS_NR":4274,"GEMEINDE":"Brittnau","EINWOHNER":0,"ARBEITSPL":0,"RADIUS":300,"DIDOKNR":2359,"ANGSTUFE":null,"SLOID":"ch:1:sloid:2359","TU":9}},{"type":"Feature","id":72,"geometry":{"type":"Point","coordinates":[7.909002999628893,47.233834128792715]},"properties":{"OBJECTID":72,"UUID":"{0AE8C1D5-5A68-E611-B7C2-F04DA23F2F2A}","HSTNAME":"Pfaffnau, Brunnmatt","VMITTEL":2,"BFS_NR":1139,"GEMEINDE":"Pfaffnau","EINWOHNER":25,"ARBEITSPL":344,"RADIUS":300,"DIDOKNR":2394,"ANGSTUFE":2,"SLOID":"ch:1:sloid:2394","TU":9}},{"type":"Feature","id":73,"geometry":{"type":"Point","coordinates":[7.957675390577531,47.2973260859848]},"properties":{"OBJECTID":73,"UUID":"{A2E8C1D5-5A68-E611-B7C2-F04DA23F2F2A}","HSTNAME":"Zofingen, JHCO","VMITTEL":2,"BFS_NR":4289,"GEMEINDE":"Zofingen","EINWOHNER":0,"ARBEITSPL":0,"RADIUS":300,"DIDOKNR":2370,"ANGSTUFE":null,"SLOID":"ch:1:sloid:2370","TU":9}},{"type":"Feature","id":74,"geometry":{"type":"Point","coordinates":[7.947039153664506,47.27862850963475]},"properties":{"OBJECTID":74,"UUID":"{75774CDB-5A68-E611-B7C2-F04DA23F2F2A}","HSTNAME":"Zofingen, Altachen","VMITTEL":2,"BFS_NR":4289,"GEMEINDE":"Zofingen","EINWOHNER":0,"ARBEITSPL":0,"RADIUS":300,"DIDOKNR":2358,"ANGSTUFE":null,"SLOID":"ch:1:sloid:2358","TU":9}},{"type":"Feature","id":75,"geometry":{"type":"Point","coordinates":[7.945554551250543,47.24611906863109]},"properties":{"OBJECTID":75,"UUID":"{CDE7C1D5-5A68-E611-B7C2-F04DA23F2F2A}","HSTNAME":"Brittnau, Grod","VMITTEL":2,"BFS_NR":4274,"GEMEINDE":"Brittnau","EINWOHNER":0,"ARBEITSPL":0,"RADIUS":300,"DIDOKNR":2397,"ANGSTUFE":null,"SLOID":"ch:1:sloid:2397","TU":9}},{"type":"Feature","id":76,"geometry":{"type":"Point","coordinates":[7.970680747049445,47.26232242888093]},"properties":{"OBJECTID":76,"UUID":"{10E9C1D5-5A68-E611-B7C2-F04DA23F2F2A}","HSTNAME":"Wikon, Schlossberg","VMITTEL":2,"BFS_NR":1147,"GEMEINDE":"Wikon","EINWOHNER":231,"ARBEITSPL":26,"RADIUS":300,"DIDOKNR":2380,"ANGSTUFE":2,"SLOID":"ch:1:sloid:2380","TU":9}},{"type":"Feature","id":77,"geometry":{"type":"Point","coordinates":[7.946949091249666,47.21911950353609]},"properties":{"OBJECTID":77,"UUID":"{ED764CDB-5A68-E611-B7C2-F04DA23F2F2A}","HSTNAME":"Richenthal, Kirche","VMITTEL":2,"BFS_NR":1140,"GEMEINDE":"Reiden","EINWOHNER":219,"ARBEITSPL":8,"RADIUS":300,"DIDOKNR":2399,"ANGSTUFE":1,"SLOID":"ch:1:sloid:2399","TU":9}},{"type":"Feature","id":78,"geometry":{"type":"Point","coordinates":[7.958963562200288,47.280871881362586]},"properties":{"OBJECTID":78,"UUID":"{AA764CDB-5A68-E611-B7C2-F04DA23F2F2A}","HSTNAME":"Zofingen, Bergli Friedhof","VMITTEL":2,"BFS_NR":4289,"GEMEINDE":"Zofingen","EINWOHNER":0,"ARBEITSPL":0,"RADIUS":300,"DIDOKNR":2375,"ANGSTUFE":null,"SLOID":"ch:1:sloid:2375","TU":9}},{"type":"Feature","id":79,"geometry":{"type":"Point","coordinates":[7.964906188159926,47.263617172706354]},"properties":{"OBJECTID":79,"UUID":"{09774CDB-5A68-E611-B7C2-F04DA23F2F2A}","HSTNAME":"Wikon, Kreuzung","VMITTEL":2,"BFS_NR":1147,"GEMEINDE":"Wikon","EINWOHNER":321,"ARBEITSPL":75,"RADIUS":300,"DIDOKNR":2398,"ANGSTUFE":3,"SLOID":"ch:1:sloid:2398","TU":9}},{"type":"Feature","id":80,"geometry":{"type":"Point","coordinates":[7.961888274661214,47.268479062964474]},"properties":{"OBJECTID":80,"UUID":"{9F764CDB-5A68-E611-B7C2-F04DA23F2F2A}","HSTNAME":"Wikon, Hotel Adelboden","VMITTEL":2,"BFS_NR":1147,"GEMEINDE":"Wikon","EINWOHNER":401,"ARBEITSPL":53,"RADIUS":300,"DIDOKNR":2374,"ANGSTUFE":3,"SLOID":"ch:1:sloid:2374","TU":9}},{"type":"Feature","id":81,"geometry":{"type":"Point","coordinates":[7.963677185129271,47.298585185142414]},"properties":{"OBJECTID":81,"UUID":"{C8784CDB-5A68-E611-B7C2-F04DA23F2F2A}","HSTNAME":"Zofingen, Bethge","VMITTEL":2,"BFS_NR":4289,"GEMEINDE":"Zofingen","EINWOHNER":0,"ARBEITSPL":0,"RADIUS":300,"DIDOKNR":2385,"ANGSTUFE":null,"SLOID":"ch:1:sloid:2385","TU":9}},{"type":"Feature","id":82,"geometry":{"type":"Point","coordinates":[7.9517822279491766,47.27843662044318]},"properties":{"OBJECTID":82,"UUID":"{86764CDB-5A68-E611-B7C2-F04DA23F2F2A}","HSTNAME":"Zofingen, Riedtalstrasse","VMITTEL":2,"BFS_NR":4289,"GEMEINDE":"Zofingen","EINWOHNER":0,"ARBEITSPL":0,"RADIUS":300,"DIDOKNR":2384,"ANGSTUFE":null,"SLOID":"ch:1:sloid:2384","TU":9}},{"type":"Feature","id":83,"geometry":{"type":"Point","coordinates":[7.984403021688871,47.30314831023679]},"properties":{"OBJECTID":83,"UUID":"{47784CDB-5A68-E611-B7C2-F04DA23F2F2A}","HSTNAME":"Mühlethal, Linden","VMITTEL":2,"BFS_NR":4289,"GEMEINDE":"Zofingen","EINWOHNER":0,"ARBEITSPL":0,"RADIUS":300,"DIDOKNR":2367,"ANGSTUFE":null,"SLOID":"ch:1:sloid:2367","TU":9}},{"type":"Feature","id":84,"geometry":{"type":"Point","coordinates":[7.933195894002993,47.29379969741463]},"properties":{"OBJECTID":84,"UUID":"{22764CDB-5A68-E611-B7C2-F04DA23F2F2A}","HSTNAME":"Zofingen, Bleiche","VMITTEL":2,"BFS_NR":4289,"GEMEINDE":"Zofingen","EINWOHNER":0,"ARBEITSPL":0,"RADIUS":300,"DIDOKNR":2387,"ANGSTUFE":null,"SLOID":"ch:1:sloid:2387","TU":9}},{"type":"Feature","id":85,"geometry":{"type":"Point","coordinates":[7.89475509482087,47.26098223423847]},"properties":{"OBJECTID":85,"UUID":"{CCE7C1D5-5A68-E611-B7C2-F04DA23F2F2A}","HSTNAME":"Vordemwald, Pflegeheim Sennhof","VMITTEL":2,"BFS_NR":4287,"GEMEINDE":"Vordemwald","EINWOHNER":0,"ARBEITSPL":0,"RADIUS":300,"DIDOKNR":2366,"ANGSTUFE":null,"SLOID":"ch:1:sloid:2366","TU":9}},{"type":"Feature","id":86,"geometry":{"type":"Point","coordinates":[7.948719726626187,47.28224863026173]},"properties":{"OBJECTID":86,"UUID":"{B0E8C1D5-5A68-E611-B7C2-F04DA23F2F2A}","HSTNAME":"Zofingen, Römerbad","VMITTEL":2,"BFS_NR":4289,"GEMEINDE":"Zofingen","EINWOHNER":0,"ARBEITSPL":0,"RADIUS":300,"DIDOKNR":2386,"ANGSTUFE":null,"SLOID":"ch:1:sloid:2386","TU":9}},{"type":"Feature","id":87,"geometry":{"type":"Point","coordinates":[7.9476753712713775,47.29547273547626]},"properties":{"OBJECTID":87,"UUID":"{9BE8C1D5-5A68-E611-B7C2-F04DA23F2F2A}","HSTNAME":"Zofingen, Spital","VMITTEL":2,"BFS_NR":4289,"GEMEINDE":"Zofingen","EINWOHNER":0,"ARBEITSPL":0,"RADIUS":300,"DIDOKNR":2369,"ANGSTUFE":null,"SLOID":"ch:1:sloid:2369","TU":9}},{"type":"Feature","id":88,"geometry":{"type":"Point","coordinates":[7.9425703221674615,47.21503995240275]},"properties":{"OBJECTID":88,"UUID":"{43764CDB-5A68-E611-B7C2-F04DA23F2F2A}","HSTNAME":"Richenthal, Post","VMITTEL":2,"BFS_NR":1140,"GEMEINDE":"Reiden","EINWOHNER":182,"ARBEITSPL":45,"RADIUS":300,"DIDOKNR":2389,"ANGSTUFE":1,"SLOID":"ch:1:sloid:2389","TU":9}},{"type":"Feature","id":89,"geometry":{"type":"Point","coordinates":[7.961466958963035,47.23080184504124]},"properties":{"OBJECTID":89,"UUID":"{6A774CDB-5A68-E611-B7C2-F04DA23F2F2A}","HSTNAME":"Langnau bei Reiden, Käserei","VMITTEL":2,"BFS_NR":1140,"GEMEINDE":"Reiden","EINWOHNER":340,"ARBEITSPL":53,"RADIUS":300,"DIDOKNR":2390,"ANGSTUFE":1,"SLOID":"ch:1:sloid:2390","TU":9}},{"type":"Feature","id":90,"geometry":{"type":"Point","coordinates":[7.9320763675998665,47.27564424579237]},"properties":{"OBJECTID":90,"UUID":"{20784CDB-5A68-E611-B7C2-F04DA23F2F2A}","HSTNAME":"Strengelbach, Burgherr","VMITTEL":2,"BFS_NR":4285,"GEMEINDE":"Strengelbach","EINWOHNER":0,"ARBEITSPL":0,"RADIUS":300,"DIDOKNR":2393,"ANGSTUFE":null,"SLOID":"ch:1:sloid:2393","TU":9}},{"type":"Feature","id":91,"geometry":{"type":"Point","coordinates":[8.062979499607806,47.27635945606004]},"properties":{"OBJECTID":91,"UUID":"{6AE8C1D5-5A68-E611-B7C2-F04DA23F2F2A}","HSTNAME":"Kirchleerau, Abzw./Bank","VMITTEL":2,"BFS_NR":4275,"GEMEINDE":"Kirchleerau","EINWOHNER":0,"ARBEITSPL":0,"RADIUS":300,"DIDOKNR":2748,"ANGSTUFE":null,"SLOID":"ch:1:sloid:2748","TU":3}},{"type":"Feature","id":92,"geometry":{"type":"Point","coordinates":[8.053186743859504,46.979897048207405]},"properties":{"OBJECTID":92,"UUID":"{2D794CDB-5A68-E611-B7C2-F04DA23F2F2A}","HSTNAME":"Hasle LU, Dorf","VMITTEL":2,"BFS_NR":1005,"GEMEINDE":"Hasle","EINWOHNER":120,"ARBEITSPL":62,"RADIUS":300,"DIDOKNR":2745,"ANGSTUFE":1,"SLOID":"ch:1:sloid:2745","TU":3}},{"type":"Feature","id":93,"geometry":{"type":"Point","coordinates":[8.205635410653278,47.0983126917207]},"properties":{"OBJECTID":93,"UUID":"{05E9C1D5-5A68-E611-B7C2-F04DA23F2F2A}","HSTNAME":"Neuenkirch, Post","VMITTEL":8,"BFS_NR":1093,"GEMEINDE":"Neuenkirch","EINWOHNER":499,"ARBEITSPL":182,"RADIUS":300,"DIDOKNR":2754,"ANGSTUFE":3,"SLOID":"ch:1:sloid:2754","TU":3}},{"type":"Feature","id":94,"geometry":{"type":"Point","coordinates":[8.229241577857213,47.148980194375774]},"properties":{"OBJECTID":94,"UUID":"{F5784CDB-5A68-E611-B7C2-F04DA23F2F2A}","HSTNAME":"Hildisrieden, Post","VMITTEL":2,"BFS_NR":1088,"GEMEINDE":"Hildisrieden","EINWOHNER":418,"ARBEITSPL":122,"RADIUS":300,"DIDOKNR":2749,"ANGSTUFE":3,"SLOID":"ch:1:sloid:2749","TU":1}},{"type":"Feature","id":95,"geometry":{"type":"Point","coordinates":[8.021476762688646,46.95373298811715]},"properties":{"OBJECTID":95,"UUID":"{06754A9A-2BC9-E711-85C0-F04DA23FCE90}","HSTNAME":"Schüpfheim, Moosmättili","VMITTEL":2,"BFS_NR":1008,"GEMEINDE":"Schüpfheim","EINWOHNER":473,"ARBEITSPL":296,"RADIUS":300,"DIDOKNR":2536,"ANGSTUFE":1,"SLOID":"ch:1:sloid:2536","TU":3}},{"type":"Feature","id":96,"geometry":{"type":"Point","coordinates":[8.191758968197004,47.134493533344035]},"properties":{"OBJECTID":96,"UUID":"{60794CDB-5A68-E611-B7C2-F04DA23F2F2A}","HSTNAME":"Sempach Stadt, Luzernertor","VMITTEL":8,"BFS_NR":1102,"GEMEINDE":"Sempach","EINWOHNER":422,"ARBEITSPL":456,"RADIUS":300,"DIDOKNR":2756,"ANGSTUFE":4,"SLOID":"ch:1:sloid:2756","TU":3}},{"type":"Feature","id":97,"geometry":{"type":"Point","coordinates":[8.144732844135003,47.18597416015169]},"properties":{"OBJECTID":97,"UUID":"{65764CDB-5A68-E611-B7C2-F04DA23F2F2A}","HSTNAME":"Schenkon, Tann","VMITTEL":2,"BFS_NR":1099,"GEMEINDE":"Schenkon","EINWOHNER":36,"ARBEITSPL":13,"RADIUS":300,"DIDOKNR":2552,"ANGSTUFE":3,"SLOID":"ch:1:sloid:2552","TU":3}},{"type":"Feature","id":98,"geometry":{"type":"Point","coordinates":[8.133191984513386,47.17714820325349]},"properties":{"OBJECTID":98,"UUID":"{39774CDB-5A68-E611-B7C2-F04DA23F2F2A}","HSTNAME":"Schenkon, Zentrum","VMITTEL":2,"BFS_NR":1099,"GEMEINDE":"Schenkon","EINWOHNER":391,"ARBEITSPL":121,"RADIUS":300,"DIDOKNR":2551,"ANGSTUFE":3,"SLOID":"ch:1:sloid:2551","TU":3}},{"type":"Feature","id":99,"geometry":{"type":"Point","coordinates":[8.117439473391801,47.16874178637899]},"properties":{"OBJECTID":99,"UUID":"{93794CDB-5A68-E611-B7C2-F04DA23F2F2A}","HSTNAME":"Sursee, Spital","VMITTEL":8,"BFS_NR":1103,"GEMEINDE":"Sursee","EINWOHNER":378,"ARBEITSPL":765,"RADIUS":300,"DIDOKNR":2550,"ANGSTUFE":4,"SLOID":"ch:1:sloid:2550","TU":3}},{"type":"Feature","id":100,"geometry":{"type":"Point","coordinates":[7.939480632125613,47.20827800230085]},"properties":{"OBJECTID":100,"UUID":"{CAE7C1D5-5A68-E611-B7C2-F04DA23F2F2A}","HSTNAME":"Richenthal, Kurhaus","VMITTEL":2,"BFS_NR":1140,"GEMEINDE":"Reiden","EINWOHNER":142,"ARBEITSPL":28,"RADIUS":300,"DIDOKNR":2579,"ANGSTUFE":1,"SLOID":"ch:1:sloid:2579","TU":9}},{"type":"Feature","id":101,"geometry":{"type":"Point","coordinates":[7.9515017729070925,47.221653875426796]},"properties":{"OBJECTID":101,"UUID":"{6FE8C1D5-5A68-E611-B7C2-F04DA23F2F2A}","HSTNAME":"Langnau bei Reiden, Lupfen","VMITTEL":2,"BFS_NR":1140,"GEMEINDE":"Reiden","EINWOHNER":55,"ARBEITSPL":37,"RADIUS":300,"DIDOKNR":2578,"ANGSTUFE":1,"SLOID":"ch:1:sloid:2578","TU":9}},{"type":"Feature","id":102,"geometry":{"type":"Point","coordinates":[7.944410882896731,47.29140350703512]},"properties":{"OBJECTID":102,"UUID":"{F4774CDB-5A68-E611-B7C2-F04DA23F2F2A}","HSTNAME":"Zofingen, Bifangstrasse","VMITTEL":2,"BFS_NR":4289,"GEMEINDE":"Zofingen","EINWOHNER":0,"ARBEITSPL":0,"RADIUS":300,"DIDOKNR":2581,"ANGSTUFE":null,"SLOID":"ch:1:sloid:2581","TU":9}},{"type":"Feature","id":103,"geometry":{"type":"Point","coordinates":[7.979237769106323,47.30164778872125]},"properties":{"OBJECTID":103,"UUID":"{84784CDB-5A68-E611-B7C2-F04DA23F2F2A}","HSTNAME":"Mühlethal, Milchhüsli","VMITTEL":2,"BFS_NR":4289,"GEMEINDE":"Zofingen","EINWOHNER":0,"ARBEITSPL":0,"RADIUS":300,"DIDOKNR":2582,"ANGSTUFE":null,"SLOID":"ch:1:sloid:2582","TU":9}},{"type":"Feature","id":104,"geometry":{"type":"Point","coordinates":[8.168054571732881,47.15068473324593]},"properties":{"OBJECTID":104,"UUID":"{CD794CDB-5A68-E611-B7C2-F04DA23F2F2A}","HSTNAME":"Eich, Dorf","VMITTEL":8,"BFS_NR":1084,"GEMEINDE":"Eich","EINWOHNER":468,"ARBEITSPL":181,"RADIUS":300,"DIDOKNR":2959,"ANGSTUFE":3,"SLOID":"ch:1:sloid:2959","TU":3}},{"type":"Feature","id":105,"geometry":{"type":"Point","coordinates":[8.117256869232747,47.17202607304273]},"properties":{"OBJECTID":105,"UUID":"{FD784CDB-5A68-E611-B7C2-F04DA23F2F2A}","HSTNAME":"Sursee, Sonnhalde","VMITTEL":2,"BFS_NR":1103,"GEMEINDE":"Sursee","EINWOHNER":619,"ARBEITSPL":284,"RADIUS":300,"DIDOKNR":2994,"ANGSTUFE":3,"SLOID":"ch:1:sloid:2994","TU":3}},{"type":"Feature","id":106,"geometry":{"type":"Point","coordinates":[8.429773672012123,47.17870970103007]},"properties":{"OBJECTID":106,"UUID":"{9798F864-6A49-ED11-AEC8-00505692A170}","HSTNAME":"Hünenberg, Moos","VMITTEL":2,"BFS_NR":1703,"GEMEINDE":"Hünenberg","EINWOHNER":0,"ARBEITSPL":0,"RADIUS":300,"DIDOKNR":2794,"ANGSTUFE":null,"SLOID":"ch:1:sloid:2794","TU":4}},{"type":"Feature","id":107,"geometry":{"type":"Point","coordinates":[8.473015739793757,47.18390641041057]},"properties":{"OBJECTID":107,"UUID":"{73764CDB-5A68-E611-B7C2-F04DA23F2F2A}","HSTNAME":"Cham, Alpenblick","VMITTEL":2,"BFS_NR":1702,"GEMEINDE":"Cham","EINWOHNER":0,"ARBEITSPL":0,"RADIUS":1000,"DIDOKNR":2850,"ANGSTUFE":null,"SLOID":"ch:1:sloid:2850","TU":4}},{"type":"Feature","id":108,"geometry":{"type":"Point","coordinates":[8.449410560583704,47.174113138953516]},"properties":{"OBJECTID":108,"UUID":"{5683C45C-6B49-ED11-AEC8-00505692A170}","HSTNAME":"Hünenberg, Zythus","VMITTEL":2,"BFS_NR":1703,"GEMEINDE":"Hünenberg","EINWOHNER":0,"ARBEITSPL":0,"RADIUS":300,"DIDOKNR":2862,"ANGSTUFE":null,"SLOID":"ch:1:sloid:2862","TU":4}},{"type":"Feature","id":109,"geometry":{"type":"Point","coordinates":[8.045657356056909,47.25118545930891]},"properties":{"OBJECTID":109,"UUID":"{27764CDB-5A68-E611-B7C2-F04DA23F2F2A}","HSTNAME":"Reitnau, Unterdorf","VMITTEL":2,"BFS_NR":4281,"GEMEINDE":"Reitnau","EINWOHNER":0,"ARBEITSPL":0,"RADIUS":300,"DIDOKNR":2887,"ANGSTUFE":null,"SLOID":"ch:1:sloid:2887","TU":3}},{"type":"Feature","id":110,"geometry":{"type":"Point","coordinates":[8.064728265788508,47.27220337419696]},"properties":{"OBJECTID":110,"UUID":"{A8774CDB-5A68-E611-B7C2-F04DA23F2F2A}","HSTNAME":"Kirchleerau-Moosleerau, Post","VMITTEL":2,"BFS_NR":4275,"GEMEINDE":"Kirchleerau","EINWOHNER":0,"ARBEITSPL":0,"RADIUS":300,"DIDOKNR":2886,"ANGSTUFE":null,"SLOID":"ch:1:sloid:2886","TU":3}},{"type":"Feature","id":111,"geometry":{"type":"Point","coordinates":[7.928642031809724,47.27873506004697]},"properties":{"OBJECTID":111,"UUID":"{F1774CDB-5A68-E611-B7C2-F04DA23F2F2A}","HSTNAME":"Strengelbach, Kreuzplatz","VMITTEL":2,"BFS_NR":4285,"GEMEINDE":"Strengelbach","EINWOHNER":0,"ARBEITSPL":0,"RADIUS":300,"DIDOKNR":2891,"ANGSTUFE":null,"SLOID":"ch:1:sloid:2891","TU":9}},{"type":"Feature","id":112,"geometry":{"type":"Point","coordinates":[7.969086779711404,47.24149785085633]},"properties":{"OBJECTID":112,"UUID":"{8C794CDB-5A68-E611-B7C2-F04DA23F2F2A}","HSTNAME":"Reiden, Bahnhof","VMITTEL":2,"BFS_NR":1140,"GEMEINDE":"Reiden","EINWOHNER":470,"ARBEITSPL":465,"RADIUS":300,"DIDOKNR":2898,"ANGSTUFE":3,"SLOID":"ch:1:sloid:2898","TU":9}},{"type":"Feature","id":113,"geometry":{"type":"Point","coordinates":[8.674673298116222,47.10579465185079]},"properties":{"OBJECTID":113,"UUID":"{8FE8C1D5-5A68-E611-B7C2-F04DA23F2F2A}","HSTNAME":"Rothenthurm","VMITTEL":1,"BFS_NR":1370,"GEMEINDE":"Rothenthurm","EINWOHNER":0,"ARBEITSPL":0,"RADIUS":1000,"DIDOKNR":3282,"ANGSTUFE":null,"SLOID":"ch:1:sloid:3282","TU":13}},{"type":"Feature","id":114,"geometry":{"type":"Point","coordinates":[8.31018320694281,47.05017782808563]},"properties":{"OBJECTID":114,"UUID":"{C6754CDB-5A68-E611-B7C2-F04DA23F2F2A}","HSTNAME":"Luzern","VMITTEL":1,"BFS_NR":1061,"GEMEINDE":"Luzern","EINWOHNER":19375,"ARBEITSPL":49326,"RADIUS":1000,"DIDOKNR":5000,"ANGSTUFE":5,"SLOID":"ch:1:sloid:5000","TU":6}},{"type":"Feature","id":115,"geometry":{"type":"Point","coordinates":[8.462672036245085,47.0916186591038]},"properties":{"OBJECTID":115,"UUID":"{FF774CDB-5A68-E611-B7C2-F04DA23F2F2A}","HSTNAME":"Immensee","VMITTEL":1,"BFS_NR":1331,"GEMEINDE":"Küssnacht (SZ)","EINWOHNER":0,"ARBEITSPL":0,"RADIUS":1000,"DIDOKNR":5003,"ANGSTUFE":null,"SLOID":"ch:1:sloid:5003","TU":6}},{"type":"Feature","id":116,"geometry":{"type":"Point","coordinates":[8.433517457319303,47.08359415522087]},"properties":{"OBJECTID":116,"UUID":"{B1754CDB-5A68-E611-B7C2-F04DA23F2F2A}","HSTNAME":"Küssnacht am Rigi","VMITTEL":1,"BFS_NR":1331,"GEMEINDE":"Küssnacht (SZ)","EINWOHNER":0,"ARBEITSPL":0,"RADIUS":1000,"DIDOKNR":5002,"ANGSTUFE":null,"SLOID":"ch:1:sloid:5002","TU":6}},{"type":"Feature","id":117,"geometry":{"type":"Point","coordinates":[8.607449314258481,47.047668639262056]},"properties":{"OBJECTID":117,"UUID":"{CC774CDB-5A68-E611-B7C2-F04DA23F2F2A}","HSTNAME":"Steinen","VMITTEL":1,"BFS_NR":1373,"GEMEINDE":"Steinen","EINWOHNER":0,"ARBEITSPL":0,"RADIUS":1000,"DIDOKNR":5005,"ANGSTUFE":null,"SLOID":"ch:1:sloid:5005","TU":6}},{"type":"Feature","id":118,"geometry":{"type":"Point","coordinates":[8.549446300669961,47.04904488341455]},"properties":{"OBJECTID":118,"UUID":"{91784CDB-5A68-E611-B7C2-F04DA23F2F2A}","HSTNAME":"Arth-Goldau","VMITTEL":1,"BFS_NR":1362,"GEMEINDE":"Arth","EINWOHNER":0,"ARBEITSPL":0,"RADIUS":1000,"DIDOKNR":5004,"ANGSTUFE":null,"SLOID":"ch:1:sloid:5004","TU":6}},{"type":"Feature","id":119,"geometry":{"type":"Point","coordinates":[8.374393056840908,47.04519444665038]},"properties":{"OBJECTID":119,"UUID":"{34E8C1D5-5A68-E611-B7C2-F04DA23F2F2A}","HSTNAME":"Meggen Zentrum","VMITTEL":1,"BFS_NR":1063,"GEMEINDE":"Meggen","EINWOHNER":3561,"ARBEITSPL":1391,"RADIUS":1000,"DIDOKNR":5018,"ANGSTUFE":3,"SLOID":"ch:1:sloid:5018","TU":6}},{"type":"Feature","id":120,"geometry":{"type":"Point","coordinates":[8.610067661012462,46.99917491314115]},"properties":{"OBJECTID":120,"UUID":"{E6794CDB-5A68-E611-B7C2-F04DA23F2F2A}","HSTNAME":"Brunnen","VMITTEL":1,"BFS_NR":1364,"GEMEINDE":"Ingenbohl","EINWOHNER":0,"ARBEITSPL":0,"RADIUS":1000,"DIDOKNR":5007,"ANGSTUFE":null,"SLOID":"ch:1:sloid:5007","TU":6}},{"type":"Feature","id":121,"geometry":{"type":"Point","coordinates":[8.632151708388967,47.02639719104311]},"properties":{"OBJECTID":121,"UUID":"{88774CDB-5A68-E611-B7C2-F04DA23F2F2A}","HSTNAME":"Schwyz","VMITTEL":1,"BFS_NR":1372,"GEMEINDE":"Schwyz","EINWOHNER":0,"ARBEITSPL":0,"RADIUS":1000,"DIDOKNR":5006,"ANGSTUFE":null,"SLOID":"ch:1:sloid:5006","TU":6}},{"type":"Feature","id":122,"geometry":{"type":"Point","coordinates":[8.383061443877134,47.05014779580274]},"properties":{"OBJECTID":122,"UUID":"{57E8C1D5-5A68-E611-B7C2-F04DA23F2F2A}","HSTNAME":"Meggen","VMITTEL":1,"BFS_NR":1063,"GEMEINDE":"Meggen","EINWOHNER":2142,"ARBEITSPL":978,"RADIUS":1000,"DIDOKNR":5001,"ANGSTUFE":2,"SLOID":"ch:1:sloid:5001","TU":6}},{"type":"Feature","id":123,"geometry":{"type":"Point","coordinates":[8.409058146938596,47.06765998438467]},"properties":{"OBJECTID":123,"UUID":"{F6764CDB-5A68-E611-B7C2-F04DA23F2F2A}","HSTNAME":"Merlischachen","VMITTEL":1,"BFS_NR":1331,"GEMEINDE":"Küssnacht (SZ)","EINWOHNER":0,"ARBEITSPL":0,"RADIUS":1000,"DIDOKNR":5011,"ANGSTUFE":null,"SLOID":"ch:1:sloid:5011","TU":6}},{"type":"Feature","id":124,"geometry":{"type":"Point","coordinates":[8.485235665817328,47.05517593578868]},"properties":{"OBJECTID":124,"UUID":"{31E8C1D5-5A68-E611-B7C2-F04DA23F2F2A}","HSTNAME":"Rigi Kulm","VMITTEL":6,"BFS_NR":1362,"GEMEINDE":"Arth","EINWOHNER":0,"ARBEITSPL":0,"RADIUS":1000,"DIDOKNR":5069,"ANGSTUFE":null,"SLOID":"ch:1:sloid:5069","TU":15}},{"type":"Feature","id":125,"geometry":{"type":"Point","coordinates":[8.474242233381103,47.053683362370776]},"properties":{"OBJECTID":125,"UUID":"{C6764CDB-5A68-E611-B7C2-F04DA23F2F2A}","HSTNAME":"Rigi Staffel","VMITTEL":6,"BFS_NR":1362,"GEMEINDE":"Arth","EINWOHNER":0,"ARBEITSPL":0,"RADIUS":1000,"DIDOKNR":5068,"ANGSTUFE":null,"SLOID":"ch:1:sloid:5068","TU":15}},{"type":"Feature","id":126,"geometry":{"type":"Point","coordinates":[8.483131483946256,47.02621057599274]},"properties":{"OBJECTID":126,"UUID":"{2A774CDB-5A68-E611-B7C2-F04DA23F2F2A}","HSTNAME":"Grubisbalm","VMITTEL":6,"BFS_NR":1068,"GEMEINDE":"Vitznau","EINWOHNER":25,"ARBEITSPL":13,"RADIUS":1000,"DIDOKNR":5071,"ANGSTUFE":1,"SLOID":"ch:1:sloid:5071","TU":15}},{"type":"Feature","id":127,"geometry":{"type":"Point","coordinates":[8.569272048788735,46.99735285474075]},"properties":{"OBJECTID":127,"UUID":"{9DE7C1D5-5A68-E611-B7C2-F04DA23F2F2A}","HSTNAME":"Brunnen, Seeschlössli","VMITTEL":2,"BFS_NR":1364,"GEMEINDE":"Ingenbohl","EINWOHNER":0,"ARBEITSPL":0,"RADIUS":300,"DIDOKNR":5082,"ANGSTUFE":null,"SLOID":"ch:1:sloid:5082","TU":7}},{"type":"Feature","id":128,"geometry":{"type":"Point","coordinates":[8.482675322481358,47.009527412481894]},"properties":{"OBJECTID":128,"UUID":"{83794CDB-5A68-E611-B7C2-F04DA23F2F2A}","HSTNAME":"Vitznau RB","VMITTEL":6,"BFS_NR":1068,"GEMEINDE":"Vitznau","EINWOHNER":1086,"ARBEITSPL":457,"RADIUS":1000,"DIDOKNR":5070,"ANGSTUFE":1,"SLOID":"ch:1:sloid:5070","TU":15}},{"type":"Feature","id":129,"geometry":{"type":"Point","coordinates":[8.475922602821653,47.036441241846106]},"properties":{"OBJECTID":129,"UUID":"{E3754CDB-5A68-E611-B7C2-F04DA23F2F2A}","HSTNAME":"Romiti Felsentor","VMITTEL":6,"BFS_NR":1069,"GEMEINDE":"Weggis","EINWOHNER":14,"ARBEITSPL":15,"RADIUS":1000,"DIDOKNR":5073,"ANGSTUFE":1,"SLOID":"ch:1:sloid:5073","TU":15}},{"type":"Feature","id":130,"geometry":{"type":"Point","coordinates":[8.645422235805727,47.01349453118159]},"properties":{"OBJECTID":130,"UUID":"{9EE8C1D5-5A68-E611-B7C2-F04DA23F2F2A}","HSTNAME":"Ibach, Kirche","VMITTEL":2,"BFS_NR":1372,"GEMEINDE":"Schwyz","EINWOHNER":0,"ARBEITSPL":0,"RADIUS":300,"DIDOKNR":5084,"ANGSTUFE":null,"SLOID":"ch:1:sloid:5084","TU":7}},{"type":"Feature","id":131,"geometry":{"type":"Point","coordinates":[8.47973281077722,47.030046697152684]},"properties":{"OBJECTID":131,"UUID":"{C1E8C1D5-5A68-E611-B7C2-F04DA23F2F2A}","HSTNAME":"Freibergen","VMITTEL":6,"BFS_NR":1068,"GEMEINDE":"Vitznau","EINWOHNER":11,"ARBEITSPL":3,"RADIUS":1000,"DIDOKNR":5072,"ANGSTUFE":1,"SLOID":"ch:1:sloid:5072","TU":15}},{"type":"Feature","id":132,"geometry":{"type":"Point","coordinates":[8.46450044709626,47.04809448419859]},"properties":{"OBJECTID":132,"UUID":"{EF784CDB-5A68-E611-B7C2-F04DA23F2F2A}","HSTNAME":"Rigi Staffelhöhe","VMITTEL":6,"BFS_NR":1069,"GEMEINDE":"Weggis","EINWOHNER":22,"ARBEITSPL":18,"RADIUS":1000,"DIDOKNR":5075,"ANGSTUFE":1,"SLOID":"ch:1:sloid:5075","TU":15}},{"type":"Feature","id":133,"geometry":{"type":"Point","coordinates":[8.466698993377598,47.0440087246318]},"properties":{"OBJECTID":133,"UUID":"{9B794CDB-5A68-E611-B7C2-F04DA23F2F2A}","HSTNAME":"Rigi Kaltbad-First","VMITTEL":6,"BFS_NR":1069,"GEMEINDE":"Weggis","EINWOHNER":67,"ARBEITSPL":31,"RADIUS":1000,"DIDOKNR":5074,"ANGSTUFE":1,"SLOID":"ch:1:sloid:5074","TU":15}},{"type":"Feature","id":134,"geometry":{"type":"Point","coordinates":[8.48246870022083,47.01919084927534]},"properties":{"OBJECTID":134,"UUID":"{FEE7C1D5-5A68-E611-B7C2-F04DA23F2F2A}","HSTNAME":"Mittlerschwanden","VMITTEL":6,"BFS_NR":1068,"GEMEINDE":"Vitznau","EINWOHNER":342,"ARBEITSPL":252,"RADIUS":1000,"DIDOKNR":5079,"ANGSTUFE":1,"SLOID":"ch:1:sloid:5079","TU":15}},{"type":"Feature","id":135,"geometry":{"type":"Point","coordinates":[8.651321574278764,47.021200806144854]},"properties":{"OBJECTID":135,"UUID":"{01764CDB-5A68-E611-B7C2-F04DA23F2F2A}","HSTNAME":"Schwyz, Zentrum","VMITTEL":2,"BFS_NR":1372,"GEMEINDE":"Schwyz","EINWOHNER":0,"ARBEITSPL":0,"RADIUS":300,"DIDOKNR":5095,"ANGSTUFE":null,"SLOID":"ch:1:sloid:5095","TU":7}},{"type":"Feature","id":136,"geometry":{"type":"Point","coordinates":[8.620748727674615,46.94925401457022]},"properties":{"OBJECTID":136,"UUID":"{6B784CDB-5A68-E611-B7C2-F04DA23F2F2A}","HSTNAME":"Sisikon","VMITTEL":1,"BFS_NR":1217,"GEMEINDE":"Sisikon","EINWOHNER":0,"ARBEITSPL":0,"RADIUS":1000,"DIDOKNR":5111,"ANGSTUFE":null,"SLOID":"ch:1:sloid:5111","TU":6}},{"type":"Feature","id":137,"geometry":{"type":"Point","coordinates":[8.615849696265448,47.001782346876354]},"properties":{"OBJECTID":137,"UUID":"{B6E7C1D5-5A68-E611-B7C2-F04DA23F2F2A}","HSTNAME":"Ingenbohl, Klosterstrasse","VMITTEL":2,"BFS_NR":1364,"GEMEINDE":"Ingenbohl","EINWOHNER":0,"ARBEITSPL":0,"RADIUS":300,"DIDOKNR":5097,"ANGSTUFE":null,"SLOID":"ch:1:sloid:5097","TU":7}},{"type":"Feature","id":138,"geometry":{"type":"Point","coordinates":[8.642062536456015,47.01079336090343]},"properties":{"OBJECTID":138,"UUID":"{FF764CDB-5A68-E611-B7C2-F04DA23F2F2A}","HSTNAME":"Ibach, Erlen","VMITTEL":2,"BFS_NR":1372,"GEMEINDE":"Schwyz","EINWOHNER":0,"ARBEITSPL":0,"RADIUS":300,"DIDOKNR":5096,"ANGSTUFE":null,"SLOID":"ch:1:sloid:5096","TU":7}},{"type":"Feature","id":139,"geometry":{"type":"Point","coordinates":[8.605743649569437,46.9944670545748]},"properties":{"OBJECTID":139,"UUID":"{6F784CDB-5A68-E611-B7C2-F04DA23F2F2A}","HSTNAME":"Brunnen, See/Schiffstation","VMITTEL":2,"BFS_NR":1364,"GEMEINDE":"Ingenbohl","EINWOHNER":0,"ARBEITSPL":0,"RADIUS":300,"DIDOKNR":5099,"ANGSTUFE":null,"SLOID":"ch:1:sloid:5099","TU":7}},{"type":"Feature","id":140,"geometry":{"type":"Point","coordinates":[8.6315754174428,46.87573871327729]},"properties":{"OBJECTID":140,"UUID":"{F5E8C1D5-5A68-E611-B7C2-F04DA23F2F2A}","HSTNAME":"Altdorf UR","VMITTEL":1,"BFS_NR":1201,"GEMEINDE":"Altdorf (UR)","EINWOHNER":0,"ARBEITSPL":0,"RADIUS":1000,"DIDOKNR":5113,"ANGSTUFE":null,"SLOID":"ch:1:sloid:5113","TU":6}},{"type":"Feature","id":141,"geometry":{"type":"Point","coordinates":[8.610127428122277,46.999607469156544]},"properties":{"OBJECTID":141,"UUID":"{FD754CDB-5A68-E611-B7C2-F04DA23F2F2A}","HSTNAME":"Brunnen, Bahnhof","VMITTEL":2,"BFS_NR":1364,"GEMEINDE":"Ingenbohl","EINWOHNER":0,"ARBEITSPL":0,"RADIUS":300,"DIDOKNR":5098,"ANGSTUFE":null,"SLOID":"ch:1:sloid:5098","TU":7}},{"type":"Feature","id":142,"geometry":{"type":"Point","coordinates":[8.624302653092041,46.9017301654578]},"properties":{"OBJECTID":142,"UUID":"{2EE8C1D5-5A68-E611-B7C2-F04DA23F2F2A}","HSTNAME":"Flüelen","VMITTEL":1,"BFS_NR":1207,"GEMEINDE":"Flüelen","EINWOHNER":0,"ARBEITSPL":0,"RADIUS":1000,"DIDOKNR":5112,"ANGSTUFE":null,"SLOID":"ch:1:sloid:5112","TU":6}},{"type":"Feature","id":143,"geometry":{"type":"Point","coordinates":[8.650454640226306,46.820339408860484]},"properties":{"OBJECTID":143,"UUID":"{F0E8C1D5-5A68-E611-B7C2-F04DA23F2F2A}","HSTNAME":"Erstfeld","VMITTEL":1,"BFS_NR":1206,"GEMEINDE":"Erstfeld","EINWOHNER":0,"ARBEITSPL":0,"RADIUS":1000,"DIDOKNR":5114,"ANGSTUFE":null,"SLOID":"ch:1:sloid:5114","TU":6}},{"type":"Feature","id":144,"geometry":{"type":"Point","coordinates":[8.26856999061308,47.080031217124336]},"properties":{"OBJECTID":144,"UUID":"{88794CDB-5A68-E611-B7C2-F04DA23F2F2A}","HSTNAME":"Emmenbrücke, Riffigrain","VMITTEL":2,"BFS_NR":1024,"GEMEINDE":"Emmen","EINWOHNER":746,"ARBEITSPL":68,"RADIUS":300,"DIDOKNR":5447,"ANGSTUFE":2,"SLOID":"ch:1:sloid:5447","TU":1}},{"type":"Feature","id":145,"geometry":{"type":"Point","coordinates":[8.378626965954142,47.105240584191186]},"properties":{"OBJECTID":145,"UUID":"{88488817-6F54-E911-816A-F04DA23FCE90}","HSTNAME":"Root, Wiesstrasse","VMITTEL":2,"BFS_NR":1065,"GEMEINDE":"Root","EINWOHNER":512,"ARBEITSPL":289,"RADIUS":300,"DIDOKNR":5431,"ANGSTUFE":4,"SLOID":"ch:1:sloid:5431","TU":11}},{"type":"Feature","id":146,"geometry":{"type":"Point","coordinates":[8.376723978302078,47.11511464653626]},"properties":{"OBJECTID":146,"UUID":"{FBE0BE7E-9C50-E911-816A-F04DA23FCE90}","HSTNAME":"Perlen, Holzplatz","VMITTEL":2,"BFS_NR":1065,"GEMEINDE":"Root","EINWOHNER":3,"ARBEITSPL":60,"RADIUS":300,"DIDOKNR":5430,"ANGSTUFE":3,"SLOID":"ch:1:sloid:5430","TU":11}},{"type":"Feature","id":147,"geometry":{"type":"Point","coordinates":[8.487606206245987,46.993933991401924]},"properties":{"OBJECTID":147,"UUID":"{FB754CDB-5A68-E611-B7C2-F04DA23F2F2A}","HSTNAME":"Gersau, Rotschuo","VMITTEL":2,"BFS_NR":1311,"GEMEINDE":"Gersau","EINWOHNER":0,"ARBEITSPL":0,"RADIUS":300,"DIDOKNR":5666,"ANGSTUFE":null,"SLOID":"ch:1:sloid:5666","TU":7}},{"type":"Feature","id":148,"geometry":{"type":"Point","coordinates":[8.431111158165816,47.05632747711383]},"properties":{"OBJECTID":148,"UUID":"{2BE9C1D5-5A68-E611-B7C2-F04DA23F2F2A}","HSTNAME":"Greppen, Oberhaus","VMITTEL":2,"BFS_NR":1056,"GEMEINDE":"Greppen","EINWOHNER":678,"ARBEITSPL":84,"RADIUS":300,"DIDOKNR":5669,"ANGSTUFE":3,"SLOID":"ch:1:sloid:5669","TU":7}},{"type":"Feature","id":149,"geometry":{"type":"Point","coordinates":[8.526179864623442,46.990809032518534]},"properties":{"OBJECTID":149,"UUID":"{B9784CDB-5A68-E611-B7C2-F04DA23F2F2A}","HSTNAME":"Gersau, Schiffstation","VMITTEL":2,"BFS_NR":1311,"GEMEINDE":"Gersau","EINWOHNER":0,"ARBEITSPL":0,"RADIUS":300,"DIDOKNR":5671,"ANGSTUFE":null,"SLOID":"ch:1:sloid:5671","TU":7}},{"type":"Feature","id":150,"geometry":{"type":"Point","coordinates":[8.433346213770488,47.031654539962176]},"properties":{"OBJECTID":150,"UUID":"{A3794CDB-5A68-E611-B7C2-F04DA23F2F2A}","HSTNAME":"Weggis, Schiffstation","VMITTEL":2,"BFS_NR":1069,"GEMEINDE":"Weggis","EINWOHNER":20,"ARBEITSPL":36,"RADIUS":300,"DIDOKNR":5670,"ANGSTUFE":1,"SLOID":"ch:1:sloid:5670","TU":7}},{"type":"Feature","id":151,"geometry":{"type":"Point","coordinates":[8.451538107479058,47.091371005068765]},"properties":{"OBJECTID":151,"UUID":"{1B784CDB-5A68-E611-B7C2-F04DA23F2F2A}","HSTNAME":"Immensee, Hohle Gasse","VMITTEL":2,"BFS_NR":1331,"GEMEINDE":"Küssnacht (SZ)","EINWOHNER":0,"ARBEITSPL":0,"RADIUS":300,"DIDOKNR":5672,"ANGSTUFE":null,"SLOID":"ch:1:sloid:5672","TU":4}},{"type":"Feature","id":152,"geometry":{"type":"Point","coordinates":[8.2194057009056,47.0235669410302]},"properties":{"OBJECTID":152,"UUID":"{94794CDB-5A68-E611-B7C2-F04DA23F2F2A}","HSTNAME":"Holderkäppeli","VMITTEL":2,"BFS_NR":1059,"GEMEINDE":"Kriens","EINWOHNER":0,"ARBEITSPL":0,"RADIUS":300,"DIDOKNR":5663,"ANGSTUFE":2,"SLOID":"ch:1:sloid:5663","TU":3}},{"type":"Feature","id":153,"geometry":{"type":"Point","coordinates":[8.43956430480477,47.076134346242256]},"properties":{"OBJECTID":153,"UUID":"{4AE8C1D5-5A68-E611-B7C2-F04DA23F2F2A}","HSTNAME":"Küssnacht am Rigi, Seilbahn","VMITTEL":2,"BFS_NR":1331,"GEMEINDE":"Küssnacht (SZ)","EINWOHNER":0,"ARBEITSPL":0,"RADIUS":300,"DIDOKNR":5665,"ANGSTUFE":null,"SLOID":"ch:1:sloid:5665","TU":7}},{"type":"Feature","id":154,"geometry":{"type":"Point","coordinates":[8.644006193911288,46.881773330707844]},"properties":{"OBJECTID":154,"UUID":"{F2794CDB-5A68-E611-B7C2-F04DA23F2F2A}","HSTNAME":"Altdorf UR, Telldenkmal","VMITTEL":2,"BFS_NR":1201,"GEMEINDE":"Altdorf (UR)","EINWOHNER":0,"ARBEITSPL":0,"RADIUS":300,"DIDOKNR":5892,"ANGSTUFE":null,"SLOID":"ch:1:sloid:5892","TU":8}},{"type":"Feature","id":155,"geometry":{"type":"Point","coordinates":[8.399191000363992,47.088249278495915]},"properties":{"OBJECTID":155,"UUID":"{2DE9C1D5-5A68-E611-B7C2-F04DA23F2F2A}","HSTNAME":"Udligenswil, Frohsinn","VMITTEL":2,"BFS_NR":1067,"GEMEINDE":"Udligenswil","EINWOHNER":572,"ARBEITSPL":118,"RADIUS":300,"DIDOKNR":5895,"ANGSTUFE":4,"SLOID":"ch:1:sloid:5895","TU":3}},{"type":"Feature","id":156,"geometry":{"type":"Point","coordinates":[8.278020001340641,47.05957618754968]},"properties":{"OBJECTID":156,"UUID":"{FF0EF048-A350-E911-816A-F04DA23FCE90}","HSTNAME":"Luzern, Waldstrasse","VMITTEL":2,"BFS_NR":1061,"GEMEINDE":"Luzern","EINWOHNER":1233,"ARBEITSPL":33,"RADIUS":300,"DIDOKNR":5927,"ANGSTUFE":3,"SLOID":"ch:1:sloid:5927","TU":1}},{"type":"Feature","id":157,"geometry":{"type":"Point","coordinates":[8.280024202717511,47.06142591792608]},"properties":{"OBJECTID":157,"UUID":"{5F216D21-6B51-E911-816A-F04DA23FCE90}","HSTNAME":"Luzern, Eichenstrasse","VMITTEL":2,"BFS_NR":1061,"GEMEINDE":"Luzern","EINWOHNER":484,"ARBEITSPL":47,"RADIUS":300,"DIDOKNR":5928,"ANGSTUFE":3,"SLOID":"ch:1:sloid:5928","TU":1}},{"type":"Feature","id":158,"geometry":{"type":"Point","coordinates":[8.320974772147595,46.9420857879686]},"properties":{"OBJECTID":158,"UUID":"{C1774CDB-5A68-E611-B7C2-F04DA23F2F2A}","HSTNAME":"Ennetmoos, Rohren","VMITTEL":2,"BFS_NR":1506,"GEMEINDE":"Ennetmoos","EINWOHNER":0,"ARBEITSPL":0,"RADIUS":300,"DIDOKNR":6666,"ANGSTUFE":null,"SLOID":"ch:1:sloid:6666","TU":3}},{"type":"Feature","id":159,"geometry":{"type":"Point","coordinates":[7.945967211793123,47.282662848187805]},"properties":{"OBJECTID":159,"UUID":"{96764CDB-5A68-E611-B7C2-F04DA23F2F2A}","HSTNAME":"Zofingen, Frikartstrasse","VMITTEL":2,"BFS_NR":4289,"GEMEINDE":"Zofingen","EINWOHNER":0,"ARBEITSPL":0,"RADIUS":300,"DIDOKNR":7305,"ANGSTUFE":null,"SLOID":"ch:1:sloid:7305","TU":9}},{"type":"Feature","id":160,"geometry":{"type":"Point","coordinates":[8.344242565212774,46.980648989384875]},"properties":{"OBJECTID":160,"UUID":"{EDA67065-9BC2-E911-A2B8-F04DA23FCE90}","HSTNAME":"Stansstad, Kilchlidossen","VMITTEL":2,"BFS_NR":1510,"GEMEINDE":"Stansstad","EINWOHNER":0,"ARBEITSPL":0,"RADIUS":300,"DIDOKNR":7322,"ANGSTUFE":null,"SLOID":"ch:1:sloid:7322","TU":3}},{"type":"Feature","id":161,"geometry":{"type":"Point","coordinates":[8.132605430025004,47.041332646595286]},"properties":{"OBJECTID":161,"UUID":"{AE4F0D50-70CB-E711-85C0-F04DA23FCE90}","HSTNAME":"Schachen LU, Industrie","VMITTEL":2,"BFS_NR":1009,"GEMEINDE":"Werthenstein","EINWOHNER":12,"ARBEITSPL":417,"RADIUS":300,"DIDOKNR":7341,"ANGSTUFE":1,"SLOID":"ch:1:sloid:7341","TU":2}},{"type":"Feature","id":162,"geometry":{"type":"Point","coordinates":[8.151168541651211,47.03608260427446]},"properties":{"OBJECTID":162,"UUID":"{1AD41688-71CB-E711-85C0-F04DA23FCE90}","HSTNAME":"Malters, Ennigen","VMITTEL":2,"BFS_NR":1062,"GEMEINDE":"Malters","EINWOHNER":237,"ARBEITSPL":101,"RADIUS":300,"DIDOKNR":7343,"ANGSTUFE":1,"SLOID":"ch:1:sloid:7343","TU":2}},{"type":"Feature","id":163,"geometry":{"type":"Point","coordinates":[8.265436312538892,47.214180202690315]},"properties":{"OBJECTID":163,"UUID":"{37794CDB-5A68-E611-B7C2-F04DA23F2F2A}","HSTNAME":"Gelfingen, Kreisel","VMITTEL":2,"BFS_NR":1030,"GEMEINDE":"Hitzkirch","EINWOHNER":511,"ARBEITSPL":76,"RADIUS":300,"DIDOKNR":7247,"ANGSTUFE":1,"SLOID":"ch:1:sloid:7247","TU":4}},{"type":"Feature","id":164,"geometry":{"type":"Point","coordinates":[8.232371993855924,46.897774081922414]},"properties":{"OBJECTID":164,"UUID":"{E794BD84-72C2-E911-A2B8-F04DA23FCE90}","HSTNAME":"Ramersberg, Dörfli","VMITTEL":2,"BFS_NR":1407,"GEMEINDE":"Sarnen","EINWOHNER":0,"ARBEITSPL":0,"RADIUS":300,"DIDOKNR":7541,"ANGSTUFE":null,"SLOID":"ch:1:sloid:7541","TU":3}},{"type":"Feature","id":165,"geometry":{"type":"Point","coordinates":[8.072577272760421,47.23980600929676]},"properties":{"OBJECTID":165,"UUID":"{EF6C1FFB-F882-EA11-A2BF-662325A903D8}","HSTNAME":"Triengen, Gisler","VMITTEL":8,"BFS_NR":1104,"GEMEINDE":"Triengen","EINWOHNER":564,"ARBEITSPL":156,"RADIUS":300,"DIDOKNR":7415,"ANGSTUFE":1,"SLOID":"ch:1:sloid:7415","TU":3}},{"type":"Feature","id":166,"geometry":{"type":"Point","coordinates":[7.869000004346462,46.69049999618797]},"properties":{"OBJECTID":166,"UUID":"{30774CDB-5A68-E611-B7C2-F04DA23F2F2A}","HSTNAME":"Interlaken Ost","VMITTEL":1,"BFS_NR":581,"GEMEINDE":"Interlaken","EINWOHNER":0,"ARBEITSPL":0,"RADIUS":1000,"DIDOKNR":7492,"ANGSTUFE":null,"SLOID":"ch:1:sloid:7492","TU":0}},{"type":"Feature","id":167,"geometry":{"type":"Point","coordinates":[7.784715135554733,47.21730287148521]},"properties":{"OBJECTID":167,"UUID":"{DC764CDB-5A68-E611-B7C2-F04DA23F2F2A}","HSTNAME":"Langenthal","VMITTEL":1,"BFS_NR":329,"GEMEINDE":"Langenthal","EINWOHNER":0,"ARBEITSPL":0,"RADIUS":1000,"DIDOKNR":8100,"ANGSTUFE":null,"SLOID":"ch:1:sloid:8100","TU":6}},{"type":"Feature","id":168,"geometry":{"type":"Point","coordinates":[7.9263819700258455,47.1367541575276]},"properties":{"OBJECTID":168,"UUID":"{23E9C1D5-5A68-E611-B7C2-F04DA23F2F2A}","HSTNAME":"Zell LU","VMITTEL":1,"BFS_NR":1150,"GEMEINDE":"Zell (LU)","EINWOHNER":1782,"ARBEITSPL":1211,"RADIUS":1000,"DIDOKNR":8293,"ANGSTUFE":3,"SLOID":"ch:1:sloid:8293","TU":10}},{"type":"Feature","id":169,"geometry":{"type":"Point","coordinates":[7.90586295258713,47.12857430434106]},"properties":{"OBJECTID":169,"UUID":"{1F794CDB-5A68-E611-B7C2-F04DA23F2F2A}","HSTNAME":"Hüswil","VMITTEL":1,"BFS_NR":1150,"GEMEINDE":"Zell (LU)","EINWOHNER":227,"ARBEITSPL":223,"RADIUS":1000,"DIDOKNR":8292,"ANGSTUFE":2,"SLOID":"ch:1:sloid:8292","TU":10}},{"type":"Feature","id":170,"geometry":{"type":"Point","coordinates":[7.996718050222784,47.122720680986184]},"properties":{"OBJECTID":170,"UUID":"{9E794CDB-5A68-E611-B7C2-F04DA23F2F2A}","HSTNAME":"Willisau","VMITTEL":1,"BFS_NR":1151,"GEMEINDE":"Willisau","EINWOHNER":4304,"ARBEITSPL":3654,"RADIUS":1000,"DIDOKNR":8295,"ANGSTUFE":3,"SLOID":"ch:1:sloid:8295","TU":10}},{"type":"Feature","id":171,"geometry":{"type":"Point","coordinates":[7.970140125866018,47.140094433600545]},"properties":{"OBJECTID":171,"UUID":"{9E774CDB-5A68-E611-B7C2-F04DA23F2F2A}","HSTNAME":"Gettnau","VMITTEL":1,"BFS_NR":1151,"GEMEINDE":"Willisau","EINWOHNER":1134,"ARBEITSPL":344,"RADIUS":1000,"DIDOKNR":8294,"ANGSTUFE":3,"SLOID":"ch:1:sloid:8294","TU":10}},{"type":"Feature","id":172,"geometry":{"type":"Point","coordinates":[8.040887385221593,47.08342723665967]},"properties":{"OBJECTID":172,"UUID":"{53E8C1D5-5A68-E611-B7C2-F04DA23F2F2A}","HSTNAME":"Menznau","VMITTEL":1,"BFS_NR":1136,"GEMEINDE":"Menznau","EINWOHNER":1866,"ARBEITSPL":1188,"RADIUS":1000,"DIDOKNR":8297,"ANGSTUFE":3,"SLOID":"ch:1:sloid:8297","TU":10}},{"type":"Feature","id":173,"geometry":{"type":"Point","coordinates":[7.958926319766132,46.73655776088122]},"properties":{"OBJECTID":173,"UUID":"{91EC3305-14B5-E811-8A34-F04DA23FCE90}","HSTNAME":"Oberried am Brienzersee","VMITTEL":1,"BFS_NR":589,"GEMEINDE":"Oberried am Brienzersee","EINWOHNER":0,"ARBEITSPL":0,"RADIUS":1000,"DIDOKNR":8303,"ANGSTUFE":null,"SLOID":"ch:1:sloid:8303","TU":12}},{"type":"Feature","id":174,"geometry":{"type":"Point","coordinates":[8.238305778228908,46.87096236493422]},"properties":{"OBJECTID":174,"UUID":"{46E8C1D5-5A68-E611-B7C2-F04DA23F2F2A}","HSTNAME":"Sachseln","VMITTEL":1,"BFS_NR":1406,"GEMEINDE":"Sachseln","EINWOHNER":0,"ARBEITSPL":0,"RADIUS":1000,"DIDOKNR":8313,"ANGSTUFE":null,"SLOID":"ch:1:sloid:8313","TU":12}},{"type":"Feature","id":175,"geometry":{"type":"Point","coordinates":[8.186317691629618,46.8365344000881]},"properties":{"OBJECTID":175,"UUID":"{B6764CDB-5A68-E611-B7C2-F04DA23F2F2A}","HSTNAME":"Giswil","VMITTEL":1,"BFS_NR":1403,"GEMEINDE":"Giswil","EINWOHNER":0,"ARBEITSPL":0,"RADIUS":1000,"DIDOKNR":8312,"ANGSTUFE":null,"SLOID":"ch:1:sloid:8312","TU":12}},{"type":"Feature","id":176,"geometry":{"type":"Point","coordinates":[8.038946329852795,46.75484373695587]},"properties":{"OBJECTID":176,"UUID":"{90784CDB-5A68-E611-B7C2-F04DA23F2F2A}","HSTNAME":"Brienz","VMITTEL":1,"BFS_NR":573,"GEMEINDE":"Brienz (BE)","EINWOHNER":0,"ARBEITSPL":0,"RADIUS":1000,"DIDOKNR":8305,"ANGSTUFE":null,"SLOID":"ch:1:sloid:8305","TU":12}},{"type":"Feature","id":177,"geometry":{"type":"Point","coordinates":[8.24749935851604,46.89460627391763]},"properties":{"OBJECTID":177,"UUID":"{80E8C1D5-5A68-E611-B7C2-F04DA23F2F2A}","HSTNAME":"Sarnen","VMITTEL":1,"BFS_NR":1407,"GEMEINDE":"Sarnen","EINWOHNER":0,"ARBEITSPL":0,"RADIUS":1000,"DIDOKNR":8314,"ANGSTUFE":null,"SLOID":"ch:1:sloid:8314","TU":12}},{"type":"Feature","id":178,"geometry":{"type":"Point","coordinates":[7.9900369889331895,46.75262416275297]},"properties":{"OBJECTID":178,"UUID":"{A06D2D74-13B5-E811-8A34-F04DA23FCE90}","HSTNAME":"Ebligen","VMITTEL":1,"BFS_NR":589,"GEMEINDE":"Oberried am Brienzersee","EINWOHNER":0,"ARBEITSPL":0,"RADIUS":1000,"DIDOKNR":8304,"ANGSTUFE":null,"SLOID":"ch:1:sloid:8304","TU":12}},{"type":"Feature","id":179,"geometry":{"type":"Point","coordinates":[8.218596368755653,46.860687749859274]},"properties":{"OBJECTID":179,"UUID":"{0B794CDB-5A68-E611-B7C2-F04DA23F2F2A}","HSTNAME":"Ewil Maxon","VMITTEL":1,"BFS_NR":1406,"GEMEINDE":"Sachseln","EINWOHNER":0,"ARBEITSPL":0,"RADIUS":1000,"DIDOKNR":8327,"ANGSTUFE":null,"SLOID":"ch:1:sloid:8327","TU":12}},{"type":"Feature","id":180,"geometry":{"type":"Point","coordinates":[8.277848272022245,46.95504152743406]},"properties":{"OBJECTID":180,"UUID":"{D4784CDB-5A68-E611-B7C2-F04DA23F2F2A}","HSTNAME":"Alpnachstad","VMITTEL":1,"BFS_NR":1401,"GEMEINDE":"Alpnach","EINWOHNER":0,"ARBEITSPL":0,"RADIUS":1000,"DIDOKNR":8317,"ANGSTUFE":null,"SLOID":"ch:1:sloid:8317","TU":12}},{"type":"Feature","id":181,"geometry":{"type":"Point","coordinates":[8.020376643392199,46.75731227768446]},"properties":{"OBJECTID":181,"UUID":"{334A11C5-12B5-E811-8A34-F04DA23FCE90}","HSTNAME":"Brienz West","VMITTEL":1,"BFS_NR":573,"GEMEINDE":"Brienz (BE)","EINWOHNER":0,"ARBEITSPL":0,"RADIUS":1000,"DIDOKNR":8329,"ANGSTUFE":null,"SLOID":"ch:1:sloid:8329","TU":12}},{"type":"Feature","id":182,"geometry":{"type":"Point","coordinates":[8.27534492811316,46.94059064828771]},"properties":{"OBJECTID":182,"UUID":"{13784CDB-5A68-E611-B7C2-F04DA23F2F2A}","HSTNAME":"Alpnach Dorf","VMITTEL":1,"BFS_NR":1401,"GEMEINDE":"Alpnach","EINWOHNER":0,"ARBEITSPL":0,"RADIUS":1000,"DIDOKNR":8316,"ANGSTUFE":null,"SLOID":"ch:1:sloid:8316","TU":12}},{"type":"Feature","id":183,"geometry":{"type":"Point","coordinates":[8.306992215004625,47.017480156869226]},"properties":{"OBJECTID":183,"UUID":"{33784CDB-5A68-E611-B7C2-F04DA23F2F2A}","HSTNAME":"Horw","VMITTEL":1,"BFS_NR":1058,"GEMEINDE":"Horw","EINWOHNER":9819,"ARBEITSPL":4582,"RADIUS":1000,"DIDOKNR":8319,"ANGSTUFE":4,"SLOID":"ch:1:sloid:8319","TU":12}},{"type":"Feature","id":184,"geometry":{"type":"Point","coordinates":[8.138654061285141,46.75776257156429]},"properties":{"OBJECTID":184,"UUID":"{AB774CDB-5A68-E611-B7C2-F04DA23F2F2A}","HSTNAME":"Brünig-Hasliberg","VMITTEL":1,"BFS_NR":785,"GEMEINDE":"Meiringen","EINWOHNER":0,"ARBEITSPL":0,"RADIUS":1000,"DIDOKNR":8309,"ANGSTUFE":null,"SLOID":"ch:1:sloid:8309","TU":12}},{"type":"Feature","id":185,"geometry":{"type":"Point","coordinates":[8.184251214949144,46.727332153734565]},"properties":{"OBJECTID":185,"UUID":"{66E8C1D5-5A68-E611-B7C2-F04DA23F2F2A}","HSTNAME":"Meiringen","VMITTEL":1,"BFS_NR":785,"GEMEINDE":"Meiringen","EINWOHNER":0,"ARBEITSPL":0,"RADIUS":1000,"DIDOKNR":8308,"ANGSTUFE":null,"SLOID":"ch:1:sloid:8308","TU":12}},{"type":"Feature","id":186,"geometry":{"type":"Point","coordinates":[8.310182802268205,46.9826179283525]},"properties":{"OBJECTID":186,"UUID":"{187A4CDB-5A68-E611-B7C2-F04DA23F2F2A}","HSTNAME":"Hergiswil NW","VMITTEL":1,"BFS_NR":1507,"GEMEINDE":"Hergiswil (NW)","EINWOHNER":0,"ARBEITSPL":0,"RADIUS":1000,"DIDOKNR":8318,"ANGSTUFE":null,"SLOID":"ch:1:sloid:8318","TU":12}},{"type":"Feature","id":187,"geometry":{"type":"Point","coordinates":[8.175524692168496,46.814366545924386]},"properties":{"OBJECTID":187,"UUID":"{47794CDB-5A68-E611-B7C2-F04DA23F2F2A}","HSTNAME":"Kaiserstuhl OW","VMITTEL":1,"BFS_NR":1405,"GEMEINDE":"Lungern","EINWOHNER":0,"ARBEITSPL":0,"RADIUS":1000,"DIDOKNR":8311,"ANGSTUFE":null,"SLOID":"ch:1:sloid:8311","TU":12}},{"type":"Feature","id":188,"geometry":{"type":"Point","coordinates":[8.303237439658934,47.035068179902204]},"properties":{"OBJECTID":188,"UUID":"{0C794CDB-5A68-E611-B7C2-F04DA23F2F2A}","HSTNAME":"Luzern Allmend/Messe","VMITTEL":1,"BFS_NR":1061,"GEMEINDE":"Luzern","EINWOHNER":13408,"ARBEITSPL":8599,"RADIUS":1000,"DIDOKNR":8321,"ANGSTUFE":4,"SLOID":"ch:1:sloid:8321","TU":12}},{"type":"Feature","id":189,"geometry":{"type":"Point","coordinates":[8.16356472878011,46.78635283221617]},"properties":{"OBJECTID":189,"UUID":"{E7E7C1D5-5A68-E611-B7C2-F04DA23F2F2A}","HSTNAME":"Lungern","VMITTEL":1,"BFS_NR":1405,"GEMEINDE":"Lungern","EINWOHNER":0,"ARBEITSPL":0,"RADIUS":1000,"DIDOKNR":8310,"ANGSTUFE":null,"SLOID":"ch:1:sloid:8310","TU":12}},{"type":"Feature","id":190,"geometry":{"type":"Point","coordinates":[8.312592945626479,46.99407613638435]},"properties":{"OBJECTID":190,"UUID":"{C0784CDB-5A68-E611-B7C2-F04DA23F2F2A}","HSTNAME":"Hergiswil Matt","VMITTEL":1,"BFS_NR":1507,"GEMEINDE":"Hergiswil (NW)","EINWOHNER":0,"ARBEITSPL":0,"RADIUS":1000,"DIDOKNR":8320,"ANGSTUFE":null,"SLOID":"ch:1:sloid:8320","TU":12}},{"type":"Feature","id":191,"geometry":{"type":"Point","coordinates":[8.24912588172963,46.900183983637675]},"properties":{"OBJECTID":191,"UUID":"{9C90A1F1-0D70-E611-B7C2-F04DA23F2F2A}","HSTNAME":"Sarnen Nord","VMITTEL":1,"BFS_NR":1407,"GEMEINDE":"Sarnen","EINWOHNER":0,"ARBEITSPL":0,"RADIUS":1000,"DIDOKNR":8323,"ANGSTUFE":null,"SLOID":"ch:1:sloid:8323","TU":12}},{"type":"Feature","id":192,"geometry":{"type":"Point","coordinates":[8.395935836601376,46.928123701904056]},"properties":{"OBJECTID":192,"UUID":"{16784CDB-5A68-E611-B7C2-F04DA23F2F2A}","HSTNAME":"Niederrickenbach Station","VMITTEL":1,"BFS_NR":1511,"GEMEINDE":"Wolfenschiessen","EINWOHNER":0,"ARBEITSPL":0,"RADIUS":1000,"DIDOKNR":8384,"ANGSTUFE":null,"SLOID":"ch:1:sloid:8384","TU":12}},{"type":"Feature","id":193,"geometry":{"type":"Point","coordinates":[8.366580446389,46.95839692457322]},"properties":{"OBJECTID":193,"UUID":"{5D784CDB-5A68-E611-B7C2-F04DA23F2F2A}","HSTNAME":"Stans","VMITTEL":1,"BFS_NR":1509,"GEMEINDE":"Stans","EINWOHNER":0,"ARBEITSPL":0,"RADIUS":1000,"DIDOKNR":8391,"ANGSTUFE":null,"SLOID":"ch:1:sloid:8391","TU":12}},{"type":"Feature","id":194,"geometry":{"type":"Point","coordinates":[8.394797821059283,46.90782264244355]},"properties":{"OBJECTID":194,"UUID":"{D9E7C1D5-5A68-E611-B7C2-F04DA23F2F2A}","HSTNAME":"Wolfenschiessen","VMITTEL":1,"BFS_NR":1511,"GEMEINDE":"Wolfenschiessen","EINWOHNER":0,"ARBEITSPL":0,"RADIUS":1000,"DIDOKNR":8394,"ANGSTUFE":null,"SLOID":"ch:1:sloid:8394","TU":12}},{"type":"Feature","id":195,"geometry":{"type":"Point","coordinates":[8.372423756891688,46.87059717594547]},"properties":{"OBJECTID":195,"UUID":"{0F764CDB-5A68-E611-B7C2-F04DA23F2F2A}","HSTNAME":"Grafenort","VMITTEL":1,"BFS_NR":1402,"GEMEINDE":"Engelberg","EINWOHNER":0,"ARBEITSPL":0,"RADIUS":1000,"DIDOKNR":8396,"ANGSTUFE":null,"SLOID":"ch:1:sloid:8396","TU":12}},{"type":"Feature","id":196,"geometry":{"type":"Point","coordinates":[7.847529686547379,47.19062357722683]},"properties":{"OBJECTID":196,"UUID":"{53784CDB-5A68-E611-B7C2-F04DA23F2F2A}","HSTNAME":"Melchnau, Gjuch","VMITTEL":2,"BFS_NR":333,"GEMEINDE":"Melchnau","EINWOHNER":0,"ARBEITSPL":0,"RADIUS":300,"DIDOKNR":8172,"ANGSTUFE":null,"SLOID":"ch:1:sloid:8172","TU":5}},{"type":"Feature","id":197,"geometry":{"type":"Point","coordinates":[7.780192231431066,47.205338078600576]},"properties":{"OBJECTID":197,"UUID":"{50764CDB-5A68-E611-B7C2-F04DA23F2F2A}","HSTNAME":"Langenthal Süd","VMITTEL":1,"BFS_NR":329,"GEMEINDE":"Langenthal","EINWOHNER":0,"ARBEITSPL":0,"RADIUS":1000,"DIDOKNR":8181,"ANGSTUFE":null,"SLOID":"ch:1:sloid:8181","TU":10}},{"type":"Feature","id":198,"geometry":{"type":"Point","coordinates":[7.793291295489844,47.18179092673388]},"properties":{"OBJECTID":198,"UUID":"{BAE8C1D5-5A68-E611-B7C2-F04DA23F2F2A}","HSTNAME":"Gutenburg","VMITTEL":1,"BFS_NR":331,"GEMEINDE":"Lotzwil","EINWOHNER":0,"ARBEITSPL":0,"RADIUS":1000,"DIDOKNR":8174,"ANGSTUFE":null,"SLOID":"ch:1:sloid:8174","TU":10}},{"type":"Feature","id":199,"geometry":{"type":"Point","coordinates":[7.795793231130618,47.167049153540106]},"properties":{"OBJECTID":199,"UUID":"{1B764CDB-5A68-E611-B7C2-F04DA23F2F2A}","HSTNAME":"Madiswil","VMITTEL":1,"BFS_NR":332,"GEMEINDE":"Madiswil","EINWOHNER":0,"ARBEITSPL":0,"RADIUS":1000,"DIDOKNR":8183,"ANGSTUFE":null,"SLOID":"ch:1:sloid:8183","TU":10}},{"type":"Feature","id":200,"geometry":{"type":"Point","coordinates":[7.788589052326705,47.189493676183396]},"properties":{"OBJECTID":200,"UUID":"{19E9C1D5-5A68-E611-B7C2-F04DA23F2F2A}","HSTNAME":"Lotzwil","VMITTEL":1,"BFS_NR":331,"GEMEINDE":"Lotzwil","EINWOHNER":0,"ARBEITSPL":0,"RADIUS":1000,"DIDOKNR":8182,"ANGSTUFE":null,"SLOID":"ch:1:sloid:8182","TU":10}},{"type":"Feature","id":201,"geometry":{"type":"Point","coordinates":[7.790974691340193,47.14630791798677]},"properties":{"OBJECTID":201,"UUID":"{367A4CDB-5A68-E611-B7C2-F04DA23F2F2A}","HSTNAME":"Kleindietwil","VMITTEL":1,"BFS_NR":332,"GEMEINDE":"Madiswil","EINWOHNER":0,"ARBEITSPL":0,"RADIUS":1000,"DIDOKNR":8185,"ANGSTUFE":null,"SLOID":"ch:1:sloid:8185","TU":10}},{"type":"Feature","id":202,"geometry":{"type":"Point","coordinates":[7.790469254365469,47.15456317677537]},"properties":{"OBJECTID":202,"UUID":"{95E7C1D5-5A68-E611-B7C2-F04DA23F2F2A}","HSTNAME":"Lindenholz","VMITTEL":1,"BFS_NR":332,"GEMEINDE":"Madiswil","EINWOHNER":0,"ARBEITSPL":0,"RADIUS":1000,"DIDOKNR":8184,"ANGSTUFE":null,"SLOID":"ch:1:sloid:8184","TU":10}},{"type":"Feature","id":203,"geometry":{"type":"Point","coordinates":[8.062364328881783,46.99369335592257]},"properties":{"OBJECTID":203,"UUID":"{E7764CDB-5A68-E611-B7C2-F04DA23F2F2A}","HSTNAME":"Entlebuch","VMITTEL":1,"BFS_NR":1002,"GEMEINDE":"Entlebuch","EINWOHNER":1944,"ARBEITSPL":1264,"RADIUS":1000,"DIDOKNR":8213,"ANGSTUFE":3,"SLOID":"ch:1:sloid:8213","TU":6}},{"type":"Feature","id":204,"geometry":{"type":"Point","coordinates":[7.78419743448328,46.93924227871926]},"properties":{"OBJECTID":204,"UUID":"{12764CDB-5A68-E611-B7C2-F04DA23F2F2A}","HSTNAME":"Langnau i.E.","VMITTEL":1,"BFS_NR":902,"GEMEINDE":"Langnau im Emmental","EINWOHNER":0,"ARBEITSPL":0,"RADIUS":1000,"DIDOKNR":8207,"ANGSTUFE":null,"SLOID":"ch:1:sloid:8207","TU":6}},{"type":"Feature","id":205,"geometry":{"type":"Point","coordinates":[7.842607662822614,47.11449004190225]},"properties":{"OBJECTID":205,"UUID":"{09E9C1D5-5A68-E611-B7C2-F04DA23F2F2A}","HSTNAME":"Huttwil","VMITTEL":1,"BFS_NR":954,"GEMEINDE":"Huttwil","EINWOHNER":0,"ARBEITSPL":0,"RADIUS":1000,"DIDOKNR":8187,"ANGSTUFE":null,"SLOID":"ch:1:sloid:8187","TU":10}},{"type":"Feature","id":206,"geometry":{"type":"Point","coordinates":[8.046981752038912,46.97815166317876]},"properties":{"OBJECTID":206,"UUID":"{D0E7C1D5-5A68-E611-B7C2-F04DA23F2F2A}","HSTNAME":"Hasle LU","VMITTEL":1,"BFS_NR":1005,"GEMEINDE":"Hasle (LU)","EINWOHNER":1124,"ARBEITSPL":696,"RADIUS":1000,"DIDOKNR":8212,"ANGSTUFE":2,"SLOID":"ch:1:sloid:8212","TU":6}},{"type":"Feature","id":207,"geometry":{"type":"Point","coordinates":[7.813474193284698,47.137263455198976]},"properties":{"OBJECTID":207,"UUID":"{0A774CDB-5A68-E611-B7C2-F04DA23F2F2A}","HSTNAME":"Rohrbach","VMITTEL":1,"BFS_NR":338,"GEMEINDE":"Rohrbach","EINWOHNER":0,"ARBEITSPL":0,"RADIUS":1000,"DIDOKNR":8186,"ANGSTUFE":null,"SLOID":"ch:1:sloid:8186","TU":10}},{"type":"Feature","id":208,"geometry":{"type":"Point","coordinates":[8.07975410530286,47.05548792989759]},"properties":{"OBJECTID":208,"UUID":"{E4774CDB-5A68-E611-B7C2-F04DA23F2F2A}","HSTNAME":"Wolhusen","VMITTEL":1,"BFS_NR":1107,"GEMEINDE":"Wolhusen","EINWOHNER":2199,"ARBEITSPL":1225,"RADIUS":1000,"DIDOKNR":8215,"ANGSTUFE":4,"SLOID":"ch:1:sloid:8215","TU":6}},{"type":"Feature","id":209,"geometry":{"type":"Point","coordinates":[8.143258925428409,47.03797339716987]},"properties":{"OBJECTID":209,"UUID":"{04784CDB-5A68-E611-B7C2-F04DA23F2F2A}","HSTNAME":"Schachen LU","VMITTEL":1,"BFS_NR":1009,"GEMEINDE":"Werthenstein","EINWOHNER":1380,"ARBEITSPL":1394,"RADIUS":1000,"DIDOKNR":8217,"ANGSTUFE":2,"SLOID":"ch:1:sloid:8217","TU":6}},{"type":"Feature","id":210,"geometry":{"type":"Point","coordinates":[7.846141964419161,46.92169995856379]},"properties":{"OBJECTID":210,"UUID":"{7E784CDB-5A68-E611-B7C2-F04DA23F2F2A}","HSTNAME":"Trubschachen","VMITTEL":1,"BFS_NR":909,"GEMEINDE":"Trubschachen","EINWOHNER":0,"ARBEITSPL":0,"RADIUS":1000,"DIDOKNR":8208,"ANGSTUFE":null,"SLOID":"ch:1:sloid:8208","TU":6}},{"type":"Feature","id":211,"geometry":{"type":"Point","coordinates":[8.101863241964091,47.05702513519369]},"properties":{"OBJECTID":211,"UUID":"{C0E7C1D5-5A68-E611-B7C2-F04DA23F2F2A}","HSTNAME":"Werthenstein","VMITTEL":1,"BFS_NR":1098,"GEMEINDE":"Ruswil","EINWOHNER":709,"ARBEITSPL":189,"RADIUS":1000,"DIDOKNR":8216,"ANGSTUFE":2,"SLOID":"ch:1:sloid:8216","TU":6}},{"type":"Feature","id":212,"geometry":{"type":"Point","coordinates":[8.015150589244445,46.95064735988855]},"properties":{"OBJECTID":212,"UUID":"{AF784CDB-5A68-E611-B7C2-F04DA23F2F2A}","HSTNAME":"Schüpfheim","VMITTEL":1,"BFS_NR":1008,"GEMEINDE":"Schüpfheim","EINWOHNER":2853,"ARBEITSPL":1638,"RADIUS":1000,"DIDOKNR":8211,"ANGSTUFE":3,"SLOID":"ch:1:sloid:8211","TU":6}},{"type":"Feature","id":213,"geometry":{"type":"Point","coordinates":[8.257113967090438,47.05306432009218]},"properties":{"OBJECTID":213,"UUID":"{DE764CDB-5A68-E611-B7C2-F04DA23F2F2A}","HSTNAME":"Luzern Littau","VMITTEL":1,"BFS_NR":1061,"GEMEINDE":"Luzern","EINWOHNER":6624,"ARBEITSPL":2909,"RADIUS":1000,"DIDOKNR":8219,"ANGSTUFE":2,"SLOID":"ch:1:sloid:8219","TU":6}},{"type":"Feature","id":214,"geometry":{"type":"Point","coordinates":[7.936377957659932,46.915348231390865]},"properties":{"OBJECTID":214,"UUID":"{28E9C1D5-5A68-E611-B7C2-F04DA23F2F2A}","HSTNAME":"Escholzmatt","VMITTEL":1,"BFS_NR":1010,"GEMEINDE":"Escholzmatt-Marbach","EINWOHNER":1791,"ARBEITSPL":1170,"RADIUS":1000,"DIDOKNR":8210,"ANGSTUFE":3,"SLOID":"ch:1:sloid:8210","TU":6}},{"type":"Feature","id":215,"geometry":{"type":"Point","coordinates":[8.181971951783824,47.038584221279436]},"properties":{"OBJECTID":215,"UUID":"{7FE8C1D5-5A68-E611-B7C2-F04DA23F2F2A}","HSTNAME":"Malters","VMITTEL":1,"BFS_NR":1062,"GEMEINDE":"Malters","EINWOHNER":6215,"ARBEITSPL":2724,"RADIUS":1000,"DIDOKNR":8218,"ANGSTUFE":3,"SLOID":"ch:1:sloid:8218","TU":6}},{"type":"Feature","id":216,"geometry":{"type":"Point","coordinates":[8.018136863987008,46.866898568468415]},"properties":{"OBJECTID":216,"UUID":"{BB794CDB-5A68-E611-B7C2-F04DA23F2F2A}","HSTNAME":"Flühli LU, Golfplatz","VMITTEL":2,"BFS_NR":1004,"GEMEINDE":"Flühli","EINWOHNER":21,"ARBEITSPL":2,"RADIUS":300,"DIDOKNR":8647,"ANGSTUFE":1,"SLOID":"ch:1:sloid:8647","TU":3}},{"type":"Feature","id":217,"geometry":{"type":"Point","coordinates":[8.013067947289002,46.8995238519981]},"properties":{"OBJECTID":217,"UUID":"{A4794CDB-5A68-E611-B7C2-F04DA23F2F2A}","HSTNAME":"Flühli LU, Schintmoos","VMITTEL":2,"BFS_NR":1004,"GEMEINDE":"Flühli","EINWOHNER":44,"ARBEITSPL":15,"RADIUS":300,"DIDOKNR":8646,"ANGSTUFE":1,"SLOID":"ch:1:sloid:8646","TU":3}},{"type":"Feature","id":218,"geometry":{"type":"Point","coordinates":[8.012353180598566,46.83861868474245]},"properties":{"OBJECTID":218,"UUID":"{0B764CDB-5A68-E611-B7C2-F04DA23F2F2A}","HSTNAME":"Sörenberg, Hirsegg","VMITTEL":2,"BFS_NR":1004,"GEMEINDE":"Flühli","EINWOHNER":11,"ARBEITSPL":0,"RADIUS":300,"DIDOKNR":8649,"ANGSTUFE":1,"SLOID":"ch:1:sloid:8649","TU":3}},{"type":"Feature","id":219,"geometry":{"type":"Point","coordinates":[8.293508293851547,46.90893774633518]},"properties":{"OBJECTID":219,"UUID":"{BFE7C1D5-5A68-E611-B7C2-F04DA23F2F2A}","HSTNAME":"Kerns, Sand","VMITTEL":2,"BFS_NR":1404,"GEMEINDE":"Kerns","EINWOHNER":0,"ARBEITSPL":0,"RADIUS":300,"DIDOKNR":8670,"ANGSTUFE":null,"SLOID":"ch:1:sloid:8670","TU":3}},{"type":"Feature","id":220,"geometry":{"type":"Point","coordinates":[8.0152579628936,46.85526387085116]},"properties":{"OBJECTID":220,"UUID":"{ADE8C1D5-5A68-E611-B7C2-F04DA23F2F2A}","HSTNAME":"Flühli LU, Hirseggbrücke","VMITTEL":2,"BFS_NR":1004,"GEMEINDE":"Flühli","EINWOHNER":1,"ARBEITSPL":2,"RADIUS":300,"DIDOKNR":8648,"ANGSTUFE":1,"SLOID":"ch:1:sloid:8648","TU":3}},{"type":"Feature","id":221,"geometry":{"type":"Point","coordinates":[8.002030510869128,47.15027690480039]},"properties":{"OBJECTID":221,"UUID":"{AE754CDB-5A68-E611-B7C2-F04DA23F2F2A}","HSTNAME":"Alberswil, Dorf","VMITTEL":2,"BFS_NR":1121,"GEMEINDE":"Alberswil","EINWOHNER":543,"ARBEITSPL":55,"RADIUS":300,"DIDOKNR":8651,"ANGSTUFE":3,"SLOID":"ch:1:sloid:8651","TU":3}},{"type":"Feature","id":222,"geometry":{"type":"Point","coordinates":[7.925189999029321,47.027232496449635]},"properties":{"OBJECTID":222,"UUID":"{26774CDB-5A68-E611-B7C2-F04DA23F2F2A}","HSTNAME":"Luthern Bad, Dreilindenplatz","VMITTEL":2,"BFS_NR":1135,"GEMEINDE":"Luthern","EINWOHNER":35,"ARBEITSPL":6,"RADIUS":300,"DIDOKNR":8660,"ANGSTUFE":1,"SLOID":"ch:1:sloid:8660","TU":3}},{"type":"Feature","id":223,"geometry":{"type":"Point","coordinates":[7.980359045509802,47.183401500358954]},"properties":{"OBJECTID":223,"UUID":"{80764CDB-5A68-E611-B7C2-F04DA23F2F2A}","HSTNAME":"Nebikon, Maschinenfabrik","VMITTEL":2,"BFS_NR":1127,"GEMEINDE":"Egolzwil","EINWOHNER":65,"ARBEITSPL":257,"RADIUS":300,"DIDOKNR":8653,"ANGSTUFE":3,"SLOID":"ch:1:sloid:8653","TU":3}},{"type":"Feature","id":224,"geometry":{"type":"Point","coordinates":[7.89066945357552,46.845658639009166]},"properties":{"OBJECTID":224,"UUID":"{A6E8C1D5-5A68-E611-B7C2-F04DA23F2F2A}","HSTNAME":"Marbach LU, Mösli","VMITTEL":2,"BFS_NR":1010,"GEMEINDE":"Escholzmatt-Marbach","EINWOHNER":93,"ARBEITSPL":41,"RADIUS":300,"DIDOKNR":8657,"ANGSTUFE":2,"SLOID":"ch:1:sloid:8657","TU":3}},{"type":"Feature","id":225,"geometry":{"type":"Point","coordinates":[8.25642272684802,46.91256999906316]},"properties":{"OBJECTID":225,"UUID":"{92794CDB-5A68-E611-B7C2-F04DA23F2F2A}","HSTNAME":"Sarnen, Kreuzstrasse","VMITTEL":2,"BFS_NR":1407,"GEMEINDE":"Sarnen","EINWOHNER":0,"ARBEITSPL":0,"RADIUS":300,"DIDOKNR":8669,"ANGSTUFE":null,"SLOID":"ch:1:sloid:8669","TU":3}},{"type":"Feature","id":226,"geometry":{"type":"Point","coordinates":[8.310245693708438,47.05075440076388]},"properties":{"OBJECTID":226,"UUID":"{90E8C1D5-5A68-E611-B7C2-F04DA23F2F2A}","HSTNAME":"Luzern, Bahnhof","VMITTEL":9,"BFS_NR":1061,"GEMEINDE":"Luzern","EINWOHNER":23,"ARBEITSPL":4497,"RADIUS":300,"DIDOKNR":8450,"ANGSTUFE":5,"SLOID":"ch:1:sloid:8450","TU":11}},{"type":"Feature","id":227,"geometry":{"type":"Point","coordinates":[8.334874641597834,47.05110683256847]},"properties":{"OBJECTID":227,"UUID":"{72764CDB-5A68-E611-B7C2-F04DA23F2F2A}","HSTNAME":"Verkehrshaus-Lido","VMITTEL":4,"BFS_NR":1061,"GEMEINDE":"Luzern","EINWOHNER":4905,"ARBEITSPL":1853,"RADIUS":1000,"DIDOKNR":8459,"ANGSTUFE":0,"SLOID":"ch:1:sloid:8459","TU":14}},{"type":"Feature","id":228,"geometry":{"type":"Point","coordinates":[8.593292999738418,46.97033296936782]},"properties":{"OBJECTID":228,"UUID":"{52784CDB-5A68-E611-B7C2-F04DA23F2F2A}","HSTNAME":"Rütli","VMITTEL":4,"BFS_NR":1215,"GEMEINDE":"Seelisberg","EINWOHNER":0,"ARBEITSPL":0,"RADIUS":1000,"DIDOKNR":8471,"ANGSTUFE":null,"SLOID":"ch:1:sloid:8471","TU":14}},{"type":"Feature","id":229,"geometry":{"type":"Point","coordinates":[8.605312458245502,46.99355410430756]},"properties":{"OBJECTID":229,"UUID":"{93E8C1D5-5A68-E611-B7C2-F04DA23F2F2A}","HSTNAME":"Brunnen (See)","VMITTEL":4,"BFS_NR":1364,"GEMEINDE":"Ingenbohl","EINWOHNER":0,"ARBEITSPL":0,"RADIUS":1000,"DIDOKNR":8470,"ANGSTUFE":null,"SLOID":"ch:1:sloid:8470","TU":14}},{"type":"Feature","id":230,"geometry":{"type":"Point","coordinates":[8.433223485707055,47.03142171380008]},"properties":{"OBJECTID":230,"UUID":"{95774CDB-5A68-E611-B7C2-F04DA23F2F2A}","HSTNAME":"Weggis","VMITTEL":4,"BFS_NR":1069,"GEMEINDE":"Weggis","EINWOHNER":3065,"ARBEITSPL":1209,"RADIUS":1000,"DIDOKNR":8463,"ANGSTUFE":1,"SLOID":"ch:1:sloid:8463","TU":14}},{"type":"Feature","id":231,"geometry":{"type":"Point","coordinates":[8.612568114971374,46.93404448301457]},"properties":{"OBJECTID":231,"UUID":"{52764CDB-5A68-E611-B7C2-F04DA23F2F2A}","HSTNAME":"Tellsplatte","VMITTEL":4,"BFS_NR":1217,"GEMEINDE":"Sisikon","EINWOHNER":0,"ARBEITSPL":0,"RADIUS":1000,"DIDOKNR":8473,"ANGSTUFE":null,"SLOID":"ch:1:sloid:8473","TU":14}},{"type":"Feature","id":232,"geometry":{"type":"Point","coordinates":[8.403447032655663,47.02689015264961]},"properties":{"OBJECTID":232,"UUID":"{20794CDB-5A68-E611-B7C2-F04DA23F2F2A}","HSTNAME":"Hertenstein (See)","VMITTEL":4,"BFS_NR":1069,"GEMEINDE":"Weggis","EINWOHNER":280,"ARBEITSPL":436,"RADIUS":1000,"DIDOKNR":8462,"ANGSTUFE":1,"SLOID":"ch:1:sloid:8462","TU":14}},{"type":"Feature","id":233,"geometry":{"type":"Point","coordinates":[8.619173462777109,46.94819946523739]},"properties":{"OBJECTID":233,"UUID":"{D3E8C1D5-5A68-E611-B7C2-F04DA23F2F2A}","HSTNAME":"Sisikon (See)","VMITTEL":4,"BFS_NR":1217,"GEMEINDE":"Sisikon","EINWOHNER":0,"ARBEITSPL":0,"RADIUS":1000,"DIDOKNR":8472,"ANGSTUFE":null,"SLOID":"ch:1:sloid:8472","TU":14}},{"type":"Feature","id":234,"geometry":{"type":"Point","coordinates":[8.42115782500157,46.98784934428748]},"properties":{"OBJECTID":234,"UUID":"{47E1DF21-8DC0-E711-B61F-F04DA23FCE90}","HSTNAME":"Ennetbürgen (See)","VMITTEL":4,"BFS_NR":1505,"GEMEINDE":"Ennetbürgen","EINWOHNER":0,"ARBEITSPL":0,"RADIUS":1000,"DIDOKNR":8465,"ANGSTUFE":null,"SLOID":"ch:1:sloid:8465","TU":14}},{"type":"Feature","id":235,"geometry":{"type":"Point","coordinates":[8.595754383244136,46.919829449378426]},"properties":{"OBJECTID":235,"UUID":"{70784CDB-5A68-E611-B7C2-F04DA23F2F2A}","HSTNAME":"Isleten-Isenthal","VMITTEL":4,"BFS_NR":1214,"GEMEINDE":"Seedorf (UR)","EINWOHNER":0,"ARBEITSPL":0,"RADIUS":1000,"DIDOKNR":8475,"ANGSTUFE":null,"SLOID":"ch:1:sloid:8475","TU":14}},{"type":"Feature","id":236,"geometry":{"type":"Point","coordinates":[8.482382715395003,47.00935915345184]},"properties":{"OBJECTID":236,"UUID":"{5C794CDB-5A68-E611-B7C2-F04DA23F2F2A}","HSTNAME":"Vitznau","VMITTEL":4,"BFS_NR":1068,"GEMEINDE":"Vitznau","EINWOHNER":1299,"ARBEITSPL":677,"RADIUS":1000,"DIDOKNR":8464,"ANGSTUFE":0,"SLOID":"ch:1:sloid:8464","TU":14}},{"type":"Feature","id":237,"geometry":{"type":"Point","coordinates":[8.58045607432007,46.9351909951181]},"properties":{"OBJECTID":237,"UUID":"{CF784CDB-5A68-E611-B7C2-F04DA23F2F2A}","HSTNAME":"Bauen (See)","VMITTEL":4,"BFS_NR":1214,"GEMEINDE":"Seedorf (UR)","EINWOHNER":0,"ARBEITSPL":0,"RADIUS":1000,"DIDOKNR":8474,"ANGSTUFE":null,"SLOID":"ch:1:sloid:8474","TU":14}},{"type":"Feature","id":238,"geometry":{"type":"Point","coordinates":[8.47560471422579,46.96697368051874]},"properties":{"OBJECTID":238,"UUID":"{9F794CDB-5A68-E611-B7C2-F04DA23F2F2A}","HSTNAME":"Beckenried (See)","VMITTEL":4,"BFS_NR":1501,"GEMEINDE":"Beckenried","EINWOHNER":0,"ARBEITSPL":0,"RADIUS":1000,"DIDOKNR":8467,"ANGSTUFE":null,"SLOID":"ch:1:sloid:8467","TU":14}},{"type":"Feature","id":239,"geometry":{"type":"Point","coordinates":[8.426386019949796,46.97535924831087]},"properties":{"OBJECTID":239,"UUID":"{88C1E6C9-8CC0-E711-B61F-F04DA23FCE90}","HSTNAME":"Buochs (See)","VMITTEL":4,"BFS_NR":1502,"GEMEINDE":"Buochs","EINWOHNER":0,"ARBEITSPL":0,"RADIUS":1000,"DIDOKNR":8466,"ANGSTUFE":null,"SLOID":"ch:1:sloid:8466","TU":14}},{"type":"Feature","id":240,"geometry":{"type":"Point","coordinates":[8.623925551030624,46.90269588564284]},"properties":{"OBJECTID":240,"UUID":"{21764CDB-5A68-E611-B7C2-F04DA23F2F2A}","HSTNAME":"Flüelen (See)","VMITTEL":4,"BFS_NR":1207,"GEMEINDE":"Flüelen","EINWOHNER":0,"ARBEITSPL":0,"RADIUS":1000,"DIDOKNR":8476,"ANGSTUFE":null,"SLOID":"ch:1:sloid:8476","TU":14}},{"type":"Feature","id":241,"geometry":{"type":"Point","coordinates":[8.585666302607212,46.98722429592447]},"properties":{"OBJECTID":241,"UUID":"{7D784CDB-5A68-E611-B7C2-F04DA23F2F2A}","HSTNAME":"Treib","VMITTEL":4,"BFS_NR":1215,"GEMEINDE":"Seelisberg","EINWOHNER":0,"ARBEITSPL":0,"RADIUS":1000,"DIDOKNR":8469,"ANGSTUFE":null,"SLOID":"ch:1:sloid:8469","TU":14}},{"type":"Feature","id":242,"geometry":{"type":"Point","coordinates":[8.52605410023369,46.99065584347236]},"properties":{"OBJECTID":242,"UUID":"{D7784CDB-5A68-E611-B7C2-F04DA23F2F2A}","HSTNAME":"Gersau (See)","VMITTEL":4,"BFS_NR":1311,"GEMEINDE":"Gersau","EINWOHNER":0,"ARBEITSPL":0,"RADIUS":1000,"DIDOKNR":8468,"ANGSTUFE":null,"SLOID":"ch:1:sloid:8468","TU":14}},{"type":"Feature","id":243,"geometry":{"type":"Point","coordinates":[8.382422469455685,47.0029892123689]},"properties":{"OBJECTID":243,"UUID":"{03FF6D56-8DC0-E711-B61F-F04DA23FCE90}","HSTNAME":"Kehrsiten-Bürgenstock","VMITTEL":4,"BFS_NR":1510,"GEMEINDE":"Stansstad","EINWOHNER":0,"ARBEITSPL":0,"RADIUS":1000,"DIDOKNR":8489,"ANGSTUFE":null,"SLOID":"ch:1:sloid:8489","TU":14}},{"type":"Feature","id":244,"geometry":{"type":"Point","coordinates":[8.310135038905603,47.05119252174844]},"properties":{"OBJECTID":244,"UUID":"{63E8C1D5-5A68-E611-B7C2-F04DA23F2F2A}","HSTNAME":"Luzern Bahnhofquai","VMITTEL":4,"BFS_NR":1061,"GEMEINDE":"Luzern","EINWOHNER":20132,"ARBEITSPL":49017,"RADIUS":1000,"DIDOKNR":8492,"ANGSTUFE":1,"SLOID":"ch:1:sloid:8492","TU":14}},{"type":"Feature","id":245,"geometry":{"type":"Point","coordinates":[8.27876849642824,46.898098977671474]},"properties":{"OBJECTID":245,"UUID":"{41794CDB-5A68-E611-B7C2-F04DA23F2F2A}","HSTNAME":"Kerns, Chäli-Burgflue","VMITTEL":2,"BFS_NR":1404,"GEMEINDE":"Kerns","EINWOHNER":0,"ARBEITSPL":0,"RADIUS":300,"DIDOKNR":8855,"ANGSTUFE":null,"SLOID":"ch:1:sloid:8855","TU":3}},{"type":"Feature","id":246,"geometry":{"type":"Point","coordinates":[8.2792291314174,46.80242491078989]},"properties":{"OBJECTID":246,"UUID":"{28774CDB-5A68-E611-B7C2-F04DA23F2F2A}","HSTNAME":"Stöckalp","VMITTEL":2,"BFS_NR":1404,"GEMEINDE":"Kerns","EINWOHNER":0,"ARBEITSPL":0,"RADIUS":300,"DIDOKNR":8854,"ANGSTUFE":null,"SLOID":"ch:1:sloid:8854","TU":3}},{"type":"Feature","id":247,"geometry":{"type":"Point","coordinates":[8.224623286703633,46.89117890104881]},"properties":{"OBJECTID":247,"UUID":"{1DE9C1D5-5A68-E611-B7C2-F04DA23F2F2A}","HSTNAME":"Stalden (Sarnen), Geren","VMITTEL":2,"BFS_NR":1407,"GEMEINDE":"Sarnen","EINWOHNER":0,"ARBEITSPL":0,"RADIUS":300,"DIDOKNR":8856,"ANGSTUFE":null,"SLOID":"ch:1:sloid:8856","TU":3}},{"type":"Feature","id":248,"geometry":{"type":"Point","coordinates":[8.224314940208348,46.880844934584765]},"properties":{"OBJECTID":248,"UUID":"{A9774CDB-5A68-E611-B7C2-F04DA23F2F2A}","HSTNAME":"Wilen (Sarnen), Dorf","VMITTEL":2,"BFS_NR":1407,"GEMEINDE":"Sarnen","EINWOHNER":0,"ARBEITSPL":0,"RADIUS":300,"DIDOKNR":8851,"ANGSTUFE":null,"SLOID":"ch:1:sloid:8851","TU":3}},{"type":"Feature","id":249,"geometry":{"type":"Point","coordinates":[7.915045856609022,47.08489798284773]},"properties":{"OBJECTID":249,"UUID":"{D2774CDB-5A68-E611-B7C2-F04DA23F2F2A}","HSTNAME":"Hofstatt, Dorf","VMITTEL":2,"BFS_NR":1135,"GEMEINDE":"Luthern","EINWOHNER":132,"ARBEITSPL":60,"RADIUS":300,"DIDOKNR":8870,"ANGSTUFE":1,"SLOID":"ch:1:sloid:8870","TU":3}},{"type":"Feature","id":250,"geometry":{"type":"Point","coordinates":[7.885317844461802,47.210847652846375]},"properties":{"OBJECTID":250,"UUID":"{07E9C1D5-5A68-E611-B7C2-F04DA23F2F2A}","HSTNAME":"Roggliswil, Post","VMITTEL":2,"BFS_NR":1142,"GEMEINDE":"Roggliswil","EINWOHNER":175,"ARBEITSPL":44,"RADIUS":300,"DIDOKNR":8883,"ANGSTUFE":3,"SLOID":"ch:1:sloid:8883","TU":9}},{"type":"Feature","id":251,"geometry":{"type":"Point","coordinates":[7.896676781498215,47.22706569444957]},"properties":{"OBJECTID":251,"UUID":"{2A764CDB-5A68-E611-B7C2-F04DA23F2F2A}","HSTNAME":"Pfaffnau, Post","VMITTEL":2,"BFS_NR":1139,"GEMEINDE":"Pfaffnau","EINWOHNER":512,"ARBEITSPL":79,"RADIUS":300,"DIDOKNR":8882,"ANGSTUFE":2,"SLOID":"ch:1:sloid:8882","TU":9}},{"type":"Feature","id":252,"geometry":{"type":"Point","coordinates":[8.220288885636956,46.87734617014529]},"properties":{"OBJECTID":252,"UUID":"{86784CDB-5A68-E611-B7C2-F04DA23F2F2A}","HSTNAME":"Wilen (Sarnen), Wilerbad","VMITTEL":2,"BFS_NR":1407,"GEMEINDE":"Sarnen","EINWOHNER":0,"ARBEITSPL":0,"RADIUS":300,"DIDOKNR":8853,"ANGSTUFE":null,"SLOID":"ch:1:sloid:8853","TU":3}},{"type":"Feature","id":253,"geometry":{"type":"Point","coordinates":[8.059402253050516,46.807958895510474]},"properties":{"OBJECTID":253,"UUID":"{6F764CDB-5A68-E611-B7C2-F04DA23F2F2A}","HSTNAME":"Sörenberg, Rothornbahn","VMITTEL":2,"BFS_NR":1004,"GEMEINDE":"Flühli","EINWOHNER":0,"ARBEITSPL":0,"RADIUS":300,"DIDOKNR":8867,"ANGSTUFE":1,"SLOID":"ch:1:sloid:8867","TU":3}},{"type":"Feature","id":254,"geometry":{"type":"Point","coordinates":[8.191414520270703,46.86327249664759]},"properties":{"OBJECTID":254,"UUID":"{7F774CDB-5A68-E611-B7C2-F04DA23F2F2A}","HSTNAME":"Oberwilen, Forst","VMITTEL":2,"BFS_NR":1407,"GEMEINDE":"Sarnen","EINWOHNER":0,"ARBEITSPL":0,"RADIUS":300,"DIDOKNR":8852,"ANGSTUFE":null,"SLOID":"ch:1:sloid:8852","TU":3}},{"type":"Feature","id":255,"geometry":{"type":"Point","coordinates":[7.89545481692137,46.85029930272603]},"properties":{"OBJECTID":255,"UUID":"{8F764CDB-5A68-E611-B7C2-F04DA23F2F2A}","HSTNAME":"Marbachegg, Talstation","VMITTEL":2,"BFS_NR":1010,"GEMEINDE":"Escholzmatt-Marbach","EINWOHNER":50,"ARBEITSPL":72,"RADIUS":300,"DIDOKNR":8875,"ANGSTUFE":2,"SLOID":"ch:1:sloid:8875","TU":3}},{"type":"Feature","id":256,"geometry":{"type":"Point","coordinates":[8.280160180749416,46.8763189585169]},"properties":{"OBJECTID":256,"UUID":"{67E8C1D5-5A68-E611-B7C2-F04DA23F2F2A}","HSTNAME":"St. Niklausen OW, alte Post","VMITTEL":2,"BFS_NR":1404,"GEMEINDE":"Kerns","EINWOHNER":0,"ARBEITSPL":0,"RADIUS":300,"DIDOKNR":8866,"ANGSTUFE":null,"SLOID":"ch:1:sloid:8866","TU":3}},{"type":"Feature","id":257,"geometry":{"type":"Point","coordinates":[8.462253247016807,46.9710291896626]},"properties":{"OBJECTID":257,"UUID":"{CFE8C1D5-5A68-E611-B7C2-F04DA23F2F2A}","HSTNAME":"Beckenried, Niederdorf","VMITTEL":2,"BFS_NR":1501,"GEMEINDE":"Beckenried","EINWOHNER":0,"ARBEITSPL":0,"RADIUS":300,"DIDOKNR":8887,"ANGSTUFE":null,"SLOID":"ch:1:sloid:8887","TU":3}},{"type":"Feature","id":258,"geometry":{"type":"Point","coordinates":[7.916406577902225,47.060236696139775]},"properties":{"OBJECTID":258,"UUID":"{B3E8C1D5-5A68-E611-B7C2-F04DA23F2F2A}","HSTNAME":"Luthern, Dorf","VMITTEL":2,"BFS_NR":1135,"GEMEINDE":"Luthern","EINWOHNER":253,"ARBEITSPL":157,"RADIUS":300,"DIDOKNR":8869,"ANGSTUFE":1,"SLOID":"ch:1:sloid:8869","TU":3}},{"type":"Feature","id":259,"geometry":{"type":"Point","coordinates":[7.8936815306709835,46.81419846180417]},"properties":{"OBJECTID":259,"UUID":"{B6784CDB-5A68-E611-B7C2-F04DA23F2F2A}","HSTNAME":"Bumbach, Skilift","VMITTEL":2,"BFS_NR":906,"GEMEINDE":"Schangnau","EINWOHNER":0,"ARBEITSPL":0,"RADIUS":300,"DIDOKNR":8868,"ANGSTUFE":null,"SLOID":"ch:1:sloid:8868","TU":3}},{"type":"Feature","id":260,"geometry":{"type":"Point","coordinates":[7.872055048560686,46.821523781138175]},"properties":{"OBJECTID":260,"UUID":"{35E8C1D5-5A68-E611-B7C2-F04DA23F2F2A}","HSTNAME":"Schangnau, Waldegg","VMITTEL":2,"BFS_NR":906,"GEMEINDE":"Schangnau","EINWOHNER":0,"ARBEITSPL":0,"RADIUS":300,"DIDOKNR":8876,"ANGSTUFE":null,"SLOID":"ch:1:sloid:8876","TU":3}},{"type":"Feature","id":261,"geometry":{"type":"Point","coordinates":[8.367057595287626,46.95839991564128]},"properties":{"OBJECTID":261,"UUID":"{89784CDB-5A68-E611-B7C2-F04DA23F2F2A}","HSTNAME":"Stans, Bahnhof","VMITTEL":2,"BFS_NR":1509,"GEMEINDE":"Stans","EINWOHNER":0,"ARBEITSPL":0,"RADIUS":300,"DIDOKNR":8896,"ANGSTUFE":null,"SLOID":"ch:1:sloid:8896","TU":3}},{"type":"Feature","id":262,"geometry":{"type":"Point","coordinates":[8.127593698865564,47.08247146394559]},"properties":{"OBJECTID":262,"UUID":"{E0E8C1D5-5A68-E611-B7C2-F04DA23F2F2A}","HSTNAME":"Ruswil, Rottalcenter","VMITTEL":2,"BFS_NR":1098,"GEMEINDE":"Ruswil","EINWOHNER":1346,"ARBEITSPL":478,"RADIUS":300,"DIDOKNR":8899,"ANGSTUFE":4,"SLOID":"ch:1:sloid:8899","TU":2}},{"type":"Feature","id":263,"geometry":{"type":"Point","coordinates":[8.055341013684838,47.01872749776702]},"properties":{"OBJECTID":263,"UUID":"{B7774CDB-5A68-E611-B7C2-F04DA23F2F2A}","HSTNAME":"Doppleschwand, Post","VMITTEL":2,"BFS_NR":1001,"GEMEINDE":"Doppleschwand","EINWOHNER":388,"ARBEITSPL":116,"RADIUS":300,"DIDOKNR":8898,"ANGSTUFE":1,"SLOID":"ch:1:sloid:8898","TU":3}},{"type":"Feature","id":264,"geometry":{"type":"Point","coordinates":[8.168273905165192,47.02160948643854]},"properties":{"OBJECTID":264,"UUID":"{CC794CDB-5A68-E611-B7C2-F04DA23F2F2A}","HSTNAME":"Schwarzenberg LU, Schlatt","VMITTEL":2,"BFS_NR":1066,"GEMEINDE":"Schwarzenberg","EINWOHNER":17,"ARBEITSPL":5,"RADIUS":300,"DIDOKNR":8676,"ANGSTUFE":2,"SLOID":"ch:1:sloid:8676","TU":3}},{"type":"Feature","id":265,"geometry":{"type":"Point","coordinates":[8.173901164108186,47.03198130500176]},"properties":{"OBJECTID":265,"UUID":"{31774CDB-5A68-E611-B7C2-F04DA23F2F2A}","HSTNAME":"Malters, Hinter-Widenmatt","VMITTEL":2,"BFS_NR":1062,"GEMEINDE":"Malters","EINWOHNER":322,"ARBEITSPL":5,"RADIUS":300,"DIDOKNR":8673,"ANGSTUFE":2,"SLOID":"ch:1:sloid:8673","TU":3}},{"type":"Feature","id":266,"geometry":{"type":"Point","coordinates":[8.012957544568417,46.92976717041561]},"properties":{"OBJECTID":266,"UUID":"{9B764CDB-5A68-E611-B7C2-F04DA23F2F2A}","HSTNAME":"Klusstalden","VMITTEL":2,"BFS_NR":1008,"GEMEINDE":"Schüpfheim","EINWOHNER":41,"ARBEITSPL":73,"RADIUS":300,"DIDOKNR":8679,"ANGSTUFE":1,"SLOID":"ch:1:sloid:8679","TU":3}},{"type":"Feature","id":267,"geometry":{"type":"Point","coordinates":[8.127638681989861,46.95579792729476]},"properties":{"OBJECTID":267,"UUID":"{95784CDB-5A68-E611-B7C2-F04DA23F2F2A}","HSTNAME":"Gfellen","VMITTEL":2,"BFS_NR":1002,"GEMEINDE":"Entlebuch","EINWOHNER":13,"ARBEITSPL":1,"RADIUS":300,"DIDOKNR":8692,"ANGSTUFE":1,"SLOID":"ch:1:sloid:8692","TU":3}},{"type":"Feature","id":268,"geometry":{"type":"Point","coordinates":[8.17815811550019,47.034427709144495]},"properties":{"OBJECTID":268,"UUID":"{10764CDB-5A68-E611-B7C2-F04DA23F2F2A}","HSTNAME":"Malters, Oberdorf","VMITTEL":2,"BFS_NR":1062,"GEMEINDE":"Malters","EINWOHNER":549,"ARBEITSPL":98,"RADIUS":300,"DIDOKNR":8672,"ANGSTUFE":2,"SLOID":"ch:1:sloid:8672","TU":3}},{"type":"Feature","id":269,"geometry":{"type":"Point","coordinates":[8.167786395971232,47.024455142941825]},"properties":{"OBJECTID":269,"UUID":"{31794CDB-5A68-E611-B7C2-F04DA23F2F2A}","HSTNAME":"Malters, Liebetsegg","VMITTEL":2,"BFS_NR":1062,"GEMEINDE":"Malters","EINWOHNER":16,"ARBEITSPL":1,"RADIUS":300,"DIDOKNR":8675,"ANGSTUFE":2,"SLOID":"ch:1:sloid:8675","TU":3}},{"type":"Feature","id":270,"geometry":{"type":"Point","coordinates":[8.173057665024514,47.01745006880314]},"properties":{"OBJECTID":270,"UUID":"{DE754CDB-5A68-E611-B7C2-F04DA23F2F2A}","HSTNAME":"Schwarzenberg LU, Ennenmatt","VMITTEL":2,"BFS_NR":1066,"GEMEINDE":"Schwarzenberg","EINWOHNER":511,"ARBEITSPL":75,"RADIUS":300,"DIDOKNR":8678,"ANGSTUFE":2,"SLOID":"ch:1:sloid:8678","TU":3}},{"type":"Feature","id":271,"geometry":{"type":"Point","coordinates":[8.162237482575751,47.02560568538127]},"properties":{"OBJECTID":271,"UUID":"{66784CDB-5A68-E611-B7C2-F04DA23F2F2A}","HSTNAME":"Malters, Mattgut","VMITTEL":2,"BFS_NR":1062,"GEMEINDE":"Malters","EINWOHNER":28,"ARBEITSPL":12,"RADIUS":300,"DIDOKNR":8674,"ANGSTUFE":2,"SLOID":"ch:1:sloid:8674","TU":3}},{"type":"Feature","id":272,"geometry":{"type":"Point","coordinates":[8.065762413473225,47.167748566717925]},"properties":{"OBJECTID":272,"UUID":"{FC764CDB-5A68-E611-B7C2-F04DA23F2F2A}","HSTNAME":"Mauensee, Dorf","VMITTEL":2,"BFS_NR":1091,"GEMEINDE":"Mauensee","EINWOHNER":361,"ARBEITSPL":66,"RADIUS":300,"DIDOKNR":8708,"ANGSTUFE":3,"SLOID":"ch:1:sloid:8708","TU":2}},{"type":"Feature","id":273,"geometry":{"type":"Point","coordinates":[8.013333099132035,46.83339633349451]},"properties":{"OBJECTID":273,"UUID":"{41E8C1D5-5A68-E611-B7C2-F04DA23F2F2A}","HSTNAME":"Sörenberg, Südelhöchi","VMITTEL":2,"BFS_NR":1004,"GEMEINDE":"Flühli","EINWOHNER":46,"ARBEITSPL":3,"RADIUS":300,"DIDOKNR":8681,"ANGSTUFE":2,"SLOID":"ch:1:sloid:8681","TU":3}},{"type":"Feature","id":274,"geometry":{"type":"Point","coordinates":[8.16984890273198,47.019422566924916]},"properties":{"OBJECTID":274,"UUID":"{12E9C1D5-5A68-E611-B7C2-F04DA23F2F2A}","HSTNAME":"Schwarzenberg LU, Kappelen","VMITTEL":2,"BFS_NR":1066,"GEMEINDE":"Schwarzenberg","EINWOHNER":23,"ARBEITSPL":49,"RADIUS":300,"DIDOKNR":8677,"ANGSTUFE":2,"SLOID":"ch:1:sloid:8677","TU":3}},{"type":"Feature","id":275,"geometry":{"type":"Point","coordinates":[8.39157370760923,46.976865024376984]},"properties":{"OBJECTID":275,"UUID":"{EF754CDB-5A68-E611-B7C2-F04DA23F2F2A}","HSTNAME":"Ennetbürgen, Flugplatz","VMITTEL":2,"BFS_NR":1505,"GEMEINDE":"Ennetbürgen","EINWOHNER":0,"ARBEITSPL":0,"RADIUS":300,"DIDOKNR":8710,"ANGSTUFE":null,"SLOID":"ch:1:sloid:8710","TU":3}},{"type":"Feature","id":276,"geometry":{"type":"Point","coordinates":[8.208091344645815,47.01704065158525]},"properties":{"OBJECTID":276,"UUID":"{33E8C1D5-5A68-E611-B7C2-F04DA23F2F2A}","HSTNAME":"Eigenthal, Hochwäldli","VMITTEL":2,"BFS_NR":1066,"GEMEINDE":"Schwarzenberg","EINWOHNER":18,"ARBEITSPL":0,"RADIUS":300,"DIDOKNR":8680,"ANGSTUFE":1,"SLOID":"ch:1:sloid:8680","TU":3}},{"type":"Feature","id":277,"geometry":{"type":"Point","coordinates":[8.085939951145246,46.8183546871329]},"properties":{"OBJECTID":277,"UUID":"{29774CDB-5A68-E611-B7C2-F04DA23F2F2A}","HSTNAME":"Glaubenbielen, Parkplatz","VMITTEL":2,"BFS_NR":1403,"GEMEINDE":"Giswil","EINWOHNER":0,"ARBEITSPL":0,"RADIUS":300,"DIDOKNR":8683,"ANGSTUFE":null,"SLOID":"ch:1:sloid:8683","TU":3}},{"type":"Feature","id":278,"geometry":{"type":"Point","coordinates":[8.383434864939398,46.96473408072903]},"properties":{"OBJECTID":278,"UUID":"{207A4CDB-5A68-E611-B7C2-F04DA23F2F2A}","HSTNAME":"Stans, Kreuzstrasse","VMITTEL":2,"BFS_NR":1509,"GEMEINDE":"Stans","EINWOHNER":0,"ARBEITSPL":0,"RADIUS":300,"DIDOKNR":8713,"ANGSTUFE":null,"SLOID":"ch:1:sloid:8713","TU":3}},{"type":"Feature","id":279,"geometry":{"type":"Point","coordinates":[8.04171639530931,46.817444964340616]},"properties":{"OBJECTID":279,"UUID":"{3A794CDB-5A68-E611-B7C2-F04DA23F2F2A}","HSTNAME":"Sörenberg, Platz","VMITTEL":2,"BFS_NR":1004,"GEMEINDE":"Flühli","EINWOHNER":8,"ARBEITSPL":41,"RADIUS":300,"DIDOKNR":8682,"ANGSTUFE":1,"SLOID":"ch:1:sloid:8682","TU":3}},{"type":"Feature","id":280,"geometry":{"type":"Point","coordinates":[8.401886380458109,46.98098889006416]},"properties":{"OBJECTID":280,"UUID":"{AE774CDB-5A68-E611-B7C2-F04DA23F2F2A}","HSTNAME":"Ennetbürgen, Riedmatt","VMITTEL":2,"BFS_NR":1505,"GEMEINDE":"Ennetbürgen","EINWOHNER":0,"ARBEITSPL":0,"RADIUS":300,"DIDOKNR":8712,"ANGSTUFE":null,"SLOID":"ch:1:sloid:8712","TU":3}},{"type":"Feature","id":281,"geometry":{"type":"Point","coordinates":[8.113762751920765,46.82588514852867]},"properties":{"OBJECTID":281,"UUID":"{B4E8C1D5-5A68-E611-B7C2-F04DA23F2F2A}","HSTNAME":"Mörlialp","VMITTEL":2,"BFS_NR":1403,"GEMEINDE":"Giswil","EINWOHNER":0,"ARBEITSPL":0,"RADIUS":300,"DIDOKNR":8684,"ANGSTUFE":null,"SLOID":"ch:1:sloid:8684","TU":3}},{"type":"Feature","id":282,"geometry":{"type":"Point","coordinates":[8.417369669288366,46.88861385308804]},"properties":{"OBJECTID":282,"UUID":"{34E9C1D5-5A68-E611-B7C2-F04DA23F2F2A}","HSTNAME":"Oberrickenbach, alte Post","VMITTEL":2,"BFS_NR":1511,"GEMEINDE":"Wolfenschiessen","EINWOHNER":0,"ARBEITSPL":0,"RADIUS":300,"DIDOKNR":8725,"ANGSTUFE":null,"SLOID":"ch:1:sloid:8725","TU":3}},{"type":"Feature","id":283,"geometry":{"type":"Point","coordinates":[8.420684778803523,46.88332281493068]},"properties":{"OBJECTID":283,"UUID":"{B8794CDB-5A68-E611-B7C2-F04DA23F2F2A}","HSTNAME":"Oberrickenbach, Talstat. LFCH","VMITTEL":2,"BFS_NR":1511,"GEMEINDE":"Wolfenschiessen","EINWOHNER":0,"ARBEITSPL":0,"RADIUS":300,"DIDOKNR":8727,"ANGSTUFE":null,"SLOID":"ch:1:sloid:8727","TU":3}},{"type":"Feature","id":284,"geometry":{"type":"Point","coordinates":[8.126611727747513,46.893006099397994]},"properties":{"OBJECTID":284,"UUID":"{B4E7C1D5-5A68-E611-B7C2-F04DA23F2F2A}","HSTNAME":"Langis","VMITTEL":2,"BFS_NR":1407,"GEMEINDE":"Sarnen","EINWOHNER":0,"ARBEITSPL":0,"RADIUS":300,"DIDOKNR":8726,"ANGSTUFE":null,"SLOID":"ch:1:sloid:8726","TU":3}},{"type":"Feature","id":285,"geometry":{"type":"Point","coordinates":[8.11630936471452,46.964815959817905]},"properties":{"OBJECTID":285,"UUID":"{68E8C1D5-5A68-E611-B7C2-F04DA23F2F2A}","HSTNAME":"Finsterwald LU, alte Post","VMITTEL":2,"BFS_NR":1002,"GEMEINDE":"Entlebuch","EINWOHNER":12,"ARBEITSPL":4,"RADIUS":300,"DIDOKNR":8691,"ANGSTUFE":1,"SLOID":"ch:1:sloid:8691","TU":3}},{"type":"Feature","id":286,"geometry":{"type":"Point","coordinates":[8.442218485592011,46.97280759055051]},"properties":{"OBJECTID":286,"UUID":"{D8E7C1D5-5A68-E611-B7C2-F04DA23F2F2A}","HSTNAME":"Buochs, Hotel Postillon","VMITTEL":2,"BFS_NR":1502,"GEMEINDE":"Buochs","EINWOHNER":0,"ARBEITSPL":0,"RADIUS":300,"DIDOKNR":8729,"ANGSTUFE":null,"SLOID":"ch:1:sloid:8729","TU":3}},{"type":"Feature","id":287,"geometry":{"type":"Point","coordinates":[8.469940447288604,46.96961090577891]},"properties":{"OBJECTID":287,"UUID":"{38764CDB-5A68-E611-B7C2-F04DA23F2F2A}","HSTNAME":"Beckenried, Nidwaldnerhof","VMITTEL":2,"BFS_NR":1501,"GEMEINDE":"Beckenried","EINWOHNER":0,"ARBEITSPL":0,"RADIUS":300,"DIDOKNR":8728,"ANGSTUFE":null,"SLOID":"ch:1:sloid:8728","TU":3}},{"type":"Feature","id":288,"geometry":{"type":"Point","coordinates":[8.362354419323708,46.98212376161164]},"properties":{"OBJECTID":288,"UUID":"{76794CDB-5A68-E611-B7C2-F04DA23F2F2A}","HSTNAME":"Obbürgen, alte Post","VMITTEL":2,"BFS_NR":1510,"GEMEINDE":"Stansstad","EINWOHNER":0,"ARBEITSPL":0,"RADIUS":300,"DIDOKNR":8731,"ANGSTUFE":null,"SLOID":"ch:1:sloid:8731","TU":3}},{"type":"Feature","id":289,"geometry":{"type":"Point","coordinates":[8.335506370886973,46.95652812364964]},"properties":{"OBJECTID":289,"UUID":"{55794CDB-5A68-E611-B7C2-F04DA23F2F2A}","HSTNAME":"Ennetmoos, Allweg","VMITTEL":2,"BFS_NR":1506,"GEMEINDE":"Ennetmoos","EINWOHNER":0,"ARBEITSPL":0,"RADIUS":300,"DIDOKNR":8730,"ANGSTUFE":null,"SLOID":"ch:1:sloid:8730","TU":3}},{"type":"Feature","id":290,"geometry":{"type":"Point","coordinates":[7.882008502795716,46.839908413532065]},"properties":{"OBJECTID":290,"UUID":"{BD764CDB-5A68-E611-B7C2-F04DA23F2F2A}","HSTNAME":"Marbach LU, Untergasse","VMITTEL":2,"BFS_NR":1010,"GEMEINDE":"Escholzmatt-Marbach","EINWOHNER":21,"ARBEITSPL":15,"RADIUS":300,"DIDOKNR":8704,"ANGSTUFE":2,"SLOID":"ch:1:sloid:8704","TU":3}},{"type":"Feature","id":291,"geometry":{"type":"Point","coordinates":[8.306664930590193,46.934386767416136]},"properties":{"OBJECTID":291,"UUID":"{4BE8C1D5-5A68-E611-B7C2-F04DA23F2F2A}","HSTNAME":"St. Jakob (Ennetmoos)","VMITTEL":2,"BFS_NR":1506,"GEMEINDE":"Ennetmoos","EINWOHNER":0,"ARBEITSPL":0,"RADIUS":300,"DIDOKNR":8733,"ANGSTUFE":null,"SLOID":"ch:1:sloid:8733","TU":3}},{"type":"Feature","id":292,"geometry":{"type":"Point","coordinates":[8.015485697844861,46.90837225864112]},"properties":{"OBJECTID":292,"UUID":"{E4784CDB-5A68-E611-B7C2-F04DA23F2F2A}","HSTNAME":"Flühli LU, Krutacher","VMITTEL":2,"BFS_NR":1004,"GEMEINDE":"Flühli","EINWOHNER":23,"ARBEITSPL":14,"RADIUS":300,"DIDOKNR":8707,"ANGSTUFE":1,"SLOID":"ch:1:sloid:8707","TU":3}},{"type":"Feature","id":293,"geometry":{"type":"Point","coordinates":[7.900911405639815,46.813854641488454]},"properties":{"OBJECTID":293,"UUID":"{35E9C1D5-5A68-E611-B7C2-F04DA23F2F2A}","HSTNAME":"Bumbach, Alpenrose","VMITTEL":2,"BFS_NR":906,"GEMEINDE":"Schangnau","EINWOHNER":0,"ARBEITSPL":0,"RADIUS":300,"DIDOKNR":8706,"ANGSTUFE":null,"SLOID":"ch:1:sloid:8706","TU":3}},{"type":"Feature","id":294,"geometry":{"type":"Point","coordinates":[8.3392910705114,46.967554222006505]},"properties":{"OBJECTID":294,"UUID":"{3F774CDB-5A68-E611-B7C2-F04DA23F2F2A}","HSTNAME":"Stansstad, Abzw. Rotzloch","VMITTEL":2,"BFS_NR":1510,"GEMEINDE":"Stansstad","EINWOHNER":0,"ARBEITSPL":0,"RADIUS":300,"DIDOKNR":8732,"ANGSTUFE":null,"SLOID":"ch:1:sloid:8732","TU":3}},{"type":"Feature","id":295,"geometry":{"type":"Point","coordinates":[7.915068434742497,46.882755961047685]},"properties":{"OBJECTID":295,"UUID":"{E0784CDB-5A68-E611-B7C2-F04DA23F2F2A}","HSTNAME":"Wiggen, Hilfernstrasse","VMITTEL":2,"BFS_NR":1010,"GEMEINDE":"Escholzmatt-Marbach","EINWOHNER":11,"ARBEITSPL":3,"RADIUS":300,"DIDOKNR":8737,"ANGSTUFE":2,"SLOID":"ch:1:sloid:8737","TU":3}},{"type":"Feature","id":296,"geometry":{"type":"Point","coordinates":[8.526197042924764,46.95839472476197]},"properties":{"OBJECTID":296,"UUID":"{94784CDB-5A68-E611-B7C2-F04DA23F2F2A}","HSTNAME":"Emmetten, Sagendorf","VMITTEL":2,"BFS_NR":1504,"GEMEINDE":"Emmetten","EINWOHNER":0,"ARBEITSPL":0,"RADIUS":300,"DIDOKNR":8735,"ANGSTUFE":null,"SLOID":"ch:1:sloid:8735","TU":3}},{"type":"Feature","id":297,"geometry":{"type":"Point","coordinates":[8.349365717082666,46.97969085247124]},"properties":{"OBJECTID":297,"UUID":"{77774CDB-5A68-E611-B7C2-F04DA23F2F2A}","HSTNAME":"Stansstad, Abzw. Fürigen","VMITTEL":2,"BFS_NR":1510,"GEMEINDE":"Stansstad","EINWOHNER":0,"ARBEITSPL":0,"RADIUS":300,"DIDOKNR":8709,"ANGSTUFE":null,"SLOID":"ch:1:sloid:8709","TU":3}},{"type":"Feature","id":298,"geometry":{"type":"Point","coordinates":[8.348348443323774,46.959206614514926]},"properties":{"OBJECTID":298,"UUID":"{F3794CDB-5A68-E611-B7C2-F04DA23F2F2A}","HSTNAME":"Stans, St. Josef","VMITTEL":2,"BFS_NR":1506,"GEMEINDE":"Ennetmoos","EINWOHNER":0,"ARBEITSPL":0,"RADIUS":300,"DIDOKNR":8734,"ANGSTUFE":null,"SLOID":"ch:1:sloid:8734","TU":3}},{"type":"Feature","id":299,"geometry":{"type":"Point","coordinates":[8.5844911995932,46.967416559259924]},"properties":{"OBJECTID":299,"UUID":"{40784CDB-5A68-E611-B7C2-F04DA23F2F2A}","HSTNAME":"Seelisberg, Tanzplatz","VMITTEL":2,"BFS_NR":1215,"GEMEINDE":"Seelisberg","EINWOHNER":0,"ARBEITSPL":0,"RADIUS":300,"DIDOKNR":8736,"ANGSTUFE":null,"SLOID":"ch:1:sloid:8736","TU":3}},{"type":"Feature","id":300,"geometry":{"type":"Point","coordinates":[7.903278549665284,46.86352714170133]},"properties":{"OBJECTID":300,"UUID":"{DB784CDB-5A68-E611-B7C2-F04DA23F2F2A}","HSTNAME":"Marbach LU, Ey","VMITTEL":2,"BFS_NR":1010,"GEMEINDE":"Escholzmatt-Marbach","EINWOHNER":44,"ARBEITSPL":17,"RADIUS":300,"DIDOKNR":8739,"ANGSTUFE":2,"SLOID":"ch:1:sloid:8739","TU":3}},{"type":"Feature","id":301,"geometry":{"type":"Point","coordinates":[7.910337198693175,46.872835572711175]},"properties":{"OBJECTID":301,"UUID":"{C3764CDB-5A68-E611-B7C2-F04DA23F2F2A}","HSTNAME":"Marbach LU, Neugaden","VMITTEL":2,"BFS_NR":1010,"GEMEINDE":"Escholzmatt-Marbach","EINWOHNER":117,"ARBEITSPL":9,"RADIUS":300,"DIDOKNR":8738,"ANGSTUFE":2,"SLOID":"ch:1:sloid:8738","TU":3}},{"type":"Feature","id":302,"geometry":{"type":"Point","coordinates":[8.268672451625665,46.87403694735991]},"properties":{"OBJECTID":302,"UUID":"{1E7A4CDB-5A68-E611-B7C2-F04DA23F2F2A}","HSTNAME":"Flüeli-Ranft, St. Dorothea","VMITTEL":2,"BFS_NR":1406,"GEMEINDE":"Sachseln","EINWOHNER":0,"ARBEITSPL":0,"RADIUS":300,"DIDOKNR":8749,"ANGSTUFE":null,"SLOID":"ch:1:sloid:8749","TU":3}},{"type":"Feature","id":303,"geometry":{"type":"Point","coordinates":[8.26500879009623,46.87550278249139]},"properties":{"OBJECTID":303,"UUID":"{97E8C1D5-5A68-E611-B7C2-F04DA23F2F2A}","HSTNAME":"Flüeli-Ranft, Z'Mos","VMITTEL":2,"BFS_NR":1406,"GEMEINDE":"Sachseln","EINWOHNER":0,"ARBEITSPL":0,"RADIUS":300,"DIDOKNR":8748,"ANGSTUFE":null,"SLOID":"ch:1:sloid:8748","TU":3}},{"type":"Feature","id":304,"geometry":{"type":"Point","coordinates":[7.997483773868267,47.04051335355103]},"properties":{"OBJECTID":304,"UUID":"{51774CDB-5A68-E611-B7C2-F04DA23F2F2A}","HSTNAME":"Menzberg, Dorfplatz","VMITTEL":2,"BFS_NR":1136,"GEMEINDE":"Menznau","EINWOHNER":163,"ARBEITSPL":45,"RADIUS":300,"DIDOKNR":8772,"ANGSTUFE":1,"SLOID":"ch:1:sloid:8772","TU":3}},{"type":"Feature","id":305,"geometry":{"type":"Point","coordinates":[8.239153418818727,46.86850791066918]},"properties":{"OBJECTID":305,"UUID":"{C3784CDB-5A68-E611-B7C2-F04DA23F2F2A}","HSTNAME":"Sachseln, Dorf","VMITTEL":2,"BFS_NR":1406,"GEMEINDE":"Sachseln","EINWOHNER":0,"ARBEITSPL":0,"RADIUS":300,"DIDOKNR":8743,"ANGSTUFE":null,"SLOID":"ch:1:sloid:8743","TU":3}},{"type":"Feature","id":306,"geometry":{"type":"Point","coordinates":[8.515449370833997,46.95643612362907]},"properties":{"OBJECTID":306,"UUID":"{A3774CDB-5A68-E611-B7C2-F04DA23F2F2A}","HSTNAME":"Emmetten, Post","VMITTEL":2,"BFS_NR":1504,"GEMEINDE":"Emmetten","EINWOHNER":0,"ARBEITSPL":0,"RADIUS":300,"DIDOKNR":8755,"ANGSTUFE":null,"SLOID":"ch:1:sloid:8755","TU":3}},{"type":"Feature","id":307,"geometry":{"type":"Point","coordinates":[8.20997411661456,47.00984960294094]},"properties":{"OBJECTID":307,"UUID":"{77784CDB-5A68-E611-B7C2-F04DA23F2F2A}","HSTNAME":"Eigenthal, Eigenthalerhof","VMITTEL":2,"BFS_NR":1066,"GEMEINDE":"Schwarzenberg","EINWOHNER":17,"ARBEITSPL":9,"RADIUS":300,"DIDOKNR":8754,"ANGSTUFE":1,"SLOID":"ch:1:sloid:8754","TU":3}},{"type":"Feature","id":308,"geometry":{"type":"Point","coordinates":[8.245064492437182,46.86820553615819]},"properties":{"OBJECTID":308,"UUID":"{2B784CDB-5A68-E611-B7C2-F04DA23F2F2A}","HSTNAME":"Sachseln, Felsenheim","VMITTEL":2,"BFS_NR":1406,"GEMEINDE":"Sachseln","EINWOHNER":0,"ARBEITSPL":0,"RADIUS":300,"DIDOKNR":8745,"ANGSTUFE":null,"SLOID":"ch:1:sloid:8745","TU":3}},{"type":"Feature","id":309,"geometry":{"type":"Point","coordinates":[8.238946291459479,46.86516293508843]},"properties":{"OBJECTID":309,"UUID":"{35774CDB-5A68-E611-B7C2-F04DA23F2F2A}","HSTNAME":"Sachseln, Steinen","VMITTEL":2,"BFS_NR":1406,"GEMEINDE":"Sachseln","EINWOHNER":0,"ARBEITSPL":0,"RADIUS":300,"DIDOKNR":8744,"ANGSTUFE":null,"SLOID":"ch:1:sloid:8744","TU":3}},{"type":"Feature","id":310,"geometry":{"type":"Point","coordinates":[8.015302869937019,46.883959399066185]},"properties":{"OBJECTID":310,"UUID":"{B1784CDB-5A68-E611-B7C2-F04DA23F2F2A}","HSTNAME":"Flühli LU, Post","VMITTEL":2,"BFS_NR":1004,"GEMEINDE":"Flühli","EINWOHNER":260,"ARBEITSPL":127,"RADIUS":300,"DIDOKNR":8759,"ANGSTUFE":1,"SLOID":"ch:1:sloid:8759","TU":3}},{"type":"Feature","id":311,"geometry":{"type":"Point","coordinates":[8.027569656663445,47.01105636734034]},"properties":{"OBJECTID":311,"UUID":"{3A774CDB-5A68-E611-B7C2-F04DA23F2F2A}","HSTNAME":"Romoos, Post","VMITTEL":2,"BFS_NR":1007,"GEMEINDE":"Romoos","EINWOHNER":126,"ARBEITSPL":57,"RADIUS":300,"DIDOKNR":8780,"ANGSTUFE":1,"SLOID":"ch:1:sloid:8780","TU":3}},{"type":"Feature","id":312,"geometry":{"type":"Point","coordinates":[8.257315164372338,46.875953882720204]},"properties":{"OBJECTID":312,"UUID":"{37784CDB-5A68-E611-B7C2-F04DA23F2F2A}","HSTNAME":"Flüeli-Ranft, Kehrwäldli","VMITTEL":2,"BFS_NR":1406,"GEMEINDE":"Sachseln","EINWOHNER":0,"ARBEITSPL":0,"RADIUS":300,"DIDOKNR":8747,"ANGSTUFE":null,"SLOID":"ch:1:sloid:8747","TU":3}},{"type":"Feature","id":313,"geometry":{"type":"Point","coordinates":[8.269330981683492,46.871657280825914]},"properties":{"OBJECTID":313,"UUID":"{59784CDB-5A68-E611-B7C2-F04DA23F2F2A}","HSTNAME":"Flüeli-Ranft, Dorf","VMITTEL":2,"BFS_NR":1406,"GEMEINDE":"Sachseln","EINWOHNER":0,"ARBEITSPL":0,"RADIUS":300,"DIDOKNR":8758,"ANGSTUFE":null,"SLOID":"ch:1:sloid:8758","TU":3}},{"type":"Feature","id":314,"geometry":{"type":"Point","coordinates":[8.248425514924971,46.87016087429363]},"properties":{"OBJECTID":314,"UUID":"{34774CDB-5A68-E611-B7C2-F04DA23F2F2A}","HSTNAME":"Flüeli-Ranft, Chilchweg","VMITTEL":2,"BFS_NR":1406,"GEMEINDE":"Sachseln","EINWOHNER":0,"ARBEITSPL":0,"RADIUS":300,"DIDOKNR":8746,"ANGSTUFE":null,"SLOID":"ch:1:sloid:8746","TU":3}},{"type":"Feature","id":315,"geometry":{"type":"Point","coordinates":[8.274639032411855,46.900926882057874]},"properties":{"OBJECTID":315,"UUID":"{BA774CDB-5A68-E611-B7C2-F04DA23F2F2A}","HSTNAME":"Kerns, Post","VMITTEL":2,"BFS_NR":1404,"GEMEINDE":"Kerns","EINWOHNER":0,"ARBEITSPL":0,"RADIUS":300,"DIDOKNR":8769,"ANGSTUFE":null,"SLOID":"ch:1:sloid:8769","TU":3}},{"type":"Feature","id":316,"geometry":{"type":"Point","coordinates":[7.861565876436272,46.82751802377525]},"properties":{"OBJECTID":316,"UUID":"{C4754CDB-5A68-E611-B7C2-F04DA23F2F2A}","HSTNAME":"Schangnau, Post","VMITTEL":2,"BFS_NR":906,"GEMEINDE":"Schangnau","EINWOHNER":0,"ARBEITSPL":0,"RADIUS":300,"DIDOKNR":8784,"ANGSTUFE":null,"SLOID":"ch:1:sloid:8784","TU":3}},{"type":"Feature","id":317,"geometry":{"type":"Point","coordinates":[7.935658918130104,46.80233861167698]},"properties":{"OBJECTID":317,"UUID":"{81E8C1D5-5A68-E611-B7C2-F04DA23F2F2A}","HSTNAME":"Kemmeriboden","VMITTEL":2,"BFS_NR":906,"GEMEINDE":"Schangnau","EINWOHNER":0,"ARBEITSPL":0,"RADIUS":300,"DIDOKNR":8768,"ANGSTUFE":null,"SLOID":"ch:1:sloid:8768","TU":3}},{"type":"Feature","id":318,"geometry":{"type":"Point","coordinates":[8.173167494021312,47.01394113726833]},"properties":{"OBJECTID":318,"UUID":"{B4794CDB-5A68-E611-B7C2-F04DA23F2F2A}","HSTNAME":"Schwarzenberg LU, Rössli","VMITTEL":2,"BFS_NR":1066,"GEMEINDE":"Schwarzenberg","EINWOHNER":274,"ARBEITSPL":80,"RADIUS":300,"DIDOKNR":8787,"ANGSTUFE":2,"SLOID":"ch:1:sloid:8787","TU":3}},{"type":"Feature","id":319,"geometry":{"type":"Point","coordinates":[8.28996484108021,46.83517925082777]},"properties":{"OBJECTID":319,"UUID":"{FC784CDB-5A68-E611-B7C2-F04DA23F2F2A}","HSTNAME":"Melchtal, Dorf","VMITTEL":2,"BFS_NR":1404,"GEMEINDE":"Kerns","EINWOHNER":0,"ARBEITSPL":0,"RADIUS":300,"DIDOKNR":8771,"ANGSTUFE":null,"SLOID":"ch:1:sloid:8771","TU":3}},{"type":"Feature","id":320,"geometry":{"type":"Point","coordinates":[8.03461002014663,46.82181809670103]},"properties":{"OBJECTID":320,"UUID":"{AA754CDB-5A68-E611-B7C2-F04DA23F2F2A}","HSTNAME":"Sörenberg, Post","VMITTEL":2,"BFS_NR":1004,"GEMEINDE":"Flühli","EINWOHNER":109,"ARBEITSPL":264,"RADIUS":300,"DIDOKNR":8789,"ANGSTUFE":1,"SLOID":"ch:1:sloid:8789","TU":3}},{"type":"Feature","id":321,"geometry":{"type":"Point","coordinates":[7.899427920713337,46.85339581699748]},"properties":{"OBJECTID":321,"UUID":"{A3784CDB-5A68-E611-B7C2-F04DA23F2F2A}","HSTNAME":"Marbach LU, Dorf","VMITTEL":2,"BFS_NR":1010,"GEMEINDE":"Escholzmatt-Marbach","EINWOHNER":265,"ARBEITSPL":68,"RADIUS":300,"DIDOKNR":8770,"ANGSTUFE":2,"SLOID":"ch:1:sloid:8770","TU":3}},{"type":"Feature","id":322,"geometry":{"type":"Point","coordinates":[8.211355002459586,46.886483496295575]},"properties":{"OBJECTID":322,"UUID":"{DDE7C1D5-5A68-E611-B7C2-F04DA23F2F2A}","HSTNAME":"Stalden (Sarnen), Post","VMITTEL":2,"BFS_NR":1407,"GEMEINDE":"Sarnen","EINWOHNER":0,"ARBEITSPL":0,"RADIUS":300,"DIDOKNR":8790,"ANGSTUFE":null,"SLOID":"ch:1:sloid:8790","TU":3}},{"type":"Feature","id":323,"geometry":{"type":"Point","coordinates":[8.475249122260815,46.96685524965881]},"properties":{"OBJECTID":323,"UUID":"{CE774CDB-5A68-E611-B7C2-F04DA23F2F2A}","HSTNAME":"Beckenried, Post","VMITTEL":2,"BFS_NR":1501,"GEMEINDE":"Beckenried","EINWOHNER":0,"ARBEITSPL":0,"RADIUS":300,"DIDOKNR":8797,"ANGSTUFE":null,"SLOID":"ch:1:sloid:8797","TU":3}},{"type":"Feature","id":324,"geometry":{"type":"Point","coordinates":[8.413643640546006,46.98494663579454]},"properties":{"OBJECTID":324,"UUID":"{21784CDB-5A68-E611-B7C2-F04DA23F2F2A}","HSTNAME":"Ennetbürgen, Dorf","VMITTEL":2,"BFS_NR":1505,"GEMEINDE":"Ennetbürgen","EINWOHNER":0,"ARBEITSPL":0,"RADIUS":300,"DIDOKNR":8799,"ANGSTUFE":null,"SLOID":"ch:1:sloid:8799","TU":3}},{"type":"Feature","id":325,"geometry":{"type":"Point","coordinates":[8.422313604905165,46.973852697741826]},"properties":{"OBJECTID":325,"UUID":"{B6E8C1D5-5A68-E611-B7C2-F04DA23F2F2A}","HSTNAME":"Buochs, Post","VMITTEL":2,"BFS_NR":1502,"GEMEINDE":"Buochs","EINWOHNER":0,"ARBEITSPL":0,"RADIUS":300,"DIDOKNR":8798,"ANGSTUFE":null,"SLOID":"ch:1:sloid:8798","TU":3}},{"type":"Feature","id":326,"geometry":{"type":"Point","coordinates":[8.232866009054217,46.88864819867305]},"properties":{"OBJECTID":326,"UUID":"{24794CDB-5A68-E611-B7C2-F04DA23F2F2A}","HSTNAME":"Wilen (Sarnen), Kurhaus am See","VMITTEL":2,"BFS_NR":1407,"GEMEINDE":"Sarnen","EINWOHNER":0,"ARBEITSPL":0,"RADIUS":300,"DIDOKNR":8972,"ANGSTUFE":null,"SLOID":"ch:1:sloid:8972","TU":3}},{"type":"Feature","id":327,"geometry":{"type":"Point","coordinates":[8.356600457369987,46.96078705500714]},"properties":{"OBJECTID":327,"UUID":"{69774CDB-5A68-E611-B7C2-F04DA23F2F2A}","HSTNAME":"Stans, Spital","VMITTEL":2,"BFS_NR":1509,"GEMEINDE":"Stans","EINWOHNER":0,"ARBEITSPL":0,"RADIUS":300,"DIDOKNR":8975,"ANGSTUFE":null,"SLOID":"ch:1:sloid:8975","TU":3}},{"type":"Feature","id":328,"geometry":{"type":"Point","coordinates":[8.260672970484764,46.92230287908076]},"properties":{"OBJECTID":328,"UUID":"{1C7A4CDB-5A68-E611-B7C2-F04DA23F2F2A}","HSTNAME":"Kägiswil, Dorf","VMITTEL":2,"BFS_NR":1407,"GEMEINDE":"Sarnen","EINWOHNER":0,"ARBEITSPL":0,"RADIUS":300,"DIDOKNR":8974,"ANGSTUFE":null,"SLOID":"ch:1:sloid:8974","TU":3}},{"type":"Feature","id":329,"geometry":{"type":"Point","coordinates":[8.217597433451626,46.87629402499287]},"properties":{"OBJECTID":329,"UUID":"{91E7C1D5-5A68-E611-B7C2-F04DA23F2F2A}","HSTNAME":"Wilen (Sarnen), Badmatt","VMITTEL":2,"BFS_NR":1407,"GEMEINDE":"Sarnen","EINWOHNER":0,"ARBEITSPL":0,"RADIUS":300,"DIDOKNR":8977,"ANGSTUFE":null,"SLOID":"ch:1:sloid:8977","TU":3}},{"type":"Feature","id":330,"geometry":{"type":"Point","coordinates":[8.238651618323987,46.89564257846323]},"properties":{"OBJECTID":330,"UUID":"{90E7C1D5-5A68-E611-B7C2-F04DA23F2F2A}","HSTNAME":"Sarnen, Sonnenberg","VMITTEL":2,"BFS_NR":1407,"GEMEINDE":"Sarnen","EINWOHNER":0,"ARBEITSPL":0,"RADIUS":300,"DIDOKNR":8976,"ANGSTUFE":null,"SLOID":"ch:1:sloid:8976","TU":3}},{"type":"Feature","id":331,"geometry":{"type":"Point","coordinates":[8.202997523341685,46.86897097795863]},"properties":{"OBJECTID":331,"UUID":"{4C774CDB-5A68-E611-B7C2-F04DA23F2F2A}","HSTNAME":"Oberwilen, Seefuren","VMITTEL":2,"BFS_NR":1407,"GEMEINDE":"Sarnen","EINWOHNER":0,"ARBEITSPL":0,"RADIUS":300,"DIDOKNR":8978,"ANGSTUFE":null,"SLOID":"ch:1:sloid:8978","TU":3}},{"type":"Feature","id":332,"geometry":{"type":"Point","coordinates":[8.282949349666763,46.81411014192557]},"properties":{"OBJECTID":332,"UUID":"{147A4CDB-5A68-E611-B7C2-F04DA23F2F2A}","HSTNAME":"Melchtal, Sportcamp","VMITTEL":2,"BFS_NR":1404,"GEMEINDE":"Kerns","EINWOHNER":0,"ARBEITSPL":0,"RADIUS":300,"DIDOKNR":8971,"ANGSTUFE":null,"SLOID":"ch:1:sloid:8971","TU":3}},{"type":"Feature","id":333,"geometry":{"type":"Point","coordinates":[8.195373677633555,46.8659540978745]},"properties":{"OBJECTID":333,"UUID":"{B1794CDB-5A68-E611-B7C2-F04DA23F2F2A}","HSTNAME":"Oberwilen, Mos","VMITTEL":2,"BFS_NR":1407,"GEMEINDE":"Sarnen","EINWOHNER":0,"ARBEITSPL":0,"RADIUS":300,"DIDOKNR":8980,"ANGSTUFE":null,"SLOID":"ch:1:sloid:8980","TU":3}},{"type":"Feature","id":334,"geometry":{"type":"Point","coordinates":[8.269234178565375,46.900237555812694]},"properties":{"OBJECTID":334,"UUID":"{22784CDB-5A68-E611-B7C2-F04DA23F2F2A}","HSTNAME":"Kerns, Boll","VMITTEL":2,"BFS_NR":1404,"GEMEINDE":"Kerns","EINWOHNER":0,"ARBEITSPL":0,"RADIUS":300,"DIDOKNR":8970,"ANGSTUFE":null,"SLOID":"ch:1:sloid:8970","TU":3}},{"type":"Feature","id":335,"geometry":{"type":"Point","coordinates":[8.376274600900263,47.04348838062802]},"properties":{"OBJECTID":335,"UUID":"{ECC99128-3E76-ED11-AECC-EC29E220B63D}","HSTNAME":"Meggen, Fischerdörfli","VMITTEL":2,"BFS_NR":1063,"GEMEINDE":"Meggen","EINWOHNER":279,"ARBEITSPL":30,"RADIUS":300,"DIDOKNR":9442,"ANGSTUFE":0,"SLOID":"ch:1:sloid:9442","TU":11}},{"type":"Feature","id":336,"geometry":{"type":"Point","coordinates":[8.630821164477247,46.875910910473564]},"properties":{"OBJECTID":336,"UUID":"{6A6CB08B-4376-EF11-AEFA-00505692A170}","HSTNAME":"Altdorf UR, Bahnhof West","VMITTEL":2,"BFS_NR":1201,"GEMEINDE":"Altdorf (UR)","EINWOHNER":0,"ARBEITSPL":0,"RADIUS":300,"DIDOKNR":10105,"ANGSTUFE":null,"SLOID":"ch:1:sloid:10105","TU":3}},{"type":"Feature","id":337,"geometry":{"type":"Point","coordinates":[8.423619208240904,47.030611017293275]},"properties":{"OBJECTID":337,"UUID":"{B5EBC072-424A-ED11-AEC8-00505692A170}","HSTNAME":"Weggis, Unterdorf","VMITTEL":2,"BFS_NR":1069,"GEMEINDE":"Weggis","EINWOHNER":189,"ARBEITSPL":16,"RADIUS":300,"DIDOKNR":10172,"ANGSTUFE":1,"SLOID":"ch:1:sloid:10172","TU":7}},{"type":"Feature","id":338,"geometry":{"type":"Point","coordinates":[8.41506724696385,47.029435391074365]},"properties":{"OBJECTID":338,"UUID":"{F08B08E1-414A-ED11-AEC8-00505692A170}","HSTNAME":"Weggis, Sunnerainstrasse","VMITTEL":2,"BFS_NR":1069,"GEMEINDE":"Weggis","EINWOHNER":214,"ARBEITSPL":23,"RADIUS":300,"DIDOKNR":10175,"ANGSTUFE":1,"SLOID":"ch:1:sloid:10175","TU":7}},{"type":"Feature","id":339,"geometry":{"type":"Point","coordinates":[8.419711537382453,47.029043510099584]},"properties":{"OBJECTID":339,"UUID":"{1DE0897B-3F4A-ED11-AEC8-00505692A170}","HSTNAME":"Weggis, Lido","VMITTEL":2,"BFS_NR":1069,"GEMEINDE":"Weggis","EINWOHNER":136,"ARBEITSPL":337,"RADIUS":300,"DIDOKNR":10174,"ANGSTUFE":1,"SLOID":"ch:1:sloid:10174","TU":7}},{"type":"Feature","id":340,"geometry":{"type":"Point","coordinates":[8.403946104127527,47.02702895078494]},"properties":{"OBJECTID":340,"UUID":"{150FC833-3F4A-ED11-AEC8-00505692A170}","HSTNAME":"Weggis, Hertenstein","VMITTEL":2,"BFS_NR":1069,"GEMEINDE":"Weggis","EINWOHNER":82,"ARBEITSPL":163,"RADIUS":300,"DIDOKNR":10177,"ANGSTUFE":1,"SLOID":"ch:1:sloid:10177","TU":7}},{"type":"Feature","id":341,"geometry":{"type":"Point","coordinates":[8.40858141041745,47.030402835460734]},"properties":{"OBJECTID":341,"UUID":"{802CC0AA-424A-ED11-AEC8-00505692A170}","HSTNAME":"Weggis, Zinnenstrasse","VMITTEL":2,"BFS_NR":1069,"GEMEINDE":"Weggis","EINWOHNER":64,"ARBEITSPL":200,"RADIUS":300,"DIDOKNR":10176,"ANGSTUFE":1,"SLOID":"ch:1:sloid:10176","TU":7}},{"type":"Feature","id":342,"geometry":{"type":"Point","coordinates":[8.24331491830269,47.22763163518011]},"properties":{"OBJECTID":342,"UUID":"{86774CDB-5A68-E611-B7C2-F04DA23F2F2A}","HSTNAME":"Ermensee, Kapelle","VMITTEL":2,"BFS_NR":1025,"GEMEINDE":"Ermensee","EINWOHNER":558,"ARBEITSPL":91,"RADIUS":300,"DIDOKNR":10043,"ANGSTUFE":0,"SLOID":"ch:1:sloid:10043","TU":4}},{"type":"Feature","id":343,"geometry":{"type":"Point","coordinates":[8.224934766654481,47.243859684612644]},"properties":{"OBJECTID":343,"UUID":"{1FE9C1D5-5A68-E611-B7C2-F04DA23F2F2A}","HSTNAME":"Mosen, Campingstrasse","VMITTEL":2,"BFS_NR":1030,"GEMEINDE":"Hitzkirch","EINWOHNER":214,"ARBEITSPL":35,"RADIUS":300,"DIDOKNR":10042,"ANGSTUFE":0,"SLOID":"ch:1:sloid:10042","TU":4}},{"type":"Feature","id":344,"geometry":{"type":"Point","coordinates":[8.37879327559213,47.04503481948698]},"properties":{"OBJECTID":344,"UUID":"{AB90D070-3E76-ED11-AECC-EC29E220B63D}","HSTNAME":"Meggen, Schiffstation","VMITTEL":2,"BFS_NR":1063,"GEMEINDE":"Meggen","EINWOHNER":47,"ARBEITSPL":25,"RADIUS":300,"DIDOKNR":10023,"ANGSTUFE":0,"SLOID":"ch:1:sloid:10023","TU":11}},{"type":"Feature","id":345,"geometry":{"type":"Point","coordinates":[8.07692814450465,47.18716148245957]},"properties":{"OBJECTID":345,"UUID":"{7A028275-A490-EB11-A2C5-662325A903D8}","HSTNAME":"St. Erhard, Galerie","VMITTEL":8,"BFS_NR":1089,"GEMEINDE":"Knutwil","EINWOHNER":198,"ARBEITSPL":9,"RADIUS":300,"DIDOKNR":10053,"ANGSTUFE":1,"SLOID":"ch:1:sloid:10053","TU":3}},{"type":"Feature","id":346,"geometry":{"type":"Point","coordinates":[8.048211120117513,46.953755920057574]},"properties":{"OBJECTID":346,"UUID":"{88FD683D-C4EB-EC11-AEC0-00505692A170}","HSTNAME":"Hasle LU, Schwesterehüsli","VMITTEL":2,"BFS_NR":1005,"GEMEINDE":"Hasle","EINWOHNER":5,"ARBEITSPL":2,"RADIUS":300,"DIDOKNR":10605,"ANGSTUFE":1,"SLOID":"ch:1:sloid:10605","TU":3}},{"type":"Feature","id":347,"geometry":{"type":"Point","coordinates":[8.050634876483084,46.95779095804181]},"properties":{"OBJECTID":347,"UUID":"{BF10FF3E-C5EB-EC11-AEC0-00505692A170}","HSTNAME":"Hasle LU, Gruebehag","VMITTEL":2,"BFS_NR":1005,"GEMEINDE":"Hasle","EINWOHNER":11,"ARBEITSPL":4,"RADIUS":300,"DIDOKNR":10606,"ANGSTUFE":1,"SLOID":"ch:1:sloid:10606","TU":3}},{"type":"Feature","id":348,"geometry":{"type":"Point","coordinates":[8.424221079643635,47.032594827409724]},"properties":{"OBJECTID":348,"UUID":"{24D244F1-F850-ED11-AEC9-00505692A170}","HSTNAME":"Weggis, Kreuzstrasse","VMITTEL":2,"BFS_NR":1069,"GEMEINDE":"Weggis","EINWOHNER":420,"ARBEITSPL":114,"RADIUS":300,"DIDOKNR":10668,"ANGSTUFE":1,"SLOID":"ch:1:sloid:10668","TU":7}},{"type":"Feature","id":349,"geometry":{"type":"Point","coordinates":[8.359138137496162,47.03931106894185]},"properties":{"OBJECTID":349,"UUID":"{E84ED39A-3B76-ED11-AECC-EC29E220B63D}","HSTNAME":"Meggen, Meggenhorn","VMITTEL":2,"BFS_NR":1063,"GEMEINDE":"Meggen","EINWOHNER":247,"ARBEITSPL":24,"RADIUS":300,"DIDOKNR":10499,"ANGSTUFE":0,"SLOID":"ch:1:sloid:10499","TU":11}},{"type":"Feature","id":350,"geometry":{"type":"Point","coordinates":[8.370501825577136,47.041576155909645]},"properties":{"OBJECTID":350,"UUID":"{45EDE8DA-3D76-ED11-AECC-EC29E220B63D}","HSTNAME":"Meggen, Stampfiweg","VMITTEL":2,"BFS_NR":1063,"GEMEINDE":"Meggen","EINWOHNER":213,"ARBEITSPL":34,"RADIUS":300,"DIDOKNR":10501,"ANGSTUFE":0,"SLOID":"ch:1:sloid:10501","TU":11}},{"type":"Feature","id":351,"geometry":{"type":"Point","coordinates":[8.373313552805621,47.049748035047706]},"properties":{"OBJECTID":351,"UUID":"{4A0986CA-3E76-ED11-AECC-EC29E220B63D}","HSTNAME":"Meggen, Schwerzihöhe","VMITTEL":2,"BFS_NR":1063,"GEMEINDE":"Meggen","EINWOHNER":182,"ARBEITSPL":47,"RADIUS":300,"DIDOKNR":10500,"ANGSTUFE":0,"SLOID":"ch:1:sloid:10500","TU":11}},{"type":"Feature","id":352,"geometry":{"type":"Point","coordinates":[8.144728244975537,47.12553069752245]},"properties":{"OBJECTID":352,"UUID":"{DEED5EE4-20AC-EC11-AEBD-00505692A170}","HSTNAME":"Nottwil, Wysshüsli","VMITTEL":2,"BFS_NR":1094,"GEMEINDE":"Nottwil","EINWOHNER":252,"ARBEITSPL":24,"RADIUS":300,"DIDOKNR":10550,"ANGSTUFE":2,"SLOID":"ch:1:sloid:10550","TU":2}},{"type":"Feature","id":353,"geometry":{"type":"Point","coordinates":[8.582791694030087,47.00121259856502]},"properties":{"OBJECTID":353,"UUID":"{CFF97DAA-FE4D-ED11-AEC8-00505692A170}","HSTNAME":"Brunnen, Marina Fallenbach","VMITTEL":2,"BFS_NR":1364,"GEMEINDE":"Ingenbohl","EINWOHNER":0,"ARBEITSPL":0,"RADIUS":300,"DIDOKNR":10564,"ANGSTUFE":null,"SLOID":"ch:1:sloid:10564","TU":7}},{"type":"Feature","id":354,"geometry":{"type":"Point","coordinates":[8.367205008530929,47.03913353124663]},"properties":{"OBJECTID":354,"UUID":"{BA2A3F2E-139B-ED11-AED0-81E3102C98B9}","HSTNAME":"Meggen, Altstadstrasse","VMITTEL":2,"BFS_NR":1063,"GEMEINDE":"Meggen","EINWOHNER":196,"ARBEITSPL":33,"RADIUS":300,"DIDOKNR":10891,"ANGSTUFE":0,"SLOID":"ch:1:sloid:10891","TU":11}},{"type":"Feature","id":355,"geometry":{"type":"Point","coordinates":[8.107412228306597,47.161860751025564]},"properties":{"OBJECTID":355,"UUID":"{7CC2E3B5-B6E5-ED11-AED6-00505692A170}","HSTNAME":"Oberkirch LU, Münigen","VMITTEL":2,"BFS_NR":1095,"GEMEINDE":"Oberkirch","EINWOHNER":521,"ARBEITSPL":578,"RADIUS":300,"DIDOKNR":11088,"ANGSTUFE":2,"SLOID":"ch:1:sloid:11088","TU":2}},{"type":"Feature","id":356,"geometry":{"type":"Point","coordinates":[7.855305083277653,46.82409764292713]},"properties":{"OBJECTID":356,"UUID":"{0EF8EAB6-1078-EF11-AEFA-00505692A170}","HSTNAME":"Schangnau, Käserei","VMITTEL":2,"BFS_NR":906,"GEMEINDE":"Schangnau","EINWOHNER":0,"ARBEITSPL":0,"RADIUS":300,"DIDOKNR":11242,"ANGSTUFE":null,"SLOID":"ch:1:sloid:11242","TU":3}},{"type":"Feature","id":357,"geometry":{"type":"Point","coordinates":[8.517058460139548,47.18313669446819]},"properties":{"OBJECTID":357,"UUID":"{C4774CDB-5A68-E611-B7C2-F04DA23F2F2A}","HSTNAME":"Baar Lindenpark","VMITTEL":1,"BFS_NR":1701,"GEMEINDE":"Baar","EINWOHNER":0,"ARBEITSPL":0,"RADIUS":1000,"DIDOKNR":15993,"ANGSTUFE":null,"SLOID":"ch:1:sloid:15993","TU":6}},{"type":"Feature","id":358,"geometry":{"type":"Point","coordinates":[8.517780783430126,47.18849295129764]},"properties":{"OBJECTID":358,"UUID":"{F6774CDB-5A68-E611-B7C2-F04DA23F2F2A}","HSTNAME":"Baar Neufeld","VMITTEL":1,"BFS_NR":1701,"GEMEINDE":"Baar","EINWOHNER":0,"ARBEITSPL":0,"RADIUS":1000,"DIDOKNR":15992,"ANGSTUFE":null,"SLOID":"ch:1:sloid:15992","TU":6}},{"type":"Feature","id":359,"geometry":{"type":"Point","coordinates":[8.373760421042396,47.10482538750546]},"properties":{"OBJECTID":359,"UUID":"{F0784CDB-5A68-E611-B7C2-F04DA23F2F2A}","HSTNAME":"Root D4","VMITTEL":1,"BFS_NR":1065,"GEMEINDE":"Root","EINWOHNER":1955,"ARBEITSPL":3859,"RADIUS":1000,"DIDOKNR":15997,"ANGSTUFE":3,"SLOID":"ch:1:sloid:15997","TU":6}},{"type":"Feature","id":360,"geometry":{"type":"Point","coordinates":[8.450095247059666,47.17360756726204]},"properties":{"OBJECTID":360,"UUID":"{1EE8C1D5-5A68-E611-B7C2-F04DA23F2F2A}","HSTNAME":"Hünenberg Zythus","VMITTEL":1,"BFS_NR":1703,"GEMEINDE":"Hünenberg","EINWOHNER":0,"ARBEITSPL":0,"RADIUS":1000,"DIDOKNR":15996,"ANGSTUFE":null,"SLOID":"ch:1:sloid:15996","TU":6}},{"type":"Feature","id":361,"geometry":{"type":"Point","coordinates":[8.302337320594624,47.02657554249721]},"properties":{"OBJECTID":361,"UUID":"{99E8C1D5-5A68-E611-B7C2-F04DA23F2F2A}","HSTNAME":"Kriens Mattenhof","VMITTEL":1,"BFS_NR":1059,"GEMEINDE":"Kriens","EINWOHNER":6645,"ARBEITSPL":5740,"RADIUS":1000,"DIDOKNR":16351,"ANGSTUFE":4,"SLOID":"ch:1:sloid:16351","TU":12}},{"type":"Feature","id":362,"geometry":{"type":"Point","coordinates":[8.356658501855112,47.093649915105885]},"properties":{"OBJECTID":362,"UUID":"{2F784CDB-5A68-E611-B7C2-F04DA23F2F2A}","HSTNAME":"Buchrain","VMITTEL":1,"BFS_NR":1054,"GEMEINDE":"Ebikon","EINWOHNER":9394,"ARBEITSPL":6956,"RADIUS":1000,"DIDOKNR":16350,"ANGSTUFE":3,"SLOID":"ch:1:sloid:16350","TU":6}},{"type":"Feature","id":363,"geometry":{"type":"Point","coordinates":[8.507242209320355,47.173724921697705]},"properties":{"OBJECTID":363,"UUID":"{1F7A4CDB-5A68-E611-B7C2-F04DA23F2F2A}","HSTNAME":"Zug Schutzengel","VMITTEL":1,"BFS_NR":1711,"GEMEINDE":"Zug","EINWOHNER":0,"ARBEITSPL":0,"RADIUS":1000,"DIDOKNR":16187,"ANGSTUFE":null,"SLOID":"ch:1:sloid:16187","TU":6}},{"type":"Feature","id":364,"geometry":{"type":"Point","coordinates":[8.280597542946804,47.18061602969317]},"properties":{"OBJECTID":364,"UUID":"{A0E8C1D5-5A68-E611-B7C2-F04DA23F2F2A}","HSTNAME":"Baldegg Kloster","VMITTEL":1,"BFS_NR":1031,"GEMEINDE":"Hochdorf","EINWOHNER":593,"ARBEITSPL":676,"RADIUS":1000,"DIDOKNR":16353,"ANGSTUFE":3,"SLOID":"ch:1:sloid:16353","TU":6}},{"type":"Feature","id":365,"geometry":{"type":"Point","coordinates":[8.069166749481365,47.06554487590311]},"properties":{"OBJECTID":365,"UUID":"{63764CDB-5A68-E611-B7C2-F04DA23F2F2A}","HSTNAME":"Wolhusen Weid","VMITTEL":1,"BFS_NR":1107,"GEMEINDE":"Wolhusen","EINWOHNER":2360,"ARBEITSPL":1277,"RADIUS":1000,"DIDOKNR":16354,"ANGSTUFE":3,"SLOID":"ch:1:sloid:16354","TU":10}},{"type":"Feature","id":366,"geometry":{"type":"Point","coordinates":[8.33729732768246,47.05393231646872]},"properties":{"OBJECTID":366,"UUID":"{5A764CDB-5A68-E611-B7C2-F04DA23F2F2A}","HSTNAME":"Luzern Verkehrshaus","VMITTEL":1,"BFS_NR":1061,"GEMEINDE":"Luzern","EINWOHNER":6651,"ARBEITSPL":3450,"RADIUS":1000,"DIDOKNR":17336,"ANGSTUFE":3,"SLOID":"ch:1:sloid:17336","TU":6}},{"type":"Feature","id":367,"geometry":{"type":"Point","coordinates":[8.295091382306767,47.05122824569079]},"properties":{"OBJECTID":367,"UUID":"{18E8C1D5-5A68-E611-B7C2-F04DA23F2F2A}","HSTNAME":"Luzern, Château Gütsch","VMITTEL":6,"BFS_NR":1061,"GEMEINDE":"Luzern","EINWOHNER":7748,"ARBEITSPL":1518,"RADIUS":1000,"DIDOKNR":30358,"ANGSTUFE":5,"SLOID":"ch:1:sloid:30358","TU":11}},{"type":"Feature","id":368,"geometry":{"type":"Point","coordinates":[8.297091190942416,47.052004920914136]},"properties":{"OBJECTID":368,"UUID":"{5A774CDB-5A68-E611-B7C2-F04DA23F2F2A}","HSTNAME":"Luzern Gütsch (Talstation)","VMITTEL":6,"BFS_NR":1061,"GEMEINDE":"Luzern","EINWOHNER":11987,"ARBEITSPL":31731,"RADIUS":1000,"DIDOKNR":30357,"ANGSTUFE":5,"SLOID":"ch:1:sloid:30357","TU":11}},{"type":"Feature","id":369,"geometry":{"type":"Point","coordinates":[8.440733286982773,47.03409110469268]},"properties":{"OBJECTID":369,"UUID":"{E6E8C1D5-5A68-E611-B7C2-F04DA23F2F2A}","HSTNAME":"Weggis (Luftseilbahn)","VMITTEL":6,"BFS_NR":1069,"GEMEINDE":"Weggis","EINWOHNER":1804,"ARBEITSPL":626,"RADIUS":1000,"DIDOKNR":30388,"ANGSTUFE":2,"SLOID":"ch:1:sloid:30388","TU":15}},{"type":"Feature","id":370,"geometry":{"type":"Point","coordinates":[8.439885701136431,47.07609954135828]},"properties":{"OBJECTID":370,"UUID":"{FD0A0890-76F4-E811-9581-F04DA23FCE90}","HSTNAME":"Küssnacht am Rigi (Talstation)","VMITTEL":2,"BFS_NR":1331,"GEMEINDE":"Küssnacht (SZ)","EINWOHNER":0,"ARBEITSPL":0,"RADIUS":300,"DIDOKNR":30387,"ANGSTUFE":null,"SLOID":"ch:1:sloid:30387","TU":0}},{"type":"Feature","id":371,"geometry":{"type":"Point","coordinates":[8.464949261122744,47.04334969702744]},"properties":{"OBJECTID":371,"UUID":"{AF764CDB-5A68-E611-B7C2-F04DA23F2F2A}","HSTNAME":"Rigi Kaltbad (Luftseilbahn)","VMITTEL":6,"BFS_NR":1069,"GEMEINDE":"Weggis","EINWOHNER":19,"ARBEITSPL":89,"RADIUS":1000,"DIDOKNR":30687,"ANGSTUFE":2,"SLOID":"ch:1:sloid:30687","TU":15}},{"type":"Feature","id":372,"geometry":{"type":"Point","coordinates":[8.300572995823003,47.077022361925714]},"properties":{"OBJECTID":372,"UUID":"{FE794CDB-5A68-E611-B7C2-F04DA23F2F2A}","HSTNAME":"Emmen, Sternen","VMITTEL":2,"BFS_NR":1024,"GEMEINDE":"Emmen","EINWOHNER":733,"ARBEITSPL":83,"RADIUS":300,"DIDOKNR":30774,"ANGSTUFE":4,"SLOID":"ch:1:sloid:30774","TU":1}},{"type":"Feature","id":373,"geometry":{"type":"Point","coordinates":[8.374343330788783,46.9950074327182]},"properties":{"OBJECTID":373,"UUID":"{A1BC616C-0DAD-E711-B61F-F04DA23FCE90}","HSTNAME":"Bürgenstock, Residenzen","VMITTEL":2,"BFS_NR":1505,"GEMEINDE":"Ennetbürgen","EINWOHNER":0,"ARBEITSPL":0,"RADIUS":300,"DIDOKNR":57029,"ANGSTUFE":null,"SLOID":"ch:1:sloid:57029","TU":3}},{"type":"Feature","id":374,"geometry":{"type":"Point","coordinates":[8.244843734196213,46.889374101295765]},"properties":{"OBJECTID":374,"UUID":"{A031B4F2-08AD-E711-B61F-F04DA23FCE90}","HSTNAME":"Sarnen, Seefeld Park/Spital","VMITTEL":2,"BFS_NR":1407,"GEMEINDE":"Sarnen","EINWOHNER":0,"ARBEITSPL":0,"RADIUS":300,"DIDOKNR":57023,"ANGSTUFE":null,"SLOID":"ch:1:sloid:57023","TU":3}},{"type":"Feature","id":375,"geometry":{"type":"Point","coordinates":[8.2432103161448,46.87841977768765]},"properties":{"OBJECTID":375,"UUID":"{098C4013-0BAD-E711-B61F-F04DA23FCE90}","HSTNAME":"Sachseln, Seehof/Brüggi","VMITTEL":2,"BFS_NR":1406,"GEMEINDE":"Sachseln","EINWOHNER":0,"ARBEITSPL":0,"RADIUS":300,"DIDOKNR":57024,"ANGSTUFE":null,"SLOID":"ch:1:sloid:57024","TU":3}},{"type":"Feature","id":376,"geometry":{"type":"Point","coordinates":[8.384663369140867,46.99644306327869]},"properties":{"OBJECTID":376,"UUID":"{60D0238A-0CAD-E711-B61F-F04DA23FCE90}","HSTNAME":"Bürgenstock, Waldhotel","VMITTEL":2,"BFS_NR":1505,"GEMEINDE":"Ennetbürgen","EINWOHNER":0,"ARBEITSPL":0,"RADIUS":300,"DIDOKNR":57030,"ANGSTUFE":null,"SLOID":"ch:1:sloid:57030","TU":3}},{"type":"Feature","id":377,"geometry":{"type":"Point","coordinates":[8.381038468396325,46.996670808560324]},"properties":{"OBJECTID":377,"UUID":"{DD918A0E-0DAD-E711-B61F-F04DA23FCE90}","HSTNAME":"Bürgenstock, Zentrum","VMITTEL":2,"BFS_NR":1505,"GEMEINDE":"Ennetbürgen","EINWOHNER":0,"ARBEITSPL":0,"RADIUS":300,"DIDOKNR":57028,"ANGSTUFE":null,"SLOID":"ch:1:sloid:57028","TU":3}},{"type":"Feature","id":378,"geometry":{"type":"Point","coordinates":[8.124761407953077,46.931086474571664]},"properties":{"OBJECTID":378,"UUID":"{77D0FBFF-811F-E711-AB4B-F04DA23FCE90}","HSTNAME":"Finsterwald LU, Gründli","VMITTEL":2,"BFS_NR":1002,"GEMEINDE":"Entlebuch","EINWOHNER":0,"ARBEITSPL":1,"RADIUS":300,"DIDOKNR":57062,"ANGSTUFE":1,"SLOID":"ch:1:sloid:57062","TU":3}},{"type":"Feature","id":379,"geometry":{"type":"Point","coordinates":[8.113982712212934,46.91245774174217]},"properties":{"OBJECTID":379,"UUID":"{6DDA3F41-821F-E711-AB4B-F04DA23FCE90}","HSTNAME":"Finsterwald LU, Rotbach","VMITTEL":2,"BFS_NR":1002,"GEMEINDE":"Entlebuch","EINWOHNER":0,"ARBEITSPL":0,"RADIUS":300,"DIDOKNR":57063,"ANGSTUFE":1,"SLOID":"ch:1:sloid:57063","TU":3}},{"type":"Feature","id":380,"geometry":{"type":"Point","coordinates":[8.107751953104213,46.89277600478716]},"properties":{"OBJECTID":380,"UUID":"{A1D17494-09F8-E611-B2C4-F04DA23F2F2A}","HSTNAME":"Glaubenberg, Passhöhe","VMITTEL":2,"BFS_NR":1407,"GEMEINDE":"Sarnen","EINWOHNER":0,"ARBEITSPL":0,"RADIUS":300,"DIDOKNR":57064,"ANGSTUFE":null,"SLOID":"ch:1:sloid:57064","TU":3}},{"type":"Feature","id":381,"geometry":{"type":"Point","coordinates":[7.979281403158602,47.217794090444265]},"properties":{"OBJECTID":381,"UUID":"{E3A15D8B-0625-E711-AB4B-F04DA23FCE90}","HSTNAME":"Dagmersellen, Bahnhof","VMITTEL":8,"BFS_NR":1125,"GEMEINDE":"Dagmersellen","EINWOHNER":616,"ARBEITSPL":504,"RADIUS":300,"DIDOKNR":57090,"ANGSTUFE":3,"SLOID":"ch:1:sloid:57090","TU":3}},{"type":"Feature","id":382,"geometry":{"type":"Point","coordinates":[7.972427705021135,47.20040294434121]},"properties":{"OBJECTID":382,"UUID":"{93FF07B7-0625-E711-AB4B-F04DA23FCE90}","HSTNAME":"Altishofen, Kreisel","VMITTEL":2,"BFS_NR":1123,"GEMEINDE":"Altishofen","EINWOHNER":74,"ARBEITSPL":2015,"RADIUS":300,"DIDOKNR":57106,"ANGSTUFE":2,"SLOID":"ch:1:sloid:57106","TU":3}},{"type":"Feature","id":383,"geometry":{"type":"Point","coordinates":[8.319821817233676,47.13455523945057]},"properties":{"OBJECTID":383,"UUID":"{6EC583C1-C31E-E711-AB4B-F04DA23FCE90}","HSTNAME":"Eschenbach LU, Lindenfeld","VMITTEL":2,"BFS_NR":1026,"GEMEINDE":"Eschenbach","EINWOHNER":715,"ARBEITSPL":234,"RADIUS":300,"DIDOKNR":57074,"ANGSTUFE":2,"SLOID":"ch:1:sloid:57074","TU":3}},{"type":"Feature","id":384,"geometry":{"type":"Point","coordinates":[7.98829292620683,47.21340694611254]},"properties":{"OBJECTID":384,"UUID":"{85B0BB53-0625-E711-AB4B-F04DA23FCE90}","HSTNAME":"Dagmersellen, Löwen","VMITTEL":8,"BFS_NR":1125,"GEMEINDE":"Dagmersellen","EINWOHNER":1112,"ARBEITSPL":581,"RADIUS":300,"DIDOKNR":57089,"ANGSTUFE":3,"SLOID":"ch:1:sloid:57089","TU":3}},{"type":"Feature","id":385,"geometry":{"type":"Point","coordinates":[8.239161042951888,46.8690206157432]},"properties":{"OBJECTID":385,"UUID":"{76490E3C-929F-E711-B61F-F04DA23FCE90}","HSTNAME":"Sachseln, Brünigstrasse","VMITTEL":2,"BFS_NR":1406,"GEMEINDE":"Sachseln","EINWOHNER":0,"ARBEITSPL":0,"RADIUS":300,"DIDOKNR":57092,"ANGSTUFE":null,"SLOID":"ch:1:sloid:57092","TU":3}},{"type":"Feature","id":386,"geometry":{"type":"Point","coordinates":[8.389872502971757,47.12497468633914]},"properties":{"OBJECTID":386,"UUID":"{CE4AF8CD-C21E-E711-AB4B-F04DA23FCE90}","HSTNAME":"Inwil, Nussbaum","VMITTEL":2,"BFS_NR":1033,"GEMEINDE":"Inwil","EINWOHNER":30,"ARBEITSPL":15,"RADIUS":300,"DIDOKNR":57124,"ANGSTUFE":2,"SLOID":"ch:1:sloid:57124","TU":3}},{"type":"Feature","id":387,"geometry":{"type":"Point","coordinates":[7.950631210453438,47.297636372173834]},"properties":{"OBJECTID":387,"UUID":"{CBE7C1D5-5A68-E611-B7C2-F04DA23F2F2A}","HSTNAME":"Zofingen, Ackerstrasse","VMITTEL":2,"BFS_NR":4289,"GEMEINDE":"Zofingen","EINWOHNER":0,"ARBEITSPL":0,"RADIUS":300,"DIDOKNR":72654,"ANGSTUFE":null,"SLOID":"ch:1:sloid:72654","TU":9}},{"type":"Feature","id":388,"geometry":{"type":"Point","coordinates":[8.0457567799442,47.30298588029002]},"properties":{"OBJECTID":388,"UUID":"{92E8C1D5-5A68-E611-B7C2-F04DA23F2F2A}","HSTNAME":"Schöftland, Dreistein","VMITTEL":2,"BFS_NR":4144,"GEMEINDE":"Schöftland","EINWOHNER":0,"ARBEITSPL":0,"RADIUS":300,"DIDOKNR":72656,"ANGSTUFE":null,"SLOID":"ch:1:sloid:72656","TU":3}},{"type":"Feature","id":389,"geometry":{"type":"Point","coordinates":[8.04213028478937,47.30269008095545]},"properties":{"OBJECTID":389,"UUID":"{35784CDB-5A68-E611-B7C2-F04DA23F2F2A}","HSTNAME":"Schöftland, Pikardie","VMITTEL":2,"BFS_NR":4144,"GEMEINDE":"Schöftland","EINWOHNER":0,"ARBEITSPL":0,"RADIUS":300,"DIDOKNR":72657,"ANGSTUFE":null,"SLOID":"ch:1:sloid:72657","TU":3}},{"type":"Feature","id":390,"geometry":{"type":"Point","coordinates":[8.050071002169172,47.30559856200446]},"properties":{"OBJECTID":390,"UUID":"{2FE9C1D5-5A68-E611-B7C2-F04DA23F2F2A}","HSTNAME":"Schöftland, Bahnhof","VMITTEL":2,"BFS_NR":4144,"GEMEINDE":"Schöftland","EINWOHNER":0,"ARBEITSPL":0,"RADIUS":300,"DIDOKNR":72648,"ANGSTUFE":null,"SLOID":"ch:1:sloid:72648","TU":3}},{"type":"Feature","id":391,"geometry":{"type":"Point","coordinates":[8.081623543093583,47.22984351505101]},"properties":{"OBJECTID":391,"UUID":"{C9754CDB-5A68-E611-B7C2-F04DA23F2F2A}","HSTNAME":"Triengen, Grund","VMITTEL":8,"BFS_NR":1104,"GEMEINDE":"Triengen","EINWOHNER":302,"ARBEITSPL":152,"RADIUS":300,"DIDOKNR":72670,"ANGSTUFE":3,"SLOID":"ch:1:sloid:72670","TU":3}},{"type":"Feature","id":392,"geometry":{"type":"Point","coordinates":[8.045012287467264,47.282832578128556]},"properties":{"OBJECTID":392,"UUID":"{0B784CDB-5A68-E611-B7C2-F04DA23F2F2A}","HSTNAME":"Staffelbach, Suhrenbrücke","VMITTEL":2,"BFS_NR":4284,"GEMEINDE":"Staffelbach","EINWOHNER":0,"ARBEITSPL":0,"RADIUS":300,"DIDOKNR":72660,"ANGSTUFE":null,"SLOID":"ch:1:sloid:72660","TU":3}},{"type":"Feature","id":393,"geometry":{"type":"Point","coordinates":[8.059815634857344,47.2804691633873]},"properties":{"OBJECTID":393,"UUID":"{B2794CDB-5A68-E611-B7C2-F04DA23F2F2A}","HSTNAME":"Kirchleerau, Fabrik Hunziker","VMITTEL":2,"BFS_NR":4275,"GEMEINDE":"Kirchleerau","EINWOHNER":0,"ARBEITSPL":0,"RADIUS":300,"DIDOKNR":72661,"ANGSTUFE":null,"SLOID":"ch:1:sloid:72661","TU":3}},{"type":"Feature","id":394,"geometry":{"type":"Point","coordinates":[8.077270776797441,47.23357361996702]},"properties":{"OBJECTID":394,"UUID":"{44774CDB-5A68-E611-B7C2-F04DA23F2F2A}","HSTNAME":"Triengen, Dorf","VMITTEL":8,"BFS_NR":1104,"GEMEINDE":"Triengen","EINWOHNER":1013,"ARBEITSPL":886,"RADIUS":300,"DIDOKNR":72669,"ANGSTUFE":3,"SLOID":"ch:1:sloid:72669","TU":3}},{"type":"Feature","id":395,"geometry":{"type":"Point","coordinates":[8.048718601404024,47.24740046272597]},"properties":{"OBJECTID":395,"UUID":"{0F794CDB-5A68-E611-B7C2-F04DA23F2F2A}","HSTNAME":"Reitnau, Halde","VMITTEL":2,"BFS_NR":4281,"GEMEINDE":"Reitnau","EINWOHNER":0,"ARBEITSPL":0,"RADIUS":300,"DIDOKNR":72666,"ANGSTUFE":null,"SLOID":"ch:1:sloid:72666","TU":3}},{"type":"Feature","id":396,"geometry":{"type":"Point","coordinates":[7.997985291726089,47.13032761365571]},"properties":{"OBJECTID":396,"UUID":"{80784CDB-5A68-E611-B7C2-F04DA23F2F2A}","HSTNAME":"Willisau, Widenmatt","VMITTEL":2,"BFS_NR":1151,"GEMEINDE":"Willisau","EINWOHNER":23,"ARBEITSPL":165,"RADIUS":300,"DIDOKNR":72802,"ANGSTUFE":4,"SLOID":"ch:1:sloid:72802","TU":3}},{"type":"Feature","id":397,"geometry":{"type":"Point","coordinates":[8.03966900238497,47.07336693558336]},"properties":{"OBJECTID":397,"UUID":"{58784CDB-5A68-E611-B7C2-F04DA23F2F2A}","HSTNAME":"Menznau, Untertreien","VMITTEL":2,"BFS_NR":1136,"GEMEINDE":"Menznau","EINWOHNER":7,"ARBEITSPL":2,"RADIUS":300,"DIDOKNR":72818,"ANGSTUFE":1,"SLOID":"ch:1:sloid:72818","TU":3}},{"type":"Feature","id":398,"geometry":{"type":"Point","coordinates":[8.041112200357217,47.08316506148783]},"properties":{"OBJECTID":398,"UUID":"{CD754CDB-5A68-E611-B7C2-F04DA23F2F2A}","HSTNAME":"Menznau, Bahnhof","VMITTEL":2,"BFS_NR":1136,"GEMEINDE":"Menznau","EINWOHNER":815,"ARBEITSPL":279,"RADIUS":300,"DIDOKNR":72816,"ANGSTUFE":1,"SLOID":"ch:1:sloid:72816","TU":3}},{"type":"Feature","id":399,"geometry":{"type":"Point","coordinates":[7.9530257879044575,47.06428840279579]},"properties":{"OBJECTID":399,"UUID":"{9A794CDB-5A68-E611-B7C2-F04DA23F2F2A}","HSTNAME":"Hübeli LU, Hintersagi","VMITTEL":2,"BFS_NR":1132,"GEMEINDE":"Hergiswil","EINWOHNER":110,"ARBEITSPL":27,"RADIUS":300,"DIDOKNR":72800,"ANGSTUFE":2,"SLOID":"ch:1:sloid:72800","TU":3}},{"type":"Feature","id":400,"geometry":{"type":"Point","coordinates":[7.95235036386605,47.058363603533515]},"properties":{"OBJECTID":400,"UUID":"{5A784CDB-5A68-E611-B7C2-F04DA23F2F2A}","HSTNAME":"Hübeli LU, Sagematt","VMITTEL":2,"BFS_NR":1132,"GEMEINDE":"Hergiswil","EINWOHNER":10,"ARBEITSPL":5,"RADIUS":300,"DIDOKNR":72801,"ANGSTUFE":2,"SLOID":"ch:1:sloid:72801","TU":3}},{"type":"Feature","id":401,"geometry":{"type":"Point","coordinates":[8.013027607375225,47.066693782881124]},"properties":{"OBJECTID":401,"UUID":"{C3754CDB-5A68-E611-B7C2-F04DA23F2F2A}","HSTNAME":"Menznau, Twerenegg","VMITTEL":2,"BFS_NR":1136,"GEMEINDE":"Menznau","EINWOHNER":20,"ARBEITSPL":9,"RADIUS":300,"DIDOKNR":72822,"ANGSTUFE":1,"SLOID":"ch:1:sloid:72822","TU":3}},{"type":"Feature","id":402,"geometry":{"type":"Point","coordinates":[8.013985351560185,47.14987596419571]},"properties":{"OBJECTID":402,"UUID":"{3E784CDB-5A68-E611-B7C2-F04DA23F2F2A}","HSTNAME":"Ettiswil, Hinterdorf","VMITTEL":2,"BFS_NR":1128,"GEMEINDE":"Ettiswil","EINWOHNER":342,"ARBEITSPL":60,"RADIUS":300,"DIDOKNR":72806,"ANGSTUFE":1,"SLOID":"ch:1:sloid:72806","TU":3}},{"type":"Feature","id":403,"geometry":{"type":"Point","coordinates":[8.001046798825916,47.155795667344115]},"properties":{"OBJECTID":403,"UUID":"{357A4CDB-5A68-E611-B7C2-F04DA23F2F2A}","HSTNAME":"Alberswil, Unterdorf","VMITTEL":2,"BFS_NR":1121,"GEMEINDE":"Alberswil","EINWOHNER":39,"ARBEITSPL":29,"RADIUS":300,"DIDOKNR":72807,"ANGSTUFE":3,"SLOID":"ch:1:sloid:72807","TU":3}},{"type":"Feature","id":404,"geometry":{"type":"Point","coordinates":[7.998648072000046,47.06004532544275]},"properties":{"OBJECTID":404,"UUID":"{BBE7C1D5-5A68-E611-B7C2-F04DA23F2F2A}","HSTNAME":"Menzberg, Buchen","VMITTEL":2,"BFS_NR":1136,"GEMEINDE":"Menznau","EINWOHNER":19,"ARBEITSPL":7,"RADIUS":300,"DIDOKNR":72823,"ANGSTUFE":1,"SLOID":"ch:1:sloid:72823","TU":3}},{"type":"Feature","id":405,"geometry":{"type":"Point","coordinates":[8.004471821846618,47.14172863221072]},"properties":{"OBJECTID":405,"UUID":"{B9794CDB-5A68-E611-B7C2-F04DA23F2F2A}","HSTNAME":"Alberswil, Burgrain","VMITTEL":2,"BFS_NR":1121,"GEMEINDE":"Alberswil","EINWOHNER":19,"ARBEITSPL":4,"RADIUS":300,"DIDOKNR":72804,"ANGSTUFE":4,"SLOID":"ch:1:sloid:72804","TU":3}},{"type":"Feature","id":406,"geometry":{"type":"Point","coordinates":[8.030221055565177,47.06432178084655]},"properties":{"OBJECTID":406,"UUID":"{B2784CDB-5A68-E611-B7C2-F04DA23F2F2A}","HSTNAME":"Menznau, Höhe","VMITTEL":2,"BFS_NR":1136,"GEMEINDE":"Menznau","EINWOHNER":19,"ARBEITSPL":6,"RADIUS":300,"DIDOKNR":72820,"ANGSTUFE":1,"SLOID":"ch:1:sloid:72820","TU":3}},{"type":"Feature","id":407,"geometry":{"type":"Point","coordinates":[7.968294506111095,47.196167425912435]},"properties":{"OBJECTID":407,"UUID":"{5C83F9D5-A54B-EE11-AEDF-00505692A170}","HSTNAME":"Altishofen, Bäckerei","VMITTEL":2,"BFS_NR":1123,"GEMEINDE":"Altishofen","EINWOHNER":276,"ARBEITSPL":30,"RADIUS":300,"DIDOKNR":72810,"ANGSTUFE":1,"SLOID":"ch:1:sloid:72810","TU":3}},{"type":"Feature","id":408,"geometry":{"type":"Point","coordinates":[7.967161826361373,47.201740470307605]},"properties":{"OBJECTID":408,"UUID":"{D0754CDB-5A68-E611-B7C2-F04DA23F2F2A}","HSTNAME":"Altishofen, Unterdorf","VMITTEL":2,"BFS_NR":1123,"GEMEINDE":"Altishofen","EINWOHNER":635,"ARBEITSPL":200,"RADIUS":300,"DIDOKNR":72811,"ANGSTUFE":1,"SLOID":"ch:1:sloid:72811","TU":3}},{"type":"Feature","id":409,"geometry":{"type":"Point","coordinates":[7.993323953457021,47.04543591941927]},"properties":{"OBJECTID":409,"UUID":"{A6764CDB-5A68-E611-B7C2-F04DA23F2F2A}","HSTNAME":"Menzberg, Hasenrank","VMITTEL":2,"BFS_NR":1136,"GEMEINDE":"Menznau","EINWOHNER":29,"ARBEITSPL":4,"RADIUS":300,"DIDOKNR":72826,"ANGSTUFE":1,"SLOID":"ch:1:sloid:72826","TU":3}},{"type":"Feature","id":410,"geometry":{"type":"Point","coordinates":[7.994397957243451,47.166972765565575]},"properties":{"OBJECTID":410,"UUID":"{B0E7C1D5-5A68-E611-B7C2-F04DA23F2F2A}","HSTNAME":"Schötz, Moosbrücke","VMITTEL":2,"BFS_NR":1143,"GEMEINDE":"Schötz","EINWOHNER":238,"ARBEITSPL":220,"RADIUS":300,"DIDOKNR":72808,"ANGSTUFE":3,"SLOID":"ch:1:sloid:72808","TU":3}},{"type":"Feature","id":411,"geometry":{"type":"Point","coordinates":[8.040504829773875,46.98825801775372]},"properties":{"OBJECTID":411,"UUID":"{B7E8C1D5-5A68-E611-B7C2-F04DA23F2F2A}","HSTNAME":"Habschwanden, Schulhaus","VMITTEL":2,"BFS_NR":1005,"GEMEINDE":"Hasle","EINWOHNER":32,"ARBEITSPL":10,"RADIUS":300,"DIDOKNR":72834,"ANGSTUFE":0,"SLOID":"ch:1:sloid:72834","TU":3}},{"type":"Feature","id":412,"geometry":{"type":"Point","coordinates":[7.992586877672742,47.04032118415348]},"properties":{"OBJECTID":412,"UUID":"{A8E8C1D5-5A68-E611-B7C2-F04DA23F2F2A}","HSTNAME":"Menzberg, Oberlehn/Napf","VMITTEL":2,"BFS_NR":1136,"GEMEINDE":"Menznau","EINWOHNER":12,"ARBEITSPL":1,"RADIUS":300,"DIDOKNR":72827,"ANGSTUFE":1,"SLOID":"ch:1:sloid:72827","TU":3}},{"type":"Feature","id":413,"geometry":{"type":"Point","coordinates":[7.985849826995663,47.17716902849087]},"properties":{"OBJECTID":413,"UUID":"{BF784CDB-5A68-E611-B7C2-F04DA23F2F2A}","HSTNAME":"Schötz, Neubühl","VMITTEL":2,"BFS_NR":1143,"GEMEINDE":"Schötz","EINWOHNER":372,"ARBEITSPL":413,"RADIUS":300,"DIDOKNR":72809,"ANGSTUFE":3,"SLOID":"ch:1:sloid:72809","TU":3}},{"type":"Feature","id":414,"geometry":{"type":"Point","coordinates":[8.02511168185051,46.98467660384269]},"properties":{"OBJECTID":414,"UUID":"{4B764CDB-5A68-E611-B7C2-F04DA23F2F2A}","HSTNAME":"Habschwanden, Ennetegg/Bachg.","VMITTEL":2,"BFS_NR":1005,"GEMEINDE":"Hasle","EINWOHNER":18,"ARBEITSPL":5,"RADIUS":300,"DIDOKNR":72835,"ANGSTUFE":0,"SLOID":"ch:1:sloid:72835","TU":3}},{"type":"Feature","id":415,"geometry":{"type":"Point","coordinates":[7.9985292157426215,47.05622293764873]},"properties":{"OBJECTID":415,"UUID":"{8E784CDB-5A68-E611-B7C2-F04DA23F2F2A}","HSTNAME":"Menzberg, Buchensäge","VMITTEL":2,"BFS_NR":1136,"GEMEINDE":"Menznau","EINWOHNER":5,"ARBEITSPL":7,"RADIUS":300,"DIDOKNR":72824,"ANGSTUFE":1,"SLOID":"ch:1:sloid:72824","TU":3}},{"type":"Feature","id":416,"geometry":{"type":"Point","coordinates":[8.050843743392264,46.97959473515813]},"properties":{"OBJECTID":416,"UUID":"{71AAEB66-7E46-EE11-AEDE-00505692A170}","HSTNAME":"Hasle LU, Post","VMITTEL":2,"BFS_NR":1005,"GEMEINDE":"Hasle","EINWOHNER":178,"ARBEITSPL":119,"RADIUS":300,"DIDOKNR":72832,"ANGSTUFE":0,"SLOID":"ch:1:sloid:72832","TU":3}},{"type":"Feature","id":417,"geometry":{"type":"Point","coordinates":[8.04715991939084,46.97811210108952]},"properties":{"OBJECTID":417,"UUID":"{4D774CDB-5A68-E611-B7C2-F04DA23F2F2A}","HSTNAME":"Hasle LU, Bahnhof","VMITTEL":2,"BFS_NR":1005,"GEMEINDE":"Hasle","EINWOHNER":141,"ARBEITSPL":194,"RADIUS":300,"DIDOKNR":72833,"ANGSTUFE":1,"SLOID":"ch:1:sloid:72833","TU":3}},{"type":"Feature","id":418,"geometry":{"type":"Point","coordinates":[8.062955062460805,47.029903529416984]},"properties":{"OBJECTID":418,"UUID":"{F0754CDB-5A68-E611-B7C2-F04DA23F2F2A}","HSTNAME":"Burgmatt (Fontannen)","VMITTEL":2,"BFS_NR":1001,"GEMEINDE":"Doppleschwand","EINWOHNER":5,"ARBEITSPL":1,"RADIUS":300,"DIDOKNR":72849,"ANGSTUFE":1,"SLOID":"ch:1:sloid:72849","TU":3}},{"type":"Feature","id":419,"geometry":{"type":"Point","coordinates":[7.995536884518274,47.04944608394436]},"properties":{"OBJECTID":419,"UUID":"{1BE9C1D5-5A68-E611-B7C2-F04DA23F2F2A}","HSTNAME":"Menzberg, Gutenegg","VMITTEL":2,"BFS_NR":1151,"GEMEINDE":"Willisau","EINWOHNER":4,"ARBEITSPL":19,"RADIUS":300,"DIDOKNR":72825,"ANGSTUFE":1,"SLOID":"ch:1:sloid:72825","TU":3}},{"type":"Feature","id":420,"geometry":{"type":"Point","coordinates":[7.990022430001539,46.981522287276306]},"properties":{"OBJECTID":420,"UUID":"{25E9C1D5-5A68-E611-B7C2-F04DA23F2F2A}","HSTNAME":"Bramboden, Seebli/Luogmoos","VMITTEL":2,"BFS_NR":1007,"GEMEINDE":"Romoos","EINWOHNER":19,"ARBEITSPL":5,"RADIUS":300,"DIDOKNR":72838,"ANGSTUFE":0,"SLOID":"ch:1:sloid:72838","TU":3}},{"type":"Feature","id":421,"geometry":{"type":"Point","coordinates":[8.021857800414208,47.008243002964356]},"properties":{"OBJECTID":421,"UUID":"{E8E8C1D5-5A68-E611-B7C2-F04DA23F2F2A}","HSTNAME":"Romoos, Talherrenburg","VMITTEL":2,"BFS_NR":1007,"GEMEINDE":"Romoos","EINWOHNER":16,"ARBEITSPL":5,"RADIUS":300,"DIDOKNR":72854,"ANGSTUFE":1,"SLOID":"ch:1:sloid:72854","TU":3}},{"type":"Feature","id":422,"geometry":{"type":"Point","coordinates":[8.167662916689467,47.02795515092058]},"properties":{"OBJECTID":422,"UUID":"{E8764CDB-5A68-E611-B7C2-F04DA23F2F2A}","HSTNAME":"Malters, Schürmatt","VMITTEL":2,"BFS_NR":1062,"GEMEINDE":"Malters","EINWOHNER":16,"ARBEITSPL":4,"RADIUS":300,"DIDOKNR":72830,"ANGSTUFE":2,"SLOID":"ch:1:sloid:72830","TU":3}},{"type":"Feature","id":423,"geometry":{"type":"Point","coordinates":[7.984767834609727,46.9792266156917]},"properties":{"OBJECTID":423,"UUID":"{02784CDB-5A68-E611-B7C2-F04DA23F2F2A}","HSTNAME":"Bramboden, Kirchplatz","VMITTEL":2,"BFS_NR":1007,"GEMEINDE":"Romoos","EINWOHNER":13,"ARBEITSPL":7,"RADIUS":300,"DIDOKNR":72839,"ANGSTUFE":0,"SLOID":"ch:1:sloid:72839","TU":3}},{"type":"Feature","id":424,"geometry":{"type":"Point","coordinates":[8.018242484735277,47.00346680308515]},"properties":{"OBJECTID":424,"UUID":"{04E9C1D5-5A68-E611-B7C2-F04DA23F2F2A}","HSTNAME":"Romoos, Stude","VMITTEL":2,"BFS_NR":1007,"GEMEINDE":"Romoos","EINWOHNER":5,"ARBEITSPL":3,"RADIUS":300,"DIDOKNR":72855,"ANGSTUFE":1,"SLOID":"ch:1:sloid:72855","TU":3}},{"type":"Feature","id":425,"geometry":{"type":"Point","coordinates":[8.018280828582943,46.981428002868356]},"properties":{"OBJECTID":425,"UUID":"{62784CDB-5A68-E611-B7C2-F04DA23F2F2A}","HSTNAME":"Habschwanden, Diepleschwand","VMITTEL":2,"BFS_NR":1002,"GEMEINDE":"Entlebuch","EINWOHNER":16,"ARBEITSPL":9,"RADIUS":300,"DIDOKNR":72836,"ANGSTUFE":0,"SLOID":"ch:1:sloid:72836","TU":3}},{"type":"Feature","id":426,"geometry":{"type":"Point","coordinates":[8.038025346436832,47.01699314545247]},"properties":{"OBJECTID":426,"UUID":"{76784CDB-5A68-E611-B7C2-F04DA23F2F2A}","HSTNAME":"Doppleschwand, Brüggweid","VMITTEL":2,"BFS_NR":1001,"GEMEINDE":"Doppleschwand","EINWOHNER":5,"ARBEITSPL":7,"RADIUS":300,"DIDOKNR":72852,"ANGSTUFE":1,"SLOID":"ch:1:sloid:72852","TU":3}},{"type":"Feature","id":427,"geometry":{"type":"Point","coordinates":[8.003773369559449,46.980501883695865]},"properties":{"OBJECTID":427,"UUID":"{5A794CDB-5A68-E611-B7C2-F04DA23F2F2A}","HSTNAME":"Bramboden, Glashütte","VMITTEL":2,"BFS_NR":1007,"GEMEINDE":"Romoos","EINWOHNER":1,"ARBEITSPL":0,"RADIUS":300,"DIDOKNR":72837,"ANGSTUFE":0,"SLOID":"ch:1:sloid:72837","TU":3}},{"type":"Feature","id":428,"geometry":{"type":"Point","coordinates":[8.182055843898103,47.03845947831793]},"properties":{"OBJECTID":428,"UUID":"{0C764CDB-5A68-E611-B7C2-F04DA23F2F2A}","HSTNAME":"Malters, Bahnhof","VMITTEL":2,"BFS_NR":1062,"GEMEINDE":"Malters","EINWOHNER":1134,"ARBEITSPL":837,"RADIUS":300,"DIDOKNR":72829,"ANGSTUFE":2,"SLOID":"ch:1:sloid:72829","TU":3}},{"type":"Feature","id":429,"geometry":{"type":"Point","coordinates":[8.029248663966177,47.011857321625385]},"properties":{"OBJECTID":429,"UUID":"{0FE9C1D5-5A68-E611-B7C2-F04DA23F2F2A}","HSTNAME":"Romoos, Flühboden","VMITTEL":2,"BFS_NR":1007,"GEMEINDE":"Romoos","EINWOHNER":50,"ARBEITSPL":10,"RADIUS":300,"DIDOKNR":72853,"ANGSTUFE":1,"SLOID":"ch:1:sloid:72853","TU":3}},{"type":"Feature","id":430,"geometry":{"type":"Point","coordinates":[7.9114997277932355,46.81249803051917]},"properties":{"OBJECTID":430,"UUID":"{2F7A4CDB-5A68-E611-B7C2-F04DA23F2F2A}","HSTNAME":"Bumbach, Bödeli","VMITTEL":2,"BFS_NR":906,"GEMEINDE":"Schangnau","EINWOHNER":0,"ARBEITSPL":0,"RADIUS":300,"DIDOKNR":72868,"ANGSTUFE":null,"SLOID":"ch:1:sloid:72868","TU":3}},{"type":"Feature","id":431,"geometry":{"type":"Point","coordinates":[8.071869177525915,47.05843280858136]},"properties":{"OBJECTID":431,"UUID":"{30E8C1D5-5A68-E611-B7C2-F04DA23F2F2A}","HSTNAME":"Wolhusen, Viadukt","VMITTEL":2,"BFS_NR":1107,"GEMEINDE":"Wolhusen","EINWOHNER":347,"ARBEITSPL":186,"RADIUS":300,"DIDOKNR":72843,"ANGSTUFE":2,"SLOID":"ch:1:sloid:72843","TU":3}},{"type":"Feature","id":432,"geometry":{"type":"Point","coordinates":[8.00430517924949,46.99856191183194]},"properties":{"OBJECTID":432,"UUID":"{A2764CDB-5A68-E611-B7C2-F04DA23F2F2A}","HSTNAME":"Romoos, Schwändi Zyberlibahn","VMITTEL":2,"BFS_NR":1007,"GEMEINDE":"Romoos","EINWOHNER":0,"ARBEITSPL":0,"RADIUS":300,"DIDOKNR":72858,"ANGSTUFE":1,"SLOID":"ch:1:sloid:72858","TU":3}},{"type":"Feature","id":433,"geometry":{"type":"Point","coordinates":[7.923691985494417,46.80889375775153]},"properties":{"OBJECTID":433,"UUID":"{17784CDB-5A68-E611-B7C2-F04DA23F2F2A}","HSTNAME":"Bumbach, Schwand","VMITTEL":2,"BFS_NR":906,"GEMEINDE":"Schangnau","EINWOHNER":0,"ARBEITSPL":0,"RADIUS":300,"DIDOKNR":72869,"ANGSTUFE":null,"SLOID":"ch:1:sloid:72869","TU":3}},{"type":"Feature","id":434,"geometry":{"type":"Point","coordinates":[7.996462192735288,47.00804537141488]},"properties":{"OBJECTID":434,"UUID":"{DA764CDB-5A68-E611-B7C2-F04DA23F2F2A}","HSTNAME":"Romoos, Holzwäge","VMITTEL":2,"BFS_NR":1007,"GEMEINDE":"Romoos","EINWOHNER":10,"ARBEITSPL":5,"RADIUS":300,"DIDOKNR":72859,"ANGSTUFE":0,"SLOID":"ch:1:sloid:72859","TU":3}},{"type":"Feature","id":435,"geometry":{"type":"Point","coordinates":[8.0793793190561,47.05573756213979]},"properties":{"OBJECTID":435,"UUID":"{63784CDB-5A68-E611-B7C2-F04DA23F2F2A}","HSTNAME":"Wolhusen, Bahnhof","VMITTEL":2,"BFS_NR":1107,"GEMEINDE":"Wolhusen","EINWOHNER":197,"ARBEITSPL":325,"RADIUS":300,"DIDOKNR":72840,"ANGSTUFE":3,"SLOID":"ch:1:sloid:72840","TU":3}},{"type":"Feature","id":436,"geometry":{"type":"Point","coordinates":[8.013059213110909,46.91592265362196]},"properties":{"OBJECTID":436,"UUID":"{8D774CDB-5A68-E611-B7C2-F04DA23F2F2A}","HSTNAME":"Flühli LU, Usser-Lamm","VMITTEL":2,"BFS_NR":1004,"GEMEINDE":"Flühli","EINWOHNER":3,"ARBEITSPL":2,"RADIUS":300,"DIDOKNR":72874,"ANGSTUFE":1,"SLOID":"ch:1:sloid:72874","TU":3}},{"type":"Feature","id":437,"geometry":{"type":"Point","coordinates":[8.0161275861018,46.99877290258235]},"properties":{"OBJECTID":437,"UUID":"{64794CDB-5A68-E611-B7C2-F04DA23F2F2A}","HSTNAME":"Romoos, Adlisberg","VMITTEL":2,"BFS_NR":1007,"GEMEINDE":"Romoos","EINWOHNER":10,"ARBEITSPL":6,"RADIUS":300,"DIDOKNR":72856,"ANGSTUFE":1,"SLOID":"ch:1:sloid:72856","TU":3}},{"type":"Feature","id":438,"geometry":{"type":"Point","coordinates":[8.014369086559288,46.996631850510916]},"properties":{"OBJECTID":438,"UUID":"{25784CDB-5A68-E611-B7C2-F04DA23F2F2A}","HSTNAME":"Romoos, Schmitteli","VMITTEL":2,"BFS_NR":1007,"GEMEINDE":"Romoos","EINWOHNER":15,"ARBEITSPL":3,"RADIUS":300,"DIDOKNR":72857,"ANGSTUFE":1,"SLOID":"ch:1:sloid:72857","TU":3}},{"type":"Feature","id":439,"geometry":{"type":"Point","coordinates":[8.069563320728482,47.04255980755058]},"properties":{"OBJECTID":439,"UUID":"{02764CDB-5A68-E611-B7C2-F04DA23F2F2A}","HSTNAME":"Wolhusen, Neuemsern-Rossei","VMITTEL":2,"BFS_NR":1009,"GEMEINDE":"Werthenstein","EINWOHNER":17,"ARBEITSPL":29,"RADIUS":300,"DIDOKNR":72846,"ANGSTUFE":1,"SLOID":"ch:1:sloid:72846","TU":3}},{"type":"Feature","id":440,"geometry":{"type":"Point","coordinates":[8.014847251920823,46.89287624049533]},"properties":{"OBJECTID":440,"UUID":"{16774CDB-5A68-E611-B7C2-F04DA23F2F2A}","HSTNAME":"Flühli LU, Matzenbach","VMITTEL":2,"BFS_NR":1004,"GEMEINDE":"Flühli","EINWOHNER":33,"ARBEITSPL":19,"RADIUS":300,"DIDOKNR":72875,"ANGSTUFE":1,"SLOID":"ch:1:sloid:72875","TU":3}},{"type":"Feature","id":441,"geometry":{"type":"Point","coordinates":[8.144219681695022,46.83677503810232]},"properties":{"OBJECTID":441,"UUID":"{A0774CDB-5A68-E611-B7C2-F04DA23F2F2A}","HSTNAME":"Giswil, Bärecken","VMITTEL":2,"BFS_NR":1403,"GEMEINDE":"Giswil","EINWOHNER":0,"ARBEITSPL":0,"RADIUS":300,"DIDOKNR":72890,"ANGSTUFE":null,"SLOID":"ch:1:sloid:72890","TU":3}},{"type":"Feature","id":442,"geometry":{"type":"Point","coordinates":[7.908987320280025,46.89550961359701]},"properties":{"OBJECTID":442,"UUID":"{FB764CDB-5A68-E611-B7C2-F04DA23F2F2A}","HSTNAME":"Wiggen, Egghus","VMITTEL":2,"BFS_NR":1010,"GEMEINDE":"Escholzmatt-Marbach","EINWOHNER":152,"ARBEITSPL":26,"RADIUS":300,"DIDOKNR":72862,"ANGSTUFE":2,"SLOID":"ch:1:sloid:72862","TU":3}},{"type":"Feature","id":443,"geometry":{"type":"Point","coordinates":[8.006839109735239,46.93978259019223]},"properties":{"OBJECTID":443,"UUID":"{4F774CDB-5A68-E611-B7C2-F04DA23F2F2A}","HSTNAME":"Schüpfheim, Badhus","VMITTEL":2,"BFS_NR":1008,"GEMEINDE":"Schüpfheim","EINWOHNER":51,"ARBEITSPL":26,"RADIUS":300,"DIDOKNR":72872,"ANGSTUFE":1,"SLOID":"ch:1:sloid:72872","TU":3}},{"type":"Feature","id":444,"geometry":{"type":"Point","coordinates":[8.0708814312912,47.056153446726036]},"properties":{"OBJECTID":444,"UUID":"{C7774CDB-5A68-E611-B7C2-F04DA23F2F2A}","HSTNAME":"Wolhusen, Markt","VMITTEL":2,"BFS_NR":1009,"GEMEINDE":"Werthenstein","EINWOHNER":504,"ARBEITSPL":236,"RADIUS":300,"DIDOKNR":72844,"ANGSTUFE":2,"SLOID":"ch:1:sloid:72844","TU":3}},{"type":"Feature","id":445,"geometry":{"type":"Point","coordinates":[8.154047257353424,46.830551939596816]},"properties":{"OBJECTID":445,"UUID":"{2A7A4CDB-5A68-E611-B7C2-F04DA23F2F2A}","HSTNAME":"Giswil, Rütimatt","VMITTEL":2,"BFS_NR":1403,"GEMEINDE":"Giswil","EINWOHNER":0,"ARBEITSPL":0,"RADIUS":300,"DIDOKNR":72891,"ANGSTUFE":null,"SLOID":"ch:1:sloid:72891","TU":3}},{"type":"Feature","id":446,"geometry":{"type":"Point","coordinates":[7.910075672240166,46.86993111854553]},"properties":{"OBJECTID":446,"UUID":"{AAE7C1D5-5A68-E611-B7C2-F04DA23F2F2A}","HSTNAME":"Marbach LU, Schufelbühl","VMITTEL":2,"BFS_NR":1010,"GEMEINDE":"Escholzmatt-Marbach","EINWOHNER":26,"ARBEITSPL":5,"RADIUS":300,"DIDOKNR":72863,"ANGSTUFE":2,"SLOID":"ch:1:sloid:72863","TU":3}},{"type":"Feature","id":447,"geometry":{"type":"Point","coordinates":[8.009633347641627,46.9357657425635]},"properties":{"OBJECTID":447,"UUID":"{78764CDB-5A68-E611-B7C2-F04DA23F2F2A}","HSTNAME":"Schüpfheim, Wegmattensäge","VMITTEL":2,"BFS_NR":1008,"GEMEINDE":"Schüpfheim","EINWOHNER":52,"ARBEITSPL":29,"RADIUS":300,"DIDOKNR":72873,"ANGSTUFE":1,"SLOID":"ch:1:sloid:72873","TU":3}},{"type":"Feature","id":448,"geometry":{"type":"Point","coordinates":[8.067428228277642,47.05126097209322]},"properties":{"OBJECTID":448,"UUID":"{1A784CDB-5A68-E611-B7C2-F04DA23F2F2A}","HSTNAME":"Wolhusen, Emsern","VMITTEL":2,"BFS_NR":1009,"GEMEINDE":"Werthenstein","EINWOHNER":493,"ARBEITSPL":229,"RADIUS":300,"DIDOKNR":72845,"ANGSTUFE":2,"SLOID":"ch:1:sloid:72845","TU":3}},{"type":"Feature","id":449,"geometry":{"type":"Point","coordinates":[8.132170067944866,46.82841975676554]},"properties":{"OBJECTID":449,"UUID":"{EC784CDB-5A68-E611-B7C2-F04DA23F2F2A}","HSTNAME":"Giswil, Abzw. Brosmatt","VMITTEL":2,"BFS_NR":1403,"GEMEINDE":"Giswil","EINWOHNER":0,"ARBEITSPL":0,"RADIUS":300,"DIDOKNR":72888,"ANGSTUFE":null,"SLOID":"ch:1:sloid:72888","TU":3}},{"type":"Feature","id":450,"geometry":{"type":"Point","coordinates":[8.056068161326854,47.02248363942645]},"properties":{"OBJECTID":450,"UUID":"{EB754CDB-5A68-E611-B7C2-F04DA23F2F2A}","HSTNAME":"Doppleschwand, Spittel","VMITTEL":2,"BFS_NR":1001,"GEMEINDE":"Doppleschwand","EINWOHNER":223,"ARBEITSPL":32,"RADIUS":300,"DIDOKNR":72850,"ANGSTUFE":1,"SLOID":"ch:1:sloid:72850","TU":3}},{"type":"Feature","id":451,"geometry":{"type":"Point","coordinates":[8.016494607520324,46.87153057379257]},"properties":{"OBJECTID":451,"UUID":"{93784CDB-5A68-E611-B7C2-F04DA23F2F2A}","HSTNAME":"Flühli LU, Hochwald","VMITTEL":2,"BFS_NR":1004,"GEMEINDE":"Flühli","EINWOHNER":24,"ARBEITSPL":5,"RADIUS":300,"DIDOKNR":72878,"ANGSTUFE":1,"SLOID":"ch:1:sloid:72878","TU":3}},{"type":"Feature","id":452,"geometry":{"type":"Point","coordinates":[8.044438161366894,47.018821522043034]},"properties":{"OBJECTID":452,"UUID":"{B8E7C1D5-5A68-E611-B7C2-F04DA23F2F2A}","HSTNAME":"Doppleschwand, Hohfuren","VMITTEL":2,"BFS_NR":1001,"GEMEINDE":"Doppleschwand","EINWOHNER":0,"ARBEITSPL":0,"RADIUS":300,"DIDOKNR":72851,"ANGSTUFE":1,"SLOID":"ch:1:sloid:72851","TU":3}},{"type":"Feature","id":453,"geometry":{"type":"Point","coordinates":[8.138154857292772,46.83485411428544]},"properties":{"OBJECTID":453,"UUID":"{C5E8C1D5-5A68-E611-B7C2-F04DA23F2F2A}","HSTNAME":"Giswil, Buechenegg","VMITTEL":2,"BFS_NR":1403,"GEMEINDE":"Giswil","EINWOHNER":0,"ARBEITSPL":0,"RADIUS":300,"DIDOKNR":72889,"ANGSTUFE":null,"SLOID":"ch:1:sloid:72889","TU":3}},{"type":"Feature","id":454,"geometry":{"type":"Point","coordinates":[7.874652419704256,46.81860837234266]},"properties":{"OBJECTID":454,"UUID":"{6E794CDB-5A68-E611-B7C2-F04DA23F2F2A}","HSTNAME":"Schangnau, Stein","VMITTEL":2,"BFS_NR":906,"GEMEINDE":"Schangnau","EINWOHNER":0,"ARBEITSPL":0,"RADIUS":300,"DIDOKNR":72866,"ANGSTUFE":null,"SLOID":"ch:1:sloid:72866","TU":3}},{"type":"Feature","id":455,"geometry":{"type":"Point","coordinates":[8.012726848885459,46.84662286623959]},"properties":{"OBJECTID":455,"UUID":"{50784CDB-5A68-E611-B7C2-F04DA23F2F2A}","HSTNAME":"Sörenberg, Mittlere Hirsegg","VMITTEL":2,"BFS_NR":1004,"GEMEINDE":"Flühli","EINWOHNER":4,"ARBEITSPL":1,"RADIUS":300,"DIDOKNR":72879,"ANGSTUFE":1,"SLOID":"ch:1:sloid:72879","TU":3}},{"type":"Feature","id":456,"geometry":{"type":"Point","coordinates":[7.880889108893559,46.81691128103875]},"properties":{"OBJECTID":456,"UUID":"{81774CDB-5A68-E611-B7C2-F04DA23F2F2A}","HSTNAME":"Schangnau, Leu","VMITTEL":2,"BFS_NR":906,"GEMEINDE":"Schangnau","EINWOHNER":0,"ARBEITSPL":0,"RADIUS":300,"DIDOKNR":72867,"ANGSTUFE":null,"SLOID":"ch:1:sloid:72867","TU":3}},{"type":"Feature","id":457,"geometry":{"type":"Point","coordinates":[8.016572613758749,46.88002195765387]},"properties":{"OBJECTID":457,"UUID":"{D3764CDB-5A68-E611-B7C2-F04DA23F2F2A}","HSTNAME":"Flühli LU, Torbach","VMITTEL":2,"BFS_NR":1004,"GEMEINDE":"Flühli","EINWOHNER":110,"ARBEITSPL":68,"RADIUS":300,"DIDOKNR":72876,"ANGSTUFE":1,"SLOID":"ch:1:sloid:72876","TU":3}},{"type":"Feature","id":458,"geometry":{"type":"Point","coordinates":[8.179266515618233,46.832523416519024]},"properties":{"OBJECTID":458,"UUID":"{0B7A4CDB-5A68-E611-B7C2-F04DA23F2F2A}","HSTNAME":"Giswil, Kirche","VMITTEL":2,"BFS_NR":1403,"GEMEINDE":"Giswil","EINWOHNER":0,"ARBEITSPL":0,"RADIUS":300,"DIDOKNR":72892,"ANGSTUFE":null,"SLOID":"ch:1:sloid:72892","TU":3}},{"type":"Feature","id":459,"geometry":{"type":"Point","coordinates":[7.875338378512791,46.83535535165214]},"properties":{"OBJECTID":459,"UUID":"{C0764CDB-5A68-E611-B7C2-F04DA23F2F2A}","HSTNAME":"Schangnau, Wald","VMITTEL":2,"BFS_NR":906,"GEMEINDE":"Schangnau","EINWOHNER":0,"ARBEITSPL":0,"RADIUS":300,"DIDOKNR":72864,"ANGSTUFE":null,"SLOID":"ch:1:sloid:72864","TU":3}},{"type":"Feature","id":460,"geometry":{"type":"Point","coordinates":[8.017407265844936,46.87589779245797]},"properties":{"OBJECTID":460,"UUID":"{FDE8C1D5-5A68-E611-B7C2-F04DA23F2F2A}","HSTNAME":"Flühli LU, Hüttlenen","VMITTEL":2,"BFS_NR":1004,"GEMEINDE":"Flühli","EINWOHNER":65,"ARBEITSPL":51,"RADIUS":300,"DIDOKNR":72877,"ANGSTUFE":1,"SLOID":"ch:1:sloid:72877","TU":3}},{"type":"Feature","id":461,"geometry":{"type":"Point","coordinates":[8.186312244749958,46.83679553714797]},"properties":{"OBJECTID":461,"UUID":"{327A4CDB-5A68-E611-B7C2-F04DA23F2F2A}","HSTNAME":"Giswil, Bahnhof","VMITTEL":2,"BFS_NR":1403,"GEMEINDE":"Giswil","EINWOHNER":0,"ARBEITSPL":0,"RADIUS":300,"DIDOKNR":72893,"ANGSTUFE":null,"SLOID":"ch:1:sloid:72893","TU":3}},{"type":"Feature","id":462,"geometry":{"type":"Point","coordinates":[7.8699970919102675,46.83292883065039]},"properties":{"OBJECTID":462,"UUID":"{B4774CDB-5A68-E611-B7C2-F04DA23F2F2A}","HSTNAME":"Schangnau, Grunachen","VMITTEL":2,"BFS_NR":906,"GEMEINDE":"Schangnau","EINWOHNER":0,"ARBEITSPL":0,"RADIUS":300,"DIDOKNR":72865,"ANGSTUFE":null,"SLOID":"ch:1:sloid:72865","TU":3}},{"type":"Feature","id":463,"geometry":{"type":"Point","coordinates":[8.030187538487095,46.823649167748854]},"properties":{"OBJECTID":463,"UUID":"{AD764CDB-5A68-E611-B7C2-F04DA23F2F2A}","HSTNAME":"Sörenberg, Schulhaus","VMITTEL":2,"BFS_NR":1004,"GEMEINDE":"Flühli","EINWOHNER":309,"ARBEITSPL":99,"RADIUS":300,"DIDOKNR":72882,"ANGSTUFE":2,"SLOID":"ch:1:sloid:72882","TU":3}},{"type":"Feature","id":464,"geometry":{"type":"Point","coordinates":[8.014645827023813,46.95008837543344]},"properties":{"OBJECTID":464,"UUID":"{0BE9C1D5-5A68-E611-B7C2-F04DA23F2F2A}","HSTNAME":"Schüpfheim, Bahnhof","VMITTEL":2,"BFS_NR":1008,"GEMEINDE":"Schüpfheim","EINWOHNER":610,"ARBEITSPL":651,"RADIUS":300,"DIDOKNR":72870,"ANGSTUFE":2,"SLOID":"ch:1:sloid:72870","TU":3}},{"type":"Feature","id":465,"geometry":{"type":"Point","coordinates":[8.244995952565807,46.898656625929036]},"properties":{"OBJECTID":465,"UUID":"{BEE8C1D5-5A68-E611-B7C2-F04DA23F2F2A}","HSTNAME":"Sarnen, Ei","VMITTEL":2,"BFS_NR":1407,"GEMEINDE":"Sarnen","EINWOHNER":0,"ARBEITSPL":0,"RADIUS":300,"DIDOKNR":72904,"ANGSTUFE":null,"SLOID":"ch:1:sloid:72904","TU":3}},{"type":"Feature","id":466,"geometry":{"type":"Point","coordinates":[8.260098480210646,46.897586739379506]},"properties":{"OBJECTID":466,"UUID":"{A2784CDB-5A68-E611-B7C2-F04DA23F2F2A}","HSTNAME":"Kerns, Foribach","VMITTEL":2,"BFS_NR":1404,"GEMEINDE":"Kerns","EINWOHNER":0,"ARBEITSPL":0,"RADIUS":300,"DIDOKNR":72898,"ANGSTUFE":null,"SLOID":"ch:1:sloid:72898","TU":3}},{"type":"Feature","id":467,"geometry":{"type":"Point","coordinates":[8.045468787055704,46.81669647312234]},"properties":{"OBJECTID":467,"UUID":"{9AE7C1D5-5A68-E611-B7C2-F04DA23F2F2A}","HSTNAME":"Sörenberg, Flühhütten","VMITTEL":2,"BFS_NR":1004,"GEMEINDE":"Flühli","EINWOHNER":75,"ARBEITSPL":9,"RADIUS":300,"DIDOKNR":72883,"ANGSTUFE":1,"SLOID":"ch:1:sloid:72883","TU":3}},{"type":"Feature","id":468,"geometry":{"type":"Point","coordinates":[8.218155470214207,46.88765181927515]},"properties":{"OBJECTID":468,"UUID":"{DEE8C1D5-5A68-E611-B7C2-F04DA23F2F2A}","HSTNAME":"Stalden (Sarnen), Brünischwand","VMITTEL":2,"BFS_NR":1407,"GEMEINDE":"Sarnen","EINWOHNER":0,"ARBEITSPL":0,"RADIUS":300,"DIDOKNR":72905,"ANGSTUFE":null,"SLOID":"ch:1:sloid:72905","TU":3}},{"type":"Feature","id":469,"geometry":{"type":"Point","coordinates":[8.007541045933097,46.944060930792965]},"properties":{"OBJECTID":469,"UUID":"{41764CDB-5A68-E611-B7C2-F04DA23F2F2A}","HSTNAME":"Schüpfheim, Landbrücke","VMITTEL":2,"BFS_NR":1008,"GEMEINDE":"Schüpfheim","EINWOHNER":248,"ARBEITSPL":88,"RADIUS":300,"DIDOKNR":72871,"ANGSTUFE":1,"SLOID":"ch:1:sloid:72871","TU":3}},{"type":"Feature","id":470,"geometry":{"type":"Point","coordinates":[8.2380547943704,46.89257020869079]},"properties":{"OBJECTID":470,"UUID":"{CA784CDB-5A68-E611-B7C2-F04DA23F2F2A}","HSTNAME":"Sarnen, Kirchhofen","VMITTEL":2,"BFS_NR":1407,"GEMEINDE":"Sarnen","EINWOHNER":0,"ARBEITSPL":0,"RADIUS":300,"DIDOKNR":72910,"ANGSTUFE":null,"SLOID":"ch:1:sloid:72910","TU":3}},{"type":"Feature","id":471,"geometry":{"type":"Point","coordinates":[8.025308720984805,46.82572528768093]},"properties":{"OBJECTID":471,"UUID":"{0E784CDB-5A68-E611-B7C2-F04DA23F2F2A}","HSTNAME":"Sörenberg, Camping","VMITTEL":2,"BFS_NR":1004,"GEMEINDE":"Flühli","EINWOHNER":10,"ARBEITSPL":3,"RADIUS":300,"DIDOKNR":72881,"ANGSTUFE":2,"SLOID":"ch:1:sloid:72881","TU":3}},{"type":"Feature","id":472,"geometry":{"type":"Point","coordinates":[8.27726495909999,46.88920418426874]},"properties":{"OBJECTID":472,"UUID":"{CA754CDB-5A68-E611-B7C2-F04DA23F2F2A}","HSTNAME":"Kerns, Bodacher","VMITTEL":2,"BFS_NR":1404,"GEMEINDE":"Kerns","EINWOHNER":0,"ARBEITSPL":0,"RADIUS":300,"DIDOKNR":72911,"ANGSTUFE":null,"SLOID":"ch:1:sloid:72911","TU":3}},{"type":"Feature","id":473,"geometry":{"type":"Point","coordinates":[8.247380789894011,46.894042988844376]},"properties":{"OBJECTID":473,"UUID":"{D6764CDB-5A68-E611-B7C2-F04DA23F2F2A}","HSTNAME":"Sarnen, Bahnhof","VMITTEL":2,"BFS_NR":1407,"GEMEINDE":"Sarnen","EINWOHNER":0,"ARBEITSPL":0,"RADIUS":300,"DIDOKNR":72897,"ANGSTUFE":null,"SLOID":"ch:1:sloid:72897","TU":3}},{"type":"Feature","id":474,"geometry":{"type":"Point","coordinates":[8.078785936701813,46.810703659977605]},"properties":{"OBJECTID":474,"UUID":"{C9784CDB-5A68-E611-B7C2-F04DA23F2F2A}","HSTNAME":"Giswil, Emmenrank","VMITTEL":2,"BFS_NR":1403,"GEMEINDE":"Giswil","EINWOHNER":0,"ARBEITSPL":0,"RADIUS":300,"DIDOKNR":72886,"ANGSTUFE":null,"SLOID":"ch:1:sloid:72886","TU":3}},{"type":"Feature","id":475,"geometry":{"type":"Point","coordinates":[8.27060525602161,46.9396738601802]},"properties":{"OBJECTID":475,"UUID":"{83E8C1D5-5A68-E611-B7C2-F04DA23F2F2A}","HSTNAME":"Alpnach Dorf, Brünigstrasse","VMITTEL":2,"BFS_NR":1401,"GEMEINDE":"Alpnach","EINWOHNER":0,"ARBEITSPL":0,"RADIUS":300,"DIDOKNR":72908,"ANGSTUFE":null,"SLOID":"ch:1:sloid:72908","TU":3}},{"type":"Feature","id":476,"geometry":{"type":"Point","coordinates":[8.327769012258324,46.94865415258162]},"properties":{"OBJECTID":476,"UUID":"{A8764CDB-5A68-E611-B7C2-F04DA23F2F2A}","HSTNAME":"Ennetmoos, Schützenhaus","VMITTEL":2,"BFS_NR":1506,"GEMEINDE":"Ennetmoos","EINWOHNER":0,"ARBEITSPL":0,"RADIUS":300,"DIDOKNR":72902,"ANGSTUFE":null,"SLOID":"ch:1:sloid:72902","TU":3}},{"type":"Feature","id":477,"geometry":{"type":"Point","coordinates":[8.123969560556972,46.830817056946735]},"properties":{"OBJECTID":477,"UUID":"{D1764CDB-5A68-E611-B7C2-F04DA23F2F2A}","HSTNAME":"Giswil, Jwi","VMITTEL":2,"BFS_NR":1403,"GEMEINDE":"Giswil","EINWOHNER":0,"ARBEITSPL":0,"RADIUS":300,"DIDOKNR":72887,"ANGSTUFE":null,"SLOID":"ch:1:sloid:72887","TU":3}},{"type":"Feature","id":478,"geometry":{"type":"Point","coordinates":[8.296943370164323,46.846984839347506]},"properties":{"OBJECTID":478,"UUID":"{17764CDB-5A68-E611-B7C2-F04DA23F2F2A}","HSTNAME":"Melchtal, gedeckte Brücke","VMITTEL":2,"BFS_NR":1404,"GEMEINDE":"Kerns","EINWOHNER":0,"ARBEITSPL":0,"RADIUS":300,"DIDOKNR":72914,"ANGSTUFE":null,"SLOID":"ch:1:sloid:72914","TU":3}},{"type":"Feature","id":479,"geometry":{"type":"Point","coordinates":[8.338626418117267,46.971022799331756]},"properties":{"OBJECTID":479,"UUID":"{CA764CDB-5A68-E611-B7C2-F04DA23F2F2A}","HSTNAME":"Stansstad, Seehof","VMITTEL":2,"BFS_NR":1510,"GEMEINDE":"Stansstad","EINWOHNER":0,"ARBEITSPL":0,"RADIUS":300,"DIDOKNR":72926,"ANGSTUFE":null,"SLOID":"ch:1:sloid:72926","TU":3}},{"type":"Feature","id":480,"geometry":{"type":"Point","coordinates":[8.049250397467594,46.81506612994117]},"properties":{"OBJECTID":480,"UUID":"{9AE8C1D5-5A68-E611-B7C2-F04DA23F2F2A}","HSTNAME":"Sörenberg, Schwändili","VMITTEL":2,"BFS_NR":1004,"GEMEINDE":"Flühli","EINWOHNER":8,"ARBEITSPL":1,"RADIUS":300,"DIDOKNR":72884,"ANGSTUFE":1,"SLOID":"ch:1:sloid:72884","TU":3}},{"type":"Feature","id":481,"geometry":{"type":"Point","coordinates":[8.292117146785804,46.837809187355084]},"properties":{"OBJECTID":481,"UUID":"{AD754CDB-5A68-E611-B7C2-F04DA23F2F2A}","HSTNAME":"Melchtal, Weidli","VMITTEL":2,"BFS_NR":1404,"GEMEINDE":"Kerns","EINWOHNER":0,"ARBEITSPL":0,"RADIUS":300,"DIDOKNR":72915,"ANGSTUFE":null,"SLOID":"ch:1:sloid:72915","TU":3}},{"type":"Feature","id":482,"geometry":{"type":"Point","coordinates":[8.339850646654005,46.957042791326096]},"properties":{"OBJECTID":482,"UUID":"{43E8C1D5-5A68-E611-B7C2-F04DA23F2F2A}","HSTNAME":"Ennetmoos, Morgenstern","VMITTEL":2,"BFS_NR":1506,"GEMEINDE":"Ennetmoos","EINWOHNER":0,"ARBEITSPL":0,"RADIUS":300,"DIDOKNR":72903,"ANGSTUFE":null,"SLOID":"ch:1:sloid:72903","TU":3}},{"type":"Feature","id":483,"geometry":{"type":"Point","coordinates":[8.342014112106817,46.97553900277275]},"properties":{"OBJECTID":483,"UUID":"{26784CDB-5A68-E611-B7C2-F04DA23F2F2A}","HSTNAME":"Stansstad, Schützen","VMITTEL":2,"BFS_NR":1510,"GEMEINDE":"Stansstad","EINWOHNER":0,"ARBEITSPL":0,"RADIUS":300,"DIDOKNR":72927,"ANGSTUFE":null,"SLOID":"ch:1:sloid:72927","TU":3}},{"type":"Feature","id":484,"geometry":{"type":"Point","coordinates":[8.056936623499752,46.81116570744509]},"properties":{"OBJECTID":484,"UUID":"{EC764CDB-5A68-E611-B7C2-F04DA23F2F2A}","HSTNAME":"Sörenberg, Habchegg","VMITTEL":2,"BFS_NR":1004,"GEMEINDE":"Flühli","EINWOHNER":11,"ARBEITSPL":3,"RADIUS":300,"DIDOKNR":72885,"ANGSTUFE":1,"SLOID":"ch:1:sloid:72885","TU":3}},{"type":"Feature","id":485,"geometry":{"type":"Point","coordinates":[8.280641212390465,46.87436333183386]},"properties":{"OBJECTID":485,"UUID":"{3AE8C1D5-5A68-E611-B7C2-F04DA23F2F2A}","HSTNAME":"St. Niklausen OW, Alpenblick","VMITTEL":2,"BFS_NR":1404,"GEMEINDE":"Kerns","EINWOHNER":0,"ARBEITSPL":0,"RADIUS":300,"DIDOKNR":72912,"ANGSTUFE":null,"SLOID":"ch:1:sloid:72912","TU":3}},{"type":"Feature","id":486,"geometry":{"type":"Point","coordinates":[8.299466134399736,46.9293404895632]},"properties":{"OBJECTID":486,"UUID":"{1D774CDB-5A68-E611-B7C2-F04DA23F2F2A}","HSTNAME":"Kerns, Kernwald","VMITTEL":2,"BFS_NR":1404,"GEMEINDE":"Kerns","EINWOHNER":0,"ARBEITSPL":0,"RADIUS":300,"DIDOKNR":72900,"ANGSTUFE":null,"SLOID":"ch:1:sloid:72900","TU":3}},{"type":"Feature","id":487,"geometry":{"type":"Point","coordinates":[8.345309599474612,46.96910802640173]},"properties":{"OBJECTID":487,"UUID":"{CAE8C1D5-5A68-E611-B7C2-F04DA23F2F2A}","HSTNAME":"Stans, Galgenried","VMITTEL":2,"BFS_NR":1509,"GEMEINDE":"Stans","EINWOHNER":0,"ARBEITSPL":0,"RADIUS":300,"DIDOKNR":72925,"ANGSTUFE":null,"SLOID":"ch:1:sloid:72925","TU":3}},{"type":"Feature","id":488,"geometry":{"type":"Point","coordinates":[8.296616929787994,46.85200697630782]},"properties":{"OBJECTID":488,"UUID":"{A1794CDB-5A68-E611-B7C2-F04DA23F2F2A}","HSTNAME":"St. Niklausen OW, Eistlibach","VMITTEL":2,"BFS_NR":1404,"GEMEINDE":"Kerns","EINWOHNER":0,"ARBEITSPL":0,"RADIUS":300,"DIDOKNR":72913,"ANGSTUFE":null,"SLOID":"ch:1:sloid:72913","TU":3}},{"type":"Feature","id":489,"geometry":{"type":"Point","coordinates":[8.1070022683883,47.200132629296355]},"properties":{"OBJECTID":489,"UUID":"{61774CDB-5A68-E611-B7C2-F04DA23F2F2A}","HSTNAME":"Geuensee, Sternen","VMITTEL":8,"BFS_NR":1085,"GEMEINDE":"Geuensee","EINWOHNER":828,"ARBEITSPL":74,"RADIUS":300,"DIDOKNR":72674,"ANGSTUFE":4,"SLOID":"ch:1:sloid:72674","TU":3}},{"type":"Feature","id":490,"geometry":{"type":"Point","coordinates":[8.171755322895185,46.84501289142837]},"properties":{"OBJECTID":490,"UUID":"{24774CDB-5A68-E611-B7C2-F04DA23F2F2A}","HSTNAME":"Grossteil, Unterni","VMITTEL":2,"BFS_NR":1403,"GEMEINDE":"Giswil","EINWOHNER":0,"ARBEITSPL":0,"RADIUS":300,"DIDOKNR":72918,"ANGSTUFE":null,"SLOID":"ch:1:sloid:72918","TU":3}},{"type":"Feature","id":491,"geometry":{"type":"Point","coordinates":[8.316613639191068,46.93884482969161]},"properties":{"OBJECTID":491,"UUID":"{B5E7C1D5-5A68-E611-B7C2-F04DA23F2F2A}","HSTNAME":"Ennetmoos, Waldheim","VMITTEL":2,"BFS_NR":1506,"GEMEINDE":"Ennetmoos","EINWOHNER":0,"ARBEITSPL":0,"RADIUS":300,"DIDOKNR":72901,"ANGSTUFE":null,"SLOID":"ch:1:sloid:72901","TU":3}},{"type":"Feature","id":492,"geometry":{"type":"Point","coordinates":[8.111098580432522,47.19527845881306]},"properties":{"OBJECTID":492,"UUID":"{AA774CDB-5A68-E611-B7C2-F04DA23F2F2A}","HSTNAME":"Geuensee, Ausserdorf","VMITTEL":8,"BFS_NR":1085,"GEMEINDE":"Geuensee","EINWOHNER":453,"ARBEITSPL":286,"RADIUS":300,"DIDOKNR":72675,"ANGSTUFE":4,"SLOID":"ch:1:sloid:72675","TU":3}},{"type":"Feature","id":493,"geometry":{"type":"Point","coordinates":[8.156199133235189,46.83170790412752]},"properties":{"OBJECTID":493,"UUID":"{72784CDB-5A68-E611-B7C2-F04DA23F2F2A}","HSTNAME":"Kleinteil, Post","VMITTEL":2,"BFS_NR":1403,"GEMEINDE":"Giswil","EINWOHNER":0,"ARBEITSPL":0,"RADIUS":300,"DIDOKNR":72919,"ANGSTUFE":null,"SLOID":"ch:1:sloid:72919","TU":3}},{"type":"Feature","id":494,"geometry":{"type":"Point","coordinates":[8.23857348994075,46.87096780776261]},"properties":{"OBJECTID":494,"UUID":"{8B764CDB-5A68-E611-B7C2-F04DA23F2F2A}","HSTNAME":"Sachseln, Bahnhof","VMITTEL":2,"BFS_NR":1406,"GEMEINDE":"Sachseln","EINWOHNER":0,"ARBEITSPL":0,"RADIUS":300,"DIDOKNR":72916,"ANGSTUFE":null,"SLOID":"ch:1:sloid:72916","TU":3}},{"type":"Feature","id":495,"geometry":{"type":"Point","coordinates":[8.174165667901214,46.838142679617675]},"properties":{"OBJECTID":495,"UUID":"{0E7A4CDB-5A68-E611-B7C2-F04DA23F2F2A}","HSTNAME":"Grossteil, Schulhaus","VMITTEL":2,"BFS_NR":1403,"GEMEINDE":"Giswil","EINWOHNER":0,"ARBEITSPL":0,"RADIUS":300,"DIDOKNR":72917,"ANGSTUFE":null,"SLOID":"ch:1:sloid:72917","TU":3}},{"type":"Feature","id":496,"geometry":{"type":"Point","coordinates":[8.10058662319335,47.20641220835149]},"properties":{"OBJECTID":496,"UUID":"{27794CDB-5A68-E611-B7C2-F04DA23F2F2A}","HSTNAME":"Büron, Eichenmoos","VMITTEL":8,"BFS_NR":1082,"GEMEINDE":"Büron","EINWOHNER":360,"ARBEITSPL":59,"RADIUS":300,"DIDOKNR":72673,"ANGSTUFE":4,"SLOID":"ch:1:sloid:72673","TU":3}},{"type":"Feature","id":497,"geometry":{"type":"Point","coordinates":[8.265224524013645,46.925427624843685]},"properties":{"OBJECTID":497,"UUID":"{8F794CDB-5A68-E611-B7C2-F04DA23F2F2A}","HSTNAME":"Kägiswil, Schlieren","VMITTEL":2,"BFS_NR":1401,"GEMEINDE":"Alpnach","EINWOHNER":0,"ARBEITSPL":0,"RADIUS":300,"DIDOKNR":72907,"ANGSTUFE":null,"SLOID":"ch:1:sloid:72907","TU":3}},{"type":"Feature","id":498,"geometry":{"type":"Point","coordinates":[7.946108757028275,47.294787043391]},"properties":{"OBJECTID":498,"UUID":"{97794CDB-5A68-E611-B7C2-F04DA23F2F2A}","HSTNAME":"Zofingen, Mühlethalstrasse","VMITTEL":2,"BFS_NR":4289,"GEMEINDE":"Zofingen","EINWOHNER":0,"ARBEITSPL":0,"RADIUS":300,"DIDOKNR":72677,"ANGSTUFE":null,"SLOID":"ch:1:sloid:72677","TU":9}},{"type":"Feature","id":499,"geometry":{"type":"Point","coordinates":[8.412499031839342,46.892829518026964]},"properties":{"OBJECTID":499,"UUID":"{15774CDB-5A68-E611-B7C2-F04DA23F2F2A}","HSTNAME":"Oberrickenbach, Schürmatt","VMITTEL":2,"BFS_NR":1511,"GEMEINDE":"Wolfenschiessen","EINWOHNER":0,"ARBEITSPL":0,"RADIUS":300,"DIDOKNR":72922,"ANGSTUFE":null,"SLOID":"ch:1:sloid:72922","TU":3}},{"type":"Feature","id":500,"geometry":{"type":"Point","coordinates":[8.356817898072823,46.96428466808236]},"properties":{"OBJECTID":500,"UUID":"{F1754CDB-5A68-E611-B7C2-F04DA23F2F2A}","HSTNAME":"Stans, Länderpark","VMITTEL":2,"BFS_NR":1509,"GEMEINDE":"Stans","EINWOHNER":0,"ARBEITSPL":0,"RADIUS":300,"DIDOKNR":72923,"ANGSTUFE":null,"SLOID":"ch:1:sloid:72923","TU":3}},{"type":"Feature","id":501,"geometry":{"type":"Point","coordinates":[8.407961811583014,46.894469304231066]},"properties":{"OBJECTID":501,"UUID":"{D4754CDB-5A68-E611-B7C2-F04DA23F2F2A}","HSTNAME":"Oberrickenbach, Burgholz","VMITTEL":2,"BFS_NR":1511,"GEMEINDE":"Wolfenschiessen","EINWOHNER":0,"ARBEITSPL":0,"RADIUS":300,"DIDOKNR":72921,"ANGSTUFE":null,"SLOID":"ch:1:sloid:72921","TU":3}},{"type":"Feature","id":502,"geometry":{"type":"Point","coordinates":[7.942695042899346,47.291698840387234]},"properties":{"OBJECTID":502,"UUID":"{98794CDB-5A68-E611-B7C2-F04DA23F2F2A}","HSTNAME":"Zofingen, Spitalgasse","VMITTEL":2,"BFS_NR":4289,"GEMEINDE":"Zofingen","EINWOHNER":0,"ARBEITSPL":0,"RADIUS":300,"DIDOKNR":72684,"ANGSTUFE":null,"SLOID":"ch:1:sloid:72684","TU":9}},{"type":"Feature","id":503,"geometry":{"type":"Point","coordinates":[7.913799107738283,47.27573892307815]},"properties":{"OBJECTID":503,"UUID":"{EDE7C1D5-5A68-E611-B7C2-F04DA23F2F2A}","HSTNAME":"Vordemwald, Weierdentsch","VMITTEL":2,"BFS_NR":4285,"GEMEINDE":"Strengelbach","EINWOHNER":0,"ARBEITSPL":0,"RADIUS":300,"DIDOKNR":72704,"ANGSTUFE":null,"SLOID":"ch:1:sloid:72704","TU":9}},{"type":"Feature","id":504,"geometry":{"type":"Point","coordinates":[7.9365101092668064,47.29618702495254]},"properties":{"OBJECTID":504,"UUID":"{5BE8C1D5-5A68-E611-B7C2-F04DA23F2F2A}","HSTNAME":"Oftringen, Ruhbank","VMITTEL":2,"BFS_NR":4280,"GEMEINDE":"Oftringen","EINWOHNER":0,"ARBEITSPL":0,"RADIUS":300,"DIDOKNR":72685,"ANGSTUFE":null,"SLOID":"ch:1:sloid:72685","TU":9}},{"type":"Feature","id":505,"geometry":{"type":"Point","coordinates":[7.906126621345748,47.276444851761774]},"properties":{"OBJECTID":505,"UUID":"{B1764CDB-5A68-E611-B7C2-F04DA23F2F2A}","HSTNAME":"Vordemwald, Iselishof","VMITTEL":2,"BFS_NR":4287,"GEMEINDE":"Vordemwald","EINWOHNER":0,"ARBEITSPL":0,"RADIUS":300,"DIDOKNR":72705,"ANGSTUFE":null,"SLOID":"ch:1:sloid:72705","TU":9}},{"type":"Feature","id":506,"geometry":{"type":"Point","coordinates":[7.937268256860789,47.282502869963075]},"properties":{"OBJECTID":506,"UUID":"{C3E7C1D5-5A68-E611-B7C2-F04DA23F2F2A}","HSTNAME":"Zofingen, Mühlewiese","VMITTEL":2,"BFS_NR":4289,"GEMEINDE":"Zofingen","EINWOHNER":0,"ARBEITSPL":0,"RADIUS":300,"DIDOKNR":72702,"ANGSTUFE":null,"SLOID":"ch:1:sloid:72702","TU":9}},{"type":"Feature","id":507,"geometry":{"type":"Point","coordinates":[7.899346147810078,47.228845024425176]},"properties":{"OBJECTID":507,"UUID":"{11764CDB-5A68-E611-B7C2-F04DA23F2F2A}","HSTNAME":"Pfaffnau, Dorfplatz","VMITTEL":2,"BFS_NR":1139,"GEMEINDE":"Pfaffnau","EINWOHNER":569,"ARBEITSPL":155,"RADIUS":300,"DIDOKNR":72710,"ANGSTUFE":2,"SLOID":"ch:1:sloid:72710","TU":9}},{"type":"Feature","id":508,"geometry":{"type":"Point","coordinates":[7.93266766792676,47.2809935555848]},"properties":{"OBJECTID":508,"UUID":"{287A4CDB-5A68-E611-B7C2-F04DA23F2F2A}","HSTNAME":"Strengelbach, Bifang","VMITTEL":2,"BFS_NR":4285,"GEMEINDE":"Strengelbach","EINWOHNER":0,"ARBEITSPL":0,"RADIUS":300,"DIDOKNR":72703,"ANGSTUFE":null,"SLOID":"ch:1:sloid:72703","TU":9}},{"type":"Feature","id":509,"geometry":{"type":"Point","coordinates":[7.888622459801569,47.21453167176316]},"properties":{"OBJECTID":509,"UUID":"{13E9C1D5-5A68-E611-B7C2-F04DA23F2F2A}","HSTNAME":"Roggliswil, Niederwil","VMITTEL":2,"BFS_NR":1142,"GEMEINDE":"Roggliswil","EINWOHNER":247,"ARBEITSPL":57,"RADIUS":300,"DIDOKNR":72711,"ANGSTUFE":3,"SLOID":"ch:1:sloid:72711","TU":9}},{"type":"Feature","id":510,"geometry":{"type":"Point","coordinates":[7.93944455264544,47.28764739785557]},"properties":{"OBJECTID":510,"UUID":"{C9764CDB-5A68-E611-B7C2-F04DA23F2F2A}","HSTNAME":"Zofingen, Henzmannstrasse","VMITTEL":2,"BFS_NR":4289,"GEMEINDE":"Zofingen","EINWOHNER":0,"ARBEITSPL":0,"RADIUS":300,"DIDOKNR":72700,"ANGSTUFE":null,"SLOID":"ch:1:sloid:72700","TU":9}},{"type":"Feature","id":511,"geometry":{"type":"Point","coordinates":[7.940155515149351,47.28452315957889]},"properties":{"OBJECTID":511,"UUID":"{A7784CDB-5A68-E611-B7C2-F04DA23F2F2A}","HSTNAME":"Zofingen, Falkeisenmatte","VMITTEL":2,"BFS_NR":4289,"GEMEINDE":"Zofingen","EINWOHNER":0,"ARBEITSPL":0,"RADIUS":300,"DIDOKNR":72701,"ANGSTUFE":null,"SLOID":"ch:1:sloid:72701","TU":9}},{"type":"Feature","id":512,"geometry":{"type":"Point","coordinates":[7.838993677325279,47.229636950805336]},"properties":{"OBJECTID":512,"UUID":"{D6754CDB-5A68-E611-B7C2-F04DA23F2F2A}","HSTNAME":"St. Urban, Klinik","VMITTEL":2,"BFS_NR":1139,"GEMEINDE":"Pfaffnau","EINWOHNER":30,"ARBEITSPL":802,"RADIUS":300,"DIDOKNR":72714,"ANGSTUFE":3,"SLOID":"ch:1:sloid:72714","TU":9}},{"type":"Feature","id":513,"geometry":{"type":"Point","coordinates":[7.840349324680128,47.227284609496074]},"properties":{"OBJECTID":513,"UUID":"{77E8C1D5-5A68-E611-B7C2-F04DA23F2F2A}","HSTNAME":"St. Urban, Birchmatt","VMITTEL":2,"BFS_NR":1139,"GEMEINDE":"Pfaffnau","EINWOHNER":204,"ARBEITSPL":10,"RADIUS":300,"DIDOKNR":72713,"ANGSTUFE":2,"SLOID":"ch:1:sloid:72713","TU":9}},{"type":"Feature","id":514,"geometry":{"type":"Point","coordinates":[7.896897070062236,47.27283901787467]},"properties":{"OBJECTID":514,"UUID":"{65E8C1D5-5A68-E611-B7C2-F04DA23F2F2A}","HSTNAME":"Vordemwald, Schulhaus","VMITTEL":2,"BFS_NR":4287,"GEMEINDE":"Vordemwald","EINWOHNER":0,"ARBEITSPL":0,"RADIUS":300,"DIDOKNR":72706,"ANGSTUFE":null,"SLOID":"ch:1:sloid:72706","TU":9}},{"type":"Feature","id":515,"geometry":{"type":"Point","coordinates":[7.836013689880034,47.23199488912886]},"properties":{"OBJECTID":515,"UUID":"{137A4CDB-5A68-E611-B7C2-F04DA23F2F2A}","HSTNAME":"St. Urban, Bahnhof","VMITTEL":2,"BFS_NR":337,"GEMEINDE":"Roggwil (BE)","EINWOHNER":27,"ARBEITSPL":32,"RADIUS":300,"DIDOKNR":72715,"ANGSTUFE":null,"SLOID":"ch:1:sloid:72715","TU":3}},{"type":"Feature","id":516,"geometry":{"type":"Point","coordinates":[7.929980259609252,47.286284898751525]},"properties":{"OBJECTID":516,"UUID":"{A5794CDB-5A68-E611-B7C2-F04DA23F2F2A}","HSTNAME":"Strengelbach, Hard","VMITTEL":2,"BFS_NR":4285,"GEMEINDE":"Strengelbach","EINWOHNER":0,"ARBEITSPL":0,"RADIUS":300,"DIDOKNR":72718,"ANGSTUFE":null,"SLOID":"ch:1:sloid:72718","TU":9}},{"type":"Feature","id":517,"geometry":{"type":"Point","coordinates":[7.892429738388909,47.26343923127123]},"properties":{"OBJECTID":517,"UUID":"{B9764CDB-5A68-E611-B7C2-F04DA23F2F2A}","HSTNAME":"Vordemwald, Rest. Tannenbaum","VMITTEL":2,"BFS_NR":4287,"GEMEINDE":"Vordemwald","EINWOHNER":0,"ARBEITSPL":0,"RADIUS":300,"DIDOKNR":72707,"ANGSTUFE":null,"SLOID":"ch:1:sloid:72707","TU":9}},{"type":"Feature","id":518,"geometry":{"type":"Point","coordinates":[7.8492529525185875,47.22263894977762]},"properties":{"OBJECTID":518,"UUID":"{F4784CDB-5A68-E611-B7C2-F04DA23F2F2A}","HSTNAME":"St. Urban, Sonnhalden","VMITTEL":2,"BFS_NR":1139,"GEMEINDE":"Pfaffnau","EINWOHNER":2,"ARBEITSPL":7,"RADIUS":300,"DIDOKNR":72712,"ANGSTUFE":2,"SLOID":"ch:1:sloid:72712","TU":9}},{"type":"Feature","id":519,"geometry":{"type":"Point","coordinates":[7.925682230510695,47.286078244803655]},"properties":{"OBJECTID":519,"UUID":"{197A4CDB-5A68-E611-B7C2-F04DA23F2F2A}","HSTNAME":"Strengelbach, Sägetstrasse","VMITTEL":2,"BFS_NR":4285,"GEMEINDE":"Strengelbach","EINWOHNER":0,"ARBEITSPL":0,"RADIUS":300,"DIDOKNR":72719,"ANGSTUFE":null,"SLOID":"ch:1:sloid:72719","TU":9}},{"type":"Feature","id":520,"geometry":{"type":"Point","coordinates":[7.936609795350694,47.28702103905872]},"properties":{"OBJECTID":520,"UUID":"{D4E8C1D5-5A68-E611-B7C2-F04DA23F2F2A}","HSTNAME":"Zofingen, Tagblatt","VMITTEL":2,"BFS_NR":4289,"GEMEINDE":"Zofingen","EINWOHNER":0,"ARBEITSPL":0,"RADIUS":300,"DIDOKNR":72716,"ANGSTUFE":null,"SLOID":"ch:1:sloid:72716","TU":9}},{"type":"Feature","id":521,"geometry":{"type":"Point","coordinates":[7.957660659343882,47.261476929134325]},"properties":{"OBJECTID":521,"UUID":"{E8E7C1D5-5A68-E611-B7C2-F04DA23F2F2A}","HSTNAME":"Brittnau-Wikon, Bahnhof","VMITTEL":2,"BFS_NR":1147,"GEMEINDE":"Wikon","EINWOHNER":0,"ARBEITSPL":0,"RADIUS":300,"DIDOKNR":72727,"ANGSTUFE":2,"SLOID":"ch:1:sloid:72727","TU":9}},{"type":"Feature","id":522,"geometry":{"type":"Point","coordinates":[7.932684709530821,47.28569769782836]},"properties":{"OBJECTID":522,"UUID":"{D7E7C1D5-5A68-E611-B7C2-F04DA23F2F2A}","HSTNAME":"Strengelbach, Schürliweg","VMITTEL":2,"BFS_NR":4285,"GEMEINDE":"Strengelbach","EINWOHNER":0,"ARBEITSPL":0,"RADIUS":300,"DIDOKNR":72717,"ANGSTUFE":null,"SLOID":"ch:1:sloid:72717","TU":9}},{"type":"Feature","id":523,"geometry":{"type":"Point","coordinates":[7.942734953582903,47.26789871287699]},"properties":{"OBJECTID":523,"UUID":"{8E764CDB-5A68-E611-B7C2-F04DA23F2F2A}","HSTNAME":"Brittnau, Kleinfeld","VMITTEL":2,"BFS_NR":4274,"GEMEINDE":"Brittnau","EINWOHNER":0,"ARBEITSPL":0,"RADIUS":300,"DIDOKNR":72724,"ANGSTUFE":null,"SLOID":"ch:1:sloid:72724","TU":9}},{"type":"Feature","id":524,"geometry":{"type":"Point","coordinates":[7.96253863365451,47.22831439966589]},"properties":{"OBJECTID":524,"UUID":"{88784CDB-5A68-E611-B7C2-F04DA23F2F2A}","HSTNAME":"Langnau bei Reiden, Oberdorf","VMITTEL":2,"BFS_NR":1140,"GEMEINDE":"Reiden","EINWOHNER":443,"ARBEITSPL":39,"RADIUS":300,"DIDOKNR":72733,"ANGSTUFE":1,"SLOID":"ch:1:sloid:72733","TU":9}},{"type":"Feature","id":525,"geometry":{"type":"Point","coordinates":[7.944464190814141,47.2621165300501]},"properties":{"OBJECTID":525,"UUID":"{7CE8C1D5-5A68-E611-B7C2-F04DA23F2F2A}","HSTNAME":"Brittnau, Einmündung Zelgli","VMITTEL":2,"BFS_NR":4274,"GEMEINDE":"Brittnau","EINWOHNER":0,"ARBEITSPL":0,"RADIUS":300,"DIDOKNR":72725,"ANGSTUFE":null,"SLOID":"ch:1:sloid:72725","TU":9}},{"type":"Feature","id":526,"geometry":{"type":"Point","coordinates":[7.929853654552569,47.27826218660112]},"properties":{"OBJECTID":526,"UUID":"{DF784CDB-5A68-E611-B7C2-F04DA23F2F2A}","HSTNAME":"Strengelbach, Gemeindehaus","VMITTEL":2,"BFS_NR":4285,"GEMEINDE":"Strengelbach","EINWOHNER":0,"ARBEITSPL":0,"RADIUS":300,"DIDOKNR":72722,"ANGSTUFE":null,"SLOID":"ch:1:sloid:72722","TU":9}},{"type":"Feature","id":527,"geometry":{"type":"Point","coordinates":[7.967699053851781,47.24674820067129]},"properties":{"OBJECTID":527,"UUID":"{21E9C1D5-5A68-E611-B7C2-F04DA23F2F2A}","HSTNAME":"Reiden, Friedmattstrasse","VMITTEL":2,"BFS_NR":1140,"GEMEINDE":"Reiden","EINWOHNER":805,"ARBEITSPL":154,"RADIUS":300,"DIDOKNR":72730,"ANGSTUFE":2,"SLOID":"ch:1:sloid:72730","TU":9}},{"type":"Feature","id":528,"geometry":{"type":"Point","coordinates":[7.927845904744797,47.24084363285515]},"properties":{"OBJECTID":528,"UUID":"{5EE8C1D5-5A68-E611-B7C2-F04DA23F2F2A}","HSTNAME":"Brittnau, Liebigen","VMITTEL":2,"BFS_NR":4274,"GEMEINDE":"Brittnau","EINWOHNER":0,"ARBEITSPL":0,"RADIUS":300,"DIDOKNR":72731,"ANGSTUFE":null,"SLOID":"ch:1:sloid:72731","TU":9}},{"type":"Feature","id":529,"geometry":{"type":"Point","coordinates":[7.941479265630056,47.27067456389603]},"properties":{"OBJECTID":529,"UUID":"{1D794CDB-5A68-E611-B7C2-F04DA23F2F2A}","HSTNAME":"Brittnau, Nelkenweg","VMITTEL":2,"BFS_NR":4274,"GEMEINDE":"Brittnau","EINWOHNER":0,"ARBEITSPL":0,"RADIUS":300,"DIDOKNR":72723,"ANGSTUFE":null,"SLOID":"ch:1:sloid:72723","TU":9}},{"type":"Feature","id":530,"geometry":{"type":"Point","coordinates":[7.918040874382335,47.09879194775071]},"properties":{"OBJECTID":530,"UUID":"{17E8C1D5-5A68-E611-B7C2-F04DA23F2F2A}","HSTNAME":"Hofstatt, Schachen","VMITTEL":2,"BFS_NR":1135,"GEMEINDE":"Luthern","EINWOHNER":9,"ARBEITSPL":2,"RADIUS":300,"DIDOKNR":72754,"ANGSTUFE":1,"SLOID":"ch:1:sloid:72754","TU":3}},{"type":"Feature","id":531,"geometry":{"type":"Point","coordinates":[7.934553022811476,47.29187801523439]},"properties":{"OBJECTID":531,"UUID":"{7AE8C1D5-5A68-E611-B7C2-F04DA23F2F2A}","HSTNAME":"Zofingen, Wässermattenweg","VMITTEL":2,"BFS_NR":4289,"GEMEINDE":"Zofingen","EINWOHNER":0,"ARBEITSPL":0,"RADIUS":300,"DIDOKNR":72742,"ANGSTUFE":null,"SLOID":"ch:1:sloid:72742","TU":9}},{"type":"Feature","id":532,"geometry":{"type":"Point","coordinates":[7.947310497754929,47.286054899366164]},"properties":{"OBJECTID":532,"UUID":"{B2764CDB-5A68-E611-B7C2-F04DA23F2F2A}","HSTNAME":"Zofingen, Oberer Stadteingang","VMITTEL":2,"BFS_NR":4289,"GEMEINDE":"Zofingen","EINWOHNER":0,"ARBEITSPL":0,"RADIUS":300,"DIDOKNR":72728,"ANGSTUFE":null,"SLOID":"ch:1:sloid:72728","TU":9}},{"type":"Feature","id":533,"geometry":{"type":"Point","coordinates":[7.912813903266766,47.09311972583005]},"properties":{"OBJECTID":533,"UUID":"{10774CDB-5A68-E611-B7C2-F04DA23F2F2A}","HSTNAME":"Hofstatt, Gyrstock","VMITTEL":2,"BFS_NR":1135,"GEMEINDE":"Luthern","EINWOHNER":8,"ARBEITSPL":1,"RADIUS":300,"DIDOKNR":72755,"ANGSTUFE":1,"SLOID":"ch:1:sloid:72755","TU":3}},{"type":"Feature","id":534,"geometry":{"type":"Point","coordinates":[7.9300245273925,47.29499950941803]},"properties":{"OBJECTID":534,"UUID":"{CC784CDB-5A68-E611-B7C2-F04DA23F2F2A}","HSTNAME":"Zofingen, Industrie Brühl","VMITTEL":2,"BFS_NR":4285,"GEMEINDE":"Strengelbach","EINWOHNER":0,"ARBEITSPL":0,"RADIUS":300,"DIDOKNR":72743,"ANGSTUFE":null,"SLOID":"ch:1:sloid:72743","TU":9}},{"type":"Feature","id":535,"geometry":{"type":"Point","coordinates":[7.926374113021903,47.28222560556766]},"properties":{"OBJECTID":535,"UUID":"{46774CDB-5A68-E611-B7C2-F04DA23F2F2A}","HSTNAME":"Strengelbach, Hardmattenweg","VMITTEL":2,"BFS_NR":4285,"GEMEINDE":"Strengelbach","EINWOHNER":0,"ARBEITSPL":0,"RADIUS":300,"DIDOKNR":72720,"ANGSTUFE":null,"SLOID":"ch:1:sloid:72720","TU":9}},{"type":"Feature","id":536,"geometry":{"type":"Point","coordinates":[7.896619249801049,47.11695925643702]},"properties":{"OBJECTID":536,"UUID":"{AD784CDB-5A68-E611-B7C2-F04DA23F2F2A}","HSTNAME":"Ufhusen, Käserei Dorf","VMITTEL":2,"BFS_NR":1145,"GEMEINDE":"Ufhusen","EINWOHNER":436,"ARBEITSPL":92,"RADIUS":300,"DIDOKNR":72752,"ANGSTUFE":1,"SLOID":"ch:1:sloid:72752","TU":3}},{"type":"Feature","id":537,"geometry":{"type":"Point","coordinates":[7.948969917529348,47.27043480367055]},"properties":{"OBJECTID":537,"UUID":"{9C794CDB-5A68-E611-B7C2-F04DA23F2F2A}","HSTNAME":"Brittnau, Lärchenweg","VMITTEL":2,"BFS_NR":4274,"GEMEINDE":"Brittnau","EINWOHNER":0,"ARBEITSPL":0,"RADIUS":300,"DIDOKNR":72740,"ANGSTUFE":null,"SLOID":"ch:1:sloid:72740","TU":9}},{"type":"Feature","id":538,"geometry":{"type":"Point","coordinates":[7.971285829851478,47.247460270836385]},"properties":{"OBJECTID":538,"UUID":"{DF794CDB-5A68-E611-B7C2-F04DA23F2F2A}","HSTNAME":"Reiden, Sonne","VMITTEL":2,"BFS_NR":1140,"GEMEINDE":"Reiden","EINWOHNER":1015,"ARBEITSPL":291,"RADIUS":300,"DIDOKNR":72729,"ANGSTUFE":3,"SLOID":"ch:1:sloid:72729","TU":9}},{"type":"Feature","id":539,"geometry":{"type":"Point","coordinates":[7.919687435215888,47.11054162607044]},"properties":{"OBJECTID":539,"UUID":"{167A4CDB-5A68-E611-B7C2-F04DA23F2F2A}","HSTNAME":"Ufhusen, Ruefswil","VMITTEL":2,"BFS_NR":1145,"GEMEINDE":"Ufhusen","EINWOHNER":32,"ARBEITSPL":17,"RADIUS":300,"DIDOKNR":72753,"ANGSTUFE":1,"SLOID":"ch:1:sloid:72753","TU":3}},{"type":"Feature","id":540,"geometry":{"type":"Point","coordinates":[7.957997215480761,47.278509186302976]},"properties":{"OBJECTID":540,"UUID":"{67794CDB-5A68-E611-B7C2-F04DA23F2F2A}","HSTNAME":"Zofingen, Haldenweg","VMITTEL":2,"BFS_NR":4289,"GEMEINDE":"Zofingen","EINWOHNER":0,"ARBEITSPL":0,"RADIUS":300,"DIDOKNR":72741,"ANGSTUFE":null,"SLOID":"ch:1:sloid:72741","TU":9}},{"type":"Feature","id":541,"geometry":{"type":"Point","coordinates":[7.91838404917439,47.067937299291785]},"properties":{"OBJECTID":541,"UUID":"{B8754CDB-5A68-E611-B7C2-F04DA23F2F2A}","HSTNAME":"Luthern, Wieden","VMITTEL":2,"BFS_NR":1135,"GEMEINDE":"Luthern","EINWOHNER":17,"ARBEITSPL":9,"RADIUS":300,"DIDOKNR":72758,"ANGSTUFE":1,"SLOID":"ch:1:sloid:72758","TU":3}},{"type":"Feature","id":542,"geometry":{"type":"Point","coordinates":[7.927744821531345,47.28034891321809]},"properties":{"OBJECTID":542,"UUID":"{93E7C1D5-5A68-E611-B7C2-F04DA23F2F2A}","HSTNAME":"Strengelbach, Seniorenzentrum","VMITTEL":2,"BFS_NR":4285,"GEMEINDE":"Strengelbach","EINWOHNER":0,"ARBEITSPL":0,"RADIUS":300,"DIDOKNR":72721,"ANGSTUFE":null,"SLOID":"ch:1:sloid:72721","TU":9}},{"type":"Feature","id":543,"geometry":{"type":"Point","coordinates":[7.9257808881270995,47.0387168714488]},"properties":{"OBJECTID":543,"UUID":"{D2E8C1D5-5A68-E611-B7C2-F04DA23F2F2A}","HSTNAME":"Luthern Bad, Chrutzi","VMITTEL":2,"BFS_NR":1135,"GEMEINDE":"Luthern","EINWOHNER":21,"ARBEITSPL":6,"RADIUS":300,"DIDOKNR":72759,"ANGSTUFE":1,"SLOID":"ch:1:sloid:72759","TU":3}},{"type":"Feature","id":544,"geometry":{"type":"Point","coordinates":[7.951748711080964,47.261175896744135]},"properties":{"OBJECTID":544,"UUID":"{95764CDB-5A68-E611-B7C2-F04DA23F2F2A}","HSTNAME":"Brittnau, Abzw. Bahnhof","VMITTEL":2,"BFS_NR":4274,"GEMEINDE":"Brittnau","EINWOHNER":0,"ARBEITSPL":0,"RADIUS":300,"DIDOKNR":72726,"ANGSTUFE":null,"SLOID":"ch:1:sloid:72726","TU":9}},{"type":"Feature","id":545,"geometry":{"type":"Point","coordinates":[7.9129290129611505,47.08826190306338]},"properties":{"OBJECTID":545,"UUID":"{DBE7C1D5-5A68-E611-B7C2-F04DA23F2F2A}","HSTNAME":"Hofstatt, Rüediswil","VMITTEL":2,"BFS_NR":1135,"GEMEINDE":"Luthern","EINWOHNER":32,"ARBEITSPL":31,"RADIUS":300,"DIDOKNR":72756,"ANGSTUFE":1,"SLOID":"ch:1:sloid:72756","TU":3}},{"type":"Feature","id":546,"geometry":{"type":"Point","coordinates":[7.944358111866256,47.28700390627719]},"properties":{"OBJECTID":546,"UUID":"{C8794CDB-5A68-E611-B7C2-F04DA23F2F2A}","HSTNAME":"Zofingen, Bahnhof","VMITTEL":2,"BFS_NR":4289,"GEMEINDE":"Zofingen","EINWOHNER":0,"ARBEITSPL":0,"RADIUS":300,"DIDOKNR":72745,"ANGSTUFE":null,"SLOID":"ch:1:sloid:72745","TU":9}},{"type":"Feature","id":547,"geometry":{"type":"Point","coordinates":[7.917929441506049,47.07747403048995]},"properties":{"OBJECTID":547,"UUID":"{ADE7C1D5-5A68-E611-B7C2-F04DA23F2F2A}","HSTNAME":"Hofstatt, Grünenboden","VMITTEL":2,"BFS_NR":1135,"GEMEINDE":"Luthern","EINWOHNER":24,"ARBEITSPL":12,"RADIUS":300,"DIDOKNR":72757,"ANGSTUFE":1,"SLOID":"ch:1:sloid:72757","TU":3}},{"type":"Feature","id":548,"geometry":{"type":"Point","coordinates":[7.988801086328738,47.17166803661743]},"properties":{"OBJECTID":548,"UUID":"{B5E8C1D5-5A68-E611-B7C2-F04DA23F2F2A}","HSTNAME":"Schötz, St. Mauritz","VMITTEL":2,"BFS_NR":1143,"GEMEINDE":"Schötz","EINWOHNER":1172,"ARBEITSPL":320,"RADIUS":300,"DIDOKNR":72763,"ANGSTUFE":3,"SLOID":"ch:1:sloid:72763","TU":3}},{"type":"Feature","id":549,"geometry":{"type":"Point","coordinates":[7.9262485994817045,47.13659960364613]},"properties":{"OBJECTID":549,"UUID":"{AD774CDB-5A68-E611-B7C2-F04DA23F2F2A}","HSTNAME":"Zell LU, Bahnhof","VMITTEL":2,"BFS_NR":1150,"GEMEINDE":"Zell","EINWOHNER":364,"ARBEITSPL":627,"RADIUS":300,"DIDOKNR":72768,"ANGSTUFE":2,"SLOID":"ch:1:sloid:72768","TU":3}},{"type":"Feature","id":550,"geometry":{"type":"Point","coordinates":[7.975170941065168,47.188364000341956]},"properties":{"OBJECTID":550,"UUID":"{C5774CDB-5A68-E611-B7C2-F04DA23F2F2A}","HSTNAME":"Nebikon, Käserei","VMITTEL":2,"BFS_NR":1137,"GEMEINDE":"Nebikon","EINWOHNER":555,"ARBEITSPL":230,"RADIUS":300,"DIDOKNR":72761,"ANGSTUFE":3,"SLOID":"ch:1:sloid:72761","TU":3}},{"type":"Feature","id":551,"geometry":{"type":"Point","coordinates":[7.839380802765288,47.22490437753393]},"properties":{"OBJECTID":551,"UUID":"{EB784CDB-5A68-E611-B7C2-F04DA23F2F2A}","HSTNAME":"St. Urban, Tundwilerweg","VMITTEL":2,"BFS_NR":1139,"GEMEINDE":"Pfaffnau","EINWOHNER":253,"ARBEITSPL":9,"RADIUS":300,"DIDOKNR":72785,"ANGSTUFE":2,"SLOID":"ch:1:sloid:72785","TU":3}},{"type":"Feature","id":552,"geometry":{"type":"Point","coordinates":[7.9226759235053725,47.1380179011157]},"properties":{"OBJECTID":552,"UUID":"{A0764CDB-5A68-E611-B7C2-F04DA23F2F2A}","HSTNAME":"Zell LU, St. Urbanstrasse","VMITTEL":2,"BFS_NR":1150,"GEMEINDE":"Zell","EINWOHNER":806,"ARBEITSPL":337,"RADIUS":300,"DIDOKNR":72769,"ANGSTUFE":2,"SLOID":"ch:1:sloid:72769","TU":3}},{"type":"Feature","id":553,"geometry":{"type":"Point","coordinates":[7.983274489442502,47.119810975198355]},"properties":{"OBJECTID":553,"UUID":"{0EE9C1D5-5A68-E611-B7C2-F04DA23F2F2A}","HSTNAME":"Willisau, Schlüsselacher","VMITTEL":2,"BFS_NR":1151,"GEMEINDE":"Willisau","EINWOHNER":914,"ARBEITSPL":11,"RADIUS":300,"DIDOKNR":72790,"ANGSTUFE":3,"SLOID":"ch:1:sloid:72790","TU":3}},{"type":"Feature","id":554,"geometry":{"type":"Point","coordinates":[7.886540934003745,47.17086075757987]},"properties":{"OBJECTID":554,"UUID":"{97764CDB-5A68-E611-B7C2-F04DA23F2F2A}","HSTNAME":"Grossdietwil, Post","VMITTEL":2,"BFS_NR":1131,"GEMEINDE":"Grossdietwil","EINWOHNER":290,"ARBEITSPL":112,"RADIUS":300,"DIDOKNR":72774,"ANGSTUFE":2,"SLOID":"ch:1:sloid:72774","TU":3}},{"type":"Feature","id":555,"geometry":{"type":"Point","coordinates":[7.948844195557933,47.17832832208387]},"properties":{"OBJECTID":555,"UUID":"{83784CDB-5A68-E611-B7C2-F04DA23F2F2A}","HSTNAME":"Ebersecken, Badachtal","VMITTEL":2,"BFS_NR":1123,"GEMEINDE":"Altishofen","EINWOHNER":21,"ARBEITSPL":13,"RADIUS":300,"DIDOKNR":72766,"ANGSTUFE":1,"SLOID":"ch:1:sloid:72766","TU":3}},{"type":"Feature","id":556,"geometry":{"type":"Point","coordinates":[7.9801832055510795,47.11905198923489]},"properties":{"OBJECTID":556,"UUID":"{A1764CDB-5A68-E611-B7C2-F04DA23F2F2A}","HSTNAME":"Willisau, Zopfmatt","VMITTEL":2,"BFS_NR":1151,"GEMEINDE":"Willisau","EINWOHNER":700,"ARBEITSPL":157,"RADIUS":300,"DIDOKNR":72791,"ANGSTUFE":3,"SLOID":"ch:1:sloid:72791","TU":3}},{"type":"Feature","id":557,"geometry":{"type":"Point","coordinates":[7.88374549331645,47.17414573478385]},"properties":{"OBJECTID":557,"UUID":"{0E794CDB-5A68-E611-B7C2-F04DA23F2F2A}","HSTNAME":"Grossdietwil, Sandgruebe","VMITTEL":2,"BFS_NR":1131,"GEMEINDE":"Grossdietwil","EINWOHNER":94,"ARBEITSPL":25,"RADIUS":300,"DIDOKNR":72775,"ANGSTUFE":2,"SLOID":"ch:1:sloid:72775","TU":3}},{"type":"Feature","id":558,"geometry":{"type":"Point","coordinates":[7.90700140054053,47.1575388527188]},"properties":{"OBJECTID":558,"UUID":"{8B784CDB-5A68-E611-B7C2-F04DA23F2F2A}","HSTNAME":"Fischbach LU, Krone","VMITTEL":2,"BFS_NR":1129,"GEMEINDE":"Fischbach","EINWOHNER":98,"ARBEITSPL":32,"RADIUS":300,"DIDOKNR":72772,"ANGSTUFE":2,"SLOID":"ch:1:sloid:72772","TU":3}},{"type":"Feature","id":559,"geometry":{"type":"Point","coordinates":[7.93530915558038,47.18119388514818]},"properties":{"OBJECTID":559,"UUID":"{8A774CDB-5A68-E611-B7C2-F04DA23F2F2A}","HSTNAME":"Ebersecken, Unterdorf","VMITTEL":2,"BFS_NR":1123,"GEMEINDE":"Altishofen","EINWOHNER":38,"ARBEITSPL":75,"RADIUS":300,"DIDOKNR":72767,"ANGSTUFE":1,"SLOID":"ch:1:sloid:72767","TU":3}},{"type":"Feature","id":560,"geometry":{"type":"Point","coordinates":[7.997171636210425,47.12210746343687]},"properties":{"OBJECTID":560,"UUID":"{82764CDB-5A68-E611-B7C2-F04DA23F2F2A}","HSTNAME":"Willisau, Bahnhof","VMITTEL":2,"BFS_NR":1151,"GEMEINDE":"Willisau","EINWOHNER":596,"ARBEITSPL":480,"RADIUS":300,"DIDOKNR":72788,"ANGSTUFE":4,"SLOID":"ch:1:sloid:72788","TU":3}},{"type":"Feature","id":561,"geometry":{"type":"Point","coordinates":[8.336117248832682,47.07098405244725]},"properties":{"OBJECTID":561,"UUID":"{5B794CDB-5A68-E611-B7C2-F04DA23F2F2A}","HSTNAME":"Ebikon, Schlössli","VMITTEL":2,"BFS_NR":1054,"GEMEINDE":"Ebikon","EINWOHNER":143,"ARBEITSPL":4,"RADIUS":300,"DIDOKNR":73060,"ANGSTUFE":3,"SLOID":"ch:1:sloid:73060","TU":11}},{"type":"Feature","id":562,"geometry":{"type":"Point","coordinates":[7.901376054281633,47.16276066543831]},"properties":{"OBJECTID":562,"UUID":"{F9794CDB-5A68-E611-B7C2-F04DA23F2F2A}","HSTNAME":"Fischbach LU, Reiferswil","VMITTEL":2,"BFS_NR":1129,"GEMEINDE":"Fischbach","EINWOHNER":12,"ARBEITSPL":16,"RADIUS":300,"DIDOKNR":72773,"ANGSTUFE":2,"SLOID":"ch:1:sloid:72773","TU":3}},{"type":"Feature","id":563,"geometry":{"type":"Point","coordinates":[8.342994960315055,47.07127194339641]},"properties":{"OBJECTID":563,"UUID":"{D8754CDB-5A68-E611-B7C2-F04DA23F2F2A}","HSTNAME":"Ebikon, Bühl","VMITTEL":2,"BFS_NR":1054,"GEMEINDE":"Ebikon","EINWOHNER":50,"ARBEITSPL":31,"RADIUS":300,"DIDOKNR":73061,"ANGSTUFE":3,"SLOID":"ch:1:sloid:73061","TU":11}},{"type":"Feature","id":564,"geometry":{"type":"Point","coordinates":[7.9747713730240415,47.17086168797378]},"properties":{"OBJECTID":564,"UUID":"{E5764CDB-5A68-E611-B7C2-F04DA23F2F2A}","HSTNAME":"Schötz, Feld","VMITTEL":2,"BFS_NR":1143,"GEMEINDE":"Schötz","EINWOHNER":50,"ARBEITSPL":66,"RADIUS":300,"DIDOKNR":72764,"ANGSTUFE":1,"SLOID":"ch:1:sloid:72764","TU":3}},{"type":"Feature","id":565,"geometry":{"type":"Point","coordinates":[7.963739280035099,47.105779505035905]},"properties":{"OBJECTID":565,"UUID":"{F9E8C1D5-5A68-E611-B7C2-F04DA23F2F2A}","HSTNAME":"Willisau, Breiten","VMITTEL":2,"BFS_NR":1151,"GEMEINDE":"Willisau","EINWOHNER":26,"ARBEITSPL":48,"RADIUS":300,"DIDOKNR":72794,"ANGSTUFE":2,"SLOID":"ch:1:sloid:72794","TU":3}},{"type":"Feature","id":566,"geometry":{"type":"Point","coordinates":[7.8763163885350505,47.183528870424055]},"properties":{"OBJECTID":566,"UUID":"{7F764CDB-5A68-E611-B7C2-F04DA23F2F2A}","HSTNAME":"Altbüron, Halde","VMITTEL":2,"BFS_NR":1122,"GEMEINDE":"Altbüron","EINWOHNER":71,"ARBEITSPL":61,"RADIUS":300,"DIDOKNR":72778,"ANGSTUFE":2,"SLOID":"ch:1:sloid:72778","TU":3}},{"type":"Feature","id":567,"geometry":{"type":"Point","coordinates":[7.963088357179455,47.10253524360944]},"properties":{"OBJECTID":567,"UUID":"{2D784CDB-5A68-E611-B7C2-F04DA23F2F2A}","HSTNAME":"Willisau, Feldmatt-Kapelle","VMITTEL":2,"BFS_NR":1151,"GEMEINDE":"Willisau","EINWOHNER":24,"ARBEITSPL":14,"RADIUS":300,"DIDOKNR":72795,"ANGSTUFE":2,"SLOID":"ch:1:sloid:72795","TU":3}},{"type":"Feature","id":568,"geometry":{"type":"Point","coordinates":[8.38107093770907,47.073430661538985]},"properties":{"OBJECTID":568,"UUID":"{EA754CDB-5A68-E611-B7C2-F04DA23F2F2A}","HSTNAME":"Adligenswil, Chliäbnet","VMITTEL":2,"BFS_NR":1051,"GEMEINDE":"Adligenswil","EINWOHNER":280,"ARBEITSPL":90,"RADIUS":300,"DIDOKNR":73066,"ANGSTUFE":3,"SLOID":"ch:1:sloid:73066","TU":3}},{"type":"Feature","id":569,"geometry":{"type":"Point","coordinates":[7.870873498514717,47.18754313157105]},"properties":{"OBJECTID":569,"UUID":"{037A4CDB-5A68-E611-B7C2-F04DA23F2F2A}","HSTNAME":"Altbüron, Feld","VMITTEL":2,"BFS_NR":1122,"GEMEINDE":"Altbüron","EINWOHNER":13,"ARBEITSPL":6,"RADIUS":300,"DIDOKNR":72779,"ANGSTUFE":2,"SLOID":"ch:1:sloid:72779","TU":3}},{"type":"Feature","id":570,"geometry":{"type":"Point","coordinates":[7.96897932528722,47.1747113621747]},"properties":{"OBJECTID":570,"UUID":"{B0754CDB-5A68-E611-B7C2-F04DA23F2F2A}","HSTNAME":"Schötz, Gläng","VMITTEL":2,"BFS_NR":1143,"GEMEINDE":"Schötz","EINWOHNER":21,"ARBEITSPL":6,"RADIUS":300,"DIDOKNR":72765,"ANGSTUFE":1,"SLOID":"ch:1:sloid:72765","TU":3}},{"type":"Feature","id":571,"geometry":{"type":"Point","coordinates":[7.975684000250656,47.117175115355806]},"properties":{"OBJECTID":571,"UUID":"{5D764CDB-5A68-E611-B7C2-F04DA23F2F2A}","HSTNAME":"Käppelimatt b. Willisau","VMITTEL":2,"BFS_NR":1151,"GEMEINDE":"Willisau","EINWOHNER":82,"ARBEITSPL":13,"RADIUS":300,"DIDOKNR":72792,"ANGSTUFE":3,"SLOID":"ch:1:sloid:72792","TU":3}},{"type":"Feature","id":572,"geometry":{"type":"Point","coordinates":[7.881633856696793,47.17880423095874]},"properties":{"OBJECTID":572,"UUID":"{68774CDB-5A68-E611-B7C2-F04DA23F2F2A}","HSTNAME":"Altbüron, Hiltbrunnen","VMITTEL":2,"BFS_NR":1122,"GEMEINDE":"Altbüron","EINWOHNER":128,"ARBEITSPL":35,"RADIUS":300,"DIDOKNR":72776,"ANGSTUFE":3,"SLOID":"ch:1:sloid:72776","TU":3}},{"type":"Feature","id":573,"geometry":{"type":"Point","coordinates":[8.367811218022354,47.07036323673368]},"properties":{"OBJECTID":573,"UUID":"{50E8C1D5-5A68-E611-B7C2-F04DA23F2F2A}","HSTNAME":"Adligenswil, Blatte","VMITTEL":2,"BFS_NR":1051,"GEMEINDE":"Adligenswil","EINWOHNER":516,"ARBEITSPL":79,"RADIUS":300,"DIDOKNR":73064,"ANGSTUFE":3,"SLOID":"ch:1:sloid:73064","TU":3}},{"type":"Feature","id":574,"geometry":{"type":"Point","coordinates":[7.9710142310034025,47.111359007197045]},"properties":{"OBJECTID":574,"UUID":"{C4E8C1D5-5A68-E611-B7C2-F04DA23F2F2A}","HSTNAME":"Willisau, Feld","VMITTEL":2,"BFS_NR":1151,"GEMEINDE":"Willisau","EINWOHNER":11,"ARBEITSPL":2,"RADIUS":300,"DIDOKNR":72793,"ANGSTUFE":2,"SLOID":"ch:1:sloid:72793","TU":3}},{"type":"Feature","id":575,"geometry":{"type":"Point","coordinates":[7.911068400725565,47.149174919269534]},"properties":{"OBJECTID":575,"UUID":"{F8754CDB-5A68-E611-B7C2-F04DA23F2F2A}","HSTNAME":"Fischbach LU, Leimbütz","VMITTEL":2,"BFS_NR":1129,"GEMEINDE":"Fischbach","EINWOHNER":155,"ARBEITSPL":27,"RADIUS":300,"DIDOKNR":72770,"ANGSTUFE":2,"SLOID":"ch:1:sloid:72770","TU":3}},{"type":"Feature","id":576,"geometry":{"type":"Point","coordinates":[8.378292857382107,47.07118652727979]},"properties":{"OBJECTID":576,"UUID":"{2CE9C1D5-5A68-E611-B7C2-F04DA23F2F2A}","HSTNAME":"Adligenswil, Sagi","VMITTEL":2,"BFS_NR":1051,"GEMEINDE":"Adligenswil","EINWOHNER":445,"ARBEITSPL":226,"RADIUS":300,"DIDOKNR":73065,"ANGSTUFE":3,"SLOID":"ch:1:sloid:73065","TU":3}},{"type":"Feature","id":577,"geometry":{"type":"Point","coordinates":[7.879752298659236,47.181006199951106]},"properties":{"OBJECTID":577,"UUID":"{C8764CDB-5A68-E611-B7C2-F04DA23F2F2A}","HSTNAME":"Altbüron, Post","VMITTEL":2,"BFS_NR":1122,"GEMEINDE":"Altbüron","EINWOHNER":130,"ARBEITSPL":182,"RADIUS":300,"DIDOKNR":72777,"ANGSTUFE":2,"SLOID":"ch:1:sloid:72777","TU":3}},{"type":"Feature","id":578,"geometry":{"type":"Point","coordinates":[7.957107680885872,47.08483298294056]},"properties":{"OBJECTID":578,"UUID":"{E5754CDB-5A68-E611-B7C2-F04DA23F2F2A}","HSTNAME":"Hergiswil LU, Dorf","VMITTEL":2,"BFS_NR":1132,"GEMEINDE":"Hergiswil","EINWOHNER":198,"ARBEITSPL":172,"RADIUS":300,"DIDOKNR":72798,"ANGSTUFE":2,"SLOID":"ch:1:sloid:72798","TU":3}},{"type":"Feature","id":579,"geometry":{"type":"Point","coordinates":[7.909356640161313,47.152438106192186]},"properties":{"OBJECTID":579,"UUID":"{2EE9C1D5-5A68-E611-B7C2-F04DA23F2F2A}","HSTNAME":"Fischbach LU, alte Post","VMITTEL":2,"BFS_NR":1129,"GEMEINDE":"Fischbach","EINWOHNER":214,"ARBEITSPL":17,"RADIUS":300,"DIDOKNR":72771,"ANGSTUFE":2,"SLOID":"ch:1:sloid:72771","TU":3}},{"type":"Feature","id":580,"geometry":{"type":"Point","coordinates":[8.401327644568765,47.090615231850144]},"properties":{"OBJECTID":580,"UUID":"{56E8C1D5-5A68-E611-B7C2-F04DA23F2F2A}","HSTNAME":"Udligenswil, alte Post","VMITTEL":2,"BFS_NR":1067,"GEMEINDE":"Udligenswil","EINWOHNER":726,"ARBEITSPL":163,"RADIUS":300,"DIDOKNR":73070,"ANGSTUFE":4,"SLOID":"ch:1:sloid:73070","TU":3}},{"type":"Feature","id":581,"geometry":{"type":"Point","coordinates":[7.952240407760438,47.075760740392326]},"properties":{"OBJECTID":581,"UUID":"{14E8C1D5-5A68-E611-B7C2-F04DA23F2F2A}","HSTNAME":"Hergiswil LU, Luegental","VMITTEL":2,"BFS_NR":1132,"GEMEINDE":"Hergiswil","EINWOHNER":23,"ARBEITSPL":36,"RADIUS":300,"DIDOKNR":72799,"ANGSTUFE":2,"SLOID":"ch:1:sloid:72799","TU":3}},{"type":"Feature","id":582,"geometry":{"type":"Point","coordinates":[8.404773128077462,47.093968660708114]},"properties":{"OBJECTID":582,"UUID":"{E8774CDB-5A68-E611-B7C2-F04DA23F2F2A}","HSTNAME":"Udligenswil, Schützenmatt","VMITTEL":2,"BFS_NR":1067,"GEMEINDE":"Udligenswil","EINWOHNER":232,"ARBEITSPL":29,"RADIUS":300,"DIDOKNR":73071,"ANGSTUFE":3,"SLOID":"ch:1:sloid:73071","TU":3}},{"type":"Feature","id":583,"geometry":{"type":"Point","coordinates":[8.391334583945852,47.07972388871842]},"properties":{"OBJECTID":583,"UUID":"{44784CDB-5A68-E611-B7C2-F04DA23F2F2A}","HSTNAME":"Udligenswil, Götzentalstrasse","VMITTEL":2,"BFS_NR":1067,"GEMEINDE":"Udligenswil","EINWOHNER":20,"ARBEITSPL":55,"RADIUS":300,"DIDOKNR":73068,"ANGSTUFE":4,"SLOID":"ch:1:sloid:73068","TU":3}},{"type":"Feature","id":584,"geometry":{"type":"Point","coordinates":[7.95993238167134,47.088211377118654]},"properties":{"OBJECTID":584,"UUID":"{267A4CDB-5A68-E611-B7C2-F04DA23F2F2A}","HSTNAME":"Hergiswil LU, Untere Schmiede","VMITTEL":2,"BFS_NR":1132,"GEMEINDE":"Hergiswil","EINWOHNER":260,"ARBEITSPL":25,"RADIUS":300,"DIDOKNR":72797,"ANGSTUFE":2,"SLOID":"ch:1:sloid:72797","TU":3}},{"type":"Feature","id":585,"geometry":{"type":"Point","coordinates":[8.398571185035916,47.08379263732731]},"properties":{"OBJECTID":585,"UUID":"{3D7A4CDB-5A68-E611-B7C2-F04DA23F2F2A}","HSTNAME":"Udligenswil, Neuheim","VMITTEL":2,"BFS_NR":1067,"GEMEINDE":"Udligenswil","EINWOHNER":305,"ARBEITSPL":23,"RADIUS":300,"DIDOKNR":73069,"ANGSTUFE":4,"SLOID":"ch:1:sloid:73069","TU":3}},{"type":"Feature","id":586,"geometry":{"type":"Point","coordinates":[7.857340220267393,47.20496210535482]},"properties":{"OBJECTID":586,"UUID":"{AAE8C1D5-5A68-E611-B7C2-F04DA23F2F2A}","HSTNAME":"St. Urban, Unterberghof","VMITTEL":2,"BFS_NR":1139,"GEMEINDE":"Pfaffnau","EINWOHNER":12,"ARBEITSPL":2,"RADIUS":300,"DIDOKNR":72781,"ANGSTUFE":2,"SLOID":"ch:1:sloid:72781","TU":3}},{"type":"Feature","id":587,"geometry":{"type":"Point","coordinates":[8.324028013686634,47.06779379311752]},"properties":{"OBJECTID":587,"UUID":"{53764CDB-5A68-E611-B7C2-F04DA23F2F2A}","HSTNAME":"Luzern, Unterlöchli","VMITTEL":3,"BFS_NR":1061,"GEMEINDE":"Luzern","EINWOHNER":492,"ARBEITSPL":177,"RADIUS":300,"DIDOKNR":73058,"ANGSTUFE":5,"SLOID":"ch:1:sloid:73058","TU":11}},{"type":"Feature","id":588,"geometry":{"type":"Point","coordinates":[8.434228153763554,47.11321974957178]},"properties":{"OBJECTID":588,"UUID":"{EB794CDB-5A68-E611-B7C2-F04DA23F2F2A}","HSTNAME":"Meierskappel, Feissenacher","VMITTEL":2,"BFS_NR":1064,"GEMEINDE":"Meierskappel","EINWOHNER":22,"ARBEITSPL":7,"RADIUS":300,"DIDOKNR":73075,"ANGSTUFE":3,"SLOID":"ch:1:sloid:73075","TU":3}},{"type":"Feature","id":589,"geometry":{"type":"Point","coordinates":[8.328621798322994,47.06996290297871]},"properties":{"OBJECTID":589,"UUID":"{6D794CDB-5A68-E611-B7C2-F04DA23F2F2A}","HSTNAME":"Ebikon, Schweizerheim","VMITTEL":2,"BFS_NR":1054,"GEMEINDE":"Ebikon","EINWOHNER":85,"ARBEITSPL":26,"RADIUS":300,"DIDOKNR":73059,"ANGSTUFE":3,"SLOID":"ch:1:sloid:73059","TU":11}},{"type":"Feature","id":590,"geometry":{"type":"Point","coordinates":[8.412741881357665,47.10046817846076]},"properties":{"OBJECTID":590,"UUID":"{057A4CDB-5A68-E611-B7C2-F04DA23F2F2A}","HSTNAME":"Udligenswil, Dreiangel","VMITTEL":2,"BFS_NR":1067,"GEMEINDE":"Udligenswil","EINWOHNER":8,"ARBEITSPL":6,"RADIUS":300,"DIDOKNR":73072,"ANGSTUFE":3,"SLOID":"ch:1:sloid:73072","TU":3}},{"type":"Feature","id":591,"geometry":{"type":"Point","coordinates":[8.439874209543312,47.119197766541156]},"properties":{"OBJECTID":591,"UUID":"{0C7A4CDB-5A68-E611-B7C2-F04DA23F2F2A}","HSTNAME":"Meierskappel, Käppelihof","VMITTEL":2,"BFS_NR":1064,"GEMEINDE":"Meierskappel","EINWOHNER":292,"ARBEITSPL":28,"RADIUS":300,"DIDOKNR":73076,"ANGSTUFE":3,"SLOID":"ch:1:sloid:73076","TU":3}},{"type":"Feature","id":592,"geometry":{"type":"Point","coordinates":[8.317754016776432,47.057871082882315]},"properties":{"OBJECTID":592,"UUID":"{77764CDB-5A68-E611-B7C2-F04DA23F2F2A}","HSTNAME":"Luzern, Gärtnerstrasse","VMITTEL":2,"BFS_NR":1061,"GEMEINDE":"Luzern","EINWOHNER":538,"ARBEITSPL":213,"RADIUS":300,"DIDOKNR":73056,"ANGSTUFE":4,"SLOID":"ch:1:sloid:73056","TU":11}},{"type":"Feature","id":593,"geometry":{"type":"Point","coordinates":[8.420569957239074,47.10637464268897]},"properties":{"OBJECTID":593,"UUID":"{C2E7C1D5-5A68-E611-B7C2-F04DA23F2F2A}","HSTNAME":"Meierskappel, Robmatt","VMITTEL":2,"BFS_NR":1064,"GEMEINDE":"Meierskappel","EINWOHNER":24,"ARBEITSPL":13,"RADIUS":300,"DIDOKNR":73073,"ANGSTUFE":3,"SLOID":"ch:1:sloid:73073","TU":3}},{"type":"Feature","id":594,"geometry":{"type":"Point","coordinates":[8.443245839635594,47.12470964209254]},"properties":{"OBJECTID":594,"UUID":"{19784CDB-5A68-E611-B7C2-F04DA23F2F2A}","HSTNAME":"Meierskappel, Dorfplatz","VMITTEL":2,"BFS_NR":1064,"GEMEINDE":"Meierskappel","EINWOHNER":696,"ARBEITSPL":99,"RADIUS":300,"DIDOKNR":73077,"ANGSTUFE":3,"SLOID":"ch:1:sloid:73077","TU":3}},{"type":"Feature","id":595,"geometry":{"type":"Point","coordinates":[8.44467189286819,47.13186665662343]},"properties":{"OBJECTID":595,"UUID":"{45764CDB-5A68-E611-B7C2-F04DA23F2F2A}","HSTNAME":"Rotkreuz, Breitfeld","VMITTEL":2,"BFS_NR":1707,"GEMEINDE":"Risch","EINWOHNER":0,"ARBEITSPL":0,"RADIUS":300,"DIDOKNR":73078,"ANGSTUFE":null,"SLOID":"ch:1:sloid:73078","TU":3}},{"type":"Feature","id":596,"geometry":{"type":"Point","coordinates":[8.350233532322274,47.07264502329604]},"properties":{"OBJECTID":596,"UUID":"{F9754CDB-5A68-E611-B7C2-F04DA23F2F2A}","HSTNAME":"Adligenswil, Stuben","VMITTEL":2,"BFS_NR":1051,"GEMEINDE":"Adligenswil","EINWOHNER":86,"ARBEITSPL":314,"RADIUS":300,"DIDOKNR":73062,"ANGSTUFE":3,"SLOID":"ch:1:sloid:73062","TU":11}},{"type":"Feature","id":597,"geometry":{"type":"Point","coordinates":[8.431958728165727,47.1365109386426]},"properties":{"OBJECTID":597,"UUID":"{42764CDB-5A68-E611-B7C2-F04DA23F2F2A}","HSTNAME":"Rotkreuz, Weidstrasse","VMITTEL":2,"BFS_NR":1707,"GEMEINDE":"Risch","EINWOHNER":0,"ARBEITSPL":0,"RADIUS":300,"DIDOKNR":73079,"ANGSTUFE":null,"SLOID":"ch:1:sloid:73079","TU":3}},{"type":"Feature","id":598,"geometry":{"type":"Point","coordinates":[8.359953001153093,47.073548000152634]},"properties":{"OBJECTID":598,"UUID":"{20E8C1D5-5A68-E611-B7C2-F04DA23F2F2A}","HSTNAME":"Adligenswil, Widspüel","VMITTEL":2,"BFS_NR":1051,"GEMEINDE":"Adligenswil","EINWOHNER":1014,"ARBEITSPL":126,"RADIUS":300,"DIDOKNR":73063,"ANGSTUFE":3,"SLOID":"ch:1:sloid:73063","TU":11}},{"type":"Feature","id":599,"geometry":{"type":"Point","coordinates":[8.432974186703287,47.1393717439673]},"properties":{"OBJECTID":599,"UUID":"{EA764CDB-5A68-E611-B7C2-F04DA23F2F2A}","HSTNAME":"Rotkreuz, Schulanlagen","VMITTEL":2,"BFS_NR":1707,"GEMEINDE":"Risch","EINWOHNER":0,"ARBEITSPL":0,"RADIUS":300,"DIDOKNR":73080,"ANGSTUFE":null,"SLOID":"ch:1:sloid:73080","TU":3}},{"type":"Feature","id":600,"geometry":{"type":"Point","coordinates":[8.430309831436984,47.1414367363631]},"properties":{"OBJECTID":600,"UUID":"{7C794CDB-5A68-E611-B7C2-F04DA23F2F2A}","HSTNAME":"Rotkreuz, Bahnhof Süd","VMITTEL":2,"BFS_NR":1707,"GEMEINDE":"Risch","EINWOHNER":0,"ARBEITSPL":0,"RADIUS":300,"DIDOKNR":73081,"ANGSTUFE":null,"SLOID":"ch:1:sloid:73081","TU":3}},{"type":"Feature","id":601,"geometry":{"type":"Point","coordinates":[8.336616757840934,46.9765889185816]},"properties":{"OBJECTID":601,"UUID":"{7C784CDB-5A68-E611-B7C2-F04DA23F2F2A}","HSTNAME":"Stansstad, Bahnhof","VMITTEL":2,"BFS_NR":1510,"GEMEINDE":"Stansstad","EINWOHNER":0,"ARBEITSPL":0,"RADIUS":300,"DIDOKNR":72928,"ANGSTUFE":null,"SLOID":"ch:1:sloid:72928","TU":3}},{"type":"Feature","id":602,"geometry":{"type":"Point","coordinates":[8.341951635042584,46.97807628994307]},"properties":{"OBJECTID":602,"UUID":"{D7E8C1D5-5A68-E611-B7C2-F04DA23F2F2A}","HSTNAME":"Stansstad, Bürgenstockstrasse","VMITTEL":2,"BFS_NR":1510,"GEMEINDE":"Stansstad","EINWOHNER":0,"ARBEITSPL":0,"RADIUS":300,"DIDOKNR":72929,"ANGSTUFE":null,"SLOID":"ch:1:sloid:72929","TU":3}},{"type":"Feature","id":603,"geometry":{"type":"Point","coordinates":[8.374763019380419,46.96176464460707]},"properties":{"OBJECTID":603,"UUID":"{3C7A4CDB-5A68-E611-B7C2-F04DA23F2F2A}","HSTNAME":"Stans, Mettenweg","VMITTEL":2,"BFS_NR":1509,"GEMEINDE":"Stans","EINWOHNER":0,"ARBEITSPL":0,"RADIUS":300,"DIDOKNR":72938,"ANGSTUFE":null,"SLOID":"ch:1:sloid:72938","TU":3}},{"type":"Feature","id":604,"geometry":{"type":"Point","coordinates":[8.343505030444371,46.97978222620056]},"properties":{"OBJECTID":604,"UUID":"{4D784CDB-5A68-E611-B7C2-F04DA23F2F2A}","HSTNAME":"Stansstad, Sommerweid","VMITTEL":2,"BFS_NR":1510,"GEMEINDE":"Stansstad","EINWOHNER":0,"ARBEITSPL":0,"RADIUS":300,"DIDOKNR":72930,"ANGSTUFE":null,"SLOID":"ch:1:sloid:72930","TU":3}},{"type":"Feature","id":605,"geometry":{"type":"Point","coordinates":[8.381454043799584,46.97241480507223]},"properties":{"OBJECTID":605,"UUID":"{36764CDB-5A68-E611-B7C2-F04DA23F2F2A}","HSTNAME":"Stans, Pilatuswerke","VMITTEL":2,"BFS_NR":1509,"GEMEINDE":"Stans","EINWOHNER":0,"ARBEITSPL":0,"RADIUS":300,"DIDOKNR":72939,"ANGSTUFE":null,"SLOID":"ch:1:sloid:72939","TU":3}},{"type":"Feature","id":606,"geometry":{"type":"Point","coordinates":[8.353487048807402,46.98011682965935]},"properties":{"OBJECTID":606,"UUID":"{9E764CDB-5A68-E611-B7C2-F04DA23F2F2A}","HSTNAME":"Stansstad, Seewli","VMITTEL":2,"BFS_NR":1510,"GEMEINDE":"Stansstad","EINWOHNER":0,"ARBEITSPL":0,"RADIUS":300,"DIDOKNR":72931,"ANGSTUFE":null,"SLOID":"ch:1:sloid:72931","TU":3}},{"type":"Feature","id":607,"geometry":{"type":"Point","coordinates":[8.414701194940287,46.97948617374351]},"properties":{"OBJECTID":607,"UUID":"{AC784CDB-5A68-E611-B7C2-F04DA23F2F2A}","HSTNAME":"Ennetbürgen, Strandbad","VMITTEL":2,"BFS_NR":1505,"GEMEINDE":"Ennetbürgen","EINWOHNER":0,"ARBEITSPL":0,"RADIUS":300,"DIDOKNR":72942,"ANGSTUFE":null,"SLOID":"ch:1:sloid:72942","TU":3}},{"type":"Feature","id":608,"geometry":{"type":"Point","coordinates":[8.408699086712678,46.98338731525497]},"properties":{"OBJECTID":608,"UUID":"{E3774CDB-5A68-E611-B7C2-F04DA23F2F2A}","HSTNAME":"Ennetbürgen, Oeltrotte","VMITTEL":2,"BFS_NR":1505,"GEMEINDE":"Ennetbürgen","EINWOHNER":0,"ARBEITSPL":0,"RADIUS":300,"DIDOKNR":72941,"ANGSTUFE":null,"SLOID":"ch:1:sloid:72941","TU":3}},{"type":"Feature","id":609,"geometry":{"type":"Point","coordinates":[8.559918436392747,46.95869048976149]},"properties":{"OBJECTID":609,"UUID":"{BA764CDB-5A68-E611-B7C2-F04DA23F2F2A}","HSTNAME":"Seelisberg, Laui","VMITTEL":2,"BFS_NR":1215,"GEMEINDE":"Seelisberg","EINWOHNER":0,"ARBEITSPL":0,"RADIUS":300,"DIDOKNR":72953,"ANGSTUFE":null,"SLOID":"ch:1:sloid:72953","TU":3}},{"type":"Feature","id":610,"geometry":{"type":"Point","coordinates":[8.447430103004079,46.971790296051985]},"properties":{"OBJECTID":610,"UUID":"{66794CDB-5A68-E611-B7C2-F04DA23F2F2A}","HSTNAME":"Buochs, Unterfeld","VMITTEL":2,"BFS_NR":1502,"GEMEINDE":"Buochs","EINWOHNER":0,"ARBEITSPL":0,"RADIUS":300,"DIDOKNR":72946,"ANGSTUFE":null,"SLOID":"ch:1:sloid:72946","TU":3}},{"type":"Feature","id":611,"geometry":{"type":"Point","coordinates":[8.585690612703655,46.97558201850324]},"properties":{"OBJECTID":611,"UUID":"{99E7C1D5-5A68-E611-B7C2-F04DA23F2F2A}","HSTNAME":"Seelisberg, Dorf","VMITTEL":2,"BFS_NR":1215,"GEMEINDE":"Seelisberg","EINWOHNER":0,"ARBEITSPL":0,"RADIUS":300,"DIDOKNR":72958,"ANGSTUFE":null,"SLOID":"ch:1:sloid:72958","TU":3}},{"type":"Feature","id":612,"geometry":{"type":"Point","coordinates":[8.41859409855785,46.97600756671271]},"properties":{"OBJECTID":612,"UUID":"{76E8C1D5-5A68-E611-B7C2-F04DA23F2F2A}","HSTNAME":"Buochs, Ausserdorf","VMITTEL":2,"BFS_NR":1502,"GEMEINDE":"Buochs","EINWOHNER":0,"ARBEITSPL":0,"RADIUS":300,"DIDOKNR":72943,"ANGSTUFE":null,"SLOID":"ch:1:sloid:72943","TU":3}},{"type":"Feature","id":613,"geometry":{"type":"Point","coordinates":[8.586971547509282,46.97832199937625]},"properties":{"OBJECTID":613,"UUID":"{F3764CDB-5A68-E611-B7C2-F04DA23F2F2A}","HSTNAME":"Seelisberg, Bahnhof","VMITTEL":2,"BFS_NR":1215,"GEMEINDE":"Seelisberg","EINWOHNER":0,"ARBEITSPL":0,"RADIUS":300,"DIDOKNR":72959,"ANGSTUFE":null,"SLOID":"ch:1:sloid:72959","TU":3}},{"type":"Feature","id":614,"geometry":{"type":"Point","coordinates":[8.156474208696839,47.203558913947]},"properties":{"OBJECTID":614,"UUID":"{20764CDB-5A68-E611-B7C2-F04DA23F2F2A}","HSTNAME":"Gunzwil, Hasenhusen","VMITTEL":2,"BFS_NR":1081,"GEMEINDE":"Beromünster","EINWOHNER":19,"ARBEITSPL":81,"RADIUS":300,"DIDOKNR":72971,"ANGSTUFE":3,"SLOID":"ch:1:sloid:72971","TU":3}},{"type":"Feature","id":615,"geometry":{"type":"Point","coordinates":[8.47906950536269,46.963950932943625]},"properties":{"OBJECTID":615,"UUID":"{4F784CDB-5A68-E611-B7C2-F04DA23F2F2A}","HSTNAME":"Beckenried, Boden","VMITTEL":2,"BFS_NR":1501,"GEMEINDE":"Beckenried","EINWOHNER":0,"ARBEITSPL":0,"RADIUS":300,"DIDOKNR":72947,"ANGSTUFE":null,"SLOID":"ch:1:sloid:72947","TU":3}},{"type":"Feature","id":616,"geometry":{"type":"Point","coordinates":[8.579515269945604,46.96516319352716]},"properties":{"OBJECTID":616,"UUID":"{19E8C1D5-5A68-E611-B7C2-F04DA23F2F2A}","HSTNAME":"Seelisberg, Schmidig","VMITTEL":2,"BFS_NR":1215,"GEMEINDE":"Seelisberg","EINWOHNER":0,"ARBEITSPL":0,"RADIUS":300,"DIDOKNR":72956,"ANGSTUFE":null,"SLOID":"ch:1:sloid:72956","TU":3}},{"type":"Feature","id":617,"geometry":{"type":"Point","coordinates":[8.39673882354228,46.97906193560626]},"properties":{"OBJECTID":617,"UUID":"{33764CDB-5A68-E611-B7C2-F04DA23F2F2A}","HSTNAME":"Ennetbürgen, Herdern","VMITTEL":2,"BFS_NR":1505,"GEMEINDE":"Ennetbürgen","EINWOHNER":0,"ARBEITSPL":0,"RADIUS":300,"DIDOKNR":72940,"ANGSTUFE":null,"SLOID":"ch:1:sloid:72940","TU":3}},{"type":"Feature","id":618,"geometry":{"type":"Point","coordinates":[8.586298798996406,46.97021425597722]},"properties":{"OBJECTID":618,"UUID":"{F7754CDB-5A68-E611-B7C2-F04DA23F2F2A}","HSTNAME":"Seelisberg, Hotel Sonnenberg","VMITTEL":2,"BFS_NR":1215,"GEMEINDE":"Seelisberg","EINWOHNER":0,"ARBEITSPL":0,"RADIUS":300,"DIDOKNR":72957,"ANGSTUFE":null,"SLOID":"ch:1:sloid:72957","TU":3}},{"type":"Feature","id":619,"geometry":{"type":"Point","coordinates":[8.416037482807925,46.97346557706061]},"properties":{"OBJECTID":619,"UUID":"{C7E7C1D5-5A68-E611-B7C2-F04DA23F2F2A}","HSTNAME":"Buochs, Schürmatt","VMITTEL":2,"BFS_NR":1502,"GEMEINDE":"Buochs","EINWOHNER":0,"ARBEITSPL":0,"RADIUS":300,"DIDOKNR":72944,"ANGSTUFE":null,"SLOID":"ch:1:sloid:72944","TU":3}},{"type":"Feature","id":620,"geometry":{"type":"Point","coordinates":[8.157260711906162,47.19234614548631]},"properties":{"OBJECTID":620,"UUID":"{E4764CDB-5A68-E611-B7C2-F04DA23F2F2A}","HSTNAME":"Gunzwil, Chommle","VMITTEL":2,"BFS_NR":1081,"GEMEINDE":"Beromünster","EINWOHNER":18,"ARBEITSPL":25,"RADIUS":300,"DIDOKNR":72969,"ANGSTUFE":3,"SLOID":"ch:1:sloid:72969","TU":3}},{"type":"Feature","id":621,"geometry":{"type":"Point","coordinates":[8.164126478654303,47.21404418690631]},"properties":{"OBJECTID":621,"UUID":"{A3764CDB-5A68-E611-B7C2-F04DA23F2F2A}","HSTNAME":"Gunzwil, Kagiswil","VMITTEL":2,"BFS_NR":1081,"GEMEINDE":"Beromünster","EINWOHNER":28,"ARBEITSPL":14,"RADIUS":300,"DIDOKNR":72974,"ANGSTUFE":3,"SLOID":"ch:1:sloid:72974","TU":3}},{"type":"Feature","id":622,"geometry":{"type":"Point","coordinates":[8.432278870461724,46.974018649287515]},"properties":{"OBJECTID":622,"UUID":"{00764CDB-5A68-E611-B7C2-F04DA23F2F2A}","HSTNAME":"Buochs, Linden","VMITTEL":2,"BFS_NR":1502,"GEMEINDE":"Buochs","EINWOHNER":0,"ARBEITSPL":0,"RADIUS":300,"DIDOKNR":72945,"ANGSTUFE":null,"SLOID":"ch:1:sloid:72945","TU":3}},{"type":"Feature","id":623,"geometry":{"type":"Point","coordinates":[8.505859470969245,46.958486954875866]},"properties":{"OBJECTID":623,"UUID":"{58774CDB-5A68-E611-B7C2-F04DA23F2F2A}","HSTNAME":"Emmetten, Schöneck","VMITTEL":2,"BFS_NR":1504,"GEMEINDE":"Emmetten","EINWOHNER":0,"ARBEITSPL":0,"RADIUS":300,"DIDOKNR":72950,"ANGSTUFE":null,"SLOID":"ch:1:sloid:72950","TU":3}},{"type":"Feature","id":624,"geometry":{"type":"Point","coordinates":[8.101356933550626,47.172694376219795]},"properties":{"OBJECTID":624,"UUID":"{87774CDB-5A68-E611-B7C2-F04DA23F2F2A}","HSTNAME":"Sursee, Park","VMITTEL":8,"BFS_NR":1103,"GEMEINDE":"Sursee","EINWOHNER":854,"ARBEITSPL":1505,"RADIUS":300,"DIDOKNR":72961,"ANGSTUFE":5,"SLOID":"ch:1:sloid:72961","TU":3}},{"type":"Feature","id":625,"geometry":{"type":"Point","coordinates":[8.179716998255087,47.211165483089346]},"properties":{"OBJECTID":625,"UUID":"{B8774CDB-5A68-E611-B7C2-F04DA23F2F2A}","HSTNAME":"Gunzwil, Dorf","VMITTEL":2,"BFS_NR":1081,"GEMEINDE":"Beromünster","EINWOHNER":839,"ARBEITSPL":170,"RADIUS":300,"DIDOKNR":72975,"ANGSTUFE":3,"SLOID":"ch:1:sloid:72975","TU":3}},{"type":"Feature","id":626,"geometry":{"type":"Point","coordinates":[8.134328849363596,47.18240346907351]},"properties":{"OBJECTID":626,"UUID":"{B8E8C1D5-5A68-E611-B7C2-F04DA23F2F2A}","HSTNAME":"Schenkon, Haldenweid","VMITTEL":2,"BFS_NR":1099,"GEMEINDE":"Schenkon","EINWOHNER":337,"ARBEITSPL":68,"RADIUS":300,"DIDOKNR":72966,"ANGSTUFE":3,"SLOID":"ch:1:sloid:72966","TU":3}},{"type":"Feature","id":627,"geometry":{"type":"Point","coordinates":[8.535631896563446,46.95843974490243]},"properties":{"OBJECTID":627,"UUID":"{BAE7C1D5-5A68-E611-B7C2-F04DA23F2F2A}","HSTNAME":"Emmetten, Hattig","VMITTEL":2,"BFS_NR":1504,"GEMEINDE":"Emmetten","EINWOHNER":0,"ARBEITSPL":0,"RADIUS":300,"DIDOKNR":72951,"ANGSTUFE":null,"SLOID":"ch:1:sloid:72951","TU":3}},{"type":"Feature","id":628,"geometry":{"type":"Point","coordinates":[8.074312620329467,47.19690854550354]},"properties":{"OBJECTID":628,"UUID":"{83764CDB-5A68-E611-B7C2-F04DA23F2F2A}","HSTNAME":"Knutwil, alte Post","VMITTEL":8,"BFS_NR":1089,"GEMEINDE":"Knutwil","EINWOHNER":119,"ARBEITSPL":8,"RADIUS":300,"DIDOKNR":72984,"ANGSTUFE":2,"SLOID":"ch:1:sloid:72984","TU":3}},{"type":"Feature","id":629,"geometry":{"type":"Point","coordinates":[8.484983401393043,46.961962970259414]},"properties":{"OBJECTID":629,"UUID":"{EAE7C1D5-5A68-E611-B7C2-F04DA23F2F2A}","HSTNAME":"Beckenried, Fellerwil","VMITTEL":2,"BFS_NR":1501,"GEMEINDE":"Beckenried","EINWOHNER":0,"ARBEITSPL":0,"RADIUS":300,"DIDOKNR":72948,"ANGSTUFE":null,"SLOID":"ch:1:sloid:72948","TU":3}},{"type":"Feature","id":630,"geometry":{"type":"Point","coordinates":[8.13860943414986,47.18285426790853]},"properties":{"OBJECTID":630,"UUID":"{A6754CDB-5A68-E611-B7C2-F04DA23F2F2A}","HSTNAME":"Schenkon, Tannberg","VMITTEL":2,"BFS_NR":1099,"GEMEINDE":"Schenkon","EINWOHNER":282,"ARBEITSPL":23,"RADIUS":300,"DIDOKNR":72967,"ANGSTUFE":3,"SLOID":"ch:1:sloid:72967","TU":3}},{"type":"Feature","id":631,"geometry":{"type":"Point","coordinates":[8.033430482122013,47.20184022743905]},"properties":{"OBJECTID":631,"UUID":"{C0774CDB-5A68-E611-B7C2-F04DA23F2F2A}","HSTNAME":"Buchs LU, Wendeplatz","VMITTEL":8,"BFS_NR":1125,"GEMEINDE":"Dagmersellen","EINWOHNER":84,"ARBEITSPL":35,"RADIUS":300,"DIDOKNR":72990,"ANGSTUFE":1,"SLOID":"ch:1:sloid:72990","TU":3}},{"type":"Feature","id":632,"geometry":{"type":"Point","coordinates":[8.572730940590063,46.963125437368205]},"properties":{"OBJECTID":632,"UUID":"{A7E7C1D5-5A68-E611-B7C2-F04DA23F2F2A}","HSTNAME":"Seelisberg, Geissweg","VMITTEL":2,"BFS_NR":1215,"GEMEINDE":"Seelisberg","EINWOHNER":0,"ARBEITSPL":0,"RADIUS":300,"DIDOKNR":72954,"ANGSTUFE":null,"SLOID":"ch:1:sloid:72954","TU":3}},{"type":"Feature","id":633,"geometry":{"type":"Point","coordinates":[8.138041742275986,47.17272923369388]},"properties":{"OBJECTID":633,"UUID":"{F4764CDB-5A68-E611-B7C2-F04DA23F2F2A}","HSTNAME":"Schenkon, Dorf","VMITTEL":2,"BFS_NR":1099,"GEMEINDE":"Schenkon","EINWOHNER":598,"ARBEITSPL":114,"RADIUS":300,"DIDOKNR":72964,"ANGSTUFE":3,"SLOID":"ch:1:sloid:72964","TU":3}},{"type":"Feature","id":634,"geometry":{"type":"Point","coordinates":[8.018344362431604,47.21030938162073]},"properties":{"OBJECTID":634,"UUID":"{31764CDB-5A68-E611-B7C2-F04DA23F2F2A}","HSTNAME":"Uffikon, Kantonsstrasse","VMITTEL":8,"BFS_NR":1125,"GEMEINDE":"Dagmersellen","EINWOHNER":293,"ARBEITSPL":56,"RADIUS":300,"DIDOKNR":72991,"ANGSTUFE":1,"SLOID":"ch:1:sloid:72991","TU":3}},{"type":"Feature","id":635,"geometry":{"type":"Point","coordinates":[8.577392377000105,46.96420373009836]},"properties":{"OBJECTID":635,"UUID":"{EAE8C1D5-5A68-E611-B7C2-F04DA23F2F2A}","HSTNAME":"Seelisberg, Seeli","VMITTEL":2,"BFS_NR":1215,"GEMEINDE":"Seelisberg","EINWOHNER":0,"ARBEITSPL":0,"RADIUS":300,"DIDOKNR":72955,"ANGSTUFE":null,"SLOID":"ch:1:sloid:72955","TU":3}},{"type":"Feature","id":636,"geometry":{"type":"Point","coordinates":[8.130403654868198,47.17882008640359]},"properties":{"OBJECTID":636,"UUID":"{5B774CDB-5A68-E611-B7C2-F04DA23F2F2A}","HSTNAME":"Schenkon, Zellfeld","VMITTEL":2,"BFS_NR":1099,"GEMEINDE":"Schenkon","EINWOHNER":334,"ARBEITSPL":210,"RADIUS":300,"DIDOKNR":72965,"ANGSTUFE":4,"SLOID":"ch:1:sloid:72965","TU":3}},{"type":"Feature","id":637,"geometry":{"type":"Point","coordinates":[8.040721174582924,47.2058320982361]},"properties":{"OBJECTID":637,"UUID":"{74784CDB-5A68-E611-B7C2-F04DA23F2F2A}","HSTNAME":"Buchs LU, Eintracht","VMITTEL":8,"BFS_NR":1125,"GEMEINDE":"Dagmersellen","EINWOHNER":19,"ARBEITSPL":25,"RADIUS":300,"DIDOKNR":72988,"ANGSTUFE":1,"SLOID":"ch:1:sloid:72988","TU":3}},{"type":"Feature","id":638,"geometry":{"type":"Point","coordinates":[8.184529222731543,47.208840681810145]},"properties":{"OBJECTID":638,"UUID":"{6D784CDB-5A68-E611-B7C2-F04DA23F2F2A}","HSTNAME":"Gunzwil, Linden","VMITTEL":2,"BFS_NR":1081,"GEMEINDE":"Beromünster","EINWOHNER":257,"ARBEITSPL":55,"RADIUS":300,"DIDOKNR":72976,"ANGSTUFE":3,"SLOID":"ch:1:sloid:72976","TU":3}},{"type":"Feature","id":639,"geometry":{"type":"Point","coordinates":[8.549556581511604,46.9589353373443]},"properties":{"OBJECTID":639,"UUID":"{9F774CDB-5A68-E611-B7C2-F04DA23F2F2A}","HSTNAME":"Emmetten, March","VMITTEL":2,"BFS_NR":1504,"GEMEINDE":"Emmetten","EINWOHNER":0,"ARBEITSPL":0,"RADIUS":300,"DIDOKNR":72952,"ANGSTUFE":null,"SLOID":"ch:1:sloid:72952","TU":3}},{"type":"Feature","id":640,"geometry":{"type":"Point","coordinates":[8.153417020650627,47.19701152594692]},"properties":{"OBJECTID":640,"UUID":"{95794CDB-5A68-E611-B7C2-F04DA23F2F2A}","HSTNAME":"Gunzwil, Holdern","VMITTEL":2,"BFS_NR":1081,"GEMEINDE":"Beromünster","EINWOHNER":1,"ARBEITSPL":0,"RADIUS":300,"DIDOKNR":72970,"ANGSTUFE":3,"SLOID":"ch:1:sloid:72970","TU":3}},{"type":"Feature","id":641,"geometry":{"type":"Point","coordinates":[8.109632976338096,47.177323883545185]},"properties":{"OBJECTID":641,"UUID":"{B1774CDB-5A68-E611-B7C2-F04DA23F2F2A}","HSTNAME":"Sursee, Surentalstrasse","VMITTEL":8,"BFS_NR":1103,"GEMEINDE":"Sursee","EINWOHNER":523,"ARBEITSPL":681,"RADIUS":300,"DIDOKNR":72995,"ANGSTUFE":3,"SLOID":"ch:1:sloid:72995","TU":3}},{"type":"Feature","id":642,"geometry":{"type":"Point","coordinates":[8.074364927102376,47.19353513176481]},"properties":{"OBJECTID":642,"UUID":"{C6794CDB-5A68-E611-B7C2-F04DA23F2F2A}","HSTNAME":"Knutwil, Hofacker","VMITTEL":8,"BFS_NR":1089,"GEMEINDE":"Knutwil","EINWOHNER":136,"ARBEITSPL":76,"RADIUS":300,"DIDOKNR":72983,"ANGSTUFE":2,"SLOID":"ch:1:sloid:72983","TU":3}},{"type":"Feature","id":643,"geometry":{"type":"Point","coordinates":[8.074608173349365,47.18291067502509]},"properties":{"OBJECTID":643,"UUID":"{7A764CDB-5A68-E611-B7C2-F04DA23F2F2A}","HSTNAME":"St. Erhard, Dorf","VMITTEL":8,"BFS_NR":1089,"GEMEINDE":"Knutwil","EINWOHNER":616,"ARBEITSPL":81,"RADIUS":300,"DIDOKNR":72981,"ANGSTUFE":2,"SLOID":"ch:1:sloid:72981","TU":3}},{"type":"Feature","id":644,"geometry":{"type":"Point","coordinates":[8.114067420122783,47.232887153006594]},"properties":{"OBJECTID":644,"UUID":"{A1E8C1D5-5A68-E611-B7C2-F04DA23F2F2A}","HSTNAME":"Etzelwil","VMITTEL":7,"BFS_NR":1100,"GEMEINDE":"Schlierbach","EINWOHNER":64,"ARBEITSPL":25,"RADIUS":300,"DIDOKNR":73002,"ANGSTUFE":1,"SLOID":"ch:1:sloid:73002","TU":3}},{"type":"Feature","id":645,"geometry":{"type":"Point","coordinates":[8.19528438869795,47.11624597505108]},"properties":{"OBJECTID":645,"UUID":"{9FE8C1D5-5A68-E611-B7C2-F04DA23F2F2A}","HSTNAME":"Sempach Station","VMITTEL":8,"BFS_NR":1093,"GEMEINDE":"Neuenkirch","EINWOHNER":796,"ARBEITSPL":282,"RADIUS":300,"DIDOKNR":73008,"ANGSTUFE":4,"SLOID":"ch:1:sloid:73008","TU":3}},{"type":"Feature","id":646,"geometry":{"type":"Point","coordinates":[8.173507855898634,47.14739377506259]},"properties":{"OBJECTID":646,"UUID":"{E8784CDB-5A68-E611-B7C2-F04DA23F2F2A}","HSTNAME":"Eich, Seematt","VMITTEL":8,"BFS_NR":1084,"GEMEINDE":"Eich","EINWOHNER":58,"ARBEITSPL":55,"RADIUS":300,"DIDOKNR":73003,"ANGSTUFE":3,"SLOID":"ch:1:sloid:73003","TU":3}},{"type":"Feature","id":647,"geometry":{"type":"Point","coordinates":[8.113842816127173,47.22555757650375]},"properties":{"OBJECTID":647,"UUID":"{5CE8C1D5-5A68-E611-B7C2-F04DA23F2F2A}","HSTNAME":"Schlierbach, Oberdorf","VMITTEL":7,"BFS_NR":1100,"GEMEINDE":"Schlierbach","EINWOHNER":191,"ARBEITSPL":38,"RADIUS":300,"DIDOKNR":73000,"ANGSTUFE":1,"SLOID":"ch:1:sloid:73000","TU":3}},{"type":"Feature","id":648,"geometry":{"type":"Point","coordinates":[8.11171129806744,47.224058889811054]},"properties":{"OBJECTID":648,"UUID":"{FA784CDB-5A68-E611-B7C2-F04DA23F2F2A}","HSTNAME":"Schlierbach, Dorf","VMITTEL":7,"BFS_NR":1100,"GEMEINDE":"Schlierbach","EINWOHNER":536,"ARBEITSPL":52,"RADIUS":300,"DIDOKNR":73001,"ANGSTUFE":1,"SLOID":"ch:1:sloid:73001","TU":3}},{"type":"Feature","id":649,"geometry":{"type":"Point","coordinates":[8.301320008555129,47.04025001018911]},"properties":{"OBJECTID":649,"UUID":"{C6774CDB-5A68-E611-B7C2-F04DA23F2F2A}","HSTNAME":"Luzern, Eichhof","VMITTEL":9,"BFS_NR":1061,"GEMEINDE":"Luzern","EINWOHNER":452,"ARBEITSPL":695,"RADIUS":300,"DIDOKNR":73043,"ANGSTUFE":5,"SLOID":"ch:1:sloid:73043","TU":11}},{"type":"Feature","id":650,"geometry":{"type":"Point","coordinates":[8.193750306590157,47.12333534655819]},"properties":{"OBJECTID":650,"UUID":"{36774CDB-5A68-E611-B7C2-F04DA23F2F2A}","HSTNAME":"Sempach Stadt, Seesatz","VMITTEL":8,"BFS_NR":1102,"GEMEINDE":"Sempach","EINWOHNER":280,"ARBEITSPL":481,"RADIUS":300,"DIDOKNR":73006,"ANGSTUFE":4,"SLOID":"ch:1:sloid:73006","TU":3}},{"type":"Feature","id":651,"geometry":{"type":"Point","coordinates":[8.201593074889974,47.10306214031294]},"properties":{"OBJECTID":651,"UUID":"{F3774CDB-5A68-E611-B7C2-F04DA23F2F2A}","HSTNAME":"Neuenkirch, Klösterli","VMITTEL":8,"BFS_NR":1093,"GEMEINDE":"Neuenkirch","EINWOHNER":828,"ARBEITSPL":192,"RADIUS":300,"DIDOKNR":73040,"ANGSTUFE":3,"SLOID":"ch:1:sloid:73040","TU":3}},{"type":"Feature","id":652,"geometry":{"type":"Point","coordinates":[8.190250862217681,47.13786761860936]},"properties":{"OBJECTID":652,"UUID":"{AEE7C1D5-5A68-E611-B7C2-F04DA23F2F2A}","HSTNAME":"Sempach Stadt, Meierhöfli","VMITTEL":8,"BFS_NR":1102,"GEMEINDE":"Sempach","EINWOHNER":511,"ARBEITSPL":180,"RADIUS":300,"DIDOKNR":73004,"ANGSTUFE":3,"SLOID":"ch:1:sloid:73004","TU":3}},{"type":"Feature","id":653,"geometry":{"type":"Point","coordinates":[8.198181441729886,47.105882274851055]},"properties":{"OBJECTID":653,"UUID":"{AD794CDB-5A68-E611-B7C2-F04DA23F2F2A}","HSTNAME":"Neuenkirch, Feldmatt","VMITTEL":8,"BFS_NR":1093,"GEMEINDE":"Neuenkirch","EINWOHNER":674,"ARBEITSPL":68,"RADIUS":300,"DIDOKNR":73041,"ANGSTUFE":3,"SLOID":"ch:1:sloid:73041","TU":3}},{"type":"Feature","id":654,"geometry":{"type":"Point","coordinates":[8.192459918419697,47.12903781644115]},"properties":{"OBJECTID":654,"UUID":"{AE794CDB-5A68-E611-B7C2-F04DA23F2F2A}","HSTNAME":"Sempach Stadt, Vogelwarte","VMITTEL":8,"BFS_NR":1102,"GEMEINDE":"Sempach","EINWOHNER":703,"ARBEITSPL":98,"RADIUS":300,"DIDOKNR":73005,"ANGSTUFE":4,"SLOID":"ch:1:sloid:73005","TU":3}},{"type":"Feature","id":655,"geometry":{"type":"Point","coordinates":[8.282039517143737,47.0707551272419]},"properties":{"OBJECTID":655,"UUID":"{D5784CDB-5A68-E611-B7C2-F04DA23F2F2A}","HSTNAME":"Emmenbrücke, Bahnhof","VMITTEL":3,"BFS_NR":1024,"GEMEINDE":"Emmen","EINWOHNER":374,"ARBEITSPL":598,"RADIUS":300,"DIDOKNR":73028,"ANGSTUFE":5,"SLOID":"ch:1:sloid:73028","TU":1}},{"type":"Feature","id":656,"geometry":{"type":"Point","coordinates":[8.251867235294746,47.0311226801092]},"properties":{"OBJECTID":656,"UUID":"{D0794CDB-5A68-E611-B7C2-F04DA23F2F2A}","HSTNAME":"Obernau, Dorf","VMITTEL":3,"BFS_NR":1059,"GEMEINDE":"Kriens","EINWOHNER":1505,"ARBEITSPL":145,"RADIUS":300,"DIDOKNR":73046,"ANGSTUFE":5,"SLOID":"ch:1:sloid:73046","TU":3}},{"type":"Feature","id":657,"geometry":{"type":"Point","coordinates":[8.246373514782384,47.083074296266574]},"properties":{"OBJECTID":657,"UUID":"{F0E7C1D5-5A68-E611-B7C2-F04DA23F2F2A}","HSTNAME":"Emmenbrücke, Strassenkreuz","VMITTEL":8,"BFS_NR":1024,"GEMEINDE":"Emmen","EINWOHNER":34,"ARBEITSPL":4,"RADIUS":300,"DIDOKNR":73034,"ANGSTUFE":4,"SLOID":"ch:1:sloid:73034","TU":3}},{"type":"Feature","id":658,"geometry":{"type":"Point","coordinates":[8.248323215405772,47.028179209743655]},"properties":{"OBJECTID":658,"UUID":"{87794CDB-5A68-E611-B7C2-F04DA23F2F2A}","HSTNAME":"Obernau, Feldmatt","VMITTEL":2,"BFS_NR":1059,"GEMEINDE":"Kriens","EINWOHNER":63,"ARBEITSPL":11,"RADIUS":300,"DIDOKNR":73047,"ANGSTUFE":1,"SLOID":"ch:1:sloid:73047","TU":3}},{"type":"Feature","id":659,"geometry":{"type":"Point","coordinates":[8.234207829799281,47.086802301480745]},"properties":{"OBJECTID":659,"UUID":"{29784CDB-5A68-E611-B7C2-F04DA23F2F2A}","HSTNAME":"Emmenbrücke, Holzhof","VMITTEL":8,"BFS_NR":1024,"GEMEINDE":"Emmen","EINWOHNER":29,"ARBEITSPL":7,"RADIUS":300,"DIDOKNR":73035,"ANGSTUFE":3,"SLOID":"ch:1:sloid:73035","TU":3}},{"type":"Feature","id":660,"geometry":{"type":"Point","coordinates":[8.303959221175703,47.047779439213365]},"properties":{"OBJECTID":660,"UUID":"{DFE7C1D5-5A68-E611-B7C2-F04DA23F2F2A}","HSTNAME":"Luzern, Pilatusplatz","VMITTEL":9,"BFS_NR":1061,"GEMEINDE":"Luzern","EINWOHNER":752,"ARBEITSPL":2146,"RADIUS":300,"DIDOKNR":73022,"ANGSTUFE":5,"SLOID":"ch:1:sloid:73022","TU":11}},{"type":"Feature","id":661,"geometry":{"type":"Point","coordinates":[8.266111687414858,47.03427727237921]},"properties":{"OBJECTID":661,"UUID":"{7DE8C1D5-5A68-E611-B7C2-F04DA23F2F2A}","HSTNAME":"Kriens, Feldmühle","VMITTEL":3,"BFS_NR":1059,"GEMEINDE":"Kriens","EINWOHNER":650,"ARBEITSPL":49,"RADIUS":300,"DIDOKNR":73044,"ANGSTUFE":5,"SLOID":"ch:1:sloid:73044","TU":11}},{"type":"Feature","id":662,"geometry":{"type":"Point","coordinates":[8.26458672554019,47.082209969621296]},"properties":{"OBJECTID":662,"UUID":"{99784CDB-5A68-E611-B7C2-F04DA23F2F2A}","HSTNAME":"Emmenbrücke, Riffig","VMITTEL":2,"BFS_NR":1024,"GEMEINDE":"Emmen","EINWOHNER":610,"ARBEITSPL":80,"RADIUS":300,"DIDOKNR":73032,"ANGSTUFE":4,"SLOID":"ch:1:sloid:73032","TU":3}},{"type":"Feature","id":663,"geometry":{"type":"Point","coordinates":[8.255387796941443,47.03422812819306]},"properties":{"OBJECTID":663,"UUID":"{A8794CDB-5A68-E611-B7C2-F04DA23F2F2A}","HSTNAME":"Obernau, Stampfeli","VMITTEL":3,"BFS_NR":1059,"GEMEINDE":"Kriens","EINWOHNER":880,"ARBEITSPL":93,"RADIUS":300,"DIDOKNR":73045,"ANGSTUFE":5,"SLOID":"ch:1:sloid:73045","TU":11}},{"type":"Feature","id":664,"geometry":{"type":"Point","coordinates":[8.20276778525874,47.1004456928895]},"properties":{"OBJECTID":664,"UUID":"{12794CDB-5A68-E611-B7C2-F04DA23F2F2A}","HSTNAME":"Neuenkirch, Kirche","VMITTEL":8,"BFS_NR":1093,"GEMEINDE":"Neuenkirch","EINWOHNER":802,"ARBEITSPL":265,"RADIUS":300,"DIDOKNR":73039,"ANGSTUFE":3,"SLOID":"ch:1:sloid:73039","TU":3}},{"type":"Feature","id":665,"geometry":{"type":"Point","coordinates":[8.235603701196043,47.02211528988003]},"properties":{"OBJECTID":665,"UUID":"{35794CDB-5A68-E611-B7C2-F04DA23F2F2A}","HSTNAME":"Hergiswald, Kirche","VMITTEL":2,"BFS_NR":1059,"GEMEINDE":"Kriens","EINWOHNER":7,"ARBEITSPL":21,"RADIUS":300,"DIDOKNR":73050,"ANGSTUFE":1,"SLOID":"ch:1:sloid:73050","TU":3}},{"type":"Feature","id":666,"geometry":{"type":"Point","coordinates":[8.22726451229775,47.089305897219475]},"properties":{"OBJECTID":666,"UUID":"{397A4CDB-5A68-E611-B7C2-F04DA23F2F2A}","HSTNAME":"Emmenbrücke, Geisselermoos","VMITTEL":8,"BFS_NR":1024,"GEMEINDE":"Emmen","EINWOHNER":24,"ARBEITSPL":17,"RADIUS":300,"DIDOKNR":73036,"ANGSTUFE":3,"SLOID":"ch:1:sloid:73036","TU":3}},{"type":"Feature","id":667,"geometry":{"type":"Point","coordinates":[8.221397689792216,47.09251237510679]},"properties":{"OBJECTID":667,"UUID":"{88764CDB-5A68-E611-B7C2-F04DA23F2F2A}","HSTNAME":"Neuenkirch, Weierhüsli","VMITTEL":8,"BFS_NR":1093,"GEMEINDE":"Neuenkirch","EINWOHNER":41,"ARBEITSPL":13,"RADIUS":300,"DIDOKNR":73037,"ANGSTUFE":3,"SLOID":"ch:1:sloid:73037","TU":3}},{"type":"Feature","id":668,"geometry":{"type":"Point","coordinates":[8.244045144240543,47.0258785665157]},"properties":{"OBJECTID":668,"UUID":"{CBE8C1D5-5A68-E611-B7C2-F04DA23F2F2A}","HSTNAME":"Obernau, Oberrodel","VMITTEL":2,"BFS_NR":1059,"GEMEINDE":"Kriens","EINWOHNER":21,"ARBEITSPL":2,"RADIUS":300,"DIDOKNR":73048,"ANGSTUFE":1,"SLOID":"ch:1:sloid:73048","TU":3}},{"type":"Feature","id":669,"geometry":{"type":"Point","coordinates":[8.235840298767158,47.01856041634181]},"properties":{"OBJECTID":669,"UUID":"{93764CDB-5A68-E611-B7C2-F04DA23F2F2A}","HSTNAME":"Obernau, Schiessstand Stalden","VMITTEL":2,"BFS_NR":1059,"GEMEINDE":"Kriens","EINWOHNER":0,"ARBEITSPL":0,"RADIUS":300,"DIDOKNR":73049,"ANGSTUFE":1,"SLOID":"ch:1:sloid:73049","TU":3}},{"type":"Feature","id":670,"geometry":{"type":"Point","coordinates":[8.308891179138563,47.05325644170398]},"properties":{"OBJECTID":670,"UUID":"{067A4CDB-5A68-E611-B7C2-F04DA23F2F2A}","HSTNAME":"Luzern, Schwanenplatz","VMITTEL":9,"BFS_NR":1061,"GEMEINDE":"Luzern","EINWOHNER":698,"ARBEITSPL":3687,"RADIUS":300,"DIDOKNR":73054,"ANGSTUFE":5,"SLOID":"ch:1:sloid:73054","TU":3}},{"type":"Feature","id":671,"geometry":{"type":"Point","coordinates":[8.219503134975106,47.00675366892142]},"properties":{"OBJECTID":671,"UUID":"{087A4CDB-5A68-E611-B7C2-F04DA23F2F2A}","HSTNAME":"Eigenthal, Talboden","VMITTEL":2,"BFS_NR":1066,"GEMEINDE":"Schwarzenberg","EINWOHNER":78,"ARBEITSPL":19,"RADIUS":300,"DIDOKNR":73053,"ANGSTUFE":2,"SLOID":"ch:1:sloid:73053","TU":3}},{"type":"Feature","id":672,"geometry":{"type":"Point","coordinates":[7.997571091797976,47.12726230510767]},"properties":{"OBJECTID":672,"UUID":"{A7754CDB-5A68-E611-B7C2-F04DA23F2F2A}","HSTNAME":"Willisau, Feldli","VMITTEL":2,"BFS_NR":1151,"GEMEINDE":"Willisau","EINWOHNER":98,"ARBEITSPL":301,"RADIUS":300,"DIDOKNR":73246,"ANGSTUFE":4,"SLOID":"ch:1:sloid:73246","TU":3}},{"type":"Feature","id":673,"geometry":{"type":"Point","coordinates":[7.784711888320762,47.213765921866425]},"properties":{"OBJECTID":673,"UUID":"{97774CDB-5A68-E611-B7C2-F04DA23F2F2A}","HSTNAME":"Langenthal, Wiesenstrasse","VMITTEL":2,"BFS_NR":329,"GEMEINDE":"Langenthal","EINWOHNER":0,"ARBEITSPL":0,"RADIUS":300,"DIDOKNR":76926,"ANGSTUFE":null,"SLOID":"ch:1:sloid:76926","TU":5}},{"type":"Feature","id":674,"geometry":{"type":"Point","coordinates":[7.789888509622099,47.212041274986824]},"properties":{"OBJECTID":674,"UUID":"{82784CDB-5A68-E611-B7C2-F04DA23F2F2A}","HSTNAME":"Langenthal, Tell/Kantonalbank","VMITTEL":2,"BFS_NR":329,"GEMEINDE":"Langenthal","EINWOHNER":0,"ARBEITSPL":0,"RADIUS":300,"DIDOKNR":76927,"ANGSTUFE":null,"SLOID":"ch:1:sloid:76927","TU":5}},{"type":"Feature","id":675,"geometry":{"type":"Point","coordinates":[7.817943408159306,47.19955762496364]},"properties":{"OBJECTID":675,"UUID":"{15E8C1D5-5A68-E611-B7C2-F04DA23F2F2A}","HSTNAME":"Obersteckholz, Post","VMITTEL":2,"BFS_NR":329,"GEMEINDE":"Langenthal","EINWOHNER":0,"ARBEITSPL":0,"RADIUS":300,"DIDOKNR":76930,"ANGSTUFE":null,"SLOID":"ch:1:sloid:76930","TU":5}},{"type":"Feature","id":676,"geometry":{"type":"Point","coordinates":[7.792805443469184,47.209990546536986]},"properties":{"OBJECTID":676,"UUID":"{F5774CDB-5A68-E611-B7C2-F04DA23F2F2A}","HSTNAME":"Langenthal, Rössli","VMITTEL":2,"BFS_NR":329,"GEMEINDE":"Langenthal","EINWOHNER":0,"ARBEITSPL":0,"RADIUS":300,"DIDOKNR":76928,"ANGSTUFE":null,"SLOID":"ch:1:sloid:76928","TU":5}},{"type":"Feature","id":677,"geometry":{"type":"Point","coordinates":[7.796029388775896,47.204529772299026]},"properties":{"OBJECTID":677,"UUID":"{FCE8C1D5-5A68-E611-B7C2-F04DA23F2F2A}","HSTNAME":"Langenthal, Neuhof","VMITTEL":2,"BFS_NR":329,"GEMEINDE":"Langenthal","EINWOHNER":0,"ARBEITSPL":0,"RADIUS":300,"DIDOKNR":76929,"ANGSTUFE":null,"SLOID":"ch:1:sloid:76929","TU":5}},{"type":"Feature","id":678,"geometry":{"type":"Point","coordinates":[7.84861423308347,47.18750751898094]},"properties":{"OBJECTID":678,"UUID":"{DB764CDB-5A68-E611-B7C2-F04DA23F2F2A}","HSTNAME":"Melchnau, Unterdorf","VMITTEL":2,"BFS_NR":333,"GEMEINDE":"Melchnau","EINWOHNER":0,"ARBEITSPL":0,"RADIUS":300,"DIDOKNR":76934,"ANGSTUFE":null,"SLOID":"ch:1:sloid:76934","TU":5}},{"type":"Feature","id":679,"geometry":{"type":"Point","coordinates":[7.85041446634019,47.18311161476709]},"properties":{"OBJECTID":679,"UUID":"{06784CDB-5A68-E611-B7C2-F04DA23F2F2A}","HSTNAME":"Melchnau, Fabrik","VMITTEL":2,"BFS_NR":333,"GEMEINDE":"Melchnau","EINWOHNER":0,"ARBEITSPL":0,"RADIUS":300,"DIDOKNR":76935,"ANGSTUFE":null,"SLOID":"ch:1:sloid:76935","TU":5}},{"type":"Feature","id":680,"geometry":{"type":"Point","coordinates":[7.842201115799206,47.194429177409624]},"properties":{"OBJECTID":680,"UUID":"{2E764CDB-5A68-E611-B7C2-F04DA23F2F2A}","HSTNAME":"Melchnau, Rotwald","VMITTEL":2,"BFS_NR":325,"GEMEINDE":"Busswil bei Melchnau","EINWOHNER":0,"ARBEITSPL":0,"RADIUS":300,"DIDOKNR":76932,"ANGSTUFE":null,"SLOID":"ch:1:sloid:76932","TU":5}},{"type":"Feature","id":681,"geometry":{"type":"Point","coordinates":[7.854944631481777,47.17864288382227]},"properties":{"OBJECTID":681,"UUID":"{C7754CDB-5A68-E611-B7C2-F04DA23F2F2A}","HSTNAME":"Melchnau, Oberdorf","VMITTEL":2,"BFS_NR":333,"GEMEINDE":"Melchnau","EINWOHNER":0,"ARBEITSPL":0,"RADIUS":300,"DIDOKNR":76936,"ANGSTUFE":null,"SLOID":"ch:1:sloid:76936","TU":5}},{"type":"Feature","id":682,"geometry":{"type":"Point","coordinates":[7.783155538377191,47.21602826113588]},"properties":{"OBJECTID":682,"UUID":"{D2E7C1D5-5A68-E611-B7C2-F04DA23F2F2A}","HSTNAME":"Langenthal, Bahnhof","VMITTEL":2,"BFS_NR":329,"GEMEINDE":"Langenthal","EINWOHNER":0,"ARBEITSPL":0,"RADIUS":300,"DIDOKNR":76937,"ANGSTUFE":null,"SLOID":"ch:1:sloid:76937","TU":5}},{"type":"Feature","id":683,"geometry":{"type":"Point","coordinates":[8.326269914082745,47.07288210772903]},"properties":{"OBJECTID":683,"UUID":"{58E8C1D5-5A68-E611-B7C2-F04DA23F2F2A}","HSTNAME":"Ebikon, Falken","VMITTEL":2,"BFS_NR":1054,"GEMEINDE":"Ebikon","EINWOHNER":237,"ARBEITSPL":114,"RADIUS":300,"DIDOKNR":77154,"ANGSTUFE":5,"SLOID":"ch:1:sloid:77154","TU":11}},{"type":"Feature","id":684,"geometry":{"type":"Point","coordinates":[8.329504621750514,47.07479836928483]},"properties":{"OBJECTID":684,"UUID":"{8E794CDB-5A68-E611-B7C2-F04DA23F2F2A}","HSTNAME":"Ebikon, Schachenweid","VMITTEL":2,"BFS_NR":1054,"GEMEINDE":"Ebikon","EINWOHNER":752,"ARBEITSPL":158,"RADIUS":300,"DIDOKNR":77155,"ANGSTUFE":5,"SLOID":"ch:1:sloid:77155","TU":11}},{"type":"Feature","id":685,"geometry":{"type":"Point","coordinates":[8.320409944626782,47.069719571508564]},"properties":{"OBJECTID":685,"UUID":"{13764CDB-5A68-E611-B7C2-F04DA23F2F2A}","HSTNAME":"Ebikon, St. Klemens","VMITTEL":2,"BFS_NR":1054,"GEMEINDE":"Ebikon","EINWOHNER":602,"ARBEITSPL":97,"RADIUS":300,"DIDOKNR":77152,"ANGSTUFE":5,"SLOID":"ch:1:sloid:77152","TU":11}},{"type":"Feature","id":686,"geometry":{"type":"Point","coordinates":[8.323555775465643,47.07137412126407]},"properties":{"OBJECTID":686,"UUID":"{93774CDB-5A68-E611-B7C2-F04DA23F2F2A}","HSTNAME":"Ebikon, Hünenberg","VMITTEL":2,"BFS_NR":1054,"GEMEINDE":"Ebikon","EINWOHNER":457,"ARBEITSPL":86,"RADIUS":300,"DIDOKNR":77153,"ANGSTUFE":5,"SLOID":"ch:1:sloid:77153","TU":11}},{"type":"Feature","id":687,"geometry":{"type":"Point","coordinates":[8.342977127545634,47.08270542620594]},"properties":{"OBJECTID":687,"UUID":"{26E8C1D5-5A68-E611-B7C2-F04DA23F2F2A}","HSTNAME":"Ebikon, Hofmatt","VMITTEL":2,"BFS_NR":1054,"GEMEINDE":"Ebikon","EINWOHNER":1011,"ARBEITSPL":761,"RADIUS":300,"DIDOKNR":77159,"ANGSTUFE":5,"SLOID":"ch:1:sloid:77159","TU":11}},{"type":"Feature","id":688,"geometry":{"type":"Point","coordinates":[8.33306287820231,47.076892107883914]},"properties":{"OBJECTID":688,"UUID":"{C8774CDB-5A68-E611-B7C2-F04DA23F2F2A}","HSTNAME":"Ebikon, Schmiedhof","VMITTEL":2,"BFS_NR":1054,"GEMEINDE":"Ebikon","EINWOHNER":953,"ARBEITSPL":135,"RADIUS":300,"DIDOKNR":77156,"ANGSTUFE":5,"SLOID":"ch:1:sloid:77156","TU":11}},{"type":"Feature","id":689,"geometry":{"type":"Point","coordinates":[8.33726472070998,47.079411138156594]},"properties":{"OBJECTID":689,"UUID":"{3CE8C1D5-5A68-E611-B7C2-F04DA23F2F2A}","HSTNAME":"Ebikon, Löwen","VMITTEL":2,"BFS_NR":1054,"GEMEINDE":"Ebikon","EINWOHNER":368,"ARBEITSPL":121,"RADIUS":300,"DIDOKNR":77157,"ANGSTUFE":5,"SLOID":"ch:1:sloid:77157","TU":11}},{"type":"Feature","id":690,"geometry":{"type":"Point","coordinates":[8.361845630126806,47.11005470872255]},"properties":{"OBJECTID":690,"UUID":"{EF764CDB-5A68-E611-B7C2-F04DA23F2F2A}","HSTNAME":"Perlen, Dorf","VMITTEL":2,"BFS_NR":1065,"GEMEINDE":"Root","EINWOHNER":194,"ARBEITSPL":82,"RADIUS":300,"DIDOKNR":77171,"ANGSTUFE":4,"SLOID":"ch:1:sloid:77171","TU":11}},{"type":"Feature","id":691,"geometry":{"type":"Point","coordinates":[8.34882768858104,47.09948295131427]},"properties":{"OBJECTID":691,"UUID":"{D1794CDB-5A68-E611-B7C2-F04DA23F2F2A}","HSTNAME":"Buchrain, Eichmatt","VMITTEL":2,"BFS_NR":1052,"GEMEINDE":"Buchrain","EINWOHNER":671,"ARBEITSPL":92,"RADIUS":300,"DIDOKNR":77163,"ANGSTUFE":4,"SLOID":"ch:1:sloid:77163","TU":11}},{"type":"Feature","id":692,"geometry":{"type":"Point","coordinates":[8.347146706567319,47.12203685011848]},"properties":{"OBJECTID":692,"UUID":"{3B764CDB-5A68-E611-B7C2-F04DA23F2F2A}","HSTNAME":"Inwil, Pannerhof","VMITTEL":2,"BFS_NR":1033,"GEMEINDE":"Inwil","EINWOHNER":647,"ARBEITSPL":341,"RADIUS":300,"DIDOKNR":77168,"ANGSTUFE":3,"SLOID":"ch:1:sloid:77168","TU":2}},{"type":"Feature","id":693,"geometry":{"type":"Point","coordinates":[8.34260879452043,47.08429153897759]},"properties":{"OBJECTID":693,"UUID":"{8CE8C1D5-5A68-E611-B7C2-F04DA23F2F2A}","HSTNAME":"Ebikon, Bahnhof","VMITTEL":2,"BFS_NR":1054,"GEMEINDE":"Ebikon","EINWOHNER":1004,"ARBEITSPL":155,"RADIUS":300,"DIDOKNR":77161,"ANGSTUFE":5,"SLOID":"ch:1:sloid:77161","TU":11}},{"type":"Feature","id":694,"geometry":{"type":"Point","coordinates":[8.343360739489837,47.047178828466976]},"properties":{"OBJECTID":694,"UUID":"{D5794CDB-5A68-E611-B7C2-F04DA23F2F2A}","HSTNAME":"Luzern, Hotel Seeburg","VMITTEL":8,"BFS_NR":1061,"GEMEINDE":"Luzern","EINWOHNER":238,"ARBEITSPL":114,"RADIUS":300,"DIDOKNR":77187,"ANGSTUFE":4,"SLOID":"ch:1:sloid:77187","TU":11}},{"type":"Feature","id":695,"geometry":{"type":"Point","coordinates":[8.350465511178195,47.122676243937434]},"properties":{"OBJECTID":695,"UUID":"{9A774CDB-5A68-E611-B7C2-F04DA23F2F2A}","HSTNAME":"Inwil, Dorf","VMITTEL":2,"BFS_NR":1033,"GEMEINDE":"Inwil","EINWOHNER":925,"ARBEITSPL":187,"RADIUS":300,"DIDOKNR":77169,"ANGSTUFE":2,"SLOID":"ch:1:sloid:77169","TU":2}},{"type":"Feature","id":696,"geometry":{"type":"Point","coordinates":[8.326905866730138,47.05539438994378]},"properties":{"OBJECTID":696,"UUID":"{70764CDB-5A68-E611-B7C2-F04DA23F2F2A}","HSTNAME":"Luzern, Dietschiberg","VMITTEL":3,"BFS_NR":1061,"GEMEINDE":"Luzern","EINWOHNER":363,"ARBEITSPL":52,"RADIUS":300,"DIDOKNR":77184,"ANGSTUFE":5,"SLOID":"ch:1:sloid:77184","TU":11}},{"type":"Feature","id":697,"geometry":{"type":"Point","coordinates":[8.358627401664059,47.09247966269412]},"properties":{"OBJECTID":697,"UUID":"{12774CDB-5A68-E611-B7C2-F04DA23F2F2A}","HSTNAME":"Ebikon, Fildern","VMITTEL":2,"BFS_NR":1054,"GEMEINDE":"Ebikon","EINWOHNER":1316,"ARBEITSPL":744,"RADIUS":300,"DIDOKNR":77174,"ANGSTUFE":5,"SLOID":"ch:1:sloid:77174","TU":11}},{"type":"Feature","id":698,"geometry":{"type":"Point","coordinates":[8.33516298448012,47.05407084428589]},"properties":{"OBJECTID":698,"UUID":"{7E794CDB-5A68-E611-B7C2-F04DA23F2F2A}","HSTNAME":"Luzern, Verkehrshaus/Lido","VMITTEL":9,"BFS_NR":1061,"GEMEINDE":"Luzern","EINWOHNER":197,"ARBEITSPL":475,"RADIUS":300,"DIDOKNR":77185,"ANGSTUFE":5,"SLOID":"ch:1:sloid:77185","TU":11}},{"type":"Feature","id":699,"geometry":{"type":"Point","coordinates":[8.359844646937471,47.04185734244094]},"properties":{"OBJECTID":699,"UUID":"{46764CDB-5A68-E611-B7C2-F04DA23F2F2A}","HSTNAME":"Meggen, Lerchenbühl","VMITTEL":8,"BFS_NR":1063,"GEMEINDE":"Meggen","EINWOHNER":504,"ARBEITSPL":35,"RADIUS":300,"DIDOKNR":77190,"ANGSTUFE":4,"SLOID":"ch:1:sloid:77190","TU":11}},{"type":"Feature","id":700,"geometry":{"type":"Point","coordinates":[8.364942369545243,47.11178446788544]},"properties":{"OBJECTID":700,"UUID":"{69784CDB-5A68-E611-B7C2-F04DA23F2F2A}","HSTNAME":"Perlen, Fabrik","VMITTEL":2,"BFS_NR":1065,"GEMEINDE":"Root","EINWOHNER":8,"ARBEITSPL":554,"RADIUS":300,"DIDOKNR":77172,"ANGSTUFE":4,"SLOID":"ch:1:sloid:77172","TU":11}},{"type":"Feature","id":701,"geometry":{"type":"Point","coordinates":[8.349931538505436,47.10290839647444]},"properties":{"OBJECTID":701,"UUID":"{4A764CDB-5A68-E611-B7C2-F04DA23F2F2A}","HSTNAME":"Buchrain, Reussbrücke","VMITTEL":2,"BFS_NR":1052,"GEMEINDE":"Buchrain","EINWOHNER":245,"ARBEITSPL":67,"RADIUS":300,"DIDOKNR":77164,"ANGSTUFE":4,"SLOID":"ch:1:sloid:77164","TU":11}},{"type":"Feature","id":702,"geometry":{"type":"Point","coordinates":[8.363296220492899,47.04370068873368]},"properties":{"OBJECTID":702,"UUID":"{0E774CDB-5A68-E611-B7C2-F04DA23F2F2A}","HSTNAME":"Meggen, Rosenhalde","VMITTEL":8,"BFS_NR":1063,"GEMEINDE":"Meggen","EINWOHNER":671,"ARBEITSPL":125,"RADIUS":300,"DIDOKNR":77191,"ANGSTUFE":4,"SLOID":"ch:1:sloid:77191","TU":11}},{"type":"Feature","id":703,"geometry":{"type":"Point","coordinates":[8.352413925548174,47.08855881750872]},"properties":{"OBJECTID":703,"UUID":"{48794CDB-5A68-E611-B7C2-F04DA23F2F2A}","HSTNAME":"Ebikon, Schindler","VMITTEL":2,"BFS_NR":1054,"GEMEINDE":"Ebikon","EINWOHNER":528,"ARBEITSPL":68,"RADIUS":300,"DIDOKNR":77173,"ANGSTUFE":5,"SLOID":"ch:1:sloid:77173","TU":11}},{"type":"Feature","id":704,"geometry":{"type":"Point","coordinates":[8.384710978058624,47.11002142400811]},"properties":{"OBJECTID":704,"UUID":"{44794CDB-5A68-E611-B7C2-F04DA23F2F2A}","HSTNAME":"Root, Ronmatt","VMITTEL":2,"BFS_NR":1065,"GEMEINDE":"Root","EINWOHNER":731,"ARBEITSPL":171,"RADIUS":300,"DIDOKNR":77178,"ANGSTUFE":4,"SLOID":"ch:1:sloid:77178","TU":11}},{"type":"Feature","id":705,"geometry":{"type":"Point","coordinates":[8.350618345190787,47.04283163632076]},"properties":{"OBJECTID":705,"UUID":"{3D794CDB-5A68-E611-B7C2-F04DA23F2F2A}","HSTNAME":"Luzern, Hermitage","VMITTEL":8,"BFS_NR":1061,"GEMEINDE":"Luzern","EINWOHNER":141,"ARBEITSPL":94,"RADIUS":300,"DIDOKNR":77189,"ANGSTUFE":4,"SLOID":"ch:1:sloid:77189","TU":11}},{"type":"Feature","id":706,"geometry":{"type":"Point","coordinates":[8.355526828153872,47.107307680366645]},"properties":{"OBJECTID":706,"UUID":"{FDE7C1D5-5A68-E611-B7C2-F04DA23F2F2A}","HSTNAME":"Perlen, Haslirain","VMITTEL":2,"BFS_NR":1052,"GEMEINDE":"Buchrain","EINWOHNER":449,"ARBEITSPL":322,"RADIUS":300,"DIDOKNR":77170,"ANGSTUFE":4,"SLOID":"ch:1:sloid:77170","TU":11}},{"type":"Feature","id":707,"geometry":{"type":"Point","coordinates":[8.38836033361237,47.11325009775946]},"properties":{"OBJECTID":707,"UUID":"{3A7A4CDB-5A68-E611-B7C2-F04DA23F2F2A}","HSTNAME":"Root, Dorf","VMITTEL":2,"BFS_NR":1065,"GEMEINDE":"Root","EINWOHNER":1081,"ARBEITSPL":123,"RADIUS":300,"DIDOKNR":77179,"ANGSTUFE":5,"SLOID":"ch:1:sloid:77179","TU":11}},{"type":"Feature","id":708,"geometry":{"type":"Point","coordinates":[8.375340375221434,47.04688646795437]},"properties":{"OBJECTID":708,"UUID":"{14764CDB-5A68-E611-B7C2-F04DA23F2F2A}","HSTNAME":"Meggen, Kapelle","VMITTEL":8,"BFS_NR":1063,"GEMEINDE":"Meggen","EINWOHNER":298,"ARBEITSPL":295,"RADIUS":300,"DIDOKNR":77194,"ANGSTUFE":4,"SLOID":"ch:1:sloid:77194","TU":11}},{"type":"Feature","id":709,"geometry":{"type":"Point","coordinates":[8.364336861914792,47.09575191222302]},"properties":{"OBJECTID":709,"UUID":"{16E8C1D5-5A68-E611-B7C2-F04DA23F2F2A}","HSTNAME":"Dierikon, Migros","VMITTEL":2,"BFS_NR":1053,"GEMEINDE":"Dierikon","EINWOHNER":662,"ARBEITSPL":2821,"RADIUS":300,"DIDOKNR":77176,"ANGSTUFE":4,"SLOID":"ch:1:sloid:77176","TU":11}},{"type":"Feature","id":710,"geometry":{"type":"Point","coordinates":[8.379994834735172,47.0496370532769]},"properties":{"OBJECTID":710,"UUID":"{7B774CDB-5A68-E611-B7C2-F04DA23F2F2A}","HSTNAME":"Meggen, Huob","VMITTEL":8,"BFS_NR":1063,"GEMEINDE":"Meggen","EINWOHNER":509,"ARBEITSPL":330,"RADIUS":300,"DIDOKNR":77195,"ANGSTUFE":4,"SLOID":"ch:1:sloid:77195","TU":11}},{"type":"Feature","id":711,"geometry":{"type":"Point","coordinates":[8.367739870658383,47.044748058055184]},"properties":{"OBJECTID":711,"UUID":"{B3774CDB-5A68-E611-B7C2-F04DA23F2F2A}","HSTNAME":"Meggen, Balm","VMITTEL":8,"BFS_NR":1063,"GEMEINDE":"Meggen","EINWOHNER":385,"ARBEITSPL":291,"RADIUS":300,"DIDOKNR":77192,"ANGSTUFE":4,"SLOID":"ch:1:sloid:77192","TU":11}},{"type":"Feature","id":712,"geometry":{"type":"Point","coordinates":[8.376108999748318,47.10323698606152]},"properties":{"OBJECTID":712,"UUID":"{EC794CDB-5A68-E611-B7C2-F04DA23F2F2A}","HSTNAME":"Root D4, Oberfeld","VMITTEL":2,"BFS_NR":1065,"GEMEINDE":"Root","EINWOHNER":144,"ARBEITSPL":1046,"RADIUS":300,"DIDOKNR":77177,"ANGSTUFE":4,"SLOID":"ch:1:sloid:77177","TU":11}},{"type":"Feature","id":713,"geometry":{"type":"Point","coordinates":[8.372365323647719,47.04582151251104]},"properties":{"OBJECTID":713,"UUID":"{E8794CDB-5A68-E611-B7C2-F04DA23F2F2A}","HSTNAME":"Meggen, Schlössli","VMITTEL":8,"BFS_NR":1063,"GEMEINDE":"Meggen","EINWOHNER":306,"ARBEITSPL":162,"RADIUS":300,"DIDOKNR":77193,"ANGSTUFE":4,"SLOID":"ch:1:sloid:77193","TU":11}},{"type":"Feature","id":714,"geometry":{"type":"Point","coordinates":[8.384139160846479,47.05368749331452]},"properties":{"OBJECTID":714,"UUID":"{DC774CDB-5A68-E611-B7C2-F04DA23F2F2A}","HSTNAME":"Meggen, Böschenacher","VMITTEL":7,"BFS_NR":1063,"GEMEINDE":"Meggen","EINWOHNER":186,"ARBEITSPL":64,"RADIUS":300,"DIDOKNR":77198,"ANGSTUFE":3,"SLOID":"ch:1:sloid:77198","TU":11}},{"type":"Feature","id":715,"geometry":{"type":"Point","coordinates":[8.383518888365984,47.05706740315428]},"properties":{"OBJECTID":715,"UUID":"{10784CDB-5A68-E611-B7C2-F04DA23F2F2A}","HSTNAME":"Meggen, Obermattstrasse","VMITTEL":7,"BFS_NR":1063,"GEMEINDE":"Meggen","EINWOHNER":653,"ARBEITSPL":55,"RADIUS":300,"DIDOKNR":77199,"ANGSTUFE":4,"SLOID":"ch:1:sloid:77199","TU":11}},{"type":"Feature","id":716,"geometry":{"type":"Point","coordinates":[8.318500614505439,47.05532481865279]},"properties":{"OBJECTID":716,"UUID":"{3B784CDB-5A68-E611-B7C2-F04DA23F2F2A}","HSTNAME":"Luzern, Casino-Palace","VMITTEL":9,"BFS_NR":1061,"GEMEINDE":"Luzern","EINWOHNER":330,"ARBEITSPL":664,"RADIUS":300,"DIDOKNR":77183,"ANGSTUFE":5,"SLOID":"ch:1:sloid:77183","TU":11}},{"type":"Feature","id":717,"geometry":{"type":"Point","coordinates":[8.385745718273984,47.0619390510991]},"properties":{"OBJECTID":717,"UUID":"{DE784CDB-5A68-E611-B7C2-F04DA23F2F2A}","HSTNAME":"Meggen, Tschädigen","VMITTEL":7,"BFS_NR":1063,"GEMEINDE":"Meggen","EINWOHNER":242,"ARBEITSPL":30,"RADIUS":300,"DIDOKNR":77200,"ANGSTUFE":4,"SLOID":"ch:1:sloid:77200","TU":11}},{"type":"Feature","id":718,"geometry":{"type":"Point","coordinates":[8.39230652597476,47.11804850925205]},"properties":{"OBJECTID":718,"UUID":"{4E774CDB-5A68-E611-B7C2-F04DA23F2F2A}","HSTNAME":"Root, Schlosshof","VMITTEL":2,"BFS_NR":1065,"GEMEINDE":"Root","EINWOHNER":1235,"ARBEITSPL":355,"RADIUS":300,"DIDOKNR":77181,"ANGSTUFE":5,"SLOID":"ch:1:sloid:77181","TU":11}},{"type":"Feature","id":719,"geometry":{"type":"Point","coordinates":[8.38319822565319,47.051427867501886]},"properties":{"OBJECTID":719,"UUID":"{15784CDB-5A68-E611-B7C2-F04DA23F2F2A}","HSTNAME":"Meggen, Kreuz","VMITTEL":8,"BFS_NR":1063,"GEMEINDE":"Meggen","EINWOHNER":269,"ARBEITSPL":359,"RADIUS":300,"DIDOKNR":77196,"ANGSTUFE":4,"SLOID":"ch:1:sloid:77196","TU":11}},{"type":"Feature","id":720,"geometry":{"type":"Point","coordinates":[8.441226188235497,47.081340305931256]},"properties":{"OBJECTID":720,"UUID":"{17794CDB-5A68-E611-B7C2-F04DA23F2F2A}","HSTNAME":"Küssnacht am Rigi, Hauptplatz","VMITTEL":2,"BFS_NR":1331,"GEMEINDE":"Küssnacht (SZ)","EINWOHNER":0,"ARBEITSPL":0,"RADIUS":300,"DIDOKNR":77206,"ANGSTUFE":null,"SLOID":"ch:1:sloid:77206","TU":7}},{"type":"Feature","id":721,"geometry":{"type":"Point","coordinates":[8.391388565832866,47.05534527718195]},"properties":{"OBJECTID":721,"UUID":"{D7794CDB-5A68-E611-B7C2-F04DA23F2F2A}","HSTNAME":"Meggen, Gottlieben","VMITTEL":8,"BFS_NR":1063,"GEMEINDE":"Meggen","EINWOHNER":378,"ARBEITSPL":80,"RADIUS":300,"DIDOKNR":77197,"ANGSTUFE":3,"SLOID":"ch:1:sloid:77197","TU":11}},{"type":"Feature","id":722,"geometry":{"type":"Point","coordinates":[8.340576042922772,47.051140871975925]},"properties":{"OBJECTID":722,"UUID":"{237A4CDB-5A68-E611-B7C2-F04DA23F2F2A}","HSTNAME":"Luzern, Seefeldstrasse","VMITTEL":8,"BFS_NR":1061,"GEMEINDE":"Luzern","EINWOHNER":549,"ARBEITSPL":89,"RADIUS":300,"DIDOKNR":77186,"ANGSTUFE":4,"SLOID":"ch:1:sloid:77186","TU":11}},{"type":"Feature","id":723,"geometry":{"type":"Point","coordinates":[8.433248507519007,47.08316482708091]},"properties":{"OBJECTID":723,"UUID":"{42774CDB-5A68-E611-B7C2-F04DA23F2F2A}","HSTNAME":"Küssnacht am Rigi, Bahnhof","VMITTEL":2,"BFS_NR":1331,"GEMEINDE":"Küssnacht (SZ)","EINWOHNER":0,"ARBEITSPL":0,"RADIUS":300,"DIDOKNR":77205,"ANGSTUFE":null,"SLOID":"ch:1:sloid:77205","TU":7}},{"type":"Feature","id":724,"geometry":{"type":"Point","coordinates":[8.433635424055172,47.06504781200983]},"properties":{"OBJECTID":724,"UUID":"{F6784CDB-5A68-E611-B7C2-F04DA23F2F2A}","HSTNAME":"Küssnacht am Rigi, Eichholtern","VMITTEL":2,"BFS_NR":1331,"GEMEINDE":"Küssnacht (SZ)","EINWOHNER":13,"ARBEITSPL":0,"RADIUS":300,"DIDOKNR":77210,"ANGSTUFE":null,"SLOID":"ch:1:sloid:77210","TU":7}},{"type":"Feature","id":725,"geometry":{"type":"Point","coordinates":[8.44572804714419,47.02993436952635]},"properties":{"OBJECTID":725,"UUID":"{B3784CDB-5A68-E611-B7C2-F04DA23F2F2A}","HSTNAME":"Weggis, Acher","VMITTEL":2,"BFS_NR":1069,"GEMEINDE":"Weggis","EINWOHNER":131,"ARBEITSPL":8,"RADIUS":300,"DIDOKNR":77216,"ANGSTUFE":3,"SLOID":"ch:1:sloid:77216","TU":7}},{"type":"Feature","id":726,"geometry":{"type":"Point","coordinates":[8.425757199039559,47.046907913123555]},"properties":{"OBJECTID":726,"UUID":"{8C784CDB-5A68-E611-B7C2-F04DA23F2F2A}","HSTNAME":"Weggis, Langenzihl","VMITTEL":2,"BFS_NR":1069,"GEMEINDE":"Weggis","EINWOHNER":34,"ARBEITSPL":8,"RADIUS":300,"DIDOKNR":77211,"ANGSTUFE":3,"SLOID":"ch:1:sloid:77211","TU":7}},{"type":"Feature","id":727,"geometry":{"type":"Point","coordinates":[8.270820768886908,47.097832257029]},"properties":{"OBJECTID":727,"UUID":"{DBE8C1D5-5A68-E611-B7C2-F04DA23F2F2A}","HSTNAME":"Rothenburg, Eschenbachstrasse","VMITTEL":2,"BFS_NR":1040,"GEMEINDE":"Rothenburg","EINWOHNER":1185,"ARBEITSPL":227,"RADIUS":300,"DIDOKNR":77238,"ANGSTUFE":5,"SLOID":"ch:1:sloid:77238","TU":1}},{"type":"Feature","id":728,"geometry":{"type":"Point","coordinates":[8.43866598987917,47.07379119271138]},"properties":{"OBJECTID":728,"UUID":"{9C764CDB-5A68-E611-B7C2-F04DA23F2F2A}","HSTNAME":"Küssnacht am Rigi, Honegg","VMITTEL":2,"BFS_NR":1331,"GEMEINDE":"Küssnacht (SZ)","EINWOHNER":0,"ARBEITSPL":0,"RADIUS":300,"DIDOKNR":77208,"ANGSTUFE":null,"SLOID":"ch:1:sloid:77208","TU":7}},{"type":"Feature","id":729,"geometry":{"type":"Point","coordinates":[8.220303509912027,47.16114001245516]},"properties":{"OBJECTID":729,"UUID":"{D9E8C1D5-5A68-E611-B7C2-F04DA23F2F2A}","HSTNAME":"Neudorf, Gormund","VMITTEL":2,"BFS_NR":1081,"GEMEINDE":"Beromünster","EINWOHNER":16,"ARBEITSPL":7,"RADIUS":300,"DIDOKNR":77249,"ANGSTUFE":3,"SLOID":"ch:1:sloid:77249","TU":1}},{"type":"Feature","id":730,"geometry":{"type":"Point","coordinates":[8.455527367722771,47.02371609118445]},"properties":{"OBJECTID":730,"UUID":"{F2E7C1D5-5A68-E611-B7C2-F04DA23F2F2A}","HSTNAME":"Weggis, Riedsort","VMITTEL":2,"BFS_NR":1069,"GEMEINDE":"Weggis","EINWOHNER":22,"ARBEITSPL":1,"RADIUS":300,"DIDOKNR":77217,"ANGSTUFE":3,"SLOID":"ch:1:sloid:77217","TU":7}},{"type":"Feature","id":731,"geometry":{"type":"Point","coordinates":[8.263935392924099,47.10151604462277]},"properties":{"OBJECTID":731,"UUID":"{18774CDB-5A68-E611-B7C2-F04DA23F2F2A}","HSTNAME":"Rothenburg, Bertiswil","VMITTEL":2,"BFS_NR":1040,"GEMEINDE":"Rothenburg","EINWOHNER":505,"ARBEITSPL":35,"RADIUS":300,"DIDOKNR":77239,"ANGSTUFE":4,"SLOID":"ch:1:sloid:77239","TU":1}},{"type":"Feature","id":732,"geometry":{"type":"Point","coordinates":[8.437579027851791,47.070573012180965]},"properties":{"OBJECTID":732,"UUID":"{A7794CDB-5A68-E611-B7C2-F04DA23F2F2A}","HSTNAME":"Küssnacht am Rigi, Breitfeld","VMITTEL":2,"BFS_NR":1331,"GEMEINDE":"Küssnacht (SZ)","EINWOHNER":0,"ARBEITSPL":0,"RADIUS":300,"DIDOKNR":77209,"ANGSTUFE":null,"SLOID":"ch:1:sloid:77209","TU":7}},{"type":"Feature","id":733,"geometry":{"type":"Point","coordinates":[8.200549556892,47.204403629747866]},"properties":{"OBJECTID":733,"UUID":"{15764CDB-5A68-E611-B7C2-F04DA23F2F2A}","HSTNAME":"Beromünster, Mooskapelle","VMITTEL":2,"BFS_NR":1081,"GEMEINDE":"Beromünster","EINWOHNER":788,"ARBEITSPL":103,"RADIUS":300,"DIDOKNR":77254,"ANGSTUFE":3,"SLOID":"ch:1:sloid:77254","TU":1}},{"type":"Feature","id":734,"geometry":{"type":"Point","coordinates":[8.272792071862373,47.08786080213689]},"properties":{"OBJECTID":734,"UUID":"{F9784CDB-5A68-E611-B7C2-F04DA23F2F2A}","HSTNAME":"Emmenbrücke, Bösfeld","VMITTEL":2,"BFS_NR":1024,"GEMEINDE":"Emmen","EINWOHNER":1263,"ARBEITSPL":201,"RADIUS":300,"DIDOKNR":77236,"ANGSTUFE":5,"SLOID":"ch:1:sloid:77236","TU":1}},{"type":"Feature","id":735,"geometry":{"type":"Point","coordinates":[8.192392854299593,47.206551848930786]},"properties":{"OBJECTID":735,"UUID":"{D2764CDB-5A68-E611-B7C2-F04DA23F2F2A}","HSTNAME":"Beromünster, Flecken","VMITTEL":2,"BFS_NR":1081,"GEMEINDE":"Beromünster","EINWOHNER":824,"ARBEITSPL":434,"RADIUS":300,"DIDOKNR":77255,"ANGSTUFE":3,"SLOID":"ch:1:sloid:77255","TU":1}},{"type":"Feature","id":736,"geometry":{"type":"Point","coordinates":[8.484632782688095,47.00621147174625]},"properties":{"OBJECTID":736,"UUID":"{2B764CDB-5A68-E611-B7C2-F04DA23F2F2A}","HSTNAME":"Vitznau, Unteraltdorf","VMITTEL":2,"BFS_NR":1068,"GEMEINDE":"Vitznau","EINWOHNER":178,"ARBEITSPL":27,"RADIUS":300,"DIDOKNR":77222,"ANGSTUFE":3,"SLOID":"ch:1:sloid:77222","TU":7}},{"type":"Feature","id":737,"geometry":{"type":"Point","coordinates":[8.273606379446674,47.091461284280236]},"properties":{"OBJECTID":737,"UUID":"{0B774CDB-5A68-E611-B7C2-F04DA23F2F2A}","HSTNAME":"Emmenbrücke Kapf, Bahnhof","VMITTEL":2,"BFS_NR":1024,"GEMEINDE":"Emmen","EINWOHNER":880,"ARBEITSPL":65,"RADIUS":300,"DIDOKNR":77237,"ANGSTUFE":5,"SLOID":"ch:1:sloid:77237","TU":1}},{"type":"Feature","id":738,"geometry":{"type":"Point","coordinates":[8.440121260316511,47.03079470614787]},"properties":{"OBJECTID":738,"UUID":"{01784CDB-5A68-E611-B7C2-F04DA23F2F2A}","HSTNAME":"Weggis, Felsberg","VMITTEL":2,"BFS_NR":1069,"GEMEINDE":"Weggis","EINWOHNER":106,"ARBEITSPL":13,"RADIUS":300,"DIDOKNR":77215,"ANGSTUFE":0,"SLOID":"ch:1:sloid:77215","TU":7}},{"type":"Feature","id":739,"geometry":{"type":"Point","coordinates":[8.208652780405663,47.18364848438292]},"properties":{"OBJECTID":739,"UUID":"{E7794CDB-5A68-E611-B7C2-F04DA23F2F2A}","HSTNAME":"Neudorf, Paradisli","VMITTEL":2,"BFS_NR":1081,"GEMEINDE":"Beromünster","EINWOHNER":71,"ARBEITSPL":25,"RADIUS":300,"DIDOKNR":77252,"ANGSTUFE":3,"SLOID":"ch:1:sloid:77252","TU":1}},{"type":"Feature","id":740,"geometry":{"type":"Point","coordinates":[8.253916598242343,47.09241223271056]},"properties":{"OBJECTID":740,"UUID":"{59E8C1D5-5A68-E611-B7C2-F04DA23F2F2A}","HSTNAME":"Rothenburg, Buzibach","VMITTEL":2,"BFS_NR":1040,"GEMEINDE":"Rothenburg","EINWOHNER":76,"ARBEITSPL":1633,"RADIUS":300,"DIDOKNR":77242,"ANGSTUFE":4,"SLOID":"ch:1:sloid:77242","TU":1}},{"type":"Feature","id":741,"geometry":{"type":"Point","coordinates":[8.205814572168865,47.19182603278958]},"properties":{"OBJECTID":741,"UUID":"{32E9C1D5-5A68-E611-B7C2-F04DA23F2F2A}","HSTNAME":"Beromünster, Flugplatz","VMITTEL":2,"BFS_NR":1081,"GEMEINDE":"Beromünster","EINWOHNER":6,"ARBEITSPL":30,"RADIUS":300,"DIDOKNR":77253,"ANGSTUFE":3,"SLOID":"ch:1:sloid:77253","TU":1}},{"type":"Feature","id":742,"geometry":{"type":"Point","coordinates":[8.423565309924852,47.03553979214628]},"properties":{"OBJECTID":742,"UUID":"{91E8C1D5-5A68-E611-B7C2-F04DA23F2F2A}","HSTNAME":"Weggis, Zopf","VMITTEL":2,"BFS_NR":1069,"GEMEINDE":"Weggis","EINWOHNER":365,"ARBEITSPL":134,"RADIUS":300,"DIDOKNR":77212,"ANGSTUFE":3,"SLOID":"ch:1:sloid:77212","TU":7}},{"type":"Feature","id":743,"geometry":{"type":"Point","coordinates":[8.480383751540128,46.99990766888506]},"properties":{"OBJECTID":743,"UUID":"{217A4CDB-5A68-E611-B7C2-F04DA23F2F2A}","HSTNAME":"Vitznau, Floralpina","VMITTEL":2,"BFS_NR":1068,"GEMEINDE":"Vitznau","EINWOHNER":28,"ARBEITSPL":32,"RADIUS":300,"DIDOKNR":77223,"ANGSTUFE":3,"SLOID":"ch:1:sloid:77223","TU":7}},{"type":"Feature","id":744,"geometry":{"type":"Point","coordinates":[8.262432715987133,47.10016166122112]},"properties":{"OBJECTID":744,"UUID":"{B4754CDB-5A68-E611-B7C2-F04DA23F2F2A}","HSTNAME":"Rothenburg, Mauritiusring","VMITTEL":2,"BFS_NR":1040,"GEMEINDE":"Rothenburg","EINWOHNER":187,"ARBEITSPL":20,"RADIUS":300,"DIDOKNR":77240,"ANGSTUFE":4,"SLOID":"ch:1:sloid:77240","TU":1}},{"type":"Feature","id":745,"geometry":{"type":"Point","coordinates":[8.257601560618395,47.12997399863389]},"properties":{"OBJECTID":745,"UUID":"{D7774CDB-5A68-E611-B7C2-F04DA23F2F2A}","HSTNAME":"Rain, Dorf","VMITTEL":2,"BFS_NR":1037,"GEMEINDE":"Rain","EINWOHNER":766,"ARBEITSPL":217,"RADIUS":300,"DIDOKNR":77258,"ANGSTUFE":3,"SLOID":"ch:1:sloid:77258","TU":1}},{"type":"Feature","id":746,"geometry":{"type":"Point","coordinates":[8.426549994333916,47.03340443891803]},"properties":{"OBJECTID":746,"UUID":"{19794CDB-5A68-E611-B7C2-F04DA23F2F2A}","HSTNAME":"Weggis, Neubüel","VMITTEL":2,"BFS_NR":1069,"GEMEINDE":"Weggis","EINWOHNER":547,"ARBEITSPL":203,"RADIUS":300,"DIDOKNR":77213,"ANGSTUFE":3,"SLOID":"ch:1:sloid:77213","TU":7}},{"type":"Feature","id":747,"geometry":{"type":"Point","coordinates":[8.261412439107907,47.09678455820496]},"properties":{"OBJECTID":747,"UUID":"{6A794CDB-5A68-E611-B7C2-F04DA23F2F2A}","HSTNAME":"Rothenburg, Eichenring","VMITTEL":2,"BFS_NR":1040,"GEMEINDE":"Rothenburg","EINWOHNER":686,"ARBEITSPL":37,"RADIUS":300,"DIDOKNR":77241,"ANGSTUFE":4,"SLOID":"ch:1:sloid:77241","TU":1}},{"type":"Feature","id":748,"geometry":{"type":"Point","coordinates":[8.48063527958404,47.01443164026535]},"properties":{"OBJECTID":748,"UUID":"{85E8C1D5-5A68-E611-B7C2-F04DA23F2F2A}","HSTNAME":"Vitznau, Park Hotel","VMITTEL":2,"BFS_NR":1068,"GEMEINDE":"Vitznau","EINWOHNER":290,"ARBEITSPL":204,"RADIUS":300,"DIDOKNR":77220,"ANGSTUFE":3,"SLOID":"ch:1:sloid:77220","TU":7}},{"type":"Feature","id":749,"geometry":{"type":"Point","coordinates":[8.251832867160557,47.126969215038386]},"properties":{"OBJECTID":749,"UUID":"{5DE8C1D5-5A68-E611-B7C2-F04DA23F2F2A}","HSTNAME":"Rain, Rüti","VMITTEL":2,"BFS_NR":1037,"GEMEINDE":"Rain","EINWOHNER":992,"ARBEITSPL":126,"RADIUS":300,"DIDOKNR":77257,"ANGSTUFE":3,"SLOID":"ch:1:sloid:77257","TU":1}},{"type":"Feature","id":750,"geometry":{"type":"Point","coordinates":[8.470178889940975,47.02020092813317]},"properties":{"OBJECTID":750,"UUID":"{7B784CDB-5A68-E611-B7C2-F04DA23F2F2A}","HSTNAME":"Vitznau, Unterwilen","VMITTEL":2,"BFS_NR":1068,"GEMEINDE":"Vitznau","EINWOHNER":78,"ARBEITSPL":15,"RADIUS":300,"DIDOKNR":77219,"ANGSTUFE":3,"SLOID":"ch:1:sloid:77219","TU":7}},{"type":"Feature","id":751,"geometry":{"type":"Point","coordinates":[8.256383283382217,47.109917733135234]},"properties":{"OBJECTID":751,"UUID":"{D6784CDB-5A68-E611-B7C2-F04DA23F2F2A}","HSTNAME":"Rothenburg, Wegscheiden","VMITTEL":2,"BFS_NR":1040,"GEMEINDE":"Rothenburg","EINWOHNER":38,"ARBEITSPL":17,"RADIUS":300,"DIDOKNR":77244,"ANGSTUFE":4,"SLOID":"ch:1:sloid:77244","TU":1}},{"type":"Feature","id":752,"geometry":{"type":"Point","coordinates":[8.240994990997443,47.18038726069083]},"properties":{"OBJECTID":752,"UUID":"{20774CDB-5A68-E611-B7C2-F04DA23F2F2A}","HSTNAME":"Römerswil LU, Ludigen","VMITTEL":2,"BFS_NR":1039,"GEMEINDE":"Römerswil","EINWOHNER":33,"ARBEITSPL":7,"RADIUS":300,"DIDOKNR":77263,"ANGSTUFE":2,"SLOID":"ch:1:sloid:77263","TU":4}},{"type":"Feature","id":753,"geometry":{"type":"Point","coordinates":[8.483357175215787,47.00934778050662]},"properties":{"OBJECTID":753,"UUID":"{48764CDB-5A68-E611-B7C2-F04DA23F2F2A}","HSTNAME":"Vitznau, Station","VMITTEL":2,"BFS_NR":1068,"GEMEINDE":"Vitznau","EINWOHNER":603,"ARBEITSPL":297,"RADIUS":300,"DIDOKNR":77221,"ANGSTUFE":3,"SLOID":"ch:1:sloid:77221","TU":7}},{"type":"Feature","id":754,"geometry":{"type":"Point","coordinates":[8.246589908565348,47.11753407615682]},"properties":{"OBJECTID":754,"UUID":"{7A794CDB-5A68-E611-B7C2-F04DA23F2F2A}","HSTNAME":"Rothenburg, Süesstannen","VMITTEL":2,"BFS_NR":1040,"GEMEINDE":"Rothenburg","EINWOHNER":11,"ARBEITSPL":4,"RADIUS":300,"DIDOKNR":77245,"ANGSTUFE":4,"SLOID":"ch:1:sloid:77245","TU":1}},{"type":"Feature","id":755,"geometry":{"type":"Point","coordinates":[8.209083113620492,47.17688123657791]},"properties":{"OBJECTID":755,"UUID":"{65794CDB-5A68-E611-B7C2-F04DA23F2F2A}","HSTNAME":"Neudorf, Dorf","VMITTEL":2,"BFS_NR":1081,"GEMEINDE":"Beromünster","EINWOHNER":739,"ARBEITSPL":100,"RADIUS":300,"DIDOKNR":77250,"ANGSTUFE":3,"SLOID":"ch:1:sloid:77250","TU":1}},{"type":"Feature","id":756,"geometry":{"type":"Point","coordinates":[8.251982243915883,47.15590605397696]},"properties":{"OBJECTID":756,"UUID":"{56764CDB-5A68-E611-B7C2-F04DA23F2F2A}","HSTNAME":"Römerswil LU, Williswil","VMITTEL":2,"BFS_NR":1039,"GEMEINDE":"Römerswil","EINWOHNER":22,"ARBEITSPL":13,"RADIUS":300,"DIDOKNR":77261,"ANGSTUFE":2,"SLOID":"ch:1:sloid:77261","TU":4}},{"type":"Feature","id":757,"geometry":{"type":"Point","coordinates":[8.20916839377605,47.18005596283334]},"properties":{"OBJECTID":757,"UUID":"{DD754CDB-5A68-E611-B7C2-F04DA23F2F2A}","HSTNAME":"Neudorf, Post","VMITTEL":2,"BFS_NR":1081,"GEMEINDE":"Beromünster","EINWOHNER":345,"ARBEITSPL":184,"RADIUS":300,"DIDOKNR":77251,"ANGSTUFE":3,"SLOID":"ch:1:sloid:77251","TU":1}},{"type":"Feature","id":758,"geometry":{"type":"Point","coordinates":[8.230448669350048,47.19788393482681]},"properties":{"OBJECTID":758,"UUID":"{87764CDB-5A68-E611-B7C2-F04DA23F2F2A}","HSTNAME":"Herlisberg, Dorfplatz","VMITTEL":2,"BFS_NR":1039,"GEMEINDE":"Römerswil","EINWOHNER":40,"ARBEITSPL":18,"RADIUS":300,"DIDOKNR":77266,"ANGSTUFE":2,"SLOID":"ch:1:sloid:77266","TU":4}},{"type":"Feature","id":759,"geometry":{"type":"Point","coordinates":[8.223814336416511,47.20265180766308]},"properties":{"OBJECTID":759,"UUID":"{B7784CDB-5A68-E611-B7C2-F04DA23F2F2A}","HSTNAME":"Beromünster, Waldhus","VMITTEL":2,"BFS_NR":1081,"GEMEINDE":"Beromünster","EINWOHNER":10,"ARBEITSPL":7,"RADIUS":300,"DIDOKNR":77267,"ANGSTUFE":2,"SLOID":"ch:1:sloid:77267","TU":4}},{"type":"Feature","id":760,"geometry":{"type":"Point","coordinates":[8.287648056712085,47.07323255128248]},"properties":{"OBJECTID":760,"UUID":"{24764CDB-5A68-E611-B7C2-F04DA23F2F2A}","HSTNAME":"Emmenbrücke, Emmen Center","VMITTEL":2,"BFS_NR":1024,"GEMEINDE":"Emmen","EINWOHNER":927,"ARBEITSPL":890,"RADIUS":300,"DIDOKNR":77271,"ANGSTUFE":5,"SLOID":"ch:1:sloid:77271","TU":1}},{"type":"Feature","id":761,"geometry":{"type":"Point","coordinates":[8.236239899080827,47.18886678873394]},"properties":{"OBJECTID":761,"UUID":"{A7764CDB-5A68-E611-B7C2-F04DA23F2F2A}","HSTNAME":"Herlisberg, Oberreinach","VMITTEL":2,"BFS_NR":1039,"GEMEINDE":"Römerswil","EINWOHNER":103,"ARBEITSPL":46,"RADIUS":300,"DIDOKNR":77264,"ANGSTUFE":2,"SLOID":"ch:1:sloid:77264","TU":4}},{"type":"Feature","id":762,"geometry":{"type":"Point","coordinates":[8.209896285181447,47.20951017282211]},"properties":{"OBJECTID":762,"UUID":"{30794CDB-5A68-E611-B7C2-F04DA23F2F2A}","HSTNAME":"Beromünster, Witwil","VMITTEL":2,"BFS_NR":1081,"GEMEINDE":"Beromünster","EINWOHNER":30,"ARBEITSPL":11,"RADIUS":300,"DIDOKNR":77268,"ANGSTUFE":2,"SLOID":"ch:1:sloid:77268","TU":4}},{"type":"Feature","id":763,"geometry":{"type":"Point","coordinates":[8.285362986651418,47.07110849012399]},"properties":{"OBJECTID":763,"UUID":"{F0764CDB-5A68-E611-B7C2-F04DA23F2F2A}","HSTNAME":"Emmenbrücke, Marienkirche","VMITTEL":2,"BFS_NR":1024,"GEMEINDE":"Emmen","EINWOHNER":757,"ARBEITSPL":235,"RADIUS":300,"DIDOKNR":77269,"ANGSTUFE":4,"SLOID":"ch:1:sloid:77269","TU":1}},{"type":"Feature","id":764,"geometry":{"type":"Point","coordinates":[8.503964527833917,46.99237153476548]},"properties":{"OBJECTID":764,"UUID":"{C9E8C1D5-5A68-E611-B7C2-F04DA23F2F2A}","HSTNAME":"Gersau, Förstli","VMITTEL":2,"BFS_NR":1311,"GEMEINDE":"Gersau","EINWOHNER":0,"ARBEITSPL":0,"RADIUS":300,"DIDOKNR":77224,"ANGSTUFE":null,"SLOID":"ch:1:sloid:77224","TU":7}},{"type":"Feature","id":765,"geometry":{"type":"Point","coordinates":[8.231079040429679,47.19500114764166]},"properties":{"OBJECTID":765,"UUID":"{1C784CDB-5A68-E611-B7C2-F04DA23F2F2A}","HSTNAME":"Herlisberg, Steinhus","VMITTEL":2,"BFS_NR":1039,"GEMEINDE":"Römerswil","EINWOHNER":27,"ARBEITSPL":7,"RADIUS":300,"DIDOKNR":77265,"ANGSTUFE":2,"SLOID":"ch:1:sloid:77265","TU":4}},{"type":"Feature","id":766,"geometry":{"type":"Point","coordinates":[8.523413053639691,46.99250633690531]},"properties":{"OBJECTID":766,"UUID":"{0A794CDB-5A68-E611-B7C2-F04DA23F2F2A}","HSTNAME":"Gersau, Wehri","VMITTEL":2,"BFS_NR":1311,"GEMEINDE":"Gersau","EINWOHNER":0,"ARBEITSPL":0,"RADIUS":300,"DIDOKNR":77225,"ANGSTUFE":null,"SLOID":"ch:1:sloid:77225","TU":7}},{"type":"Feature","id":767,"geometry":{"type":"Point","coordinates":[8.290120574083526,47.07340575567588]},"properties":{"OBJECTID":767,"UUID":"{A1774CDB-5A68-E611-B7C2-F04DA23F2F2A}","HSTNAME":"Emmen, Fichtenstrasse","VMITTEL":2,"BFS_NR":1024,"GEMEINDE":"Emmen","EINWOHNER":657,"ARBEITSPL":103,"RADIUS":300,"DIDOKNR":77273,"ANGSTUFE":5,"SLOID":"ch:1:sloid:77273","TU":1}},{"type":"Feature","id":768,"geometry":{"type":"Point","coordinates":[8.290390283908495,47.08532415955628]},"properties":{"OBJECTID":768,"UUID":"{BE784CDB-5A68-E611-B7C2-F04DA23F2F2A}","HSTNAME":"Emmen, Kasernenstrasse","VMITTEL":2,"BFS_NR":1024,"GEMEINDE":"Emmen","EINWOHNER":947,"ARBEITSPL":309,"RADIUS":300,"DIDOKNR":77278,"ANGSTUFE":4,"SLOID":"ch:1:sloid:77278","TU":1}},{"type":"Feature","id":769,"geometry":{"type":"Point","coordinates":[8.284119827664702,47.082074360406516]},"properties":{"OBJECTID":769,"UUID":"{D9764CDB-5A68-E611-B7C2-F04DA23F2F2A}","HSTNAME":"Emmen, Rüeggisingen","VMITTEL":2,"BFS_NR":1024,"GEMEINDE":"Emmen","EINWOHNER":227,"ARBEITSPL":141,"RADIUS":300,"DIDOKNR":77276,"ANGSTUFE":5,"SLOID":"ch:1:sloid:77276","TU":1}},{"type":"Feature","id":770,"geometry":{"type":"Point","coordinates":[8.287079583436737,47.08390538325748]},"properties":{"OBJECTID":770,"UUID":"{9B784CDB-5A68-E611-B7C2-F04DA23F2F2A}","HSTNAME":"Emmen, Abendweg","VMITTEL":2,"BFS_NR":1024,"GEMEINDE":"Emmen","EINWOHNER":835,"ARBEITSPL":34,"RADIUS":300,"DIDOKNR":77277,"ANGSTUFE":4,"SLOID":"ch:1:sloid:77277","TU":1}},{"type":"Feature","id":771,"geometry":{"type":"Point","coordinates":[8.062612914693542,46.99367209778961]},"properties":{"OBJECTID":771,"UUID":"{7EE8C1D5-5A68-E611-B7C2-F04DA23F2F2A}","HSTNAME":"Entlebuch, Bahnhof","VMITTEL":2,"BFS_NR":1002,"GEMEINDE":"Entlebuch","EINWOHNER":221,"ARBEITSPL":306,"RADIUS":300,"DIDOKNR":77051,"ANGSTUFE":2,"SLOID":"ch:1:sloid:77051","TU":3}},{"type":"Feature","id":772,"geometry":{"type":"Point","coordinates":[8.275677424838937,47.077323373350154]},"properties":{"OBJECTID":772,"UUID":"{387A4CDB-5A68-E611-B7C2-F04DA23F2F2A}","HSTNAME":"Emmenbrücke, Sonnenplatz","VMITTEL":3,"BFS_NR":1024,"GEMEINDE":"Emmen","EINWOHNER":747,"ARBEITSPL":590,"RADIUS":300,"DIDOKNR":77234,"ANGSTUFE":5,"SLOID":"ch:1:sloid:77234","TU":1}},{"type":"Feature","id":773,"geometry":{"type":"Point","coordinates":[8.06867900330364,46.98291643629528]},"properties":{"OBJECTID":773,"UUID":"{F7774CDB-5A68-E611-B7C2-F04DA23F2F2A}","HSTNAME":"Entlebuch, Spüelen","VMITTEL":2,"BFS_NR":1002,"GEMEINDE":"Entlebuch","EINWOHNER":9,"ARBEITSPL":5,"RADIUS":300,"DIDOKNR":77054,"ANGSTUFE":1,"SLOID":"ch:1:sloid:77054","TU":3}},{"type":"Feature","id":774,"geometry":{"type":"Point","coordinates":[8.271660195176596,47.08139536012664]},"properties":{"OBJECTID":774,"UUID":"{27784CDB-5A68-E611-B7C2-F04DA23F2F2A}","HSTNAME":"Emmenbrücke, Sprengi","VMITTEL":3,"BFS_NR":1024,"GEMEINDE":"Emmen","EINWOHNER":1169,"ARBEITSPL":430,"RADIUS":300,"DIDOKNR":77235,"ANGSTUFE":5,"SLOID":"ch:1:sloid:77235","TU":1}},{"type":"Feature","id":775,"geometry":{"type":"Point","coordinates":[8.074696471349162,46.980472462764475]},"properties":{"OBJECTID":775,"UUID":"{0D764CDB-5A68-E611-B7C2-F04DA23F2F2A}","HSTNAME":"Entlebuch, Unteregg","VMITTEL":2,"BFS_NR":1002,"GEMEINDE":"Entlebuch","EINWOHNER":12,"ARBEITSPL":7,"RADIUS":300,"DIDOKNR":77055,"ANGSTUFE":1,"SLOID":"ch:1:sloid:77055","TU":3}},{"type":"Feature","id":776,"geometry":{"type":"Point","coordinates":[8.121946983229652,46.96176002224671]},"properties":{"OBJECTID":776,"UUID":"{0FE8C1D5-5A68-E611-B7C2-F04DA23F2F2A}","HSTNAME":"Finsterwald LU, Schwändeli","VMITTEL":2,"BFS_NR":1002,"GEMEINDE":"Entlebuch","EINWOHNER":6,"ARBEITSPL":0,"RADIUS":300,"DIDOKNR":77061,"ANGSTUFE":1,"SLOID":"ch:1:sloid:77061","TU":3}},{"type":"Feature","id":777,"geometry":{"type":"Point","coordinates":[8.077719150506626,47.02243713667174]},"properties":{"OBJECTID":777,"UUID":"{BF794CDB-5A68-E611-B7C2-F04DA23F2F2A}","HSTNAME":"Ebnet (Entlebuch), Schulhaus","VMITTEL":2,"BFS_NR":1002,"GEMEINDE":"Entlebuch","EINWOHNER":183,"ARBEITSPL":69,"RADIUS":300,"DIDOKNR":77067,"ANGSTUFE":1,"SLOID":"ch:1:sloid:77067","TU":3}},{"type":"Feature","id":778,"geometry":{"type":"Point","coordinates":[8.066803269572622,46.99112153200258]},"properties":{"OBJECTID":778,"UUID":"{40E8C1D5-5A68-E611-B7C2-F04DA23F2F2A}","HSTNAME":"Entlebuch, Marktplatz","VMITTEL":2,"BFS_NR":1002,"GEMEINDE":"Entlebuch","EINWOHNER":460,"ARBEITSPL":360,"RADIUS":300,"DIDOKNR":77053,"ANGSTUFE":1,"SLOID":"ch:1:sloid:77053","TU":3}},{"type":"Feature","id":779,"geometry":{"type":"Point","coordinates":[8.103310990283463,46.97307790410749]},"properties":{"OBJECTID":779,"UUID":"{C6784CDB-5A68-E611-B7C2-F04DA23F2F2A}","HSTNAME":"Finsterwald LU, Kirche","VMITTEL":2,"BFS_NR":1002,"GEMEINDE":"Entlebuch","EINWOHNER":161,"ARBEITSPL":18,"RADIUS":300,"DIDOKNR":77058,"ANGSTUFE":1,"SLOID":"ch:1:sloid:77058","TU":3}},{"type":"Feature","id":780,"geometry":{"type":"Point","coordinates":[8.267464355789382,47.22748743371189]},"properties":{"OBJECTID":780,"UUID":"{11774CDB-5A68-E611-B7C2-F04DA23F2F2A}","HSTNAME":"Hitzkirch, Schönegg","VMITTEL":2,"BFS_NR":1030,"GEMEINDE":"Hitzkirch","EINWOHNER":112,"ARBEITSPL":3,"RADIUS":300,"DIDOKNR":77076,"ANGSTUFE":2,"SLOID":"ch:1:sloid:77076","TU":4}},{"type":"Feature","id":781,"geometry":{"type":"Point","coordinates":[8.262801584183626,47.224822340559946]},"properties":{"OBJECTID":781,"UUID":"{17774CDB-5A68-E611-B7C2-F04DA23F2F2A}","HSTNAME":"Hitzkirch, Dorf","VMITTEL":2,"BFS_NR":1030,"GEMEINDE":"Hitzkirch","EINWOHNER":617,"ARBEITSPL":679,"RADIUS":300,"DIDOKNR":77070,"ANGSTUFE":3,"SLOID":"ch:1:sloid:77070","TU":4}},{"type":"Feature","id":782,"geometry":{"type":"Point","coordinates":[8.273798185150858,47.23142654389938]},"properties":{"OBJECTID":782,"UUID":"{ED794CDB-5A68-E611-B7C2-F04DA23F2F2A}","HSTNAME":"Hämikon, Stockmatt","VMITTEL":2,"BFS_NR":1030,"GEMEINDE":"Hitzkirch","EINWOHNER":17,"ARBEITSPL":38,"RADIUS":300,"DIDOKNR":77077,"ANGSTUFE":2,"SLOID":"ch:1:sloid:77077","TU":4}},{"type":"Feature","id":783,"geometry":{"type":"Point","coordinates":[8.104658222461188,46.96832048418412]},"properties":{"OBJECTID":783,"UUID":"{AA784CDB-5A68-E611-B7C2-F04DA23F2F2A}","HSTNAME":"Finsterwald LU, Lippern","VMITTEL":2,"BFS_NR":1002,"GEMEINDE":"Entlebuch","EINWOHNER":13,"ARBEITSPL":1,"RADIUS":300,"DIDOKNR":77059,"ANGSTUFE":1,"SLOID":"ch:1:sloid:77059","TU":3}},{"type":"Feature","id":784,"geometry":{"type":"Point","coordinates":[8.275011588055378,47.237237589290935]},"properties":{"OBJECTID":784,"UUID":"{54784CDB-5A68-E611-B7C2-F04DA23F2F2A}","HSTNAME":"Hämikon, Schulhaus","VMITTEL":2,"BFS_NR":1030,"GEMEINDE":"Hitzkirch","EINWOHNER":327,"ARBEITSPL":87,"RADIUS":300,"DIDOKNR":77071,"ANGSTUFE":2,"SLOID":"ch:1:sloid:77071","TU":4}},{"type":"Feature","id":785,"geometry":{"type":"Point","coordinates":[8.084435635904361,46.97716170807688]},"properties":{"OBJECTID":785,"UUID":"{33774CDB-5A68-E611-B7C2-F04DA23F2F2A}","HSTNAME":"Finsterwald LU, Erlengraben","VMITTEL":2,"BFS_NR":1002,"GEMEINDE":"Entlebuch","EINWOHNER":30,"ARBEITSPL":43,"RADIUS":300,"DIDOKNR":77056,"ANGSTUFE":1,"SLOID":"ch:1:sloid:77056","TU":3}},{"type":"Feature","id":786,"geometry":{"type":"Point","coordinates":[8.261759299358587,47.157113861942975]},"properties":{"OBJECTID":786,"UUID":"{30784CDB-5A68-E611-B7C2-F04DA23F2F2A}","HSTNAME":"Römerswil LU, Gosperdingen","VMITTEL":2,"BFS_NR":1039,"GEMEINDE":"Römerswil","EINWOHNER":16,"ARBEITSPL":7,"RADIUS":300,"DIDOKNR":77098,"ANGSTUFE":2,"SLOID":"ch:1:sloid:77098","TU":4}},{"type":"Feature","id":787,"geometry":{"type":"Point","coordinates":[8.28653547269459,47.238520638411394]},"properties":{"OBJECTID":787,"UUID":"{BB764CDB-5A68-E611-B7C2-F04DA23F2F2A}","HSTNAME":"Müswangen, Sonnmatt","VMITTEL":2,"BFS_NR":1030,"GEMEINDE":"Hitzkirch","EINWOHNER":112,"ARBEITSPL":32,"RADIUS":300,"DIDOKNR":77080,"ANGSTUFE":2,"SLOID":"ch:1:sloid:77080","TU":4}},{"type":"Feature","id":788,"geometry":{"type":"Point","coordinates":[8.093823171655556,46.974211943498375]},"properties":{"OBJECTID":788,"UUID":"{0C784CDB-5A68-E611-B7C2-F04DA23F2F2A}","HSTNAME":"Finsterwald LU, Chilenwald","VMITTEL":2,"BFS_NR":1002,"GEMEINDE":"Entlebuch","EINWOHNER":1,"ARBEITSPL":0,"RADIUS":300,"DIDOKNR":77057,"ANGSTUFE":1,"SLOID":"ch:1:sloid:77057","TU":3}},{"type":"Feature","id":789,"geometry":{"type":"Point","coordinates":[8.252348221039515,47.22250394539561]},"properties":{"OBJECTID":789,"UUID":"{38E8C1D5-5A68-E611-B7C2-F04DA23F2F2A}","HSTNAME":"Hitzkirch, Bahnhof","VMITTEL":2,"BFS_NR":1030,"GEMEINDE":"Hitzkirch","EINWOHNER":152,"ARBEITSPL":166,"RADIUS":300,"DIDOKNR":77069,"ANGSTUFE":3,"SLOID":"ch:1:sloid:77069","TU":4}},{"type":"Feature","id":790,"geometry":{"type":"Point","coordinates":[8.257237276184968,47.15460945056746]},"properties":{"OBJECTID":790,"UUID":"{94764CDB-5A68-E611-B7C2-F04DA23F2F2A}","HSTNAME":"Römerswil LU, Ludiswil","VMITTEL":2,"BFS_NR":1039,"GEMEINDE":"Römerswil","EINWOHNER":13,"ARBEITSPL":22,"RADIUS":300,"DIDOKNR":77099,"ANGSTUFE":2,"SLOID":"ch:1:sloid:77099","TU":4}},{"type":"Feature","id":791,"geometry":{"type":"Point","coordinates":[8.261681453007048,47.22925594966126]},"properties":{"OBJECTID":791,"UUID":"{A3E8C1D5-5A68-E611-B7C2-F04DA23F2F2A}","HSTNAME":"Hitzkirch, Bleulikon","VMITTEL":2,"BFS_NR":1030,"GEMEINDE":"Hitzkirch","EINWOHNER":143,"ARBEITSPL":24,"RADIUS":300,"DIDOKNR":77075,"ANGSTUFE":2,"SLOID":"ch:1:sloid:77075","TU":4}},{"type":"Feature","id":792,"geometry":{"type":"Point","coordinates":[8.269100960877124,47.158572320300316]},"properties":{"OBJECTID":792,"UUID":"{01E8C1D5-5A68-E611-B7C2-F04DA23F2F2A}","HSTNAME":"Römerswil LU, Eiholdern","VMITTEL":2,"BFS_NR":1039,"GEMEINDE":"Römerswil","EINWOHNER":10,"ARBEITSPL":15,"RADIUS":300,"DIDOKNR":77096,"ANGSTUFE":2,"SLOID":"ch:1:sloid:77096","TU":4}},{"type":"Feature","id":793,"geometry":{"type":"Point","coordinates":[8.295940866779269,47.19579585845285]},"properties":{"OBJECTID":793,"UUID":"{0DE9C1D5-5A68-E611-B7C2-F04DA23F2F2A}","HSTNAME":"Kleinwangen, Post","VMITTEL":2,"BFS_NR":1032,"GEMEINDE":"Hohenrain","EINWOHNER":88,"ARBEITSPL":64,"RADIUS":300,"DIDOKNR":77084,"ANGSTUFE":1,"SLOID":"ch:1:sloid:77084","TU":4}},{"type":"Feature","id":794,"geometry":{"type":"Point","coordinates":[8.288629657697198,47.238154401474794]},"properties":{"OBJECTID":794,"UUID":"{7B794CDB-5A68-E611-B7C2-F04DA23F2F2A}","HSTNAME":"Müswangen, Dorf","VMITTEL":2,"BFS_NR":1030,"GEMEINDE":"Hitzkirch","EINWOHNER":405,"ARBEITSPL":70,"RADIUS":300,"DIDOKNR":77072,"ANGSTUFE":2,"SLOID":"ch:1:sloid:77072","TU":4}},{"type":"Feature","id":795,"geometry":{"type":"Point","coordinates":[8.2640917973555,47.15957085651046]},"properties":{"OBJECTID":795,"UUID":"{2FE8C1D5-5A68-E611-B7C2-F04DA23F2F2A}","HSTNAME":"Römerswil LU, Gehren","VMITTEL":2,"BFS_NR":1039,"GEMEINDE":"Römerswil","EINWOHNER":6,"ARBEITSPL":3,"RADIUS":300,"DIDOKNR":77097,"ANGSTUFE":2,"SLOID":"ch:1:sloid:77097","TU":4}},{"type":"Feature","id":796,"geometry":{"type":"Point","coordinates":[8.258294046113882,47.223640152505524]},"properties":{"OBJECTID":796,"UUID":"{FE764CDB-5A68-E611-B7C2-F04DA23F2F2A}","HSTNAME":"Hitzkirch, Friedhof","VMITTEL":2,"BFS_NR":1030,"GEMEINDE":"Hitzkirch","EINWOHNER":792,"ARBEITSPL":231,"RADIUS":300,"DIDOKNR":77073,"ANGSTUFE":3,"SLOID":"ch:1:sloid:77073","TU":4}},{"type":"Feature","id":797,"geometry":{"type":"Point","coordinates":[8.300313457020726,47.198524760398435]},"properties":{"OBJECTID":797,"UUID":"{24E8C1D5-5A68-E611-B7C2-F04DA23F2F2A}","HSTNAME":"Kleinwangen, Oberdorf","VMITTEL":2,"BFS_NR":1032,"GEMEINDE":"Hohenrain","EINWOHNER":60,"ARBEITSPL":11,"RADIUS":300,"DIDOKNR":77090,"ANGSTUFE":1,"SLOID":"ch:1:sloid:77090","TU":4}},{"type":"Feature","id":798,"geometry":{"type":"Point","coordinates":[8.28006091933867,47.23917976025427]},"properties":{"OBJECTID":798,"UUID":"{22E9C1D5-5A68-E611-B7C2-F04DA23F2F2A}","HSTNAME":"Hämikon, Oberdorf","VMITTEL":2,"BFS_NR":1030,"GEMEINDE":"Hitzkirch","EINWOHNER":91,"ARBEITSPL":12,"RADIUS":300,"DIDOKNR":77078,"ANGSTUFE":2,"SLOID":"ch:1:sloid:77078","TU":4}},{"type":"Feature","id":799,"geometry":{"type":"Point","coordinates":[8.245764748090307,47.16860615353895]},"properties":{"OBJECTID":799,"UUID":"{E3794CDB-5A68-E611-B7C2-F04DA23F2F2A}","HSTNAME":"Römerswil LU, Dorf","VMITTEL":2,"BFS_NR":1039,"GEMEINDE":"Römerswil","EINWOHNER":515,"ARBEITSPL":113,"RADIUS":300,"DIDOKNR":77102,"ANGSTUFE":2,"SLOID":"ch:1:sloid:77102","TU":4}},{"type":"Feature","id":800,"geometry":{"type":"Point","coordinates":[8.289157794004389,47.16675547582384]},"properties":{"OBJECTID":800,"UUID":"{1C774CDB-5A68-E611-B7C2-F04DA23F2F2A}","HSTNAME":"Hochdorf, Bahnhof","VMITTEL":2,"BFS_NR":1031,"GEMEINDE":"Hochdorf","EINWOHNER":279,"ARBEITSPL":589,"RADIUS":300,"DIDOKNR":77091,"ANGSTUFE":4,"SLOID":"ch:1:sloid:77091","TU":4}},{"type":"Feature","id":801,"geometry":{"type":"Point","coordinates":[8.296194488716301,47.2412556513123]},"properties":{"OBJECTID":801,"UUID":"{8E774CDB-5A68-E611-B7C2-F04DA23F2F2A}","HSTNAME":"Hämikon, Berg","VMITTEL":2,"BFS_NR":1030,"GEMEINDE":"Hitzkirch","EINWOHNER":14,"ARBEITSPL":10,"RADIUS":300,"DIDOKNR":77079,"ANGSTUFE":2,"SLOID":"ch:1:sloid:77079","TU":4}},{"type":"Feature","id":802,"geometry":{"type":"Point","coordinates":[8.251274782841293,47.16142515117919]},"properties":{"OBJECTID":802,"UUID":"{E2E7C1D5-5A68-E611-B7C2-F04DA23F2F2A}","HSTNAME":"Römerswil LU, Mur","VMITTEL":2,"BFS_NR":1039,"GEMEINDE":"Römerswil","EINWOHNER":6,"ARBEITSPL":8,"RADIUS":300,"DIDOKNR":77101,"ANGSTUFE":2,"SLOID":"ch:1:sloid:77101","TU":4}},{"type":"Feature","id":803,"geometry":{"type":"Point","coordinates":[8.276229866134354,47.16157905126226]},"properties":{"OBJECTID":803,"UUID":"{C7E8C1D5-5A68-E611-B7C2-F04DA23F2F2A}","HSTNAME":"Römerswil LU, Niffel","VMITTEL":2,"BFS_NR":1039,"GEMEINDE":"Römerswil","EINWOHNER":98,"ARBEITSPL":103,"RADIUS":300,"DIDOKNR":77094,"ANGSTUFE":1,"SLOID":"ch:1:sloid:77094","TU":4}},{"type":"Feature","id":804,"geometry":{"type":"Point","coordinates":[8.314775932963874,47.18065895384075]},"properties":{"OBJECTID":804,"UUID":"{39784CDB-5A68-E611-B7C2-F04DA23F2F2A}","HSTNAME":"Hohenrain, Landschau","VMITTEL":2,"BFS_NR":1032,"GEMEINDE":"Hohenrain","EINWOHNER":191,"ARBEITSPL":42,"RADIUS":300,"DIDOKNR":77114,"ANGSTUFE":1,"SLOID":"ch:1:sloid:77114","TU":4}},{"type":"Feature","id":805,"geometry":{"type":"Point","coordinates":[8.273112981193051,47.157913625626776]},"properties":{"OBJECTID":805,"UUID":"{59764CDB-5A68-E611-B7C2-F04DA23F2F2A}","HSTNAME":"Römerswil LU, Rehag","VMITTEL":2,"BFS_NR":1039,"GEMEINDE":"Römerswil","EINWOHNER":10,"ARBEITSPL":14,"RADIUS":300,"DIDOKNR":77095,"ANGSTUFE":2,"SLOID":"ch:1:sloid:77095","TU":4}},{"type":"Feature","id":806,"geometry":{"type":"Point","coordinates":[8.321505031423305,47.172691664264576]},"properties":{"OBJECTID":806,"UUID":"{A9794CDB-5A68-E611-B7C2-F04DA23F2F2A}","HSTNAME":"Hohenrain, Oberebersol","VMITTEL":2,"BFS_NR":1032,"GEMEINDE":"Hohenrain","EINWOHNER":100,"ARBEITSPL":17,"RADIUS":300,"DIDOKNR":77115,"ANGSTUFE":1,"SLOID":"ch:1:sloid:77115","TU":4}},{"type":"Feature","id":807,"geometry":{"type":"Point","coordinates":[8.281385385648731,47.16401511761534]},"properties":{"OBJECTID":807,"UUID":"{0F7A4CDB-5A68-E611-B7C2-F04DA23F2F2A}","HSTNAME":"Hochdorf, Industriestrasse","VMITTEL":2,"BFS_NR":1039,"GEMEINDE":"Römerswil","EINWOHNER":33,"ARBEITSPL":635,"RADIUS":300,"DIDOKNR":77092,"ANGSTUFE":3,"SLOID":"ch:1:sloid:77092","TU":4}},{"type":"Feature","id":808,"geometry":{"type":"Point","coordinates":[8.315584606513344,47.17928551053133]},"properties":{"OBJECTID":808,"UUID":"{C1754CDB-5A68-E611-B7C2-F04DA23F2F2A}","HSTNAME":"Hohenrain, Kreuz","VMITTEL":2,"BFS_NR":1032,"GEMEINDE":"Hohenrain","EINWOHNER":158,"ARBEITSPL":30,"RADIUS":300,"DIDOKNR":77104,"ANGSTUFE":1,"SLOID":"ch:1:sloid:77104","TU":4}},{"type":"Feature","id":809,"geometry":{"type":"Point","coordinates":[8.314049465054978,47.18464039989305]},"properties":{"OBJECTID":809,"UUID":"{B9754CDB-5A68-E611-B7C2-F04DA23F2F2A}","HSTNAME":"Hohenrain, Günikon","VMITTEL":2,"BFS_NR":1032,"GEMEINDE":"Hohenrain","EINWOHNER":232,"ARBEITSPL":44,"RADIUS":300,"DIDOKNR":77113,"ANGSTUFE":1,"SLOID":"ch:1:sloid:77113","TU":4}},{"type":"Feature","id":810,"geometry":{"type":"Point","coordinates":[8.293782207650974,47.19449860476241]},"properties":{"OBJECTID":810,"UUID":"{E2754CDB-5A68-E611-B7C2-F04DA23F2F2A}","HSTNAME":"Kleinwangen, Schmiede","VMITTEL":2,"BFS_NR":1032,"GEMEINDE":"Hohenrain","EINWOHNER":161,"ARBEITSPL":48,"RADIUS":300,"DIDOKNR":77110,"ANGSTUFE":1,"SLOID":"ch:1:sloid:77110","TU":4}},{"type":"Feature","id":811,"geometry":{"type":"Point","coordinates":[8.395406301422652,47.141111681897954]},"properties":{"OBJECTID":811,"UUID":"{45774CDB-5A68-E611-B7C2-F04DA23F2F2A}","HSTNAME":"Dietwil, Wannenmatt","VMITTEL":2,"BFS_NR":4231,"GEMEINDE":"Dietwil","EINWOHNER":0,"ARBEITSPL":0,"RADIUS":300,"DIDOKNR":77141,"ANGSTUFE":null,"SLOID":"ch:1:sloid:77141","TU":4}},{"type":"Feature","id":812,"geometry":{"type":"Point","coordinates":[8.327431703831708,47.16497302477614]},"properties":{"OBJECTID":812,"UUID":"{4C794CDB-5A68-E611-B7C2-F04DA23F2F2A}","HSTNAME":"Hohenrain, Ottenhusen","VMITTEL":2,"BFS_NR":1032,"GEMEINDE":"Hohenrain","EINWOHNER":282,"ARBEITSPL":24,"RADIUS":300,"DIDOKNR":77116,"ANGSTUFE":1,"SLOID":"ch:1:sloid:77116","TU":4}},{"type":"Feature","id":813,"geometry":{"type":"Point","coordinates":[8.397488038587962,47.18815850435165]},"properties":{"OBJECTID":813,"UUID":"{CB754CDB-5A68-E611-B7C2-F04DA23F2F2A}","HSTNAME":"Sins, Bahnhof","VMITTEL":2,"BFS_NR":4239,"GEMEINDE":"Sins","EINWOHNER":0,"ARBEITSPL":0,"RADIUS":300,"DIDOKNR":77128,"ANGSTUFE":null,"SLOID":"ch:1:sloid:77128","TU":4}},{"type":"Feature","id":814,"geometry":{"type":"Point","coordinates":[8.308960713921266,47.022925814538155]},"properties":{"OBJECTID":814,"UUID":"{F4E8C1D5-5A68-E611-B7C2-F04DA23F2F2A}","HSTNAME":"Horw, Wegscheide","VMITTEL":8,"BFS_NR":1058,"GEMEINDE":"Horw","EINWOHNER":1402,"ARBEITSPL":332,"RADIUS":300,"DIDOKNR":77147,"ANGSTUFE":5,"SLOID":"ch:1:sloid:77147","TU":11}},{"type":"Feature","id":815,"geometry":{"type":"Point","coordinates":[8.32748414015658,47.03709286009974]},"properties":{"OBJECTID":815,"UUID":"{75E8C1D5-5A68-E611-B7C2-F04DA23F2F2A}","HSTNAME":"Luzern, Schönbühl","VMITTEL":3,"BFS_NR":1061,"GEMEINDE":"Luzern","EINWOHNER":1649,"ARBEITSPL":240,"RADIUS":300,"DIDOKNR":77144,"ANGSTUFE":5,"SLOID":"ch:1:sloid:77144","TU":11}},{"type":"Feature","id":816,"geometry":{"type":"Point","coordinates":[8.310093628731549,47.06326835662589]},"properties":{"OBJECTID":816,"UUID":"{7D774CDB-5A68-E611-B7C2-F04DA23F2F2A}","HSTNAME":"Luzern, Weggismatt","VMITTEL":3,"BFS_NR":1061,"GEMEINDE":"Luzern","EINWOHNER":1369,"ARBEITSPL":348,"RADIUS":300,"DIDOKNR":77150,"ANGSTUFE":5,"SLOID":"ch:1:sloid:77150","TU":11}},{"type":"Feature","id":817,"geometry":{"type":"Point","coordinates":[8.314618857746149,47.06727082659903]},"properties":{"OBJECTID":817,"UUID":"{E2784CDB-5A68-E611-B7C2-F04DA23F2F2A}","HSTNAME":"Luzern, Maihof","VMITTEL":3,"BFS_NR":1061,"GEMEINDE":"Luzern","EINWOHNER":738,"ARBEITSPL":610,"RADIUS":300,"DIDOKNR":77151,"ANGSTUFE":5,"SLOID":"ch:1:sloid:77151","TU":11}},{"type":"Feature","id":818,"geometry":{"type":"Point","coordinates":[8.288152232551395,47.19149089283063]},"properties":{"OBJECTID":818,"UUID":"{6F794CDB-5A68-E611-B7C2-F04DA23F2F2A}","HSTNAME":"Kleinwangen, Ferren","VMITTEL":2,"BFS_NR":1032,"GEMEINDE":"Hohenrain","EINWOHNER":93,"ARBEITSPL":37,"RADIUS":300,"DIDOKNR":77109,"ANGSTUFE":1,"SLOID":"ch:1:sloid:77109","TU":4}},{"type":"Feature","id":819,"geometry":{"type":"Point","coordinates":[8.300710946849657,47.013530710257584]},"properties":{"OBJECTID":819,"UUID":"{D8794CDB-5A68-E611-B7C2-F04DA23F2F2A}","HSTNAME":"Horw, Spitz","VMITTEL":2,"BFS_NR":1058,"GEMEINDE":"Horw","EINWOHNER":395,"ARBEITSPL":85,"RADIUS":300,"DIDOKNR":77148,"ANGSTUFE":3,"SLOID":"ch:1:sloid:77148","TU":11}},{"type":"Feature","id":820,"geometry":{"type":"Point","coordinates":[8.31065714955334,47.056634367316256]},"properties":{"OBJECTID":820,"UUID":"{09794CDB-5A68-E611-B7C2-F04DA23F2F2A}","HSTNAME":"Luzern, Löwenplatz","VMITTEL":3,"BFS_NR":1061,"GEMEINDE":"Luzern","EINWOHNER":791,"ARBEITSPL":2718,"RADIUS":300,"DIDOKNR":77149,"ANGSTUFE":5,"SLOID":"ch:1:sloid:77149","TU":11}},{"type":"Feature","id":821,"geometry":{"type":"Point","coordinates":[8.396216993797632,47.19086770012826]},"properties":{"OBJECTID":821,"UUID":"{F8784CDB-5A68-E611-B7C2-F04DA23F2F2A}","HSTNAME":"Sins, Büel","VMITTEL":2,"BFS_NR":4239,"GEMEINDE":"Sins","EINWOHNER":0,"ARBEITSPL":0,"RADIUS":300,"DIDOKNR":77127,"ANGSTUFE":null,"SLOID":"ch:1:sloid:77127","TU":4}},{"type":"Feature","id":822,"geometry":{"type":"Point","coordinates":[8.394411627749504,47.16515583078748]},"properties":{"OBJECTID":822,"UUID":"{71784CDB-5A68-E611-B7C2-F04DA23F2F2A}","HSTNAME":"Oberrüti, Dorf","VMITTEL":2,"BFS_NR":4237,"GEMEINDE":"Oberrüti","EINWOHNER":0,"ARBEITSPL":0,"RADIUS":300,"DIDOKNR":77138,"ANGSTUFE":null,"SLOID":"ch:1:sloid:77138","TU":4}},{"type":"Feature","id":823,"geometry":{"type":"Point","coordinates":[8.392831049244771,47.14974174760964]},"properties":{"OBJECTID":823,"UUID":"{E2E8C1D5-5A68-E611-B7C2-F04DA23F2F2A}","HSTNAME":"Dietwil, Zubestrasse","VMITTEL":2,"BFS_NR":4231,"GEMEINDE":"Dietwil","EINWOHNER":0,"ARBEITSPL":0,"RADIUS":300,"DIDOKNR":77139,"ANGSTUFE":null,"SLOID":"ch:1:sloid:77139","TU":4}},{"type":"Feature","id":824,"geometry":{"type":"Point","coordinates":[8.635316188434572,47.0098010600262]},"properties":{"OBJECTID":824,"UUID":"{29E9C1D5-5A68-E611-B7C2-F04DA23F2F2A}","HSTNAME":"Ibach, Diesel","VMITTEL":2,"BFS_NR":1372,"GEMEINDE":"Schwyz","EINWOHNER":0,"ARBEITSPL":0,"RADIUS":300,"DIDOKNR":77433,"ANGSTUFE":null,"SLOID":"ch:1:sloid:77433","TU":7}},{"type":"Feature","id":825,"geometry":{"type":"Point","coordinates":[8.602141404884748,46.995747609000716]},"properties":{"OBJECTID":825,"UUID":"{4D794CDB-5A68-E611-B7C2-F04DA23F2F2A}","HSTNAME":"Brunnen, Hafenstrasse","VMITTEL":2,"BFS_NR":1364,"GEMEINDE":"Ingenbohl","EINWOHNER":0,"ARBEITSPL":0,"RADIUS":300,"DIDOKNR":77438,"ANGSTUFE":null,"SLOID":"ch:1:sloid:77438","TU":7}},{"type":"Feature","id":826,"geometry":{"type":"Point","coordinates":[8.599796802564205,46.9970158797518]},"properties":{"OBJECTID":826,"UUID":"{03764CDB-5A68-E611-B7C2-F04DA23F2F2A}","HSTNAME":"Brunnen, Heideweg","VMITTEL":2,"BFS_NR":1364,"GEMEINDE":"Ingenbohl","EINWOHNER":0,"ARBEITSPL":0,"RADIUS":300,"DIDOKNR":77439,"ANGSTUFE":null,"SLOID":"ch:1:sloid:77439","TU":7}},{"type":"Feature","id":827,"geometry":{"type":"Point","coordinates":[8.607315701324232,46.99666664884687]},"properties":{"OBJECTID":827,"UUID":"{16794CDB-5A68-E611-B7C2-F04DA23F2F2A}","HSTNAME":"Brunnen, Kantonalbank","VMITTEL":2,"BFS_NR":1364,"GEMEINDE":"Ingenbohl","EINWOHNER":0,"ARBEITSPL":0,"RADIUS":300,"DIDOKNR":77436,"ANGSTUFE":null,"SLOID":"ch:1:sloid:77436","TU":7}},{"type":"Feature","id":828,"geometry":{"type":"Point","coordinates":[8.396385197491075,47.133925126137626]},"properties":{"OBJECTID":828,"UUID":"{64E8C1D5-5A68-E611-B7C2-F04DA23F2F2A}","HSTNAME":"Inwil, Körbligen","VMITTEL":2,"BFS_NR":1033,"GEMEINDE":"Inwil","EINWOHNER":22,"ARBEITSPL":36,"RADIUS":300,"DIDOKNR":77142,"ANGSTUFE":2,"SLOID":"ch:1:sloid:77142","TU":4}},{"type":"Feature","id":829,"geometry":{"type":"Point","coordinates":[8.395109118884184,47.121521931365905]},"properties":{"OBJECTID":829,"UUID":"{43774CDB-5A68-E611-B7C2-F04DA23F2F2A}","HSTNAME":"Gisikon-Root, Bahnhof","VMITTEL":2,"BFS_NR":1065,"GEMEINDE":"Root","EINWOHNER":280,"ARBEITSPL":50,"RADIUS":300,"DIDOKNR":77143,"ANGSTUFE":5,"SLOID":"ch:1:sloid:77143","TU":4}},{"type":"Feature","id":830,"geometry":{"type":"Point","coordinates":[8.592484515801395,47.00064897083421]},"properties":{"OBJECTID":830,"UUID":"{28E8C1D5-5A68-E611-B7C2-F04DA23F2F2A}","HSTNAME":"Brunnen, Seilbahn Urmiberg","VMITTEL":2,"BFS_NR":1364,"GEMEINDE":"Ingenbohl","EINWOHNER":0,"ARBEITSPL":0,"RADIUS":300,"DIDOKNR":77442,"ANGSTUFE":null,"SLOID":"ch:1:sloid:77442","TU":7}},{"type":"Feature","id":831,"geometry":{"type":"Point","coordinates":[8.392280028240968,47.147677358698516]},"properties":{"OBJECTID":831,"UUID":"{32794CDB-5A68-E611-B7C2-F04DA23F2F2A}","HSTNAME":"Dietwil, Kirchenplatz","VMITTEL":2,"BFS_NR":4231,"GEMEINDE":"Dietwil","EINWOHNER":0,"ARBEITSPL":0,"RADIUS":300,"DIDOKNR":77140,"ANGSTUFE":null,"SLOID":"ch:1:sloid:77140","TU":4}},{"type":"Feature","id":832,"geometry":{"type":"Point","coordinates":[8.58895413679351,47.00099817587588]},"properties":{"OBJECTID":832,"UUID":"{37E8C1D5-5A68-E611-B7C2-F04DA23F2F2A}","HSTNAME":"Brunnen, Schiller","VMITTEL":2,"BFS_NR":1364,"GEMEINDE":"Ingenbohl","EINWOHNER":0,"ARBEITSPL":0,"RADIUS":300,"DIDOKNR":77443,"ANGSTUFE":null,"SLOID":"ch:1:sloid:77443","TU":7}},{"type":"Feature","id":833,"geometry":{"type":"Point","coordinates":[8.598090002899838,46.997934897559475]},"properties":{"OBJECTID":833,"UUID":"{32784CDB-5A68-E611-B7C2-F04DA23F2F2A}","HSTNAME":"Brunnen, Sportplatzweg","VMITTEL":2,"BFS_NR":1364,"GEMEINDE":"Ingenbohl","EINWOHNER":0,"ARBEITSPL":0,"RADIUS":300,"DIDOKNR":77440,"ANGSTUFE":null,"SLOID":"ch:1:sloid:77440","TU":7}},{"type":"Feature","id":834,"geometry":{"type":"Point","coordinates":[8.648314810778318,47.01569946686589]},"properties":{"OBJECTID":834,"UUID":"{68764CDB-5A68-E611-B7C2-F04DA23F2F2A}","HSTNAME":"Ibach, Mythen Center","VMITTEL":2,"BFS_NR":1372,"GEMEINDE":"Schwyz","EINWOHNER":0,"ARBEITSPL":0,"RADIUS":300,"DIDOKNR":77430,"ANGSTUFE":null,"SLOID":"ch:1:sloid:77430","TU":7}},{"type":"Feature","id":835,"geometry":{"type":"Point","coordinates":[8.59423516817437,47.00007351754414]},"properties":{"OBJECTID":835,"UUID":"{BCE8C1D5-5A68-E611-B7C2-F04DA23F2F2A}","HSTNAME":"Brunnen, Hopfräben","VMITTEL":2,"BFS_NR":1364,"GEMEINDE":"Ingenbohl","EINWOHNER":0,"ARBEITSPL":0,"RADIUS":300,"DIDOKNR":77441,"ANGSTUFE":null,"SLOID":"ch:1:sloid:77441","TU":7}},{"type":"Feature","id":836,"geometry":{"type":"Point","coordinates":[8.651460504245469,47.01861744781677]},"properties":{"OBJECTID":836,"UUID":"{1E794CDB-5A68-E611-B7C2-F04DA23F2F2A}","HSTNAME":"Schwyz, Lücken","VMITTEL":2,"BFS_NR":1372,"GEMEINDE":"Schwyz","EINWOHNER":0,"ARBEITSPL":0,"RADIUS":300,"DIDOKNR":77431,"ANGSTUFE":null,"SLOID":"ch:1:sloid:77431","TU":7}},{"type":"Feature","id":837,"geometry":{"type":"Point","coordinates":[8.57767129653292,46.999932174698195]},"properties":{"OBJECTID":837,"UUID":"{85774CDB-5A68-E611-B7C2-F04DA23F2F2A}","HSTNAME":"Brunnen, Fallenbach","VMITTEL":2,"BFS_NR":1364,"GEMEINDE":"Ingenbohl","EINWOHNER":0,"ARBEITSPL":0,"RADIUS":300,"DIDOKNR":77444,"ANGSTUFE":null,"SLOID":"ch:1:sloid:77444","TU":7}},{"type":"Feature","id":838,"geometry":{"type":"Point","coordinates":[8.547955026927625,46.98913618542272]},"properties":{"OBJECTID":838,"UUID":"{E4E7C1D5-5A68-E611-B7C2-F04DA23F2F2A}","HSTNAME":"Gersau, Kindli-Strandbad","VMITTEL":2,"BFS_NR":1311,"GEMEINDE":"Gersau","EINWOHNER":0,"ARBEITSPL":0,"RADIUS":300,"DIDOKNR":77445,"ANGSTUFE":null,"SLOID":"ch:1:sloid:77445","TU":7}},{"type":"Feature","id":839,"geometry":{"type":"Point","coordinates":[8.62668337905637,47.00686080052458]},"properties":{"OBJECTID":839,"UUID":"{4DE8C1D5-5A68-E611-B7C2-F04DA23F2F2A}","HSTNAME":"Ingenbohl, Fuchsenen","VMITTEL":2,"BFS_NR":1364,"GEMEINDE":"Ingenbohl","EINWOHNER":0,"ARBEITSPL":0,"RADIUS":300,"DIDOKNR":77434,"ANGSTUFE":null,"SLOID":"ch:1:sloid:77434","TU":7}},{"type":"Feature","id":840,"geometry":{"type":"Point","coordinates":[8.618203282184625,47.0030014647056]},"properties":{"OBJECTID":840,"UUID":"{60E8C1D5-5A68-E611-B7C2-F04DA23F2F2A}","HSTNAME":"Ingenbohl, Gätzli","VMITTEL":2,"BFS_NR":1364,"GEMEINDE":"Ingenbohl","EINWOHNER":0,"ARBEITSPL":0,"RADIUS":300,"DIDOKNR":77435,"ANGSTUFE":null,"SLOID":"ch:1:sloid:77435","TU":7}},{"type":"Feature","id":841,"geometry":{"type":"Point","coordinates":[8.651734368231464,47.01967609609197]},"properties":{"OBJECTID":841,"UUID":"{2E794CDB-5A68-E611-B7C2-F04DA23F2F2A}","HSTNAME":"Schwyz, Steisteg","VMITTEL":2,"BFS_NR":1372,"GEMEINDE":"Schwyz","EINWOHNER":0,"ARBEITSPL":0,"RADIUS":300,"DIDOKNR":77432,"ANGSTUFE":null,"SLOID":"ch:1:sloid:77432","TU":7}},{"type":"Feature","id":842,"geometry":{"type":"Point","coordinates":[8.168022752259386,47.067991366599976]},"properties":{"OBJECTID":842,"UUID":"{A4E8C1D5-5A68-E611-B7C2-F04DA23F2F2A}","HSTNAME":"Ruswil, Ziswil","VMITTEL":2,"BFS_NR":1098,"GEMEINDE":"Ruswil","EINWOHNER":28,"ARBEITSPL":19,"RADIUS":300,"DIDOKNR":77290,"ANGSTUFE":3,"SLOID":"ch:1:sloid:77290","TU":2}},{"type":"Feature","id":843,"geometry":{"type":"Point","coordinates":[8.15644001552076,47.0711497143443]},"properties":{"OBJECTID":843,"UUID":"{72E8C1D5-5A68-E611-B7C2-F04DA23F2F2A}","HSTNAME":"Ruswil, Schlatt","VMITTEL":2,"BFS_NR":1098,"GEMEINDE":"Ruswil","EINWOHNER":12,"ARBEITSPL":3,"RADIUS":300,"DIDOKNR":77291,"ANGSTUFE":3,"SLOID":"ch:1:sloid:77291","TU":2}},{"type":"Feature","id":844,"geometry":{"type":"Point","coordinates":[8.196652458126152,47.070432698731544]},"properties":{"OBJECTID":844,"UUID":"{7D764CDB-5A68-E611-B7C2-F04DA23F2F2A}","HSTNAME":"Hellbühl, Post","VMITTEL":2,"BFS_NR":1093,"GEMEINDE":"Neuenkirch","EINWOHNER":504,"ARBEITSPL":112,"RADIUS":300,"DIDOKNR":77288,"ANGSTUFE":3,"SLOID":"ch:1:sloid:77288","TU":2}},{"type":"Feature","id":845,"geometry":{"type":"Point","coordinates":[8.041023058241441,47.13532751255642]},"properties":{"OBJECTID":845,"UUID":"{E1784CDB-5A68-E611-B7C2-F04DA23F2F2A}","HSTNAME":"Grosswangen, Schutz","VMITTEL":2,"BFS_NR":1086,"GEMEINDE":"Grosswangen","EINWOHNER":207,"ARBEITSPL":133,"RADIUS":300,"DIDOKNR":77304,"ANGSTUFE":3,"SLOID":"ch:1:sloid:77304","TU":2}},{"type":"Feature","id":846,"geometry":{"type":"Point","coordinates":[8.185152911914784,47.066244182525026]},"properties":{"OBJECTID":846,"UUID":"{6D774CDB-5A68-E611-B7C2-F04DA23F2F2A}","HSTNAME":"Hellbühl, Mittler Büel","VMITTEL":2,"BFS_NR":1098,"GEMEINDE":"Ruswil","EINWOHNER":38,"ARBEITSPL":11,"RADIUS":300,"DIDOKNR":77289,"ANGSTUFE":3,"SLOID":"ch:1:sloid:77289","TU":2}},{"type":"Feature","id":847,"geometry":{"type":"Point","coordinates":[8.036271307373527,47.13712432209627]},"properties":{"OBJECTID":847,"UUID":"{D1E7C1D5-5A68-E611-B7C2-F04DA23F2F2A}","HSTNAME":"Grosswangen, Hauelen","VMITTEL":2,"BFS_NR":1086,"GEMEINDE":"Grosswangen","EINWOHNER":186,"ARBEITSPL":25,"RADIUS":300,"DIDOKNR":77305,"ANGSTUFE":3,"SLOID":"ch:1:sloid:77305","TU":2}},{"type":"Feature","id":848,"geometry":{"type":"Point","coordinates":[8.120780510539959,47.08519269465584]},"properties":{"OBJECTID":848,"UUID":"{3C794CDB-5A68-E611-B7C2-F04DA23F2F2A}","HSTNAME":"Ruswil, Sonnhöfli","VMITTEL":2,"BFS_NR":1098,"GEMEINDE":"Ruswil","EINWOHNER":630,"ARBEITSPL":47,"RADIUS":300,"DIDOKNR":77294,"ANGSTUFE":4,"SLOID":"ch:1:sloid:77294","TU":2}},{"type":"Feature","id":849,"geometry":{"type":"Point","coordinates":[8.113143984704195,47.0884760466277]},"properties":{"OBJECTID":849,"UUID":"{337A4CDB-5A68-E611-B7C2-F04DA23F2F2A}","HSTNAME":"Rüediswil","VMITTEL":2,"BFS_NR":1098,"GEMEINDE":"Ruswil","EINWOHNER":1170,"ARBEITSPL":147,"RADIUS":300,"DIDOKNR":77295,"ANGSTUFE":4,"SLOID":"ch:1:sloid:77295","TU":2}},{"type":"Feature","id":850,"geometry":{"type":"Point","coordinates":[8.147297146620804,47.073716161195]},"properties":{"OBJECTID":850,"UUID":"{16E9C1D5-5A68-E611-B7C2-F04DA23F2F2A}","HSTNAME":"Ruswil, Moos","VMITTEL":2,"BFS_NR":1098,"GEMEINDE":"Ruswil","EINWOHNER":24,"ARBEITSPL":18,"RADIUS":300,"DIDOKNR":77292,"ANGSTUFE":3,"SLOID":"ch:1:sloid:77292","TU":2}},{"type":"Feature","id":851,"geometry":{"type":"Point","coordinates":[8.2241307360091,47.07677878823016]},"properties":{"OBJECTID":851,"UUID":"{3BE8C1D5-5A68-E611-B7C2-F04DA23F2F2A}","HSTNAME":"Stächenrain","VMITTEL":2,"BFS_NR":1061,"GEMEINDE":"Luzern","EINWOHNER":29,"ARBEITSPL":13,"RADIUS":300,"DIDOKNR":77286,"ANGSTUFE":3,"SLOID":"ch:1:sloid:77286","TU":2}},{"type":"Feature","id":852,"geometry":{"type":"Point","coordinates":[8.135414535492218,47.07830447006846]},"properties":{"OBJECTID":852,"UUID":"{18794CDB-5A68-E611-B7C2-F04DA23F2F2A}","HSTNAME":"Ruswil, Neumüli","VMITTEL":2,"BFS_NR":1098,"GEMEINDE":"Ruswil","EINWOHNER":103,"ARBEITSPL":541,"RADIUS":300,"DIDOKNR":77293,"ANGSTUFE":3,"SLOID":"ch:1:sloid:77293","TU":2}},{"type":"Feature","id":853,"geometry":{"type":"Point","coordinates":[8.208636036018468,47.0751925329501]},"properties":{"OBJECTID":853,"UUID":"{0C774CDB-5A68-E611-B7C2-F04DA23F2F2A}","HSTNAME":"Hellbühl, Moosschür","VMITTEL":2,"BFS_NR":1093,"GEMEINDE":"Neuenkirch","EINWOHNER":20,"ARBEITSPL":17,"RADIUS":300,"DIDOKNR":77287,"ANGSTUFE":3,"SLOID":"ch:1:sloid:77287","TU":2}},{"type":"Feature","id":854,"geometry":{"type":"Point","coordinates":[8.085204049833779,47.1076614701199]},"properties":{"OBJECTID":854,"UUID":"{017A4CDB-5A68-E611-B7C2-F04DA23F2F2A}","HSTNAME":"Buttisholz, Guglern","VMITTEL":2,"BFS_NR":1083,"GEMEINDE":"Buttisholz","EINWOHNER":214,"ARBEITSPL":107,"RADIUS":300,"DIDOKNR":77298,"ANGSTUFE":4,"SLOID":"ch:1:sloid:77298","TU":2}},{"type":"Feature","id":855,"geometry":{"type":"Point","coordinates":[8.09408627239402,47.11431261113866]},"properties":{"OBJECTID":855,"UUID":"{7A774CDB-5A68-E611-B7C2-F04DA23F2F2A}","HSTNAME":"Buttisholz, Dorf","VMITTEL":2,"BFS_NR":1083,"GEMEINDE":"Buttisholz","EINWOHNER":720,"ARBEITSPL":307,"RADIUS":300,"DIDOKNR":77299,"ANGSTUFE":4,"SLOID":"ch:1:sloid:77299","TU":2}},{"type":"Feature","id":856,"geometry":{"type":"Point","coordinates":[8.09813077483599,47.09390633131028]},"properties":{"OBJECTID":856,"UUID":"{2CE8C1D5-5A68-E611-B7C2-F04DA23F2F2A}","HSTNAME":"Ruswil, Soppenstig","VMITTEL":2,"BFS_NR":1098,"GEMEINDE":"Ruswil","EINWOHNER":33,"ARBEITSPL":16,"RADIUS":300,"DIDOKNR":77296,"ANGSTUFE":4,"SLOID":"ch:1:sloid:77296","TU":2}},{"type":"Feature","id":857,"geometry":{"type":"Point","coordinates":[8.09009034707084,47.09885456911384]},"properties":{"OBJECTID":857,"UUID":"{07794CDB-5A68-E611-B7C2-F04DA23F2F2A}","HSTNAME":"Buttisholz, Stalten","VMITTEL":2,"BFS_NR":1083,"GEMEINDE":"Buttisholz","EINWOHNER":14,"ARBEITSPL":16,"RADIUS":300,"DIDOKNR":77297,"ANGSTUFE":4,"SLOID":"ch:1:sloid:77297","TU":2}},{"type":"Feature","id":858,"geometry":{"type":"Point","coordinates":[8.073729654196757,47.1666884529444]},"properties":{"OBJECTID":858,"UUID":"{D5764CDB-5A68-E611-B7C2-F04DA23F2F2A}","HSTNAME":"Mauensee, Schloss","VMITTEL":2,"BFS_NR":1091,"GEMEINDE":"Mauensee","EINWOHNER":55,"ARBEITSPL":11,"RADIUS":300,"DIDOKNR":77320,"ANGSTUFE":3,"SLOID":"ch:1:sloid:77320","TU":2}},{"type":"Feature","id":859,"geometry":{"type":"Point","coordinates":[8.081423401705244,47.165944139829634]},"properties":{"OBJECTID":859,"UUID":"{F8E7C1D5-5A68-E611-B7C2-F04DA23F2F2A}","HSTNAME":"Mauensee, Breiten","VMITTEL":2,"BFS_NR":1095,"GEMEINDE":"Oberkirch","EINWOHNER":67,"ARBEITSPL":14,"RADIUS":300,"DIDOKNR":77319,"ANGSTUFE":3,"SLOID":"ch:1:sloid:77319","TU":2}},{"type":"Feature","id":860,"geometry":{"type":"Point","coordinates":[8.046736818977447,47.16490024755883]},"properties":{"OBJECTID":860,"UUID":"{4A774CDB-5A68-E611-B7C2-F04DA23F2F2A}","HSTNAME":"Kottwil, Seewagen","VMITTEL":2,"BFS_NR":1128,"GEMEINDE":"Ettiswil","EINWOHNER":21,"ARBEITSPL":2,"RADIUS":300,"DIDOKNR":77321,"ANGSTUFE":3,"SLOID":"ch:1:sloid:77321","TU":2}},{"type":"Feature","id":861,"geometry":{"type":"Point","coordinates":[8.04808435397532,47.13380613848547]},"properties":{"OBJECTID":861,"UUID":"{55E8C1D5-5A68-E611-B7C2-F04DA23F2F2A}","HSTNAME":"Grosswangen, Post","VMITTEL":2,"BFS_NR":1086,"GEMEINDE":"Grosswangen","EINWOHNER":792,"ARBEITSPL":288,"RADIUS":300,"DIDOKNR":77303,"ANGSTUFE":3,"SLOID":"ch:1:sloid:77303","TU":2}},{"type":"Feature","id":862,"geometry":{"type":"Point","coordinates":[8.115348107130313,47.160856385930046]},"properties":{"OBJECTID":862,"UUID":"{B2774CDB-5A68-E611-B7C2-F04DA23F2F2A}","HSTNAME":"Oberkirch LU, Zum gold. Wagen","VMITTEL":2,"BFS_NR":1095,"GEMEINDE":"Oberkirch","EINWOHNER":1001,"ARBEITSPL":126,"RADIUS":300,"DIDOKNR":77326,"ANGSTUFE":3,"SLOID":"ch:1:sloid:77326","TU":2}},{"type":"Feature","id":863,"geometry":{"type":"Point","coordinates":[8.081052398673929,47.116329108474595]},"properties":{"OBJECTID":863,"UUID":"{2F764CDB-5A68-E611-B7C2-F04DA23F2F2A}","HSTNAME":"Buttisholz, Allmend","VMITTEL":2,"BFS_NR":1083,"GEMEINDE":"Buttisholz","EINWOHNER":120,"ARBEITSPL":16,"RADIUS":300,"DIDOKNR":77300,"ANGSTUFE":3,"SLOID":"ch:1:sloid:77300","TU":2}},{"type":"Feature","id":864,"geometry":{"type":"Point","coordinates":[8.066401299053163,47.1232373253941]},"properties":{"OBJECTID":864,"UUID":"{B3794CDB-5A68-E611-B7C2-F04DA23F2F2A}","HSTNAME":"Grosswangen, Rot","VMITTEL":2,"BFS_NR":1086,"GEMEINDE":"Grosswangen","EINWOHNER":53,"ARBEITSPL":19,"RADIUS":300,"DIDOKNR":77301,"ANGSTUFE":3,"SLOID":"ch:1:sloid:77301","TU":2}},{"type":"Feature","id":865,"geometry":{"type":"Point","coordinates":[8.044937007834791,47.162031325343946]},"properties":{"OBJECTID":865,"UUID":"{DC754CDB-5A68-E611-B7C2-F04DA23F2F2A}","HSTNAME":"Kottwil, Dorf","VMITTEL":2,"BFS_NR":1128,"GEMEINDE":"Ettiswil","EINWOHNER":355,"ARBEITSPL":42,"RADIUS":300,"DIDOKNR":77322,"ANGSTUFE":3,"SLOID":"ch:1:sloid:77322","TU":2}},{"type":"Feature","id":866,"geometry":{"type":"Point","coordinates":[8.115515032084803,47.15511718899111]},"properties":{"OBJECTID":866,"UUID":"{18784CDB-5A68-E611-B7C2-F04DA23F2F2A}","HSTNAME":"Oberkirch LU, Dorf","VMITTEL":2,"BFS_NR":1095,"GEMEINDE":"Oberkirch","EINWOHNER":521,"ARBEITSPL":143,"RADIUS":300,"DIDOKNR":77327,"ANGSTUFE":4,"SLOID":"ch:1:sloid:77327","TU":2}},{"type":"Feature","id":867,"geometry":{"type":"Point","coordinates":[8.102765281640401,47.0703570471859]},"properties":{"OBJECTID":867,"UUID":"{B8784CDB-5A68-E611-B7C2-F04DA23F2F2A}","HSTNAME":"Ruswil, Althus","VMITTEL":2,"BFS_NR":1098,"GEMEINDE":"Ruswil","EINWOHNER":55,"ARBEITSPL":10,"RADIUS":300,"DIDOKNR":77336,"ANGSTUFE":2,"SLOID":"ch:1:sloid:77336","TU":2}},{"type":"Feature","id":868,"geometry":{"type":"Point","coordinates":[8.114150582939425,47.165244037911016]},"properties":{"OBJECTID":868,"UUID":"{79764CDB-5A68-E611-B7C2-F04DA23F2F2A}","HSTNAME":"Oberkirch LU, Feldhöfli","VMITTEL":2,"BFS_NR":1095,"GEMEINDE":"Oberkirch","EINWOHNER":942,"ARBEITSPL":50,"RADIUS":300,"DIDOKNR":77325,"ANGSTUFE":3,"SLOID":"ch:1:sloid:77325","TU":2}},{"type":"Feature","id":869,"geometry":{"type":"Point","coordinates":[8.091358685453056,47.058044887090375]},"properties":{"OBJECTID":869,"UUID":"{227A4CDB-5A68-E611-B7C2-F04DA23F2F2A}","HSTNAME":"Wolhusen, Hohrüti/Höchweid","VMITTEL":2,"BFS_NR":1098,"GEMEINDE":"Ruswil","EINWOHNER":316,"ARBEITSPL":55,"RADIUS":300,"DIDOKNR":77337,"ANGSTUFE":2,"SLOID":"ch:1:sloid:77337","TU":2}},{"type":"Feature","id":870,"geometry":{"type":"Point","coordinates":[8.135072134379115,47.136100991885485]},"properties":{"OBJECTID":870,"UUID":"{94E8C1D5-5A68-E611-B7C2-F04DA23F2F2A}","HSTNAME":"Nottwil, Abzw. Bahnhof","VMITTEL":2,"BFS_NR":1094,"GEMEINDE":"Nottwil","EINWOHNER":1001,"ARBEITSPL":298,"RADIUS":300,"DIDOKNR":77330,"ANGSTUFE":3,"SLOID":"ch:1:sloid:77330","TU":2}},{"type":"Feature","id":871,"geometry":{"type":"Point","coordinates":[8.12917279082198,47.13556085923792]},"properties":{"OBJECTID":871,"UUID":"{D9774CDB-5A68-E611-B7C2-F04DA23F2F2A}","HSTNAME":"Nottwil, Rüteli","VMITTEL":2,"BFS_NR":1094,"GEMEINDE":"Nottwil","EINWOHNER":703,"ARBEITSPL":31,"RADIUS":300,"DIDOKNR":77331,"ANGSTUFE":2,"SLOID":"ch:1:sloid:77331","TU":2}},{"type":"Feature","id":872,"geometry":{"type":"Point","coordinates":[8.240881754937266,47.257323321567924]},"properties":{"OBJECTID":872,"UUID":"{92774CDB-5A68-E611-B7C2-F04DA23F2F2A}","HSTNAME":"Aesch LU, Kreuz","VMITTEL":2,"BFS_NR":1021,"GEMEINDE":"Aesch","EINWOHNER":506,"ARBEITSPL":145,"RADIUS":300,"DIDOKNR":77349,"ANGSTUFE":2,"SLOID":"ch:1:sloid:77349","TU":4}},{"type":"Feature","id":873,"geometry":{"type":"Point","coordinates":[8.241590713990055,47.25438600508207]},"properties":{"OBJECTID":873,"UUID":"{1B794CDB-5A68-E611-B7C2-F04DA23F2F2A}","HSTNAME":"Aesch LU, Vorderdorf","VMITTEL":2,"BFS_NR":1021,"GEMEINDE":"Aesch","EINWOHNER":316,"ARBEITSPL":98,"RADIUS":300,"DIDOKNR":77342,"ANGSTUFE":2,"SLOID":"ch:1:sloid:77342","TU":4}},{"type":"Feature","id":874,"geometry":{"type":"Point","coordinates":[8.115056461957781,47.15238469346278]},"properties":{"OBJECTID":874,"UUID":"{37751E6B-27A4-E711-B61F-F04DA23FCE90}","HSTNAME":"Oberkirch LU, Länggasse","VMITTEL":2,"BFS_NR":1095,"GEMEINDE":"Oberkirch","EINWOHNER":204,"ARBEITSPL":515,"RADIUS":300,"DIDOKNR":77328,"ANGSTUFE":4,"SLOID":"ch:1:sloid:77328","TU":2}},{"type":"Feature","id":875,"geometry":{"type":"Point","coordinates":[8.244331710258033,47.260933256016855]},"properties":{"OBJECTID":875,"UUID":"{0CE8C1D5-5A68-E611-B7C2-F04DA23F2F2A}","HSTNAME":"Aesch LU, Berg","VMITTEL":2,"BFS_NR":1021,"GEMEINDE":"Aesch","EINWOHNER":194,"ARBEITSPL":9,"RADIUS":300,"DIDOKNR":77355,"ANGSTUFE":2,"SLOID":"ch:1:sloid:77355","TU":4}},{"type":"Feature","id":876,"geometry":{"type":"Point","coordinates":[8.129448327247,47.14159497747272]},"properties":{"OBJECTID":876,"UUID":"{BA754CDB-5A68-E611-B7C2-F04DA23F2F2A}","HSTNAME":"Nottwil, SPZ","VMITTEL":2,"BFS_NR":1094,"GEMEINDE":"Nottwil","EINWOHNER":71,"ARBEITSPL":1665,"RADIUS":300,"DIDOKNR":77329,"ANGSTUFE":3,"SLOID":"ch:1:sloid:77329","TU":2}},{"type":"Feature","id":877,"geometry":{"type":"Point","coordinates":[8.104281840223088,47.11936332653906]},"properties":{"OBJECTID":877,"UUID":"{74E8C1D5-5A68-E611-B7C2-F04DA23F2F2A}","HSTNAME":"Buttisholz, Fürti","VMITTEL":2,"BFS_NR":1083,"GEMEINDE":"Buttisholz","EINWOHNER":187,"ARBEITSPL":20,"RADIUS":300,"DIDOKNR":77334,"ANGSTUFE":2,"SLOID":"ch:1:sloid:77334","TU":2}},{"type":"Feature","id":878,"geometry":{"type":"Point","coordinates":[8.114136083941386,47.08045544414823]},"properties":{"OBJECTID":878,"UUID":"{A1784CDB-5A68-E611-B7C2-F04DA23F2F2A}","HSTNAME":"Ruswil, Freieck","VMITTEL":2,"BFS_NR":1098,"GEMEINDE":"Ruswil","EINWOHNER":27,"ARBEITSPL":91,"RADIUS":300,"DIDOKNR":77335,"ANGSTUFE":2,"SLOID":"ch:1:sloid:77335","TU":2}},{"type":"Feature","id":879,"geometry":{"type":"Point","coordinates":[8.11912371800721,47.134172511357654]},"properties":{"OBJECTID":879,"UUID":"{9EE7C1D5-5A68-E611-B7C2-F04DA23F2F2A}","HSTNAME":"Nottwil, Büel","VMITTEL":2,"BFS_NR":1094,"GEMEINDE":"Nottwil","EINWOHNER":43,"ARBEITSPL":10,"RADIUS":300,"DIDOKNR":77332,"ANGSTUFE":2,"SLOID":"ch:1:sloid:77332","TU":2}},{"type":"Feature","id":880,"geometry":{"type":"Point","coordinates":[8.25627863035185,47.26885473029769]},"properties":{"OBJECTID":880,"UUID":"{67784CDB-5A68-E611-B7C2-F04DA23F2F2A}","HSTNAME":"Schongau, Gmeinwärch","VMITTEL":2,"BFS_NR":1041,"GEMEINDE":"Schongau","EINWOHNER":2,"ARBEITSPL":2,"RADIUS":300,"DIDOKNR":77356,"ANGSTUFE":2,"SLOID":"ch:1:sloid:77356","TU":4}},{"type":"Feature","id":881,"geometry":{"type":"Point","coordinates":[8.112464310795175,47.12661977778339]},"properties":{"OBJECTID":881,"UUID":"{E3E7C1D5-5A68-E611-B7C2-F04DA23F2F2A}","HSTNAME":"Buttisholz, Gattwil","VMITTEL":2,"BFS_NR":1083,"GEMEINDE":"Buttisholz","EINWOHNER":19,"ARBEITSPL":8,"RADIUS":300,"DIDOKNR":77333,"ANGSTUFE":2,"SLOID":"ch:1:sloid:77333","TU":2}},{"type":"Feature","id":882,"geometry":{"type":"Point","coordinates":[8.277637539317842,47.272434247477484]},"properties":{"OBJECTID":882,"UUID":"{5E794CDB-5A68-E611-B7C2-F04DA23F2F2A}","HSTNAME":"Schongau, Oberschongau","VMITTEL":2,"BFS_NR":1041,"GEMEINDE":"Schongau","EINWOHNER":111,"ARBEITSPL":30,"RADIUS":300,"DIDOKNR":77346,"ANGSTUFE":1,"SLOID":"ch:1:sloid:77346","TU":4}},{"type":"Feature","id":883,"geometry":{"type":"Point","coordinates":[8.266647821782966,47.26855586538599]},"properties":{"OBJECTID":883,"UUID":"{A6774CDB-5A68-E611-B7C2-F04DA23F2F2A}","HSTNAME":"Schongau, Mettmen","VMITTEL":2,"BFS_NR":1041,"GEMEINDE":"Schongau","EINWOHNER":214,"ARBEITSPL":44,"RADIUS":300,"DIDOKNR":77347,"ANGSTUFE":1,"SLOID":"ch:1:sloid:77347","TU":4}},{"type":"Feature","id":884,"geometry":{"type":"Point","coordinates":[8.25095927324986,47.23884884837707]},"properties":{"OBJECTID":884,"UUID":"{95E8C1D5-5A68-E611-B7C2-F04DA23F2F2A}","HSTNAME":"Altwis, Dorf","VMITTEL":2,"BFS_NR":1030,"GEMEINDE":"Hitzkirch","EINWOHNER":362,"ARBEITSPL":90,"RADIUS":300,"DIDOKNR":77350,"ANGSTUFE":2,"SLOID":"ch:1:sloid:77350","TU":4}},{"type":"Feature","id":885,"geometry":{"type":"Point","coordinates":[8.261571550185137,47.22640528016088]},"properties":{"OBJECTID":885,"UUID":"{4EE8C1D5-5A68-E611-B7C2-F04DA23F2F2A}","HSTNAME":"Hitzkirch, Schulhaus","VMITTEL":2,"BFS_NR":1030,"GEMEINDE":"Hitzkirch","EINWOHNER":297,"ARBEITSPL":145,"RADIUS":300,"DIDOKNR":77351,"ANGSTUFE":2,"SLOID":"ch:1:sloid:77351","TU":4}},{"type":"Feature","id":886,"geometry":{"type":"Point","coordinates":[8.393562780239785,47.19372329018076]},"properties":{"OBJECTID":886,"UUID":"{E1E8C1D5-5A68-E611-B7C2-F04DA23F2F2A}","HSTNAME":"Sins, Schulstrasse","VMITTEL":2,"BFS_NR":4239,"GEMEINDE":"Sins","EINWOHNER":0,"ARBEITSPL":0,"RADIUS":300,"DIDOKNR":77594,"ANGSTUFE":null,"SLOID":"ch:1:sloid:77594","TU":4}},{"type":"Feature","id":887,"geometry":{"type":"Point","coordinates":[7.889364428657691,47.16938357618171]},"properties":{"OBJECTID":887,"UUID":"{79794CDB-5A68-E611-B7C2-F04DA23F2F2A}","HSTNAME":"Grossdietwil, Schönegg","VMITTEL":2,"BFS_NR":1131,"GEMEINDE":"Grossdietwil","EINWOHNER":299,"ARBEITSPL":17,"RADIUS":300,"DIDOKNR":77646,"ANGSTUFE":2,"SLOID":"ch:1:sloid:77646","TU":3}},{"type":"Feature","id":888,"geometry":{"type":"Point","coordinates":[8.16581403925298,46.87884760766215]},"properties":{"OBJECTID":888,"UUID":"{75784CDB-5A68-E611-B7C2-F04DA23F2F2A}","HSTNAME":"Stalden OW, Abzw. Stockenmatt","VMITTEL":2,"BFS_NR":1407,"GEMEINDE":"Sarnen","EINWOHNER":0,"ARBEITSPL":0,"RADIUS":300,"DIDOKNR":77654,"ANGSTUFE":null,"SLOID":"ch:1:sloid:77654","TU":3}},{"type":"Feature","id":889,"geometry":{"type":"Point","coordinates":[8.38177119650232,46.99272464753209]},"properties":{"OBJECTID":889,"UUID":"{8D764CDB-5A68-E611-B7C2-F04DA23F2F2A}","HSTNAME":"Obbürgen, Moos","VMITTEL":2,"BFS_NR":1510,"GEMEINDE":"Stansstad","EINWOHNER":0,"ARBEITSPL":0,"RADIUS":300,"DIDOKNR":79242,"ANGSTUFE":null,"SLOID":"ch:1:sloid:79242","TU":3}},{"type":"Feature","id":890,"geometry":{"type":"Point","coordinates":[8.389079968363072,46.99563291721791]},"properties":{"OBJECTID":890,"UUID":"{86E8C1D5-5A68-E611-B7C2-F04DA23F2F2A}","HSTNAME":"Obbürgen, Abzw. Trogen","VMITTEL":2,"BFS_NR":1505,"GEMEINDE":"Ennetbürgen","EINWOHNER":0,"ARBEITSPL":0,"RADIUS":300,"DIDOKNR":79244,"ANGSTUFE":null,"SLOID":"ch:1:sloid:79244","TU":3}},{"type":"Feature","id":891,"geometry":{"type":"Point","coordinates":[8.38675886724358,46.996722621477936]},"properties":{"OBJECTID":891,"UUID":"{97E7C1D5-5A68-E611-B7C2-F04DA23F2F2A}","HSTNAME":"Bürgenstock, Ost","VMITTEL":2,"BFS_NR":1505,"GEMEINDE":"Ennetbürgen","EINWOHNER":0,"ARBEITSPL":0,"RADIUS":300,"DIDOKNR":79228,"ANGSTUFE":null,"SLOID":"ch:1:sloid:79228","TU":3}},{"type":"Feature","id":892,"geometry":{"type":"Point","coordinates":[7.961072837714639,47.23506716613109]},"properties":{"OBJECTID":892,"UUID":"{68794CDB-5A68-E611-B7C2-F04DA23F2F2A}","HSTNAME":"Langnau bei Reiden, Feld","VMITTEL":2,"BFS_NR":1140,"GEMEINDE":"Reiden","EINWOHNER":111,"ARBEITSPL":16,"RADIUS":300,"DIDOKNR":79699,"ANGSTUFE":1,"SLOID":"ch:1:sloid:79699","TU":9}},{"type":"Feature","id":893,"geometry":{"type":"Point","coordinates":[8.075162902095164,47.014301544268065]},"properties":{"OBJECTID":893,"UUID":"{D9754CDB-5A68-E611-B7C2-F04DA23F2F2A}","HSTNAME":"Entlebuch, Zeug","VMITTEL":2,"BFS_NR":1002,"GEMEINDE":"Entlebuch","EINWOHNER":47,"ARBEITSPL":26,"RADIUS":300,"DIDOKNR":79702,"ANGSTUFE":1,"SLOID":"ch:1:sloid:79702","TU":3}},{"type":"Feature","id":894,"geometry":{"type":"Point","coordinates":[8.110646923873336,46.965937732384]},"properties":{"OBJECTID":894,"UUID":"{EA784CDB-5A68-E611-B7C2-F04DA23F2F2A}","HSTNAME":"Finsterwald LU, Entlematt","VMITTEL":2,"BFS_NR":1002,"GEMEINDE":"Entlebuch","EINWOHNER":8,"ARBEITSPL":2,"RADIUS":300,"DIDOKNR":79700,"ANGSTUFE":1,"SLOID":"ch:1:sloid:79700","TU":3}},{"type":"Feature","id":895,"geometry":{"type":"Point","coordinates":[8.055807120327197,46.970015015980046]},"properties":{"OBJECTID":895,"UUID":"{13794CDB-5A68-E611-B7C2-F04DA23F2F2A}","HSTNAME":"Hasle LU, Büelweid","VMITTEL":2,"BFS_NR":1005,"GEMEINDE":"Hasle","EINWOHNER":13,"ARBEITSPL":3,"RADIUS":300,"DIDOKNR":79706,"ANGSTUFE":1,"SLOID":"ch:1:sloid:79706","TU":3}},{"type":"Feature","id":896,"geometry":{"type":"Point","coordinates":[8.054015789899884,46.966210581080595]},"properties":{"OBJECTID":896,"UUID":"{70794CDB-5A68-E611-B7C2-F04DA23F2F2A}","HSTNAME":"Hasle LU, Haldenegg","VMITTEL":2,"BFS_NR":1005,"GEMEINDE":"Hasle","EINWOHNER":21,"ARBEITSPL":3,"RADIUS":300,"DIDOKNR":79707,"ANGSTUFE":1,"SLOID":"ch:1:sloid:79707","TU":3}},{"type":"Feature","id":897,"geometry":{"type":"Point","coordinates":[8.056992449612405,46.97595460251632]},"properties":{"OBJECTID":897,"UUID":"{CEE7C1D5-5A68-E611-B7C2-F04DA23F2F2A}","HSTNAME":"Hasle LU, Hofstatt","VMITTEL":2,"BFS_NR":1005,"GEMEINDE":"Hasle","EINWOHNER":17,"ARBEITSPL":8,"RADIUS":300,"DIDOKNR":79705,"ANGSTUFE":1,"SLOID":"ch:1:sloid:79705","TU":3}},{"type":"Feature","id":898,"geometry":{"type":"Point","coordinates":[8.394908152196304,46.90798299975762]},"properties":{"OBJECTID":898,"UUID":"{58764CDB-5A68-E611-B7C2-F04DA23F2F2A}","HSTNAME":"Wolfenschiessen, Bahnhof","VMITTEL":2,"BFS_NR":1511,"GEMEINDE":"Wolfenschiessen","EINWOHNER":0,"ARBEITSPL":0,"RADIUS":300,"DIDOKNR":80003,"ANGSTUFE":null,"SLOID":"ch:1:sloid:80003","TU":3}},{"type":"Feature","id":899,"geometry":{"type":"Point","coordinates":[8.054848758195883,46.96321962726984]},"properties":{"OBJECTID":899,"UUID":"{CCE8C1D5-5A68-E611-B7C2-F04DA23F2F2A}","HSTNAME":"Hasle LU, Hohwald","VMITTEL":2,"BFS_NR":1005,"GEMEINDE":"Hasle","EINWOHNER":15,"ARBEITSPL":9,"RADIUS":300,"DIDOKNR":79708,"ANGSTUFE":1,"SLOID":"ch:1:sloid:79708","TU":3}},{"type":"Feature","id":900,"geometry":{"type":"Point","coordinates":[8.052791591223615,46.96027116435429]},"properties":{"OBJECTID":900,"UUID":"{A2774CDB-5A68-E611-B7C2-F04DA23F2F2A}","HSTNAME":"Hasle LU, Sandboden","VMITTEL":2,"BFS_NR":1005,"GEMEINDE":"Hasle","EINWOHNER":16,"ARBEITSPL":1,"RADIUS":300,"DIDOKNR":79709,"ANGSTUFE":1,"SLOID":"ch:1:sloid:79709","TU":3}},{"type":"Feature","id":901,"geometry":{"type":"Point","coordinates":[8.180312083348333,47.14364409001272]},"properties":{"OBJECTID":901,"UUID":"{05764CDB-5A68-E611-B7C2-F04DA23F2F2A}","HSTNAME":"Sempach Stadt, Seemätteli","VMITTEL":8,"BFS_NR":1102,"GEMEINDE":"Sempach","EINWOHNER":25,"ARBEITSPL":79,"RADIUS":300,"DIDOKNR":80010,"ANGSTUFE":3,"SLOID":"ch:1:sloid:80010","TU":3}},{"type":"Feature","id":902,"geometry":{"type":"Point","coordinates":[8.254951386827829,46.87492725522382]},"properties":{"OBJECTID":902,"UUID":"{5D774CDB-5A68-E611-B7C2-F04DA23F2F2A}","HSTNAME":"Flüeli-Ranft, Allmend","VMITTEL":2,"BFS_NR":1406,"GEMEINDE":"Sachseln","EINWOHNER":0,"ARBEITSPL":0,"RADIUS":300,"DIDOKNR":80011,"ANGSTUFE":null,"SLOID":"ch:1:sloid:80011","TU":3}},{"type":"Feature","id":903,"geometry":{"type":"Point","coordinates":[8.162268103327198,46.850263809012525]},"properties":{"OBJECTID":903,"UUID":"{06764CDB-5A68-E611-B7C2-F04DA23F2F2A}","HSTNAME":"Grossteil, Rüti","VMITTEL":2,"BFS_NR":1403,"GEMEINDE":"Giswil","EINWOHNER":0,"ARBEITSPL":0,"RADIUS":300,"DIDOKNR":80014,"ANGSTUFE":null,"SLOID":"ch:1:sloid:80014","TU":3}},{"type":"Feature","id":904,"geometry":{"type":"Point","coordinates":[8.243135631189226,46.89273252945546]},"properties":{"OBJECTID":904,"UUID":"{39E8C1D5-5A68-E611-B7C2-F04DA23F2F2A}","HSTNAME":"Sarnen, Kantonsschule","VMITTEL":2,"BFS_NR":1407,"GEMEINDE":"Sarnen","EINWOHNER":0,"ARBEITSPL":0,"RADIUS":300,"DIDOKNR":80012,"ANGSTUFE":null,"SLOID":"ch:1:sloid:80012","TU":3}},{"type":"Feature","id":905,"geometry":{"type":"Point","coordinates":[7.861270405983084,47.20123290689278]},"properties":{"OBJECTID":905,"UUID":"{89E8C1D5-5A68-E611-B7C2-F04DA23F2F2A}","HSTNAME":"Altbüron, Ludligen","VMITTEL":2,"BFS_NR":1139,"GEMEINDE":"Pfaffnau","EINWOHNER":7,"ARBEITSPL":4,"RADIUS":300,"DIDOKNR":80018,"ANGSTUFE":2,"SLOID":"ch:1:sloid:80018","TU":3}},{"type":"Feature","id":906,"geometry":{"type":"Point","coordinates":[7.95620950223779,47.083190919571926]},"properties":{"OBJECTID":906,"UUID":"{10794CDB-5A68-E611-B7C2-F04DA23F2F2A}","HSTNAME":"Hergiswil LU, Vordere Säge","VMITTEL":2,"BFS_NR":1132,"GEMEINDE":"Hergiswil","EINWOHNER":473,"ARBEITSPL":216,"RADIUS":300,"DIDOKNR":80016,"ANGSTUFE":2,"SLOID":"ch:1:sloid:80016","TU":3}},{"type":"Feature","id":907,"geometry":{"type":"Point","coordinates":[8.153734687124297,47.219794011894706]},"properties":{"OBJECTID":907,"UUID":"{62764CDB-5A68-E611-B7C2-F04DA23F2F2A}","HSTNAME":"Rickenbach LU, Dorf","VMITTEL":2,"BFS_NR":1097,"GEMEINDE":"Rickenbach","EINWOHNER":872,"ARBEITSPL":355,"RADIUS":300,"DIDOKNR":79848,"ANGSTUFE":3,"SLOID":"ch:1:sloid:79848","TU":3}},{"type":"Feature","id":908,"geometry":{"type":"Point","coordinates":[8.385893358352947,46.99461576991493]},"properties":{"OBJECTID":908,"UUID":"{73E8C1D5-5A68-E611-B7C2-F04DA23F2F2A}","HSTNAME":"Obbürgen, Unter-Misli","VMITTEL":2,"BFS_NR":1505,"GEMEINDE":"Ennetbürgen","EINWOHNER":0,"ARBEITSPL":0,"RADIUS":300,"DIDOKNR":79842,"ANGSTUFE":null,"SLOID":"ch:1:sloid:79842","TU":3}},{"type":"Feature","id":909,"geometry":{"type":"Point","coordinates":[8.370143103559728,46.98783603167462]},"properties":{"OBJECTID":909,"UUID":"{24E9C1D5-5A68-E611-B7C2-F04DA23F2F2A}","HSTNAME":"Obbürgen, Grabacher","VMITTEL":2,"BFS_NR":1510,"GEMEINDE":"Stansstad","EINWOHNER":0,"ARBEITSPL":0,"RADIUS":300,"DIDOKNR":79841,"ANGSTUFE":null,"SLOID":"ch:1:sloid:79841","TU":3}},{"type":"Feature","id":910,"geometry":{"type":"Point","coordinates":[7.892769303303685,47.22406789312589]},"properties":{"OBJECTID":910,"UUID":"{E2764CDB-5A68-E611-B7C2-F04DA23F2F2A}","HSTNAME":"Pfaffnau, Steinacher","VMITTEL":2,"BFS_NR":1139,"GEMEINDE":"Pfaffnau","EINWOHNER":57,"ARBEITSPL":14,"RADIUS":300,"DIDOKNR":79864,"ANGSTUFE":2,"SLOID":"ch:1:sloid:79864","TU":9}},{"type":"Feature","id":911,"geometry":{"type":"Point","coordinates":[8.226922223295901,46.88329184079964]},"properties":{"OBJECTID":911,"UUID":"{EEE8C1D5-5A68-E611-B7C2-F04DA23F2F2A}","HSTNAME":"Wilen (Sarnen), Bodenmattli","VMITTEL":2,"BFS_NR":1407,"GEMEINDE":"Sarnen","EINWOHNER":0,"ARBEITSPL":0,"RADIUS":300,"DIDOKNR":79960,"ANGSTUFE":null,"SLOID":"ch:1:sloid:79960","TU":3}},{"type":"Feature","id":912,"geometry":{"type":"Point","coordinates":[8.331250653428883,46.95263919619235]},"properties":{"OBJECTID":912,"UUID":"{22E8C1D5-5A68-E611-B7C2-F04DA23F2F2A}","HSTNAME":"Ennetmoos, Riedmatthof","VMITTEL":2,"BFS_NR":1506,"GEMEINDE":"Ennetmoos","EINWOHNER":0,"ARBEITSPL":0,"RADIUS":300,"DIDOKNR":79966,"ANGSTUFE":null,"SLOID":"ch:1:sloid:79966","TU":3}},{"type":"Feature","id":913,"geometry":{"type":"Point","coordinates":[8.439909115880079,47.133050664110414]},"properties":{"OBJECTID":913,"UUID":"{DDE8C1D5-5A68-E611-B7C2-F04DA23F2F2A}","HSTNAME":"Rotkreuz, Ibikon","VMITTEL":2,"BFS_NR":1707,"GEMEINDE":"Risch","EINWOHNER":0,"ARBEITSPL":0,"RADIUS":300,"DIDOKNR":80236,"ANGSTUFE":null,"SLOID":"ch:1:sloid:80236","TU":3}},{"type":"Feature","id":914,"geometry":{"type":"Point","coordinates":[7.937522640265083,47.289931369613186]},"properties":{"OBJECTID":914,"UUID":"{7F784CDB-5A68-E611-B7C2-F04DA23F2F2A}","HSTNAME":"Zofingen, Untere Brühlstrasse","VMITTEL":2,"BFS_NR":4289,"GEMEINDE":"Zofingen","EINWOHNER":0,"ARBEITSPL":0,"RADIUS":300,"DIDOKNR":80333,"ANGSTUFE":null,"SLOID":"ch:1:sloid:80333","TU":9}},{"type":"Feature","id":915,"geometry":{"type":"Point","coordinates":[8.286721232168025,46.82980702134508]},"properties":{"OBJECTID":915,"UUID":"{CC764CDB-5A68-E611-B7C2-F04DA23F2F2A}","HSTNAME":"Melchtal, Plätzli","VMITTEL":2,"BFS_NR":1404,"GEMEINDE":"Kerns","EINWOHNER":0,"ARBEITSPL":0,"RADIUS":300,"DIDOKNR":80102,"ANGSTUFE":null,"SLOID":"ch:1:sloid:80102","TU":3}},{"type":"Feature","id":916,"geometry":{"type":"Point","coordinates":[8.276994312674471,47.034146142155066]},"properties":{"OBJECTID":916,"UUID":"{D3794CDB-5A68-E611-B7C2-F04DA23F2F2A}","HSTNAME":"Kriens, Busschleife","VMITTEL":3,"BFS_NR":1059,"GEMEINDE":"Kriens","EINWOHNER":672,"ARBEITSPL":424,"RADIUS":300,"DIDOKNR":80573,"ANGSTUFE":5,"SLOID":"ch:1:sloid:80573","TU":11}},{"type":"Feature","id":917,"geometry":{"type":"Point","coordinates":[7.947441921908421,47.25984575777981]},"properties":{"OBJECTID":917,"UUID":"{58794CDB-5A68-E611-B7C2-F04DA23F2F2A}","HSTNAME":"Brittnau, Post","VMITTEL":2,"BFS_NR":4274,"GEMEINDE":"Brittnau","EINWOHNER":0,"ARBEITSPL":0,"RADIUS":300,"DIDOKNR":80586,"ANGSTUFE":null,"SLOID":"ch:1:sloid:80586","TU":9}},{"type":"Feature","id":918,"geometry":{"type":"Point","coordinates":[8.338504515824742,46.97865213139904]},"properties":{"OBJECTID":918,"UUID":"{4B784CDB-5A68-E611-B7C2-F04DA23F2F2A}","HSTNAME":"Stansstad, Schule","VMITTEL":2,"BFS_NR":1510,"GEMEINDE":"Stansstad","EINWOHNER":0,"ARBEITSPL":0,"RADIUS":300,"DIDOKNR":80597,"ANGSTUFE":null,"SLOID":"ch:1:sloid:80597","TU":3}},{"type":"Feature","id":919,"geometry":{"type":"Point","coordinates":[7.851622966850157,47.211521943984685]},"properties":{"OBJECTID":919,"UUID":"{AC754CDB-5A68-E611-B7C2-F04DA23F2F2A}","HSTNAME":"St. Urban, Chlisonnhalde","VMITTEL":2,"BFS_NR":1139,"GEMEINDE":"Pfaffnau","EINWOHNER":2,"ARBEITSPL":2,"RADIUS":300,"DIDOKNR":80401,"ANGSTUFE":2,"SLOID":"ch:1:sloid:80401","TU":3}},{"type":"Feature","id":920,"geometry":{"type":"Point","coordinates":[8.180805861874365,47.25824738241325]},"properties":{"OBJECTID":920,"UUID":"{3F794CDB-5A68-E611-B7C2-F04DA23F2F2A}","HSTNAME":"Reinach AG, Hochhaus","VMITTEL":2,"BFS_NR":4141,"GEMEINDE":"Reinach (AG)","EINWOHNER":0,"ARBEITSPL":0,"RADIUS":300,"DIDOKNR":80821,"ANGSTUFE":null,"SLOID":"ch:1:sloid:80821","TU":3}},{"type":"Feature","id":921,"geometry":{"type":"Point","coordinates":[8.189171555084664,47.24053606658438]},"properties":{"OBJECTID":921,"UUID":"{3D764CDB-5A68-E611-B7C2-F04DA23F2F2A}","HSTNAME":"Menziken, Bahnhof","VMITTEL":2,"BFS_NR":4139,"GEMEINDE":"Menziken","EINWOHNER":0,"ARBEITSPL":0,"RADIUS":300,"DIDOKNR":80824,"ANGSTUFE":null,"SLOID":"ch:1:sloid:80824","TU":3}},{"type":"Feature","id":922,"geometry":{"type":"Point","coordinates":[8.184320954340022,47.249769428281056]},"properties":{"OBJECTID":922,"UUID":"{42794CDB-5A68-E611-B7C2-F04DA23F2F2A}","HSTNAME":"Reinach AG, Bahnhof","VMITTEL":2,"BFS_NR":4141,"GEMEINDE":"Reinach (AG)","EINWOHNER":0,"ARBEITSPL":0,"RADIUS":300,"DIDOKNR":80825,"ANGSTUFE":null,"SLOID":"ch:1:sloid:80825","TU":3}},{"type":"Feature","id":923,"geometry":{"type":"Point","coordinates":[8.202158688503514,47.26761565131417]},"properties":{"OBJECTID":923,"UUID":"{F4754CDB-5A68-E611-B7C2-F04DA23F2F2A}","HSTNAME":"Beinwil am See, Bahnhof","VMITTEL":2,"BFS_NR":4131,"GEMEINDE":"Beinwil am See","EINWOHNER":0,"ARBEITSPL":0,"RADIUS":300,"DIDOKNR":80822,"ANGSTUFE":null,"SLOID":"ch:1:sloid:80822","TU":3}},{"type":"Feature","id":924,"geometry":{"type":"Point","coordinates":[8.197366990019702,47.21679844906333]},"properties":{"OBJECTID":924,"UUID":"{60764CDB-5A68-E611-B7C2-F04DA23F2F2A}","HSTNAME":"Beromünster, Winon","VMITTEL":2,"BFS_NR":1081,"GEMEINDE":"Beromünster","EINWOHNER":22,"ARBEITSPL":12,"RADIUS":300,"DIDOKNR":80832,"ANGSTUFE":2,"SLOID":"ch:1:sloid:80832","TU":3}},{"type":"Feature","id":925,"geometry":{"type":"Point","coordinates":[8.211309906433266,47.23243816754906]},"properties":{"OBJECTID":925,"UUID":"{61784CDB-5A68-E611-B7C2-F04DA23F2F2A}","HSTNAME":"Schwarzenbach LU, Löwen","VMITTEL":2,"BFS_NR":1081,"GEMEINDE":"Beromünster","EINWOHNER":190,"ARBEITSPL":67,"RADIUS":300,"DIDOKNR":80823,"ANGSTUFE":2,"SLOID":"ch:1:sloid:80823","TU":3}},{"type":"Feature","id":926,"geometry":{"type":"Point","coordinates":[8.466825118458353,46.97025960773675]},"properties":{"OBJECTID":926,"UUID":"{76774CDB-5A68-E611-B7C2-F04DA23F2F2A}","HSTNAME":"Beckenried, Hungacher","VMITTEL":2,"BFS_NR":1501,"GEMEINDE":"Beckenried","EINWOHNER":0,"ARBEITSPL":0,"RADIUS":300,"DIDOKNR":80610,"ANGSTUFE":null,"SLOID":"ch:1:sloid:80610","TU":3}},{"type":"Feature","id":927,"geometry":{"type":"Point","coordinates":[7.882229924947066,47.20936643462804]},"properties":{"OBJECTID":927,"UUID":"{1D784CDB-5A68-E611-B7C2-F04DA23F2F2A}","HSTNAME":"Roggliswil, Netzelen","VMITTEL":2,"BFS_NR":1142,"GEMEINDE":"Roggliswil","EINWOHNER":79,"ARBEITSPL":28,"RADIUS":300,"DIDOKNR":80732,"ANGSTUFE":2,"SLOID":"ch:1:sloid:80732","TU":9}},{"type":"Feature","id":928,"geometry":{"type":"Point","coordinates":[8.044321164607661,47.25801056957285]},"properties":{"OBJECTID":928,"UUID":"{E4754CDB-5A68-E611-B7C2-F04DA23F2F2A}","HSTNAME":"Attelwil, Schule","VMITTEL":2,"BFS_NR":4281,"GEMEINDE":"Reitnau","EINWOHNER":0,"ARBEITSPL":0,"RADIUS":300,"DIDOKNR":81055,"ANGSTUFE":null,"SLOID":"ch:1:sloid:81055","TU":3}},{"type":"Feature","id":929,"geometry":{"type":"Point","coordinates":[8.189273361268755,47.24590542182112]},"properties":{"OBJECTID":929,"UUID":"{FAE8C1D5-5A68-E611-B7C2-F04DA23F2F2A}","HSTNAME":"Menziken, Spital","VMITTEL":2,"BFS_NR":4139,"GEMEINDE":"Menziken","EINWOHNER":0,"ARBEITSPL":0,"RADIUS":300,"DIDOKNR":81079,"ANGSTUFE":null,"SLOID":"ch:1:sloid:81079","TU":3}},{"type":"Feature","id":930,"geometry":{"type":"Point","coordinates":[7.9105098396533,47.123172677064936]},"properties":{"OBJECTID":930,"UUID":"{44E8C1D5-5A68-E611-B7C2-F04DA23F2F2A}","HSTNAME":"Hüswil, Stoos","VMITTEL":2,"BFS_NR":1150,"GEMEINDE":"Zell","EINWOHNER":14,"ARBEITSPL":38,"RADIUS":300,"DIDOKNR":81080,"ANGSTUFE":1,"SLOID":"ch:1:sloid:81080","TU":3}},{"type":"Feature","id":931,"geometry":{"type":"Point","coordinates":[8.091344431247784,47.17265262500882]},"properties":{"OBJECTID":931,"UUID":"{B7754CDB-5A68-E611-B7C2-F04DA23F2F2A}","HSTNAME":"Sursee, Waldegg","VMITTEL":8,"BFS_NR":1091,"GEMEINDE":"Mauensee","EINWOHNER":752,"ARBEITSPL":37,"RADIUS":300,"DIDOKNR":81081,"ANGSTUFE":2,"SLOID":"ch:1:sloid:81081","TU":3}},{"type":"Feature","id":932,"geometry":{"type":"Point","coordinates":[8.127102873619627,47.17758955211567]},"properties":{"OBJECTID":932,"UUID":"{71774CDB-5A68-E611-B7C2-F04DA23F2F2A}","HSTNAME":"Schenkon, Zellburg","VMITTEL":2,"BFS_NR":1099,"GEMEINDE":"Schenkon","EINWOHNER":466,"ARBEITSPL":361,"RADIUS":300,"DIDOKNR":81086,"ANGSTUFE":4,"SLOID":"ch:1:sloid:81086","TU":3}},{"type":"Feature","id":933,"geometry":{"type":"Point","coordinates":[8.118453841611782,47.17383602015056]},"properties":{"OBJECTID":933,"UUID":"{F5764CDB-5A68-E611-B7C2-F04DA23F2F2A}","HSTNAME":"Sursee, Mariazell","VMITTEL":2,"BFS_NR":1103,"GEMEINDE":"Sursee","EINWOHNER":1013,"ARBEITSPL":120,"RADIUS":300,"DIDOKNR":81085,"ANGSTUFE":4,"SLOID":"ch:1:sloid:81085","TU":3}},{"type":"Feature","id":934,"geometry":{"type":"Point","coordinates":[7.956850411031208,47.285040682324954]},"properties":{"OBJECTID":934,"UUID":"{0D794CDB-5A68-E611-B7C2-F04DA23F2F2A}","HSTNAME":"Zofingen, Heitereplatz","VMITTEL":2,"BFS_NR":4289,"GEMEINDE":"Zofingen","EINWOHNER":0,"ARBEITSPL":0,"RADIUS":300,"DIDOKNR":81099,"ANGSTUFE":null,"SLOID":"ch:1:sloid:81099","TU":9}},{"type":"Feature","id":935,"geometry":{"type":"Point","coordinates":[8.37844631964337,46.96350667857059]},"properties":{"OBJECTID":935,"UUID":"{14774CDB-5A68-E611-B7C2-F04DA23F2F2A}","HSTNAME":"Stans, Breiten","VMITTEL":2,"BFS_NR":1509,"GEMEINDE":"Stans","EINWOHNER":0,"ARBEITSPL":0,"RADIUS":300,"DIDOKNR":80943,"ANGSTUFE":null,"SLOID":"ch:1:sloid:80943","TU":3}},{"type":"Feature","id":936,"geometry":{"type":"Point","coordinates":[7.912456893936716,46.88714756704262]},"properties":{"OBJECTID":936,"UUID":"{C5E7C1D5-5A68-E611-B7C2-F04DA23F2F2A}","HSTNAME":"Wiggen, Wittenmoos","VMITTEL":2,"BFS_NR":1010,"GEMEINDE":"Escholzmatt-Marbach","EINWOHNER":23,"ARBEITSPL":10,"RADIUS":300,"DIDOKNR":80947,"ANGSTUFE":2,"SLOID":"ch:1:sloid:80947","TU":3}},{"type":"Feature","id":937,"geometry":{"type":"Point","coordinates":[7.886648426338471,46.8429758003439]},"properties":{"OBJECTID":937,"UUID":"{1CE9C1D5-5A68-E611-B7C2-F04DA23F2F2A}","HSTNAME":"Marbach LU, Laui","VMITTEL":2,"BFS_NR":1010,"GEMEINDE":"Escholzmatt-Marbach","EINWOHNER":12,"ARBEITSPL":6,"RADIUS":300,"DIDOKNR":80950,"ANGSTUFE":2,"SLOID":"ch:1:sloid:80950","TU":3}},{"type":"Feature","id":938,"geometry":{"type":"Point","coordinates":[7.912423852707829,46.878916879009694]},"properties":{"OBJECTID":938,"UUID":"{AB784CDB-5A68-E611-B7C2-F04DA23F2F2A}","HSTNAME":"Wiggen, Schächli","VMITTEL":2,"BFS_NR":1010,"GEMEINDE":"Escholzmatt-Marbach","EINWOHNER":16,"ARBEITSPL":9,"RADIUS":300,"DIDOKNR":80948,"ANGSTUFE":2,"SLOID":"ch:1:sloid:80948","TU":3}},{"type":"Feature","id":939,"geometry":{"type":"Point","coordinates":[7.906195899049341,46.86571016163802]},"properties":{"OBJECTID":939,"UUID":"{34794CDB-5A68-E611-B7C2-F04DA23F2F2A}","HSTNAME":"Marbach LU, Geissenmoos","VMITTEL":2,"BFS_NR":1010,"GEMEINDE":"Escholzmatt-Marbach","EINWOHNER":18,"ARBEITSPL":38,"RADIUS":300,"DIDOKNR":80949,"ANGSTUFE":2,"SLOID":"ch:1:sloid:80949","TU":3}},{"type":"Feature","id":940,"geometry":{"type":"Point","coordinates":[7.936136185806444,46.915157912595284]},"properties":{"OBJECTID":940,"UUID":"{D4764CDB-5A68-E611-B7C2-F04DA23F2F2A}","HSTNAME":"Escholzmatt, Bahnhof","VMITTEL":2,"BFS_NR":1010,"GEMEINDE":"Escholzmatt-Marbach","EINWOHNER":609,"ARBEITSPL":323,"RADIUS":300,"DIDOKNR":81293,"ANGSTUFE":2,"SLOID":"ch:1:sloid:81293","TU":3}},{"type":"Feature","id":941,"geometry":{"type":"Point","coordinates":[8.404930089649252,46.970438178533435]},"properties":{"OBJECTID":941,"UUID":"{66774CDB-5A68-E611-B7C2-F04DA23F2F2A}","HSTNAME":"Buochs, Fadenbrücke","VMITTEL":2,"BFS_NR":1502,"GEMEINDE":"Buochs","EINWOHNER":0,"ARBEITSPL":0,"RADIUS":300,"DIDOKNR":81322,"ANGSTUFE":null,"SLOID":"ch:1:sloid:81322","TU":3}},{"type":"Feature","id":942,"geometry":{"type":"Point","coordinates":[8.11095671803163,47.172431833460145]},"properties":{"OBJECTID":942,"UUID":"{8C774CDB-5A68-E611-B7C2-F04DA23F2F2A}","HSTNAME":"Sursee, Altstadt","VMITTEL":2,"BFS_NR":1103,"GEMEINDE":"Sursee","EINWOHNER":558,"ARBEITSPL":581,"RADIUS":300,"DIDOKNR":81323,"ANGSTUFE":4,"SLOID":"ch:1:sloid:81323","TU":3}},{"type":"Feature","id":943,"geometry":{"type":"Point","coordinates":[8.194591267086919,47.11101527104638]},"properties":{"OBJECTID":943,"UUID":"{D0764CDB-5A68-E611-B7C2-F04DA23F2F2A}","HSTNAME":"Neuenkirch, Lippenrüti","VMITTEL":8,"BFS_NR":1093,"GEMEINDE":"Neuenkirch","EINWOHNER":145,"ARBEITSPL":135,"RADIUS":300,"DIDOKNR":81320,"ANGSTUFE":3,"SLOID":"ch:1:sloid:81320","TU":3}},{"type":"Feature","id":944,"geometry":{"type":"Point","coordinates":[8.263914882611786,46.93591705836748]},"properties":{"OBJECTID":944,"UUID":"{E0E7C1D5-5A68-E611-B7C2-F04DA23F2F2A}","HSTNAME":"Alpnach Dorf, untere Feldstr.","VMITTEL":2,"BFS_NR":1401,"GEMEINDE":"Alpnach","EINWOHNER":0,"ARBEITSPL":0,"RADIUS":300,"DIDOKNR":81326,"ANGSTUFE":null,"SLOID":"ch:1:sloid:81326","TU":3}},{"type":"Feature","id":945,"geometry":{"type":"Point","coordinates":[8.36080260114438,46.962174660243306]},"properties":{"OBJECTID":945,"UUID":"{8F774CDB-5A68-E611-B7C2-F04DA23F2F2A}","HSTNAME":"Stans, Kantonalbank","VMITTEL":2,"BFS_NR":1509,"GEMEINDE":"Stans","EINWOHNER":0,"ARBEITSPL":0,"RADIUS":300,"DIDOKNR":81333,"ANGSTUFE":null,"SLOID":"ch:1:sloid:81333","TU":3}},{"type":"Feature","id":946,"geometry":{"type":"Point","coordinates":[8.06040956829038,47.26790022649438]},"properties":{"OBJECTID":946,"UUID":"{E5794CDB-5A68-E611-B7C2-F04DA23F2F2A}","HSTNAME":"Moosleerau, Unterdorf","VMITTEL":2,"BFS_NR":4277,"GEMEINDE":"Moosleerau","EINWOHNER":0,"ARBEITSPL":0,"RADIUS":300,"DIDOKNR":81347,"ANGSTUFE":null,"SLOID":"ch:1:sloid:81347","TU":3}},{"type":"Feature","id":947,"geometry":{"type":"Point","coordinates":[8.177119913223674,47.01539103136205]},"properties":{"OBJECTID":947,"UUID":"{F4794CDB-5A68-E611-B7C2-F04DA23F2F2A}","HSTNAME":"Schwarzenberg LU, Fabrikli","VMITTEL":2,"BFS_NR":1066,"GEMEINDE":"Schwarzenberg","EINWOHNER":65,"ARBEITSPL":5,"RADIUS":300,"DIDOKNR":81158,"ANGSTUFE":2,"SLOID":"ch:1:sloid:81158","TU":3}},{"type":"Feature","id":948,"geometry":{"type":"Point","coordinates":[8.269358072213365,46.93800970832503]},"properties":{"OBJECTID":948,"UUID":"{7E774CDB-5A68-E611-B7C2-F04DA23F2F2A}","HSTNAME":"Alpnach Dorf, Hofmättelikreuz","VMITTEL":2,"BFS_NR":1401,"GEMEINDE":"Alpnach","EINWOHNER":0,"ARBEITSPL":0,"RADIUS":300,"DIDOKNR":81164,"ANGSTUFE":null,"SLOID":"ch:1:sloid:81164","TU":3}},{"type":"Feature","id":949,"geometry":{"type":"Point","coordinates":[8.189739408101707,47.015839877045075]},"properties":{"OBJECTID":949,"UUID":"{E9E8C1D5-5A68-E611-B7C2-F04DA23F2F2A}","HSTNAME":"Schwarzenberg LU, Lifelen","VMITTEL":2,"BFS_NR":1066,"GEMEINDE":"Schwarzenberg","EINWOHNER":216,"ARBEITSPL":34,"RADIUS":300,"DIDOKNR":81159,"ANGSTUFE":1,"SLOID":"ch:1:sloid:81159","TU":3}},{"type":"Feature","id":950,"geometry":{"type":"Point","coordinates":[8.254566420453227,46.93347420709481]},"properties":{"OBJECTID":950,"UUID":"{87784CDB-5A68-E611-B7C2-F04DA23F2F2A}","HSTNAME":"Alpnach Dorf, Schoried","VMITTEL":2,"BFS_NR":1401,"GEMEINDE":"Alpnach","EINWOHNER":0,"ARBEITSPL":0,"RADIUS":300,"DIDOKNR":81160,"ANGSTUFE":null,"SLOID":"ch:1:sloid:81160","TU":3}},{"type":"Feature","id":951,"geometry":{"type":"Point","coordinates":[8.382155179461593,47.04974526051011]},"properties":{"OBJECTID":951,"UUID":"{6A8EEB0F-0065-EF11-AEF8-00505692A170}","HSTNAME":"Meggen, Bahnhof","VMITTEL":2,"BFS_NR":1063,"GEMEINDE":"Meggen","EINWOHNER":98,"ARBEITSPL":131,"RADIUS":300,"DIDOKNR":81161,"ANGSTUFE":0,"SLOID":"ch:1:sloid:81161","TU":11}},{"type":"Feature","id":952,"geometry":{"type":"Point","coordinates":[8.397109937394132,46.94019684926337]},"properties":{"OBJECTID":952,"UUID":"{05E8C1D5-5A68-E611-B7C2-F04DA23F2F2A}","HSTNAME":"Büren NW, Kirchenplatz","VMITTEL":2,"BFS_NR":1508,"GEMEINDE":"Oberdorf (NW)","EINWOHNER":0,"ARBEITSPL":0,"RADIUS":300,"DIDOKNR":81505,"ANGSTUFE":null,"SLOID":"ch:1:sloid:81505","TU":3}},{"type":"Feature","id":953,"geometry":{"type":"Point","coordinates":[8.396734663816881,46.93830186096693]},"properties":{"OBJECTID":953,"UUID":"{E7784CDB-5A68-E611-B7C2-F04DA23F2F2A}","HSTNAME":"Büren NW, Mühleplatz","VMITTEL":2,"BFS_NR":1508,"GEMEINDE":"Oberdorf (NW)","EINWOHNER":0,"ARBEITSPL":0,"RADIUS":300,"DIDOKNR":81522,"ANGSTUFE":null,"SLOID":"ch:1:sloid:81522","TU":3}},{"type":"Feature","id":954,"geometry":{"type":"Point","coordinates":[8.376484976222772,46.956533004239525]},"properties":{"OBJECTID":954,"UUID":"{3E764CDB-5A68-E611-B7C2-F04DA23F2F2A}","HSTNAME":"Oberdorf NW, Wilrank","VMITTEL":2,"BFS_NR":1508,"GEMEINDE":"Oberdorf (NW)","EINWOHNER":0,"ARBEITSPL":0,"RADIUS":300,"DIDOKNR":81520,"ANGSTUFE":null,"SLOID":"ch:1:sloid:81520","TU":3}},{"type":"Feature","id":955,"geometry":{"type":"Point","coordinates":[8.38673326101713,46.958040951763856]},"properties":{"OBJECTID":955,"UUID":"{9E784CDB-5A68-E611-B7C2-F04DA23F2F2A}","HSTNAME":"Oberdorf NW, Kaserne","VMITTEL":2,"BFS_NR":1508,"GEMEINDE":"Oberdorf (NW)","EINWOHNER":0,"ARBEITSPL":0,"RADIUS":300,"DIDOKNR":81521,"ANGSTUFE":null,"SLOID":"ch:1:sloid:81521","TU":3}},{"type":"Feature","id":956,"geometry":{"type":"Point","coordinates":[8.38482174459246,46.956185616994475]},"properties":{"OBJECTID":956,"UUID":"{FFE8C1D5-5A68-E611-B7C2-F04DA23F2F2A}","HSTNAME":"Oberdorf NW, Schulhaus","VMITTEL":2,"BFS_NR":1508,"GEMEINDE":"Oberdorf (NW)","EINWOHNER":0,"ARBEITSPL":0,"RADIUS":300,"DIDOKNR":81504,"ANGSTUFE":null,"SLOID":"ch:1:sloid:81504","TU":3}},{"type":"Feature","id":957,"geometry":{"type":"Point","coordinates":[8.371455247477218,46.95666400612582]},"properties":{"OBJECTID":957,"UUID":"{C2E8C1D5-5A68-E611-B7C2-F04DA23F2F2A}","HSTNAME":"Stans, Engelbergstrasse","VMITTEL":2,"BFS_NR":1509,"GEMEINDE":"Stans","EINWOHNER":0,"ARBEITSPL":0,"RADIUS":300,"DIDOKNR":81519,"ANGSTUFE":null,"SLOID":"ch:1:sloid:81519","TU":3}},{"type":"Feature","id":958,"geometry":{"type":"Point","coordinates":[8.067669299484676,47.030282593395256]},"properties":{"OBJECTID":958,"UUID":"{C5754CDB-5A68-E611-B7C2-F04DA23F2F2A}","HSTNAME":"Chappelbodenbrücke","VMITTEL":2,"BFS_NR":1002,"GEMEINDE":"Entlebuch","EINWOHNER":8,"ARBEITSPL":5,"RADIUS":300,"DIDOKNR":81591,"ANGSTUFE":1,"SLOID":"ch:1:sloid:81591","TU":3}},{"type":"Feature","id":959,"geometry":{"type":"Point","coordinates":[7.846844091546739,47.21840197725995]},"properties":{"OBJECTID":959,"UUID":"{54794CDB-5A68-E611-B7C2-F04DA23F2F2A}","HSTNAME":"St. Urban, Sonnhaldenhof","VMITTEL":2,"BFS_NR":1139,"GEMEINDE":"Pfaffnau","EINWOHNER":5,"ARBEITSPL":0,"RADIUS":300,"DIDOKNR":81594,"ANGSTUFE":2,"SLOID":"ch:1:sloid:81594","TU":3}},{"type":"Feature","id":960,"geometry":{"type":"Point","coordinates":[8.380449470427184,46.957094220754065]},"properties":{"OBJECTID":960,"UUID":"{99774CDB-5A68-E611-B7C2-F04DA23F2F2A}","HSTNAME":"Oberdorf NW, Schulhausstrasse","VMITTEL":2,"BFS_NR":1508,"GEMEINDE":"Oberdorf (NW)","EINWOHNER":0,"ARBEITSPL":0,"RADIUS":300,"DIDOKNR":81584,"ANGSTUFE":null,"SLOID":"ch:1:sloid:81584","TU":3}},{"type":"Feature","id":961,"geometry":{"type":"Point","coordinates":[8.252274636283456,46.896581100635714]},"properties":{"OBJECTID":961,"UUID":"{B4784CDB-5A68-E611-B7C2-F04DA23F2F2A}","HSTNAME":"Sarnen, Kernserstrasse","VMITTEL":2,"BFS_NR":1407,"GEMEINDE":"Sarnen","EINWOHNER":0,"ARBEITSPL":0,"RADIUS":300,"DIDOKNR":81466,"ANGSTUFE":null,"SLOID":"ch:1:sloid:81466","TU":3}},{"type":"Feature","id":962,"geometry":{"type":"Point","coordinates":[8.211891195524196,46.87266245788923]},"properties":{"OBJECTID":962,"UUID":"{89764CDB-5A68-E611-B7C2-F04DA23F2F2A}","HSTNAME":"Oberwilen, Mätteli","VMITTEL":2,"BFS_NR":1407,"GEMEINDE":"Sarnen","EINWOHNER":0,"ARBEITSPL":0,"RADIUS":300,"DIDOKNR":81468,"ANGSTUFE":null,"SLOID":"ch:1:sloid:81468","TU":3}},{"type":"Feature","id":963,"geometry":{"type":"Point","coordinates":[8.094974864533754,47.171813436157755]},"properties":{"OBJECTID":963,"UUID":"{45784CDB-5A68-E611-B7C2-F04DA23F2F2A}","HSTNAME":"Sursee, Kotten","VMITTEL":8,"BFS_NR":1103,"GEMEINDE":"Sursee","EINWOHNER":756,"ARBEITSPL":546,"RADIUS":300,"DIDOKNR":81445,"ANGSTUFE":4,"SLOID":"ch:1:sloid:81445","TU":3}},{"type":"Feature","id":964,"geometry":{"type":"Point","coordinates":[8.113678955675862,47.169681397283604]},"properties":{"OBJECTID":964,"UUID":"{C7794CDB-5A68-E611-B7C2-F04DA23F2F2A}","HSTNAME":"Sursee, Frieslirain","VMITTEL":8,"BFS_NR":1103,"GEMEINDE":"Sursee","EINWOHNER":591,"ARBEITSPL":91,"RADIUS":300,"DIDOKNR":81469,"ANGSTUFE":4,"SLOID":"ch:1:sloid:81469","TU":3}},{"type":"Feature","id":965,"geometry":{"type":"Point","coordinates":[7.994557272388666,47.12386776906405]},"properties":{"OBJECTID":965,"UUID":"{9D794CDB-5A68-E611-B7C2-F04DA23F2F2A}","HSTNAME":"Willisau, Chrüzhof","VMITTEL":2,"BFS_NR":1151,"GEMEINDE":"Willisau","EINWOHNER":454,"ARBEITSPL":345,"RADIUS":300,"DIDOKNR":81502,"ANGSTUFE":3,"SLOID":"ch:1:sloid:81502","TU":3}},{"type":"Feature","id":966,"geometry":{"type":"Point","coordinates":[7.931196979477722,46.90763209276239]},"properties":{"OBJECTID":966,"UUID":"{E1754CDB-5A68-E611-B7C2-F04DA23F2F2A}","HSTNAME":"Escholzmatt, Riedgasse","VMITTEL":2,"BFS_NR":1010,"GEMEINDE":"Escholzmatt-Marbach","EINWOHNER":176,"ARBEITSPL":87,"RADIUS":300,"DIDOKNR":81814,"ANGSTUFE":2,"SLOID":"ch:1:sloid:81814","TU":3}},{"type":"Feature","id":967,"geometry":{"type":"Point","coordinates":[8.289152986543384,47.03514991639063]},"properties":{"OBJECTID":967,"UUID":"{7D794CDB-5A68-E611-B7C2-F04DA23F2F2A}","HSTNAME":"Kriens, Alpenstrasse","VMITTEL":3,"BFS_NR":1059,"GEMEINDE":"Kriens","EINWOHNER":702,"ARBEITSPL":390,"RADIUS":300,"DIDOKNR":81812,"ANGSTUFE":5,"SLOID":"ch:1:sloid:81812","TU":11}},{"type":"Feature","id":968,"geometry":{"type":"Point","coordinates":[7.921286673158307,46.90027102567314]},"properties":{"OBJECTID":968,"UUID":"{BB784CDB-5A68-E611-B7C2-F04DA23F2F2A}","HSTNAME":"Wiggen, Unterbach","VMITTEL":2,"BFS_NR":1010,"GEMEINDE":"Escholzmatt-Marbach","EINWOHNER":33,"ARBEITSPL":12,"RADIUS":300,"DIDOKNR":81813,"ANGSTUFE":2,"SLOID":"ch:1:sloid:81813","TU":3}},{"type":"Feature","id":969,"geometry":{"type":"Point","coordinates":[8.277905215804516,46.880617513115375]},"properties":{"OBJECTID":969,"UUID":"{D3784CDB-5A68-E611-B7C2-F04DA23F2F2A}","HSTNAME":"St. Niklausen OW, Haueti","VMITTEL":2,"BFS_NR":1404,"GEMEINDE":"Kerns","EINWOHNER":0,"ARBEITSPL":0,"RADIUS":300,"DIDOKNR":81862,"ANGSTUFE":null,"SLOID":"ch:1:sloid:81862","TU":3}},{"type":"Feature","id":970,"geometry":{"type":"Point","coordinates":[8.317028458349395,47.15311608513259]},"properties":{"OBJECTID":970,"UUID":"{FC794CDB-5A68-E611-B7C2-F04DA23F2F2A}","HSTNAME":"Ballwil, Hochdorfstrasse","VMITTEL":2,"BFS_NR":1023,"GEMEINDE":"Ballwil","EINWOHNER":939,"ARBEITSPL":285,"RADIUS":300,"DIDOKNR":82044,"ANGSTUFE":2,"SLOID":"ch:1:sloid:82044","TU":3}},{"type":"Feature","id":971,"geometry":{"type":"Point","coordinates":[8.321496697102749,47.13140299742856]},"properties":{"OBJECTID":971,"UUID":"{1C764CDB-5A68-E611-B7C2-F04DA23F2F2A}","HSTNAME":"Eschenbach LU, Luzernstrasse","VMITTEL":2,"BFS_NR":1026,"GEMEINDE":"Eschenbach","EINWOHNER":731,"ARBEITSPL":465,"RADIUS":300,"DIDOKNR":82045,"ANGSTUFE":2,"SLOID":"ch:1:sloid:82045","TU":3}},{"type":"Feature","id":972,"geometry":{"type":"Point","coordinates":[8.307416056289727,46.948360453090224]},"properties":{"OBJECTID":972,"UUID":"{A0794CDB-5A68-E611-B7C2-F04DA23F2F2A}","HSTNAME":"Ennetmoos, Mueterschwandenberg","VMITTEL":2,"BFS_NR":1506,"GEMEINDE":"Ennetmoos","EINWOHNER":0,"ARBEITSPL":0,"RADIUS":300,"DIDOKNR":82115,"ANGSTUFE":null,"SLOID":"ch:1:sloid:82115","TU":3}},{"type":"Feature","id":973,"geometry":{"type":"Point","coordinates":[8.2488228201813,47.088292384693844]},"properties":{"OBJECTID":973,"UUID":"{B5754CDB-5A68-E611-B7C2-F04DA23F2F2A}","HSTNAME":"Rothenburg Station, Bhf. West","VMITTEL":8,"BFS_NR":1040,"GEMEINDE":"Rothenburg","EINWOHNER":42,"ARBEITSPL":209,"RADIUS":300,"DIDOKNR":82118,"ANGSTUFE":3,"SLOID":"ch:1:sloid:82118","TU":3}},{"type":"Feature","id":974,"geometry":{"type":"Point","coordinates":[8.241226970289002,47.13339441030154]},"properties":{"OBJECTID":974,"UUID":"{AF774CDB-5A68-E611-B7C2-F04DA23F2F2A}","HSTNAME":"Hildisrieden, Hapfern","VMITTEL":2,"BFS_NR":1037,"GEMEINDE":"Rain","EINWOHNER":20,"ARBEITSPL":3,"RADIUS":300,"DIDOKNR":82111,"ANGSTUFE":3,"SLOID":"ch:1:sloid:82111","TU":1}},{"type":"Feature","id":975,"geometry":{"type":"Point","coordinates":[8.303502724453502,46.943541353132765]},"properties":{"OBJECTID":975,"UUID":"{6E774CDB-5A68-E611-B7C2-F04DA23F2F2A}","HSTNAME":"Ennetmoos, Abz. Vorsässstrasse","VMITTEL":2,"BFS_NR":1506,"GEMEINDE":"Ennetmoos","EINWOHNER":0,"ARBEITSPL":0,"RADIUS":300,"DIDOKNR":82122,"ANGSTUFE":null,"SLOID":"ch:1:sloid:82122","TU":3}},{"type":"Feature","id":976,"geometry":{"type":"Point","coordinates":[8.300189236714658,46.9408675924026]},"properties":{"OBJECTID":976,"UUID":"{DA784CDB-5A68-E611-B7C2-F04DA23F2F2A}","HSTNAME":"Ennetmoos, Abzw. Rütli","VMITTEL":2,"BFS_NR":1506,"GEMEINDE":"Ennetmoos","EINWOHNER":0,"ARBEITSPL":0,"RADIUS":300,"DIDOKNR":82120,"ANGSTUFE":null,"SLOID":"ch:1:sloid:82120","TU":3}},{"type":"Feature","id":977,"geometry":{"type":"Point","coordinates":[8.298394460684126,46.936230278214595]},"properties":{"OBJECTID":977,"UUID":"{09E8C1D5-5A68-E611-B7C2-F04DA23F2F2A}","HSTNAME":"Ennetmoos, Ebnet","VMITTEL":2,"BFS_NR":1506,"GEMEINDE":"Ennetmoos","EINWOHNER":0,"ARBEITSPL":0,"RADIUS":300,"DIDOKNR":82121,"ANGSTUFE":null,"SLOID":"ch:1:sloid:82121","TU":3}},{"type":"Feature","id":978,"geometry":{"type":"Point","coordinates":[7.992605181993812,47.12116066800666]},"properties":{"OBJECTID":978,"UUID":"{61E8C1D5-5A68-E611-B7C2-F04DA23F2F2A}","HSTNAME":"Willisau, Postplatz","VMITTEL":2,"BFS_NR":1151,"GEMEINDE":"Willisau","EINWOHNER":325,"ARBEITSPL":367,"RADIUS":300,"DIDOKNR":81975,"ANGSTUFE":2,"SLOID":"ch:1:sloid:81975","TU":3}},{"type":"Feature","id":979,"geometry":{"type":"Point","coordinates":[8.312722838304646,47.05577308239637]},"properties":{"OBJECTID":979,"UUID":"{DB774CDB-5A68-E611-B7C2-F04DA23F2F2A}","HSTNAME":"Luzern, Wey","VMITTEL":3,"BFS_NR":1061,"GEMEINDE":"Luzern","EINWOHNER":349,"ARBEITSPL":521,"RADIUS":300,"DIDOKNR":81978,"ANGSTUFE":5,"SLOID":"ch:1:sloid:81978","TU":11}},{"type":"Feature","id":980,"geometry":{"type":"Point","coordinates":[7.977756940496569,47.20669255469488]},"properties":{"OBJECTID":980,"UUID":"{1EE9C1D5-5A68-E611-B7C2-F04DA23F2F2A}","HSTNAME":"Dagmersellen, Industriepark","VMITTEL":2,"BFS_NR":1123,"GEMEINDE":"Altishofen","EINWOHNER":3,"ARBEITSPL":529,"RADIUS":300,"DIDOKNR":81976,"ANGSTUFE":3,"SLOID":"ch:1:sloid:81976","TU":3}},{"type":"Feature","id":981,"geometry":{"type":"Point","coordinates":[8.05725242187855,46.981413412949685]},"properties":{"OBJECTID":981,"UUID":"{EA774CDB-5A68-E611-B7C2-F04DA23F2F2A}","HSTNAME":"Hasle LU, Ussercher","VMITTEL":2,"BFS_NR":1005,"GEMEINDE":"Hasle","EINWOHNER":233,"ARBEITSPL":117,"RADIUS":300,"DIDOKNR":82390,"ANGSTUFE":1,"SLOID":"ch:1:sloid:82390","TU":3}},{"type":"Feature","id":982,"geometry":{"type":"Point","coordinates":[8.15973255705674,47.22497374649958]},"properties":{"OBJECTID":982,"UUID":"{CF764CDB-5A68-E611-B7C2-F04DA23F2F2A}","HSTNAME":"Rickenbach LU, Rüchlig","VMITTEL":2,"BFS_NR":1097,"GEMEINDE":"Rickenbach","EINWOHNER":160,"ARBEITSPL":20,"RADIUS":300,"DIDOKNR":82547,"ANGSTUFE":1,"SLOID":"ch:1:sloid:82547","TU":3}},{"type":"Feature","id":983,"geometry":{"type":"Point","coordinates":[8.059691816437457,46.984359721859626]},"properties":{"OBJECTID":983,"UUID":"{A9764CDB-5A68-E611-B7C2-F04DA23F2F2A}","HSTNAME":"Hasle LU, Farbschachen","VMITTEL":2,"BFS_NR":1005,"GEMEINDE":"Hasle","EINWOHNER":202,"ARBEITSPL":31,"RADIUS":300,"DIDOKNR":82261,"ANGSTUFE":1,"SLOID":"ch:1:sloid:82261","TU":3}},{"type":"Feature","id":984,"geometry":{"type":"Point","coordinates":[8.179378118463946,47.235310353854196]},"properties":{"OBJECTID":984,"UUID":"{EBE7C1D5-5A68-E611-B7C2-F04DA23F2F2A}","HSTNAME":"Burg AG, Rössligasse","VMITTEL":2,"BFS_NR":4139,"GEMEINDE":"Menziken","EINWOHNER":0,"ARBEITSPL":0,"RADIUS":300,"DIDOKNR":82550,"ANGSTUFE":null,"SLOID":"ch:1:sloid:82550","TU":3}},{"type":"Feature","id":985,"geometry":{"type":"Point","coordinates":[8.106525505855176,47.17885312137861]},"properties":{"OBJECTID":985,"UUID":"{BEE7C1D5-5A68-E611-B7C2-F04DA23F2F2A}","HSTNAME":"Sursee, Sappeurstrasse","VMITTEL":8,"BFS_NR":1103,"GEMEINDE":"Sursee","EINWOHNER":13,"ARBEITSPL":1102,"RADIUS":300,"DIDOKNR":82560,"ANGSTUFE":3,"SLOID":"ch:1:sloid:82560","TU":3}},{"type":"Feature","id":986,"geometry":{"type":"Point","coordinates":[8.182974081502115,47.23842644663469]},"properties":{"OBJECTID":986,"UUID":"{F3754CDB-5A68-E611-B7C2-F04DA23F2F2A}","HSTNAME":"Burg AG, Hinterdorf","VMITTEL":2,"BFS_NR":4139,"GEMEINDE":"Menziken","EINWOHNER":0,"ARBEITSPL":0,"RADIUS":300,"DIDOKNR":82548,"ANGSTUFE":null,"SLOID":"ch:1:sloid:82548","TU":3}},{"type":"Feature","id":987,"geometry":{"type":"Point","coordinates":[8.19511719148116,47.26308362205901]},"properties":{"OBJECTID":987,"UUID":"{0EE8C1D5-5A68-E611-B7C2-F04DA23F2F2A}","HSTNAME":"Reinach AG, Beinwiler Höhe","VMITTEL":2,"BFS_NR":4141,"GEMEINDE":"Reinach (AG)","EINWOHNER":0,"ARBEITSPL":0,"RADIUS":300,"DIDOKNR":82549,"ANGSTUFE":null,"SLOID":"ch:1:sloid:82549","TU":3}},{"type":"Feature","id":988,"geometry":{"type":"Point","coordinates":[8.099317516200097,47.17632211476159]},"properties":{"OBJECTID":988,"UUID":"{BBE8C1D5-5A68-E611-B7C2-F04DA23F2F2A}","HSTNAME":"Sursee, Münchrüti","VMITTEL":8,"BFS_NR":1103,"GEMEINDE":"Sursee","EINWOHNER":216,"ARBEITSPL":1819,"RADIUS":300,"DIDOKNR":82564,"ANGSTUFE":3,"SLOID":"ch:1:sloid:82564","TU":3}},{"type":"Feature","id":989,"geometry":{"type":"Point","coordinates":[8.1075652991852,47.18393829117026]},"properties":{"OBJECTID":989,"UUID":"{2A784CDB-5A68-E611-B7C2-F04DA23F2F2A}","HSTNAME":"Sursee, Chommlibach","VMITTEL":8,"BFS_NR":1103,"GEMEINDE":"Sursee","EINWOHNER":30,"ARBEITSPL":1856,"RADIUS":300,"DIDOKNR":82565,"ANGSTUFE":3,"SLOID":"ch:1:sloid:82565","TU":3}},{"type":"Feature","id":990,"geometry":{"type":"Point","coordinates":[8.298258251056538,47.165077710217275]},"properties":{"OBJECTID":990,"UUID":"{23794CDB-5A68-E611-B7C2-F04DA23F2F2A}","HSTNAME":"Hochdorf, Schönau","VMITTEL":2,"BFS_NR":1031,"GEMEINDE":"Hochdorf","EINWOHNER":1002,"ARBEITSPL":134,"RADIUS":300,"DIDOKNR":82591,"ANGSTUFE":2,"SLOID":"ch:1:sloid:82591","TU":3}},{"type":"Feature","id":991,"geometry":{"type":"Point","coordinates":[8.02039592782612,47.18532007707866]},"properties":{"OBJECTID":991,"UUID":"{D8E8C1D5-5A68-E611-B7C2-F04DA23F2F2A}","HSTNAME":"Wauwil, Zentrum","VMITTEL":2,"BFS_NR":1146,"GEMEINDE":"Wauwil","EINWOHNER":914,"ARBEITSPL":272,"RADIUS":300,"DIDOKNR":82442,"ANGSTUFE":0,"SLOID":"ch:1:sloid:82442","TU":3}},{"type":"Feature","id":992,"geometry":{"type":"Point","coordinates":[8.030896151804457,47.18630998464079]},"properties":{"OBJECTID":992,"UUID":"{A3E7C1D5-5A68-E611-B7C2-F04DA23F2F2A}","HSTNAME":"Wauwil, Sackmatt","VMITTEL":2,"BFS_NR":1146,"GEMEINDE":"Wauwil","EINWOHNER":481,"ARBEITSPL":312,"RADIUS":300,"DIDOKNR":82443,"ANGSTUFE":0,"SLOID":"ch:1:sloid:82443","TU":3}},{"type":"Feature","id":993,"geometry":{"type":"Point","coordinates":[8.27772989016114,46.95520245418132]},"properties":{"OBJECTID":993,"UUID":"{79E8C1D5-5A68-E611-B7C2-F04DA23F2F2A}","HSTNAME":"Alpnachstad, Bahnhof","VMITTEL":2,"BFS_NR":1401,"GEMEINDE":"Alpnach","EINWOHNER":0,"ARBEITSPL":0,"RADIUS":300,"DIDOKNR":82458,"ANGSTUFE":null,"SLOID":"ch:1:sloid:82458","TU":3}},{"type":"Feature","id":994,"geometry":{"type":"Point","coordinates":[8.222321709730165,46.86018638753418]},"properties":{"OBJECTID":994,"UUID":"{CF754CDB-5A68-E611-B7C2-F04DA23F2F2A}","HSTNAME":"Ewil Maxon, Bahnhof","VMITTEL":2,"BFS_NR":1406,"GEMEINDE":"Sachseln","EINWOHNER":0,"ARBEITSPL":0,"RADIUS":300,"DIDOKNR":82459,"ANGSTUFE":null,"SLOID":"ch:1:sloid:82459","TU":3}},{"type":"Feature","id":995,"geometry":{"type":"Point","coordinates":[8.175500947921291,46.81308993068496]},"properties":{"OBJECTID":995,"UUID":"{2E774CDB-5A68-E611-B7C2-F04DA23F2F2A}","HSTNAME":"Kaiserstuhl OW, Bahnhof","VMITTEL":2,"BFS_NR":1405,"GEMEINDE":"Lungern","EINWOHNER":0,"ARBEITSPL":0,"RADIUS":300,"DIDOKNR":82460,"ANGSTUFE":null,"SLOID":"ch:1:sloid:82460","TU":3}},{"type":"Feature","id":996,"geometry":{"type":"Point","coordinates":[8.160795270513933,46.85483393134813]},"properties":{"OBJECTID":996,"UUID":"{53774CDB-5A68-E611-B7C2-F04DA23F2F2A}","HSTNAME":"Grossteil, Haltenrain","VMITTEL":2,"BFS_NR":1403,"GEMEINDE":"Giswil","EINWOHNER":0,"ARBEITSPL":0,"RADIUS":300,"DIDOKNR":82883,"ANGSTUFE":null,"SLOID":"ch:1:sloid:82883","TU":3}},{"type":"Feature","id":997,"geometry":{"type":"Point","coordinates":[8.400135724654305,46.909630457680485]},"properties":{"OBJECTID":997,"UUID":"{17E9C1D5-5A68-E611-B7C2-F04DA23F2F2A}","HSTNAME":"Wolfenschiessen, Zelgli","VMITTEL":2,"BFS_NR":1511,"GEMEINDE":"Wolfenschiessen","EINWOHNER":0,"ARBEITSPL":0,"RADIUS":300,"DIDOKNR":82717,"ANGSTUFE":null,"SLOID":"ch:1:sloid:82717","TU":3}},{"type":"Feature","id":998,"geometry":{"type":"Point","coordinates":[8.075574427839179,47.236398411996966]},"properties":{"OBJECTID":998,"UUID":"{9FE7C1D5-5A68-E611-B7C2-F04DA23F2F2A}","HSTNAME":"Triengen, Forum","VMITTEL":8,"BFS_NR":1104,"GEMEINDE":"Triengen","EINWOHNER":743,"ARBEITSPL":316,"RADIUS":300,"DIDOKNR":82760,"ANGSTUFE":4,"SLOID":"ch:1:sloid:82760","TU":3}},{"type":"Feature","id":999,"geometry":{"type":"Point","coordinates":[8.074968186125966,47.1898888223383]},"properties":{"OBJECTID":999,"UUID":"{BA794CDB-5A68-E611-B7C2-F04DA23F2F2A}","HSTNAME":"St. Erhard, Heidenacher","VMITTEL":8,"BFS_NR":1089,"GEMEINDE":"Knutwil","EINWOHNER":84,"ARBEITSPL":11,"RADIUS":300,"DIDOKNR":82754,"ANGSTUFE":1,"SLOID":"ch:1:sloid:82754","TU":3}},{"type":"Feature","id":1000,"geometry":{"type":"Point","coordinates":[8.072346206504745,47.19913214761419]},"properties":{"OBJECTID":1000,"UUID":"{57784CDB-5A68-E611-B7C2-F04DA23F2F2A}","HSTNAME":"Knutwil, Dorf","VMITTEL":8,"BFS_NR":1089,"GEMEINDE":"Knutwil","EINWOHNER":317,"ARBEITSPL":124,"RADIUS":300,"DIDOKNR":82755,"ANGSTUFE":2,"SLOID":"ch:1:sloid:82755","TU":3}},{"type":"Feature","id":1001,"geometry":{"type":"Point","coordinates":[8.071924745811458,47.18470647659376]},"properties":{"OBJECTID":1001,"UUID":"{23764CDB-5A68-E611-B7C2-F04DA23F2F2A}","HSTNAME":"St. Erhard, Wiberg","VMITTEL":8,"BFS_NR":1089,"GEMEINDE":"Knutwil","EINWOHNER":581,"ARBEITSPL":24,"RADIUS":300,"DIDOKNR":82753,"ANGSTUFE":1,"SLOID":"ch:1:sloid:82753","TU":3}},{"type":"Feature","id":1002,"geometry":{"type":"Point","coordinates":[8.06978614920498,47.24615372208325]},"properties":{"OBJECTID":1002,"UUID":"{CD764CDB-5A68-E611-B7C2-F04DA23F2F2A}","HSTNAME":"Triengen, Grossfeld","VMITTEL":8,"BFS_NR":1104,"GEMEINDE":"Triengen","EINWOHNER":25,"ARBEITSPL":283,"RADIUS":300,"DIDOKNR":82759,"ANGSTUFE":1,"SLOID":"ch:1:sloid:82759","TU":3}},{"type":"Feature","id":1003,"geometry":{"type":"Point","coordinates":[8.0533836520964,46.97872659102805]},"properties":{"OBJECTID":1003,"UUID":"{DF764CDB-5A68-E611-B7C2-F04DA23F2F2A}","HSTNAME":"Hasle LU, Heiligkreuzstrasse","VMITTEL":2,"BFS_NR":1005,"GEMEINDE":"Hasle","EINWOHNER":133,"ARBEITSPL":4,"RADIUS":300,"DIDOKNR":82757,"ANGSTUFE":1,"SLOID":"ch:1:sloid:82757","TU":3}},{"type":"Feature","id":1004,"geometry":{"type":"Point","coordinates":[8.182353090657058,47.25454947716993]},"properties":{"OBJECTID":1004,"UUID":"{0BE8C1D5-5A68-E611-B7C2-F04DA23F2F2A}","HSTNAME":"Reinach AG, Saalbau","VMITTEL":2,"BFS_NR":4141,"GEMEINDE":"Reinach (AG)","EINWOHNER":0,"ARBEITSPL":0,"RADIUS":300,"DIDOKNR":82762,"ANGSTUFE":null,"SLOID":"ch:1:sloid:82762","TU":3}},{"type":"Feature","id":1005,"geometry":{"type":"Point","coordinates":[8.170351158426369,46.85070717009187]},"properties":{"OBJECTID":1005,"UUID":"{FEE8C1D5-5A68-E611-B7C2-F04DA23F2F2A}","HSTNAME":"Grossteil, Zopf","VMITTEL":2,"BFS_NR":1403,"GEMEINDE":"Giswil","EINWOHNER":0,"ARBEITSPL":0,"RADIUS":300,"DIDOKNR":82768,"ANGSTUFE":null,"SLOID":"ch:1:sloid:82768","TU":3}},{"type":"Feature","id":1006,"geometry":{"type":"Point","coordinates":[8.353521076056742,46.96822418122074]},"properties":{"OBJECTID":1006,"UUID":"{AEE8C1D5-5A68-E611-B7C2-F04DA23F2F2A}","HSTNAME":"Stans, Hansmatt","VMITTEL":2,"BFS_NR":1509,"GEMEINDE":"Stans","EINWOHNER":0,"ARBEITSPL":0,"RADIUS":300,"DIDOKNR":82769,"ANGSTUFE":null,"SLOID":"ch:1:sloid:82769","TU":3}},{"type":"Feature","id":1007,"geometry":{"type":"Point","coordinates":[8.090417580059711,47.16153096465577]},"properties":{"OBJECTID":1007,"UUID":"{06E9C1D5-5A68-E611-B7C2-F04DA23F2F2A}","HSTNAME":"Oberkirch LU, CAMPUS Sursee","VMITTEL":8,"BFS_NR":1095,"GEMEINDE":"Oberkirch","EINWOHNER":14,"ARBEITSPL":503,"RADIUS":300,"DIDOKNR":82782,"ANGSTUFE":3,"SLOID":"ch:1:sloid:82782","TU":3}},{"type":"Feature","id":1008,"geometry":{"type":"Point","coordinates":[8.109705364143414,47.174368324369006]},"properties":{"OBJECTID":1008,"UUID":"{D2754CDB-5A68-E611-B7C2-F04DA23F2F2A}","HSTNAME":"Sursee, Rothüsli","VMITTEL":8,"BFS_NR":1103,"GEMEINDE":"Sursee","EINWOHNER":281,"ARBEITSPL":392,"RADIUS":300,"DIDOKNR":83054,"ANGSTUFE":2,"SLOID":"ch:1:sloid:83054","TU":3}},{"type":"Feature","id":1009,"geometry":{"type":"Point","coordinates":[7.968280301791731,46.929280635130596]},"properties":{"OBJECTID":1009,"UUID":"{99764CDB-5A68-E611-B7C2-F04DA23F2F2A}","HSTNAME":"Escholzmatt, Lehn","VMITTEL":2,"BFS_NR":1010,"GEMEINDE":"Escholzmatt-Marbach","EINWOHNER":31,"ARBEITSPL":26,"RADIUS":300,"DIDOKNR":83067,"ANGSTUFE":0,"SLOID":"ch:1:sloid:83067","TU":3}},{"type":"Feature","id":1010,"geometry":{"type":"Point","coordinates":[8.164134145561608,46.792166508993695]},"properties":{"OBJECTID":1010,"UUID":"{61764CDB-5A68-E611-B7C2-F04DA23F2F2A}","HSTNAME":"Lungern, Zihl","VMITTEL":2,"BFS_NR":1405,"GEMEINDE":"Lungern","EINWOHNER":0,"ARBEITSPL":0,"RADIUS":300,"DIDOKNR":83070,"ANGSTUFE":null,"SLOID":"ch:1:sloid:83070","TU":3}},{"type":"Feature","id":1011,"geometry":{"type":"Point","coordinates":[7.9572679144713065,46.925669847769285]},"properties":{"OBJECTID":1011,"UUID":"{C1764CDB-5A68-E611-B7C2-F04DA23F2F2A}","HSTNAME":"Escholzmatt, Feldmoos","VMITTEL":2,"BFS_NR":1010,"GEMEINDE":"Escholzmatt-Marbach","EINWOHNER":30,"ARBEITSPL":4,"RADIUS":300,"DIDOKNR":83068,"ANGSTUFE":0,"SLOID":"ch:1:sloid:83068","TU":3}},{"type":"Feature","id":1012,"geometry":{"type":"Point","coordinates":[8.109810764672748,47.17256445059082]},"properties":{"OBJECTID":1012,"UUID":"{B5764CDB-5A68-E611-B7C2-F04DA23F2F2A}","HSTNAME":"Sursee, Rathaus","VMITTEL":8,"BFS_NR":1103,"GEMEINDE":"Sursee","EINWOHNER":375,"ARBEITSPL":367,"RADIUS":300,"DIDOKNR":83379,"ANGSTUFE":2,"SLOID":"ch:1:sloid:83379","TU":3}},{"type":"Feature","id":1013,"geometry":{"type":"Point","coordinates":[8.399406188572218,47.127441154214]},"properties":{"OBJECTID":1013,"UUID":"{49E8C1D5-5A68-E611-B7C2-F04DA23F2F2A}","HSTNAME":"Gisikon, Weitblick","VMITTEL":2,"BFS_NR":1055,"GEMEINDE":"Gisikon","EINWOHNER":755,"ARBEITSPL":452,"RADIUS":300,"DIDOKNR":83380,"ANGSTUFE":3,"SLOID":"ch:1:sloid:83380","TU":3}},{"type":"Feature","id":1014,"geometry":{"type":"Point","coordinates":[7.986272538477989,47.1165944930251]},"properties":{"OBJECTID":1014,"UUID":"{10E8C1D5-5A68-E611-B7C2-F04DA23F2F2A}","HSTNAME":"Willisau, Geissburg","VMITTEL":2,"BFS_NR":1151,"GEMEINDE":"Willisau","EINWOHNER":688,"ARBEITSPL":28,"RADIUS":300,"DIDOKNR":83234,"ANGSTUFE":2,"SLOID":"ch:1:sloid:83234","TU":3}},{"type":"Feature","id":1015,"geometry":{"type":"Point","coordinates":[7.988342648200382,47.11955502339176]},"properties":{"OBJECTID":1015,"UUID":"{A5E7C1D5-5A68-E611-B7C2-F04DA23F2F2A}","HSTNAME":"Willisau, Zehntenplatz","VMITTEL":2,"BFS_NR":1151,"GEMEINDE":"Willisau","EINWOHNER":250,"ARBEITSPL":275,"RADIUS":300,"DIDOKNR":83235,"ANGSTUFE":2,"SLOID":"ch:1:sloid:83235","TU":3}},{"type":"Feature","id":1016,"geometry":{"type":"Point","coordinates":[7.993748274727488,47.120831335522865]},"properties":{"OBJECTID":1016,"UUID":"{C7784CDB-5A68-E611-B7C2-F04DA23F2F2A}","HSTNAME":"Willisau, Mohrenplatz","VMITTEL":2,"BFS_NR":1151,"GEMEINDE":"Willisau","EINWOHNER":403,"ARBEITSPL":314,"RADIUS":300,"DIDOKNR":83232,"ANGSTUFE":1,"SLOID":"ch:1:sloid:83232","TU":3}},{"type":"Feature","id":1017,"geometry":{"type":"Point","coordinates":[7.990435916293552,47.116538619851774]},"properties":{"OBJECTID":1017,"UUID":"{FA754CDB-5A68-E611-B7C2-F04DA23F2F2A}","HSTNAME":"Willisau, Schlossfeld","VMITTEL":2,"BFS_NR":1151,"GEMEINDE":"Willisau","EINWOHNER":95,"ARBEITSPL":313,"RADIUS":300,"DIDOKNR":83233,"ANGSTUFE":2,"SLOID":"ch:1:sloid:83233","TU":3}},{"type":"Feature","id":1018,"geometry":{"type":"Point","coordinates":[8.037439853097716,46.8193834983512]},"properties":{"OBJECTID":1018,"UUID":"{DA794CDB-5A68-E611-B7C2-F04DA23F2F2A}","HSTNAME":"Sörenberg, Höchistrasse","VMITTEL":2,"BFS_NR":1004,"GEMEINDE":"Flühli","EINWOHNER":74,"ARBEITSPL":6,"RADIUS":300,"DIDOKNR":83236,"ANGSTUFE":1,"SLOID":"ch:1:sloid:83236","TU":3}},{"type":"Feature","id":1019,"geometry":{"type":"Point","coordinates":[8.106938529431135,47.17178059580514]},"properties":{"OBJECTID":1019,"UUID":"{78784CDB-5A68-E611-B7C2-F04DA23F2F2A}","HSTNAME":"Sursee, Post","VMITTEL":8,"BFS_NR":1103,"GEMEINDE":"Sursee","EINWOHNER":925,"ARBEITSPL":1474,"RADIUS":300,"DIDOKNR":83242,"ANGSTUFE":2,"SLOID":"ch:1:sloid:83242","TU":3}},{"type":"Feature","id":1020,"geometry":{"type":"Point","coordinates":[8.284075898876672,46.821604381667974]},"properties":{"OBJECTID":1020,"UUID":"{31E9C1D5-5A68-E611-B7C2-F04DA23F2F2A}","HSTNAME":"Melchtal, Turrenbach","VMITTEL":2,"BFS_NR":1404,"GEMEINDE":"Kerns","EINWOHNER":0,"ARBEITSPL":0,"RADIUS":300,"DIDOKNR":83552,"ANGSTUFE":null,"SLOID":"ch:1:sloid:83552","TU":3}},{"type":"Feature","id":1021,"geometry":{"type":"Point","coordinates":[8.195449992179618,47.13356978374939]},"properties":{"OBJECTID":1021,"UUID":"{F3784CDB-5A68-E611-B7C2-F04DA23F2F2A}","HSTNAME":"Sempach Stadt, Hültschern","VMITTEL":8,"BFS_NR":1102,"GEMEINDE":"Sempach","EINWOHNER":935,"ARBEITSPL":128,"RADIUS":300,"DIDOKNR":83562,"ANGSTUFE":3,"SLOID":"ch:1:sloid:83562","TU":3}},{"type":"Feature","id":1022,"geometry":{"type":"Point","coordinates":[8.363165072867668,46.96736418488146]},"properties":{"OBJECTID":1022,"UUID":"{CD784CDB-5A68-E611-B7C2-F04DA23F2F2A}","HSTNAME":"Stans, Sportanlage Eichli","VMITTEL":2,"BFS_NR":1509,"GEMEINDE":"Stans","EINWOHNER":0,"ARBEITSPL":0,"RADIUS":300,"DIDOKNR":83493,"ANGSTUFE":null,"SLOID":"ch:1:sloid:83493","TU":3}},{"type":"Feature","id":1023,"geometry":{"type":"Point","coordinates":[8.361034399585044,46.96496148526963]},"properties":{"OBJECTID":1023,"UUID":"{54E8C1D5-5A68-E611-B7C2-F04DA23F2F2A}","HSTNAME":"Stans, Spichermatt","VMITTEL":2,"BFS_NR":1509,"GEMEINDE":"Stans","EINWOHNER":0,"ARBEITSPL":0,"RADIUS":300,"DIDOKNR":83494,"ANGSTUFE":null,"SLOID":"ch:1:sloid:83494","TU":3}},{"type":"Feature","id":1024,"geometry":{"type":"Point","coordinates":[8.357985245166692,46.967999559519804]},"properties":{"OBJECTID":1024,"UUID":"{5C774CDB-5A68-E611-B7C2-F04DA23F2F2A}","HSTNAME":"Stans, Oberstmühle","VMITTEL":2,"BFS_NR":1509,"GEMEINDE":"Stans","EINWOHNER":0,"ARBEITSPL":0,"RADIUS":300,"DIDOKNR":83492,"ANGSTUFE":null,"SLOID":"ch:1:sloid:83492","TU":3}},{"type":"Feature","id":1025,"geometry":{"type":"Point","coordinates":[8.176634485643794,47.16092052445318]},"properties":{"OBJECTID":1025,"UUID":"{BDE8C1D5-5A68-E611-B7C2-F04DA23F2F2A}","HSTNAME":"Eich, Vogelsang","VMITTEL":7,"BFS_NR":1084,"GEMEINDE":"Eich","EINWOHNER":46,"ARBEITSPL":63,"RADIUS":300,"DIDOKNR":83508,"ANGSTUFE":1,"SLOID":"ch:1:sloid:83508","TU":3}},{"type":"Feature","id":1026,"geometry":{"type":"Point","coordinates":[8.16729811123977,47.16001752739472]},"properties":{"OBJECTID":1026,"UUID":"{4CE8C1D5-5A68-E611-B7C2-F04DA23F2F2A}","HSTNAME":"Eich, Eichberg","VMITTEL":7,"BFS_NR":1084,"GEMEINDE":"Eich","EINWOHNER":221,"ARBEITSPL":52,"RADIUS":300,"DIDOKNR":83507,"ANGSTUFE":1,"SLOID":"ch:1:sloid:83507","TU":3}},{"type":"Feature","id":1027,"geometry":{"type":"Point","coordinates":[8.165798202423488,47.15542148464038]},"properties":{"OBJECTID":1027,"UUID":"{AC764CDB-5A68-E611-B7C2-F04DA23F2F2A}","HSTNAME":"Eich, Eichhof","VMITTEL":7,"BFS_NR":1084,"GEMEINDE":"Eich","EINWOHNER":482,"ARBEITSPL":102,"RADIUS":300,"DIDOKNR":83509,"ANGSTUFE":1,"SLOID":"ch:1:sloid:83509","TU":3}},{"type":"Feature","id":1028,"geometry":{"type":"Point","coordinates":[8.200038880843977,47.116997183591515]},"properties":{"OBJECTID":1028,"UUID":"{82794CDB-5A68-E611-B7C2-F04DA23F2F2A}","HSTNAME":"Sempach Station, Seefeld","VMITTEL":7,"BFS_NR":1093,"GEMEINDE":"Neuenkirch","EINWOHNER":59,"ARBEITSPL":92,"RADIUS":300,"DIDOKNR":83512,"ANGSTUFE":2,"SLOID":"ch:1:sloid:83512","TU":3}},{"type":"Feature","id":1029,"geometry":{"type":"Point","coordinates":[8.199982086566838,47.116709710151945]},"properties":{"OBJECTID":1029,"UUID":"{F0774CDB-5A68-E611-B7C2-F04DA23F2F2A}","HSTNAME":"Sempach Station, Mettenwilstr.","VMITTEL":8,"BFS_NR":1093,"GEMEINDE":"Neuenkirch","EINWOHNER":213,"ARBEITSPL":280,"RADIUS":300,"DIDOKNR":83513,"ANGSTUFE":3,"SLOID":"ch:1:sloid:83513","TU":3}},{"type":"Feature","id":1030,"geometry":{"type":"Point","coordinates":[8.167292776562379,47.17222398902986]},"properties":{"OBJECTID":1030,"UUID":"{73784CDB-5A68-E611-B7C2-F04DA23F2F2A}","HSTNAME":"Gunzwil, Bäch","VMITTEL":7,"BFS_NR":1081,"GEMEINDE":"Beromünster","EINWOHNER":180,"ARBEITSPL":31,"RADIUS":300,"DIDOKNR":83550,"ANGSTUFE":1,"SLOID":"ch:1:sloid:83550","TU":3}},{"type":"Feature","id":1031,"geometry":{"type":"Point","coordinates":[8.168793430868655,47.165225247219496]},"properties":{"OBJECTID":1031,"UUID":"{047A4CDB-5A68-E611-B7C2-F04DA23F2F2A}","HSTNAME":"Eich, Brand","VMITTEL":7,"BFS_NR":1084,"GEMEINDE":"Eich","EINWOHNER":39,"ARBEITSPL":19,"RADIUS":300,"DIDOKNR":83532,"ANGSTUFE":1,"SLOID":"ch:1:sloid:83532","TU":3}},{"type":"Feature","id":1032,"geometry":{"type":"Point","coordinates":[8.098097719649648,47.160830581741564]},"properties":{"OBJECTID":1032,"UUID":"{72774CDB-5A68-E611-B7C2-F04DA23F2F2A}","HSTNAME":"Oberkirch LU, Terra Alta","VMITTEL":8,"BFS_NR":1095,"GEMEINDE":"Oberkirch","EINWOHNER":21,"ARBEITSPL":67,"RADIUS":300,"DIDOKNR":83706,"ANGSTUFE":2,"SLOID":"ch:1:sloid:83706","TU":3}},{"type":"Feature","id":1033,"geometry":{"type":"Point","coordinates":[8.200730754671582,47.020175210658145]},"properties":{"OBJECTID":1033,"UUID":"{08774CDB-5A68-E611-B7C2-F04DA23F2F2A}","HSTNAME":"Schwarzenberg LU, Ried","VMITTEL":2,"BFS_NR":1066,"GEMEINDE":"Schwarzenberg","EINWOHNER":15,"ARBEITSPL":0,"RADIUS":300,"DIDOKNR":83711,"ANGSTUFE":1,"SLOID":"ch:1:sloid:83711","TU":3}},{"type":"Feature","id":1034,"geometry":{"type":"Point","coordinates":[8.038289330030885,47.07715213307557]},"properties":{"OBJECTID":1034,"UUID":"{924BE88E-588E-E811-8B24-F04DA23FCE90}","HSTNAME":"Menznau, Tanzeren","VMITTEL":2,"BFS_NR":1136,"GEMEINDE":"Menznau","EINWOHNER":5,"ARBEITSPL":0,"RADIUS":300,"DIDOKNR":84720,"ANGSTUFE":1,"SLOID":"ch:1:sloid:84720","TU":3}},{"type":"Feature","id":1035,"geometry":{"type":"Point","coordinates":[8.035426968688684,47.068414680729774]},"properties":{"OBJECTID":1035,"UUID":"{59794CDB-5A68-E611-B7C2-F04DA23F2F2A}","HSTNAME":"Menznau, Obertreien","VMITTEL":2,"BFS_NR":1136,"GEMEINDE":"Menznau","EINWOHNER":7,"ARBEITSPL":4,"RADIUS":300,"DIDOKNR":84721,"ANGSTUFE":1,"SLOID":"ch:1:sloid:84721","TU":3}},{"type":"Feature","id":1036,"geometry":{"type":"Point","coordinates":[8.044442347799599,46.95856146079167]},"properties":{"OBJECTID":1036,"UUID":"{B49CDE5E-EB37-E811-85C0-F04DA23FCE90}","HSTNAME":"Schüpfheim, Biberebrüggli","VMITTEL":2,"BFS_NR":1008,"GEMEINDE":"Schüpfheim","EINWOHNER":27,"ARBEITSPL":5,"RADIUS":300,"DIDOKNR":84988,"ANGSTUFE":1,"SLOID":"ch:1:sloid:84988","TU":3}},{"type":"Feature","id":1037,"geometry":{"type":"Point","coordinates":[8.034193630847748,46.957301805748195]},"properties":{"OBJECTID":1037,"UUID":"{CEEBE67D-27C6-E711-85C0-F04DA23FCE90}","HSTNAME":"Schüpfheim, Schwändi","VMITTEL":2,"BFS_NR":1008,"GEMEINDE":"Schüpfheim","EINWOHNER":105,"ARBEITSPL":5,"RADIUS":300,"DIDOKNR":84989,"ANGSTUFE":1,"SLOID":"ch:1:sloid:84989","TU":3}},{"type":"Feature","id":1038,"geometry":{"type":"Point","coordinates":[8.194692277784037,47.23772052559588]},"properties":{"OBJECTID":1038,"UUID":"{37774CDB-5A68-E611-B7C2-F04DA23F2F2A}","HSTNAME":"Menziken, Altersh. Falkenstein","VMITTEL":2,"BFS_NR":4139,"GEMEINDE":"Menziken","EINWOHNER":0,"ARBEITSPL":0,"RADIUS":300,"DIDOKNR":87007,"ANGSTUFE":null,"SLOID":"ch:1:sloid:87007","TU":3}},{"type":"Feature","id":1039,"geometry":{"type":"Point","coordinates":[8.440159300894095,47.1555913191242]},"properties":{"OBJECTID":1039,"UUID":"{5AE2DB37-5749-ED11-AEC8-00505692A170}","HSTNAME":"Holzhäusern ZG, Kreisel","VMITTEL":2,"BFS_NR":1707,"GEMEINDE":"Risch","EINWOHNER":0,"ARBEITSPL":0,"RADIUS":300,"DIDOKNR":87259,"ANGSTUFE":null,"SLOID":"ch:1:sloid:87259","TU":4}},{"type":"Feature","id":1040,"geometry":{"type":"Point","coordinates":[8.427000902018273,47.17501842090332]},"properties":{"OBJECTID":1040,"UUID":"{98EF6829-6649-ED11-AEC8-00505692A170}","HSTNAME":"Hünenberg, Dorf","VMITTEL":2,"BFS_NR":1703,"GEMEINDE":"Hünenberg","EINWOHNER":0,"ARBEITSPL":0,"RADIUS":300,"DIDOKNR":87260,"ANGSTUFE":null,"SLOID":"ch:1:sloid:87260","TU":4}},{"type":"Feature","id":1041,"geometry":{"type":"Point","coordinates":[8.049161889561324,46.9495589856942]},"properties":{"OBJECTID":1041,"UUID":"{02774CDB-5A68-E611-B7C2-F04DA23F2F2A}","HSTNAME":"Hasle LU, Heiligkreuz Kirche","VMITTEL":2,"BFS_NR":1005,"GEMEINDE":"Hasle","EINWOHNER":61,"ARBEITSPL":20,"RADIUS":300,"DIDOKNR":87025,"ANGSTUFE":1,"SLOID":"ch:1:sloid:87025","TU":3}},{"type":"Feature","id":1042,"geometry":{"type":"Point","coordinates":[8.263595516083845,47.26772321420022]},"properties":{"OBJECTID":1042,"UUID":"{BF774CDB-5A68-E611-B7C2-F04DA23F2F2A}","HSTNAME":"Schongau, Kreuz","VMITTEL":2,"BFS_NR":1041,"GEMEINDE":"Schongau","EINWOHNER":172,"ARBEITSPL":35,"RADIUS":300,"DIDOKNR":87250,"ANGSTUFE":1,"SLOID":"ch:1:sloid:87250","TU":4}},{"type":"Feature","id":1043,"geometry":{"type":"Point","coordinates":[8.052219210783699,46.980343001147666]},"properties":{"OBJECTID":1043,"UUID":"{2B7A4CDB-5A68-E611-B7C2-F04DA23F2F2A}","HSTNAME":"Hasle LU, Schulhaus","VMITTEL":2,"BFS_NR":1005,"GEMEINDE":"Hasle","EINWOHNER":96,"ARBEITSPL":27,"RADIUS":300,"DIDOKNR":87118,"ANGSTUFE":1,"SLOID":"ch:1:sloid:87118","TU":3}},{"type":"Feature","id":1044,"geometry":{"type":"Point","coordinates":[8.28052805009415,47.185816925275155]},"properties":{"OBJECTID":1044,"UUID":"{BF764CDB-5A68-E611-B7C2-F04DA23F2F2A}","HSTNAME":"Baldegg, Bahnhof","VMITTEL":2,"BFS_NR":1031,"GEMEINDE":"Hochdorf","EINWOHNER":458,"ARBEITSPL":305,"RADIUS":300,"DIDOKNR":87100,"ANGSTUFE":1,"SLOID":"ch:1:sloid:87100","TU":4}},{"type":"Feature","id":1045,"geometry":{"type":"Point","coordinates":[8.429447916725866,47.14686846189964]},"properties":{"OBJECTID":1045,"UUID":"{7705AF3D-3A4A-ED11-AEC8-00505692A170}","HSTNAME":"Rotkreuz, Ried","VMITTEL":2,"BFS_NR":1707,"GEMEINDE":"Risch","EINWOHNER":0,"ARBEITSPL":0,"RADIUS":300,"DIDOKNR":87435,"ANGSTUFE":null,"SLOID":"ch:1:sloid:87435","TU":4}},{"type":"Feature","id":1046,"geometry":{"type":"Point","coordinates":[8.451269307472291,47.11200040375341]},"properties":{"OBJECTID":1046,"UUID":"{D1784CDB-5A68-E611-B7C2-F04DA23F2F2A}","HSTNAME":"Küssnacht am Rigi, Fänn Nord","VMITTEL":2,"BFS_NR":1331,"GEMEINDE":"Küssnacht (SZ)","EINWOHNER":0,"ARBEITSPL":69,"RADIUS":300,"DIDOKNR":87519,"ANGSTUFE":null,"SLOID":"ch:1:sloid:87519","TU":4}},{"type":"Feature","id":1047,"geometry":{"type":"Point","coordinates":[8.159671400324207,46.78558285502494]},"properties":{"OBJECTID":1047,"UUID":"{DC784CDB-5A68-E611-B7C2-F04DA23F2F2A}","HSTNAME":"Lungern, Dorfkapelle","VMITTEL":2,"BFS_NR":1405,"GEMEINDE":"Lungern","EINWOHNER":0,"ARBEITSPL":0,"RADIUS":1000,"DIDOKNR":87662,"ANGSTUFE":null,"SLOID":"ch:1:sloid:87662","TU":12}},{"type":"Feature","id":1048,"geometry":{"type":"Point","coordinates":[8.310242320361704,47.170429729177044]},"properties":{"OBJECTID":1048,"UUID":"{1AE8C1D5-5A68-E611-B7C2-F04DA23F2F2A}","HSTNAME":"Hohenrain, Unterebersol","VMITTEL":2,"BFS_NR":1032,"GEMEINDE":"Hohenrain","EINWOHNER":27,"ARBEITSPL":11,"RADIUS":300,"DIDOKNR":87715,"ANGSTUFE":1,"SLOID":"ch:1:sloid:87715","TU":4}},{"type":"Feature","id":1049,"geometry":{"type":"Point","coordinates":[8.294251188649465,47.16936233987675]},"properties":{"OBJECTID":1049,"UUID":"{48784CDB-5A68-E611-B7C2-F04DA23F2F2A}","HSTNAME":"Hochdorf, Oberstufenzentrum","VMITTEL":2,"BFS_NR":1031,"GEMEINDE":"Hochdorf","EINWOHNER":1013,"ARBEITSPL":218,"RADIUS":300,"DIDOKNR":87716,"ANGSTUFE":1,"SLOID":"ch:1:sloid:87716","TU":4}},{"type":"Feature","id":1050,"geometry":{"type":"Point","coordinates":[8.42287529204226,47.133611503027744]},"properties":{"OBJECTID":1050,"UUID":"{9C375494-394A-ED11-AEC8-00505692A170}","HSTNAME":"Rotkreuz, Küntwil","VMITTEL":2,"BFS_NR":1707,"GEMEINDE":"Risch","EINWOHNER":0,"ARBEITSPL":0,"RADIUS":300,"DIDOKNR":87722,"ANGSTUFE":null,"SLOID":"ch:1:sloid:87722","TU":4}},{"type":"Feature","id":1051,"geometry":{"type":"Point","coordinates":[8.091219978916278,47.17001776623962]},"properties":{"OBJECTID":1051,"UUID":"{15794CDB-5A68-E611-B7C2-F04DA23F2F2A}","HSTNAME":"Sursee, Holzacherstrasse","VMITTEL":8,"BFS_NR":1095,"GEMEINDE":"Oberkirch","EINWOHNER":493,"ARBEITSPL":36,"RADIUS":300,"DIDOKNR":87735,"ANGSTUFE":3,"SLOID":"ch:1:sloid:87735","TU":2}},{"type":"Feature","id":1052,"geometry":{"type":"Point","coordinates":[8.034221116565393,47.15428855324906]},"properties":{"OBJECTID":1052,"UUID":"{13E8C1D5-5A68-E611-B7C2-F04DA23F2F2A}","HSTNAME":"Kottwil, Zuswil","VMITTEL":2,"BFS_NR":1128,"GEMEINDE":"Ettiswil","EINWOHNER":76,"ARBEITSPL":71,"RADIUS":300,"DIDOKNR":87736,"ANGSTUFE":3,"SLOID":"ch:1:sloid:87736","TU":2}},{"type":"Feature","id":1053,"geometry":{"type":"Point","coordinates":[8.462330402241017,47.09782421711985]},"properties":{"OBJECTID":1053,"UUID":"{C2754CDB-5A68-E611-B7C2-F04DA23F2F2A}","HSTNAME":"Immensee, Dorf","VMITTEL":2,"BFS_NR":1331,"GEMEINDE":"Küssnacht (SZ)","EINWOHNER":0,"ARBEITSPL":0,"RADIUS":300,"DIDOKNR":87771,"ANGSTUFE":null,"SLOID":"ch:1:sloid:87771","TU":4}},{"type":"Feature","id":1054,"geometry":{"type":"Point","coordinates":[8.443035263331351,47.08396125899461]},"properties":{"OBJECTID":1054,"UUID":"{EBE8C1D5-5A68-E611-B7C2-F04DA23F2F2A}","HSTNAME":"Küssnacht am Rigi, Oberdorf","VMITTEL":2,"BFS_NR":1331,"GEMEINDE":"Küssnacht (SZ)","EINWOHNER":0,"ARBEITSPL":0,"RADIUS":300,"DIDOKNR":87770,"ANGSTUFE":null,"SLOID":"ch:1:sloid:87770","TU":4}},{"type":"Feature","id":1055,"geometry":{"type":"Point","coordinates":[8.458620208968888,47.09322443584478]},"properties":{"OBJECTID":1055,"UUID":"{F2774CDB-5A68-E611-B7C2-F04DA23F2F2A}","HSTNAME":"Immensee, Post","VMITTEL":2,"BFS_NR":1331,"GEMEINDE":"Küssnacht (SZ)","EINWOHNER":0,"ARBEITSPL":0,"RADIUS":300,"DIDOKNR":87769,"ANGSTUFE":null,"SLOID":"ch:1:sloid:87769","TU":4}},{"type":"Feature","id":1056,"geometry":{"type":"Point","coordinates":[8.449670937007182,47.106203293615636]},"properties":{"OBJECTID":1056,"UUID":"{65784CDB-5A68-E611-B7C2-F04DA23F2F2A}","HSTNAME":"Küssnacht am Rigi, Ellbögli","VMITTEL":2,"BFS_NR":1331,"GEMEINDE":"Küssnacht (SZ)","EINWOHNER":0,"ARBEITSPL":0,"RADIUS":300,"DIDOKNR":87583,"ANGSTUFE":null,"SLOID":"ch:1:sloid:87583","TU":4}},{"type":"Feature","id":1057,"geometry":{"type":"Point","coordinates":[8.437552078932661,47.082887925396214]},"properties":{"OBJECTID":1057,"UUID":"{02E8C1D5-5A68-E611-B7C2-F04DA23F2F2A}","HSTNAME":"Küssnacht am Rigi, Plaza","VMITTEL":2,"BFS_NR":1331,"GEMEINDE":"Küssnacht (SZ)","EINWOHNER":0,"ARBEITSPL":0,"RADIUS":300,"DIDOKNR":87582,"ANGSTUFE":null,"SLOID":"ch:1:sloid:87582","TU":7}},{"type":"Feature","id":1058,"geometry":{"type":"Point","coordinates":[8.466001722002197,47.13471857274617]},"properties":{"OBJECTID":1058,"UUID":"{6F48BFCA-FC49-ED11-AEC8-00505692A170}","HSTNAME":"Risch, Dorf","VMITTEL":2,"BFS_NR":1707,"GEMEINDE":"Risch","EINWOHNER":0,"ARBEITSPL":0,"RADIUS":300,"DIDOKNR":87572,"ANGSTUFE":null,"SLOID":"ch:1:sloid:87572","TU":4}},{"type":"Feature","id":1059,"geometry":{"type":"Point","coordinates":[8.444460564007533,47.086224686191045]},"properties":{"OBJECTID":1059,"UUID":"{BE764CDB-5A68-E611-B7C2-F04DA23F2F2A}","HSTNAME":"Küssnacht am Rigi, Ebnet","VMITTEL":2,"BFS_NR":1331,"GEMEINDE":"Küssnacht (SZ)","EINWOHNER":0,"ARBEITSPL":0,"RADIUS":300,"DIDOKNR":87557,"ANGSTUFE":null,"SLOID":"ch:1:sloid:87557","TU":4}},{"type":"Feature","id":1060,"geometry":{"type":"Point","coordinates":[8.456093041864172,47.13980821524872]},"properties":{"OBJECTID":1060,"UUID":"{E20A0CC0-3549-ED11-AEC8-00505692A170}","HSTNAME":"Buonas, Neuhofstrasse","VMITTEL":2,"BFS_NR":1707,"GEMEINDE":"Risch","EINWOHNER":0,"ARBEITSPL":0,"RADIUS":300,"DIDOKNR":87587,"ANGSTUFE":null,"SLOID":"ch:1:sloid:87587","TU":4}},{"type":"Feature","id":1061,"geometry":{"type":"Point","coordinates":[8.463438124003753,47.13163796337331]},"properties":{"OBJECTID":1061,"UUID":"{121FD02F-FE49-ED11-AEC8-00505692A170}","HSTNAME":"Risch, Stotzenacker","VMITTEL":2,"BFS_NR":1707,"GEMEINDE":"Risch","EINWOHNER":0,"ARBEITSPL":0,"RADIUS":300,"DIDOKNR":87585,"ANGSTUFE":null,"SLOID":"ch:1:sloid:87585","TU":4}},{"type":"Feature","id":1062,"geometry":{"type":"Point","coordinates":[8.462573345182095,47.11743258412662]},"properties":{"OBJECTID":1062,"UUID":"{6BB4487B-FC49-ED11-AEC8-00505692A170}","HSTNAME":"Risch, Landhaus","VMITTEL":2,"BFS_NR":1707,"GEMEINDE":"Risch","EINWOHNER":7,"ARBEITSPL":8,"RADIUS":300,"DIDOKNR":87584,"ANGSTUFE":null,"SLOID":"ch:1:sloid:87584","TU":4}},{"type":"Feature","id":1063,"geometry":{"type":"Point","coordinates":[8.435729509976728,47.14078716817108]},"properties":{"OBJECTID":1063,"UUID":"{08BDF6D9-394A-ED11-AEC8-00505692A170}","HSTNAME":"Rotkreuz, Langmatt","VMITTEL":2,"BFS_NR":1707,"GEMEINDE":"Risch","EINWOHNER":0,"ARBEITSPL":0,"RADIUS":300,"DIDOKNR":87590,"ANGSTUFE":null,"SLOID":"ch:1:sloid:87590","TU":4}},{"type":"Feature","id":1064,"geometry":{"type":"Point","coordinates":[8.446278186455551,47.14087514348885]},"properties":{"OBJECTID":1064,"UUID":"{8F2ADF6F-3A4A-ED11-AEC8-00505692A170}","HSTNAME":"Rotkreuz, Rüti","VMITTEL":2,"BFS_NR":1707,"GEMEINDE":"Risch","EINWOHNER":0,"ARBEITSPL":0,"RADIUS":300,"DIDOKNR":87589,"ANGSTUFE":null,"SLOID":"ch:1:sloid:87589","TU":4}},{"type":"Feature","id":1065,"geometry":{"type":"Point","coordinates":[8.45326274106713,47.14072378172456]},"properties":{"OBJECTID":1065,"UUID":"{BC7FFC6D-3F49-ED11-AEC8-00505692A170}","HSTNAME":"Buonas, Schmidhof","VMITTEL":2,"BFS_NR":1707,"GEMEINDE":"Risch","EINWOHNER":0,"ARBEITSPL":0,"RADIUS":300,"DIDOKNR":87588,"ANGSTUFE":null,"SLOID":"ch:1:sloid:87588","TU":4}},{"type":"Feature","id":1066,"geometry":{"type":"Point","coordinates":[8.46424380725603,47.09937240395443]},"properties":{"OBJECTID":1066,"UUID":"{AFE8C1D5-5A68-E611-B7C2-F04DA23F2F2A}","HSTNAME":"Immensee, Sunnehof","VMITTEL":2,"BFS_NR":1331,"GEMEINDE":"Küssnacht (SZ)","EINWOHNER":0,"ARBEITSPL":0,"RADIUS":300,"DIDOKNR":87881,"ANGSTUFE":null,"SLOID":"ch:1:sloid:87881","TU":4}},{"type":"Feature","id":1067,"geometry":{"type":"Point","coordinates":[8.201252341856195,47.0717065901764]},"properties":{"OBJECTID":1067,"UUID":"{F1784CDB-5A68-E611-B7C2-F04DA23F2F2A}","HSTNAME":"Hellbühl, Unter Hellbühl","VMITTEL":2,"BFS_NR":1093,"GEMEINDE":"Neuenkirch","EINWOHNER":361,"ARBEITSPL":107,"RADIUS":300,"DIDOKNR":88185,"ANGSTUFE":3,"SLOID":"ch:1:sloid:88185","TU":2}},{"type":"Feature","id":1068,"geometry":{"type":"Point","coordinates":[8.339010528893493,47.05300330069945]},"properties":{"OBJECTID":1068,"UUID":"{50774CDB-5A68-E611-B7C2-F04DA23F2F2A}","HSTNAME":"Luzern, Brüel","VMITTEL":8,"BFS_NR":1061,"GEMEINDE":"Luzern","EINWOHNER":247,"ARBEITSPL":38,"RADIUS":300,"DIDOKNR":88203,"ANGSTUFE":4,"SLOID":"ch:1:sloid:88203","TU":11}},{"type":"Feature","id":1069,"geometry":{"type":"Point","coordinates":[8.442231521266,47.16061075251902]},"properties":{"OBJECTID":1069,"UUID":"{37432122-6B49-ED11-AEC8-00505692A170}","HSTNAME":"Hünenberg, Seeblick","VMITTEL":2,"BFS_NR":1703,"GEMEINDE":"Hünenberg","EINWOHNER":0,"ARBEITSPL":0,"RADIUS":300,"DIDOKNR":88247,"ANGSTUFE":null,"SLOID":"ch:1:sloid:88247","TU":4}},{"type":"Feature","id":1070,"geometry":{"type":"Point","coordinates":[8.454428006708445,47.09443100951675]},"properties":{"OBJECTID":1070,"UUID":"{59774CDB-5A68-E611-B7C2-F04DA23F2F2A}","HSTNAME":"Immensee, Gymnasium","VMITTEL":2,"BFS_NR":1331,"GEMEINDE":"Küssnacht (SZ)","EINWOHNER":0,"ARBEITSPL":0,"RADIUS":300,"DIDOKNR":88276,"ANGSTUFE":null,"SLOID":"ch:1:sloid:88276","TU":4}},{"type":"Feature","id":1071,"geometry":{"type":"Point","coordinates":[8.299142327022222,47.16756279479561]},"properties":{"OBJECTID":1071,"UUID":"{B2E8C1D5-5A68-E611-B7C2-F04DA23F2F2A}","HSTNAME":"Hochdorf, Rigiring","VMITTEL":2,"BFS_NR":1031,"GEMEINDE":"Hochdorf","EINWOHNER":1353,"ARBEITSPL":69,"RADIUS":300,"DIDOKNR":88077,"ANGSTUFE":1,"SLOID":"ch:1:sloid:88077","TU":4}},{"type":"Feature","id":1072,"geometry":{"type":"Point","coordinates":[8.072781153683534,47.06320427035949]},"properties":{"OBJECTID":1072,"UUID":"{47E8C1D5-5A68-E611-B7C2-F04DA23F2F2A}","HSTNAME":"Wolhusen, Berghofstrasse","VMITTEL":2,"BFS_NR":1107,"GEMEINDE":"Wolhusen","EINWOHNER":517,"ARBEITSPL":75,"RADIUS":300,"DIDOKNR":88143,"ANGSTUFE":2,"SLOID":"ch:1:sloid:88143","TU":2}},{"type":"Feature","id":1073,"geometry":{"type":"Point","coordinates":[8.073259060722815,47.05909079089989]},"properties":{"OBJECTID":1073,"UUID":"{157A4CDB-5A68-E611-B7C2-F04DA23F2F2A}","HSTNAME":"Wolhusen, Kreisel","VMITTEL":2,"BFS_NR":1107,"GEMEINDE":"Wolhusen","EINWOHNER":787,"ARBEITSPL":634,"RADIUS":300,"DIDOKNR":88142,"ANGSTUFE":2,"SLOID":"ch:1:sloid:88142","TU":2}},{"type":"Feature","id":1074,"geometry":{"type":"Point","coordinates":[8.070323142568649,47.06686988695832]},"properties":{"OBJECTID":1074,"UUID":"{BC784CDB-5A68-E611-B7C2-F04DA23F2F2A}","HSTNAME":"Wolhusen, Ankenberg","VMITTEL":2,"BFS_NR":1107,"GEMEINDE":"Wolhusen","EINWOHNER":373,"ARBEITSPL":33,"RADIUS":300,"DIDOKNR":88145,"ANGSTUFE":2,"SLOID":"ch:1:sloid:88145","TU":2}},{"type":"Feature","id":1075,"geometry":{"type":"Point","coordinates":[8.070736892512455,47.06511353532667]},"properties":{"OBJECTID":1075,"UUID":"{3E774CDB-5A68-E611-B7C2-F04DA23F2F2A}","HSTNAME":"Wolhusen Weid, Bahnhof","VMITTEL":2,"BFS_NR":1107,"GEMEINDE":"Wolhusen","EINWOHNER":301,"ARBEITSPL":108,"RADIUS":300,"DIDOKNR":88144,"ANGSTUFE":2,"SLOID":"ch:1:sloid:88144","TU":2}},{"type":"Feature","id":1076,"geometry":{"type":"Point","coordinates":[8.313553382730621,47.024381180494565]},"properties":{"OBJECTID":1076,"UUID":"{ED754CDB-5A68-E611-B7C2-F04DA23F2F2A}","HSTNAME":"Horw, Hofrüti","VMITTEL":2,"BFS_NR":1058,"GEMEINDE":"Horw","EINWOHNER":488,"ARBEITSPL":56,"RADIUS":300,"DIDOKNR":88417,"ANGSTUFE":3,"SLOID":"ch:1:sloid:88417","TU":11}},{"type":"Feature","id":1077,"geometry":{"type":"Point","coordinates":[8.11382123461096,47.16841224545899]},"properties":{"OBJECTID":1077,"UUID":"{D8764CDB-5A68-E611-B7C2-F04DA23F2F2A}","HSTNAME":"Sursee, Spital Fussweg","VMITTEL":2,"BFS_NR":1103,"GEMEINDE":"Sursee","EINWOHNER":718,"ARBEITSPL":96,"RADIUS":300,"DIDOKNR":88511,"ANGSTUFE":3,"SLOID":"ch:1:sloid:88511","TU":2}},{"type":"Feature","id":1078,"geometry":{"type":"Point","coordinates":[8.023814522221851,47.15164340857846]},"properties":{"OBJECTID":1078,"UUID":"{FE784CDB-5A68-E611-B7C2-F04DA23F2F2A}","HSTNAME":"Ettiswil, Surseestrasse","VMITTEL":2,"BFS_NR":1128,"GEMEINDE":"Ettiswil","EINWOHNER":564,"ARBEITSPL":165,"RADIUS":300,"DIDOKNR":88510,"ANGSTUFE":3,"SLOID":"ch:1:sloid:88510","TU":2}},{"type":"Feature","id":1079,"geometry":{"type":"Point","coordinates":[8.025290062504986,47.143099585576856]},"properties":{"OBJECTID":1079,"UUID":"{247A4CDB-5A68-E611-B7C2-F04DA23F2F2A}","HSTNAME":"Ettiswil, Schloss Wyher","VMITTEL":2,"BFS_NR":1128,"GEMEINDE":"Ettiswil","EINWOHNER":5,"ARBEITSPL":5,"RADIUS":300,"DIDOKNR":88509,"ANGSTUFE":3,"SLOID":"ch:1:sloid:88509","TU":2}},{"type":"Feature","id":1080,"geometry":{"type":"Point","coordinates":[8.302947516381874,47.07902619286982]},"properties":{"OBJECTID":1080,"UUID":"{73774CDB-5A68-E611-B7C2-F04DA23F2F2A}","HSTNAME":"Emmen, Kirche","VMITTEL":2,"BFS_NR":1024,"GEMEINDE":"Emmen","EINWOHNER":259,"ARBEITSPL":77,"RADIUS":300,"DIDOKNR":88526,"ANGSTUFE":4,"SLOID":"ch:1:sloid:88526","TU":1}},{"type":"Feature","id":1081,"geometry":{"type":"Point","coordinates":[8.428149680135874,47.16936838955198]},"properties":{"OBJECTID":1081,"UUID":"{1BA21B7F-6649-ED11-AEC8-00505692A170}","HSTNAME":"Hünenberg, Ehret","VMITTEL":2,"BFS_NR":1703,"GEMEINDE":"Hünenberg","EINWOHNER":0,"ARBEITSPL":0,"RADIUS":300,"DIDOKNR":88690,"ANGSTUFE":null,"SLOID":"ch:1:sloid:88690","TU":4}},{"type":"Feature","id":1082,"geometry":{"type":"Point","coordinates":[8.438707229466997,47.154101698730145]},"properties":{"OBJECTID":1082,"UUID":"{AB6F3964-6149-ED11-AEC8-00505692A170}","HSTNAME":"Holzhäusern ZG, St. Wendelin","VMITTEL":2,"BFS_NR":1707,"GEMEINDE":"Risch","EINWOHNER":0,"ARBEITSPL":0,"RADIUS":300,"DIDOKNR":88708,"ANGSTUFE":null,"SLOID":"ch:1:sloid:88708","TU":4}},{"type":"Feature","id":1083,"geometry":{"type":"Point","coordinates":[8.275227066956113,47.26798302878608]},"properties":{"OBJECTID":1083,"UUID":"{98E7C1D5-5A68-E611-B7C2-F04DA23F2F2A}","HSTNAME":"Schongau, Erlebnispark","VMITTEL":2,"BFS_NR":1041,"GEMEINDE":"Schongau","EINWOHNER":31,"ARBEITSPL":84,"RADIUS":300,"DIDOKNR":88727,"ANGSTUFE":1,"SLOID":"ch:1:sloid:88727","TU":4}},{"type":"Feature","id":1084,"geometry":{"type":"Point","coordinates":[8.303340258828282,47.01835956158077]},"properties":{"OBJECTID":1084,"UUID":"{317A4CDB-5A68-E611-B7C2-F04DA23F2F2A}","HSTNAME":"Horw, Steinibach","VMITTEL":2,"BFS_NR":1059,"GEMEINDE":"Kriens","EINWOHNER":446,"ARBEITSPL":203,"RADIUS":300,"DIDOKNR":88747,"ANGSTUFE":5,"SLOID":"ch:1:sloid:88747","TU":11}},{"type":"Feature","id":1085,"geometry":{"type":"Point","coordinates":[8.311491917624641,47.01922959807957]},"properties":{"OBJECTID":1085,"UUID":"{67774CDB-5A68-E611-B7C2-F04DA23F2F2A}","HSTNAME":"Horw, Zentrum","VMITTEL":8,"BFS_NR":1058,"GEMEINDE":"Horw","EINWOHNER":835,"ARBEITSPL":390,"RADIUS":300,"DIDOKNR":88748,"ANGSTUFE":5,"SLOID":"ch:1:sloid:88748","TU":11}},{"type":"Feature","id":1086,"geometry":{"type":"Point","coordinates":[8.430542233464722,47.14259514780445]},"properties":{"OBJECTID":1086,"UUID":"{F1764CDB-5A68-E611-B7C2-F04DA23F2F2A}","HSTNAME":"Rotkreuz, Bahnhof Nord","VMITTEL":2,"BFS_NR":1707,"GEMEINDE":"Risch","EINWOHNER":0,"ARBEITSPL":0,"RADIUS":300,"DIDOKNR":88626,"ANGSTUFE":null,"SLOID":"ch:1:sloid:88626","TU":4}},{"type":"Feature","id":1087,"geometry":{"type":"Point","coordinates":[8.426685138808617,47.140055623941784]},"properties":{"OBJECTID":1087,"UUID":"{302B910F-3A4A-ED11-AEC8-00505692A170}","HSTNAME":"Rotkreuz, Lindenplatz","VMITTEL":2,"BFS_NR":1707,"GEMEINDE":"Risch","EINWOHNER":0,"ARBEITSPL":0,"RADIUS":300,"DIDOKNR":88644,"ANGSTUFE":null,"SLOID":"ch:1:sloid:88644","TU":4}},{"type":"Feature","id":1088,"geometry":{"type":"Point","coordinates":[8.277826818729245,47.18016064586994]},"properties":{"OBJECTID":1088,"UUID":"{A7774CDB-5A68-E611-B7C2-F04DA23F2F2A}","HSTNAME":"Baldegg, Kantonsschule","VMITTEL":2,"BFS_NR":1031,"GEMEINDE":"Hochdorf","EINWOHNER":36,"ARBEITSPL":169,"RADIUS":300,"DIDOKNR":88979,"ANGSTUFE":0,"SLOID":"ch:1:sloid:88979","TU":4}},{"type":"Feature","id":1089,"geometry":{"type":"Point","coordinates":[8.309477085024131,47.086103627323084]},"properties":{"OBJECTID":1089,"UUID":"{E9764CDB-5A68-E611-B7C2-F04DA23F2F2A}","HSTNAME":"Emmen, Flugzeugwerke","VMITTEL":2,"BFS_NR":1024,"GEMEINDE":"Emmen","EINWOHNER":11,"ARBEITSPL":584,"RADIUS":300,"DIDOKNR":88982,"ANGSTUFE":4,"SLOID":"ch:1:sloid:88982","TU":1}},{"type":"Feature","id":1090,"geometry":{"type":"Point","coordinates":[8.306271006826952,47.080865527858315]},"properties":{"OBJECTID":1090,"UUID":"{DE774CDB-5A68-E611-B7C2-F04DA23F2F2A}","HSTNAME":"Emmen, Unterspitalhof","VMITTEL":2,"BFS_NR":1024,"GEMEINDE":"Emmen","EINWOHNER":740,"ARBEITSPL":515,"RADIUS":300,"DIDOKNR":88981,"ANGSTUFE":4,"SLOID":"ch:1:sloid:88981","TU":1}},{"type":"Feature","id":1091,"geometry":{"type":"Point","coordinates":[8.308838661063051,47.08328388909866]},"properties":{"OBJECTID":1091,"UUID":"{13774CDB-5A68-E611-B7C2-F04DA23F2F2A}","HSTNAME":"Emmen, Allmendli","VMITTEL":2,"BFS_NR":1024,"GEMEINDE":"Emmen","EINWOHNER":488,"ARBEITSPL":366,"RADIUS":300,"DIDOKNR":88980,"ANGSTUFE":4,"SLOID":"ch:1:sloid:88980","TU":1}},{"type":"Feature","id":1092,"geometry":{"type":"Point","coordinates":[8.12318614411496,47.08278564842591]},"properties":{"OBJECTID":1092,"UUID":"{6CE8C1D5-5A68-E611-B7C2-F04DA23F2F2A}","HSTNAME":"Ruswil, Rebstockstrasse","VMITTEL":2,"BFS_NR":1098,"GEMEINDE":"Ruswil","EINWOHNER":654,"ARBEITSPL":264,"RADIUS":300,"DIDOKNR":88803,"ANGSTUFE":1,"SLOID":"ch:1:sloid:88803","TU":2}},{"type":"Feature","id":1093,"geometry":{"type":"Point","coordinates":[8.440938727402482,47.032833614328446]},"properties":{"OBJECTID":1093,"UUID":"{ECE7C1D5-5A68-E611-B7C2-F04DA23F2F2A}","HSTNAME":"Weggis, Seilbahn","VMITTEL":2,"BFS_NR":1069,"GEMEINDE":"Weggis","EINWOHNER":95,"ARBEITSPL":28,"RADIUS":300,"DIDOKNR":88807,"ANGSTUFE":3,"SLOID":"ch:1:sloid:88807","TU":7}},{"type":"Feature","id":1094,"geometry":{"type":"Point","coordinates":[8.267856097218415,47.1003364164811]},"properties":{"OBJECTID":1094,"UUID":"{3F7A4CDB-5A68-E611-B7C2-F04DA23F2F2A}","HSTNAME":"Rothenburg, Lindau","VMITTEL":2,"BFS_NR":1040,"GEMEINDE":"Rothenburg","EINWOHNER":648,"ARBEITSPL":238,"RADIUS":300,"DIDOKNR":88837,"ANGSTUFE":5,"SLOID":"ch:1:sloid:88837","TU":1}},{"type":"Feature","id":1095,"geometry":{"type":"Point","coordinates":[8.46167215485217,47.12544671577625]},"properties":{"OBJECTID":1095,"UUID":"{757ECDB2-FD49-ED11-AEC8-00505692A170}","HSTNAME":"Risch, Eichengrundweg","VMITTEL":2,"BFS_NR":1707,"GEMEINDE":"Risch","EINWOHNER":0,"ARBEITSPL":0,"RADIUS":300,"DIDOKNR":88880,"ANGSTUFE":null,"SLOID":"ch:1:sloid:88880","TU":4}},{"type":"Feature","id":1096,"geometry":{"type":"Point","coordinates":[7.97139242031396,47.24357402657418]},"properties":{"OBJECTID":1096,"UUID":"{19774CDB-5A68-E611-B7C2-F04DA23F2F2A}","HSTNAME":"Reiden, Kirche","VMITTEL":2,"BFS_NR":1140,"GEMEINDE":"Reiden","EINWOHNER":511,"ARBEITSPL":351,"RADIUS":300,"DIDOKNR":89208,"ANGSTUFE":3,"SLOID":"ch:1:sloid:89208","TU":9}},{"type":"Feature","id":1097,"geometry":{"type":"Point","coordinates":[8.289046899503912,47.165586906698785]},"properties":{"OBJECTID":1097,"UUID":"{BB774CDB-5A68-E611-B7C2-F04DA23F2F2A}","HSTNAME":"Hochdorf, Sempachstrasse","VMITTEL":2,"BFS_NR":1031,"GEMEINDE":"Hochdorf","EINWOHNER":666,"ARBEITSPL":352,"RADIUS":300,"DIDOKNR":89232,"ANGSTUFE":2,"SLOID":"ch:1:sloid:89232","TU":4}},{"type":"Feature","id":1098,"geometry":{"type":"Point","coordinates":[8.442476153375873,47.1806865712219]},"properties":{"OBJECTID":1098,"UUID":"{69D58B18-6849-ED11-AEC8-00505692A170}","HSTNAME":"Hünenberg, Huob","VMITTEL":2,"BFS_NR":1702,"GEMEINDE":"Cham","EINWOHNER":0,"ARBEITSPL":0,"RADIUS":300,"DIDOKNR":89237,"ANGSTUFE":null,"SLOID":"ch:1:sloid:89237","TU":4}},{"type":"Feature","id":1099,"geometry":{"type":"Point","coordinates":[8.315861062576658,47.055079384263145]},"properties":{"OBJECTID":1099,"UUID":"{EF774CDB-5A68-E611-B7C2-F04DA23F2F2A}","HSTNAME":"Luzern, Haldensteig","VMITTEL":3,"BFS_NR":1061,"GEMEINDE":"Luzern","EINWOHNER":106,"ARBEITSPL":1197,"RADIUS":300,"DIDOKNR":89241,"ANGSTUFE":4,"SLOID":"ch:1:sloid:89241","TU":11}},{"type":"Feature","id":1100,"geometry":{"type":"Point","coordinates":[8.434363157019787,47.14529677665596]},"properties":{"OBJECTID":1100,"UUID":"{F462B2AC-7363-EA11-A2BE-662325A903D8}","HSTNAME":"Rotkreuz, Birkenstrasse","VMITTEL":2,"BFS_NR":1707,"GEMEINDE":"Risch","EINWOHNER":0,"ARBEITSPL":0,"RADIUS":300,"DIDOKNR":89203,"ANGSTUFE":null,"SLOID":"ch:1:sloid:89203","TU":4}},{"type":"Feature","id":1101,"geometry":{"type":"Point","coordinates":[7.942653230891113,47.278854623150444]},"properties":{"OBJECTID":1101,"UUID":"{A4774CDB-5A68-E611-B7C2-F04DA23F2F2A}","HSTNAME":"Zofingen, Schwimmbad","VMITTEL":2,"BFS_NR":4289,"GEMEINDE":"Zofingen","EINWOHNER":0,"ARBEITSPL":0,"RADIUS":300,"DIDOKNR":89206,"ANGSTUFE":null,"SLOID":"ch:1:sloid:89206","TU":9}},{"type":"Feature","id":1102,"geometry":{"type":"Point","coordinates":[8.343796200770834,47.121856379022724]},"properties":{"OBJECTID":1102,"UUID":"{FA794CDB-5A68-E611-B7C2-F04DA23F2F2A}","HSTNAME":"Inwil, Oberhofen","VMITTEL":2,"BFS_NR":1033,"GEMEINDE":"Inwil","EINWOHNER":451,"ARBEITSPL":296,"RADIUS":300,"DIDOKNR":89225,"ANGSTUFE":2,"SLOID":"ch:1:sloid:89225","TU":2}},{"type":"Feature","id":1103,"geometry":{"type":"Point","coordinates":[7.943298432508006,47.27629839647094]},"properties":{"OBJECTID":1103,"UUID":"{5F784CDB-5A68-E611-B7C2-F04DA23F2F2A}","HSTNAME":"Zofingen, Eisengrube","VMITTEL":2,"BFS_NR":4289,"GEMEINDE":"Zofingen","EINWOHNER":0,"ARBEITSPL":0,"RADIUS":300,"DIDOKNR":89205,"ANGSTUFE":null,"SLOID":"ch:1:sloid:89205","TU":9}},{"type":"Feature","id":1104,"geometry":{"type":"Point","coordinates":[8.320187186887965,47.10850581198689]},"properties":{"OBJECTID":1104,"UUID":"{B7E7C1D5-5A68-E611-B7C2-F04DA23F2F2A}","HSTNAME":"Waldibrücke, Bahnhof","VMITTEL":2,"BFS_NR":1024,"GEMEINDE":"Emmen","EINWOHNER":260,"ARBEITSPL":180,"RADIUS":300,"DIDOKNR":89224,"ANGSTUFE":4,"SLOID":"ch:1:sloid:89224","TU":1}},{"type":"Feature","id":1105,"geometry":{"type":"Point","coordinates":[8.260818640568024,47.2676081214397]},"properties":{"OBJECTID":1105,"UUID":"{84E8C1D5-5A68-E611-B7C2-F04DA23F2F2A}","HSTNAME":"Schongau, Landi","VMITTEL":2,"BFS_NR":1041,"GEMEINDE":"Schongau","EINWOHNER":23,"ARBEITSPL":18,"RADIUS":300,"DIDOKNR":89230,"ANGSTUFE":2,"SLOID":"ch:1:sloid:89230","TU":4}},{"type":"Feature","id":1106,"geometry":{"type":"Point","coordinates":[8.276016600996535,47.029091699231]},"properties":{"OBJECTID":1106,"UUID":"{F7764CDB-5A68-E611-B7C2-F04DA23F2F2A}","HSTNAME":"Kriens, Bachstrasse","VMITTEL":2,"BFS_NR":1059,"GEMEINDE":"Kriens","EINWOHNER":646,"ARBEITSPL":37,"RADIUS":300,"DIDOKNR":89698,"ANGSTUFE":1,"SLOID":"ch:1:sloid:89698","TU":11}},{"type":"Feature","id":1107,"geometry":{"type":"Point","coordinates":[8.270526588117958,47.033894540155146]},"properties":{"OBJECTID":1107,"UUID":"{24784CDB-5A68-E611-B7C2-F04DA23F2F2A}","HSTNAME":"Kriens, Pulvermühle","VMITTEL":3,"BFS_NR":1059,"GEMEINDE":"Kriens","EINWOHNER":960,"ARBEITSPL":87,"RADIUS":300,"DIDOKNR":89697,"ANGSTUFE":5,"SLOID":"ch:1:sloid:89697","TU":11}},{"type":"Feature","id":1108,"geometry":{"type":"Point","coordinates":[8.308577746679346,47.012196975774614]},"properties":{"OBJECTID":1108,"UUID":"{FD774CDB-5A68-E611-B7C2-F04DA23F2F2A}","HSTNAME":"Horw, Seefeld","VMITTEL":8,"BFS_NR":1058,"GEMEINDE":"Horw","EINWOHNER":225,"ARBEITSPL":197,"RADIUS":300,"DIDOKNR":89696,"ANGSTUFE":4,"SLOID":"ch:1:sloid:89696","TU":11}},{"type":"Feature","id":1109,"geometry":{"type":"Point","coordinates":[8.269967489917283,47.03772169178106]},"properties":{"OBJECTID":1109,"UUID":"{F1E8C1D5-5A68-E611-B7C2-F04DA23F2F2A}","HSTNAME":"Kriens, Ehrendingen","VMITTEL":2,"BFS_NR":1059,"GEMEINDE":"Kriens","EINWOHNER":470,"ARBEITSPL":20,"RADIUS":300,"DIDOKNR":89703,"ANGSTUFE":2,"SLOID":"ch:1:sloid:89703","TU":11}},{"type":"Feature","id":1110,"geometry":{"type":"Point","coordinates":[8.300101289924461,47.02082860304615]},"properties":{"OBJECTID":1110,"UUID":"{45E8C1D5-5A68-E611-B7C2-F04DA23F2F2A}","HSTNAME":"Kriens, Dattenmatt","VMITTEL":2,"BFS_NR":1059,"GEMEINDE":"Kriens","EINWOHNER":505,"ARBEITSPL":221,"RADIUS":300,"DIDOKNR":89702,"ANGSTUFE":3,"SLOID":"ch:1:sloid:89702","TU":11}},{"type":"Feature","id":1111,"geometry":{"type":"Point","coordinates":[8.287786412597988,47.03966131914645]},"properties":{"OBJECTID":1111,"UUID":"{21774CDB-5A68-E611-B7C2-F04DA23F2F2A}","HSTNAME":"Kriens, Dattenbergrain","VMITTEL":2,"BFS_NR":1059,"GEMEINDE":"Kriens","EINWOHNER":496,"ARBEITSPL":39,"RADIUS":300,"DIDOKNR":89701,"ANGSTUFE":2,"SLOID":"ch:1:sloid:89701","TU":11}},{"type":"Feature","id":1112,"geometry":{"type":"Point","coordinates":[8.293315657132505,47.04138236050237]},"properties":{"OBJECTID":1112,"UUID":"{FA774CDB-5A68-E611-B7C2-F04DA23F2F2A}","HSTNAME":"Kriens, Dattenberg","VMITTEL":8,"BFS_NR":1059,"GEMEINDE":"Kriens","EINWOHNER":256,"ARBEITSPL":25,"RADIUS":300,"DIDOKNR":89700,"ANGSTUFE":3,"SLOID":"ch:1:sloid:89700","TU":11}},{"type":"Feature","id":1113,"geometry":{"type":"Point","coordinates":[8.284176320064274,47.02891262357051]},"properties":{"OBJECTID":1113,"UUID":"{ED774CDB-5A68-E611-B7C2-F04DA23F2F2A}","HSTNAME":"Kriens, Himmelrichstrasse","VMITTEL":2,"BFS_NR":1059,"GEMEINDE":"Kriens","EINWOHNER":144,"ARBEITSPL":45,"RADIUS":300,"DIDOKNR":89714,"ANGSTUFE":2,"SLOID":"ch:1:sloid:89714","TU":11}},{"type":"Feature","id":1114,"geometry":{"type":"Point","coordinates":[8.286501378226328,47.025199966494455]},"properties":{"OBJECTID":1114,"UUID":"{C2784CDB-5A68-E611-B7C2-F04DA23F2F2A}","HSTNAME":"Kriens, Guetrüti","VMITTEL":2,"BFS_NR":1059,"GEMEINDE":"Kriens","EINWOHNER":534,"ARBEITSPL":63,"RADIUS":300,"DIDOKNR":89713,"ANGSTUFE":2,"SLOID":"ch:1:sloid:89713","TU":11}},{"type":"Feature","id":1115,"geometry":{"type":"Point","coordinates":[8.28051697465968,47.040865222454585]},"properties":{"OBJECTID":1115,"UUID":"{23E8C1D5-5A68-E611-B7C2-F04DA23F2F2A}","HSTNAME":"Kriens, Gabeldingen Schulhaus","VMITTEL":2,"BFS_NR":1059,"GEMEINDE":"Kriens","EINWOHNER":112,"ARBEITSPL":19,"RADIUS":300,"DIDOKNR":89707,"ANGSTUFE":2,"SLOID":"ch:1:sloid:89707","TU":11}},{"type":"Feature","id":1116,"geometry":{"type":"Point","coordinates":[8.277299124217084,47.040412008652154]},"properties":{"OBJECTID":1116,"UUID":"{EFE7C1D5-5A68-E611-B7C2-F04DA23F2F2A}","HSTNAME":"Kriens, Gabeldingen","VMITTEL":2,"BFS_NR":1059,"GEMEINDE":"Kriens","EINWOHNER":104,"ARBEITSPL":3,"RADIUS":300,"DIDOKNR":89706,"ANGSTUFE":2,"SLOID":"ch:1:sloid:89706","TU":11}},{"type":"Feature","id":1117,"geometry":{"type":"Point","coordinates":[8.298093676915817,47.038948585724334]},"properties":{"OBJECTID":1117,"UUID":"{55764CDB-5A68-E611-B7C2-F04DA23F2F2A}","HSTNAME":"Kriens, Grosshofstrasse","VMITTEL":3,"BFS_NR":1059,"GEMEINDE":"Kriens","EINWOHNER":202,"ARBEITSPL":788,"RADIUS":300,"DIDOKNR":89712,"ANGSTUFE":5,"SLOID":"ch:1:sloid:89712","TU":11}},{"type":"Feature","id":1118,"geometry":{"type":"Point","coordinates":[8.28341278382757,47.03083605507445]},"properties":{"OBJECTID":1118,"UUID":"{28784CDB-5A68-E611-B7C2-F04DA23F2F2A}","HSTNAME":"Kriens, Friedhofstrasse","VMITTEL":2,"BFS_NR":1059,"GEMEINDE":"Kriens","EINWOHNER":229,"ARBEITSPL":19,"RADIUS":300,"DIDOKNR":89705,"ANGSTUFE":2,"SLOID":"ch:1:sloid:89705","TU":11}},{"type":"Feature","id":1119,"geometry":{"type":"Point","coordinates":[8.273886024250308,47.029948089967604]},"properties":{"OBJECTID":1119,"UUID":"{18E9C1D5-5A68-E611-B7C2-F04DA23F2F2A}","HSTNAME":"Kriens, Klösterli","VMITTEL":2,"BFS_NR":1059,"GEMEINDE":"Kriens","EINWOHNER":654,"ARBEITSPL":40,"RADIUS":300,"DIDOKNR":89719,"ANGSTUFE":1,"SLOID":"ch:1:sloid:89719","TU":11}},{"type":"Feature","id":1120,"geometry":{"type":"Point","coordinates":[8.266649348620795,47.03508219078017]},"properties":{"OBJECTID":1120,"UUID":"{07784CDB-5A68-E611-B7C2-F04DA23F2F2A}","HSTNAME":"Kriens, Eichenspes","VMITTEL":2,"BFS_NR":1059,"GEMEINDE":"Kriens","EINWOHNER":845,"ARBEITSPL":154,"RADIUS":300,"DIDOKNR":89704,"ANGSTUFE":2,"SLOID":"ch:1:sloid:89704","TU":11}},{"type":"Feature","id":1121,"geometry":{"type":"Point","coordinates":[8.277472168843465,47.0312297001454]},"properties":{"OBJECTID":1121,"UUID":"{06774CDB-5A68-E611-B7C2-F04DA23F2F2A}","HSTNAME":"Kriens, Kirchbühl","VMITTEL":2,"BFS_NR":1059,"GEMEINDE":"Kriens","EINWOHNER":258,"ARBEITSPL":57,"RADIUS":300,"DIDOKNR":89718,"ANGSTUFE":1,"SLOID":"ch:1:sloid:89718","TU":11}},{"type":"Feature","id":1122,"geometry":{"type":"Point","coordinates":[8.283643465339747,47.03300713284109]},"properties":{"OBJECTID":1122,"UUID":"{F2764CDB-5A68-E611-B7C2-F04DA23F2F2A}","HSTNAME":"Kriens, Grossfeldstrasse","VMITTEL":2,"BFS_NR":1059,"GEMEINDE":"Kriens","EINWOHNER":339,"ARBEITSPL":189,"RADIUS":300,"DIDOKNR":89711,"ANGSTUFE":3,"SLOID":"ch:1:sloid:89711","TU":11}},{"type":"Feature","id":1123,"geometry":{"type":"Point","coordinates":[8.272430444510226,47.03110110597218]},"properties":{"OBJECTID":1123,"UUID":"{D9794CDB-5A68-E611-B7C2-F04DA23F2F2A}","HSTNAME":"Kriens, Josef Schryberstrasse","VMITTEL":2,"BFS_NR":1059,"GEMEINDE":"Kriens","EINWOHNER":669,"ARBEITSPL":24,"RADIUS":300,"DIDOKNR":89717,"ANGSTUFE":1,"SLOID":"ch:1:sloid:89717","TU":11}},{"type":"Feature","id":1124,"geometry":{"type":"Point","coordinates":[8.296015233141706,47.02444967580025]},"properties":{"OBJECTID":1124,"UUID":"{B0784CDB-5A68-E611-B7C2-F04DA23F2F2A}","HSTNAME":"Kriens, Grabenhof","VMITTEL":2,"BFS_NR":1059,"GEMEINDE":"Kriens","EINWOHNER":939,"ARBEITSPL":942,"RADIUS":300,"DIDOKNR":89710,"ANGSTUFE":4,"SLOID":"ch:1:sloid:89710","TU":11}},{"type":"Feature","id":1125,"geometry":{"type":"Point","coordinates":[8.279505605548676,47.0351064920444]},"properties":{"OBJECTID":1125,"UUID":"{EE774CDB-5A68-E611-B7C2-F04DA23F2F2A}","HSTNAME":"Kriens, Gemeindehaus","VMITTEL":2,"BFS_NR":1059,"GEMEINDE":"Kriens","EINWOHNER":1043,"ARBEITSPL":301,"RADIUS":300,"DIDOKNR":89709,"ANGSTUFE":2,"SLOID":"ch:1:sloid:89709","TU":11}},{"type":"Feature","id":1126,"geometry":{"type":"Point","coordinates":[8.292337380672768,47.03696382568064]},"properties":{"OBJECTID":1126,"UUID":"{96794CDB-5A68-E611-B7C2-F04DA23F2F2A}","HSTNAME":"Kriens, Kupferhammer","VMITTEL":3,"BFS_NR":1059,"GEMEINDE":"Kriens","EINWOHNER":822,"ARBEITSPL":499,"RADIUS":300,"DIDOKNR":89723,"ANGSTUFE":5,"SLOID":"ch:1:sloid:89723","TU":11}},{"type":"Feature","id":1127,"geometry":{"type":"Point","coordinates":[8.282526709201262,47.03406333307436]},"properties":{"OBJECTID":1127,"UUID":"{AB754CDB-5A68-E611-B7C2-F04DA23F2F2A}","HSTNAME":"Kriens, Hofmatt-Bellpark","VMITTEL":3,"BFS_NR":1059,"GEMEINDE":"Kriens","EINWOHNER":474,"ARBEITSPL":457,"RADIUS":300,"DIDOKNR":89715,"ANGSTUFE":5,"SLOID":"ch:1:sloid:89715","TU":11}},{"type":"Feature","id":1128,"geometry":{"type":"Point","coordinates":[8.303161213698703,47.02275975971807]},"properties":{"OBJECTID":1128,"UUID":"{57794CDB-5A68-E611-B7C2-F04DA23F2F2A}","HSTNAME":"Kriens, Kuonimatt","VMITTEL":2,"BFS_NR":1059,"GEMEINDE":"Kriens","EINWOHNER":736,"ARBEITSPL":108,"RADIUS":300,"DIDOKNR":89722,"ANGSTUFE":3,"SLOID":"ch:1:sloid:89722","TU":11}},{"type":"Feature","id":1129,"geometry":{"type":"Point","coordinates":[8.296956702727714,47.02968957173577]},"properties":{"OBJECTID":1129,"UUID":"{B1E7C1D5-5A68-E611-B7C2-F04DA23F2F2A}","HSTNAME":"Kriens, Nidfeld","VMITTEL":2,"BFS_NR":1059,"GEMEINDE":"Kriens","EINWOHNER":143,"ARBEITSPL":667,"RADIUS":300,"DIDOKNR":89726,"ANGSTUFE":4,"SLOID":"ch:1:sloid:89726","TU":11}},{"type":"Feature","id":1130,"geometry":{"type":"Point","coordinates":[8.301959312946458,47.02736555426337]},"properties":{"OBJECTID":1130,"UUID":"{9CE7C1D5-5A68-E611-B7C2-F04DA23F2F2A}","HSTNAME":"Kriens, Mattenhof","VMITTEL":2,"BFS_NR":1059,"GEMEINDE":"Kriens","EINWOHNER":356,"ARBEITSPL":749,"RADIUS":300,"DIDOKNR":89721,"ANGSTUFE":3,"SLOID":"ch:1:sloid:89721","TU":11}},{"type":"Feature","id":1131,"geometry":{"type":"Point","coordinates":[8.279436080759215,47.03384405700581]},"properties":{"OBJECTID":1131,"UUID":"{6C764CDB-5A68-E611-B7C2-F04DA23F2F2A}","HSTNAME":"Kriens, Zentrum Pilatus","VMITTEL":3,"BFS_NR":1059,"GEMEINDE":"Kriens","EINWOHNER":396,"ARBEITSPL":612,"RADIUS":300,"DIDOKNR":89725,"ANGSTUFE":5,"SLOID":"ch:1:sloid:89725","TU":11}},{"type":"Feature","id":1132,"geometry":{"type":"Point","coordinates":[8.281807440057293,47.0325013868743]},"properties":{"OBJECTID":1132,"UUID":"{5F794CDB-5A68-E611-B7C2-F04DA23F2F2A}","HSTNAME":"Kriens, Krauerhalle","VMITTEL":2,"BFS_NR":1059,"GEMEINDE":"Kriens","EINWOHNER":169,"ARBEITSPL":110,"RADIUS":300,"DIDOKNR":89720,"ANGSTUFE":3,"SLOID":"ch:1:sloid:89720","TU":11}},{"type":"Feature","id":1133,"geometry":{"type":"Point","coordinates":[8.288740020675986,47.02334424500756]},"properties":{"OBJECTID":1133,"UUID":"{4C784CDB-5A68-E611-B7C2-F04DA23F2F2A}","HSTNAME":"Kriens, Sidhalde","VMITTEL":2,"BFS_NR":1059,"GEMEINDE":"Kriens","EINWOHNER":474,"ARBEITSPL":98,"RADIUS":300,"DIDOKNR":89739,"ANGSTUFE":2,"SLOID":"ch:1:sloid:89739","TU":11}},{"type":"Feature","id":1134,"geometry":{"type":"Point","coordinates":[8.285545488378746,47.03883731913981]},"properties":{"OBJECTID":1134,"UUID":"{3B774CDB-5A68-E611-B7C2-F04DA23F2F2A}","HSTNAME":"Kriens,Obere Dattenbergstrasse","VMITTEL":2,"BFS_NR":1059,"GEMEINDE":"Kriens","EINWOHNER":276,"ARBEITSPL":21,"RADIUS":300,"DIDOKNR":89727,"ANGSTUFE":2,"SLOID":"ch:1:sloid:89727","TU":11}},{"type":"Feature","id":1135,"geometry":{"type":"Point","coordinates":[8.291811548301874,47.0295463936781]},"properties":{"OBJECTID":1135,"UUID":"{BD754CDB-5A68-E611-B7C2-F04DA23F2F2A}","HSTNAME":"Kriens, Lauerzweg","VMITTEL":2,"BFS_NR":1059,"GEMEINDE":"Kriens","EINWOHNER":1201,"ARBEITSPL":284,"RADIUS":300,"DIDOKNR":89724,"ANGSTUFE":3,"SLOID":"ch:1:sloid:89724","TU":11}},{"type":"Feature","id":1136,"geometry":{"type":"Point","coordinates":[8.268935994260556,47.03300997317205]},"properties":{"OBJECTID":1136,"UUID":"{4C764CDB-5A68-E611-B7C2-F04DA23F2F2A}","HSTNAME":"Kriens, Senti","VMITTEL":2,"BFS_NR":1059,"GEMEINDE":"Kriens","EINWOHNER":606,"ARBEITSPL":131,"RADIUS":300,"DIDOKNR":89738,"ANGSTUFE":1,"SLOID":"ch:1:sloid:89738","TU":11}},{"type":"Feature","id":1137,"geometry":{"type":"Point","coordinates":[8.299274651198804,47.02566755801592]},"properties":{"OBJECTID":1137,"UUID":"{D3E7C1D5-5A68-E611-B7C2-F04DA23F2F2A}","HSTNAME":"Kriens, Oberkuonimatt","VMITTEL":2,"BFS_NR":1059,"GEMEINDE":"Kriens","EINWOHNER":127,"ARBEITSPL":300,"RADIUS":300,"DIDOKNR":89731,"ANGSTUFE":4,"SLOID":"ch:1:sloid:89731","TU":11}},{"type":"Feature","id":1138,"geometry":{"type":"Point","coordinates":[8.273226857873311,47.034090834490144]},"properties":{"OBJECTID":1138,"UUID":"{D7764CDB-5A68-E611-B7C2-F04DA23F2F2A}","HSTNAME":"Kriens, Schappe-Center","VMITTEL":3,"BFS_NR":1059,"GEMEINDE":"Kriens","EINWOHNER":708,"ARBEITSPL":466,"RADIUS":300,"DIDOKNR":89737,"ANGSTUFE":5,"SLOID":"ch:1:sloid:89737","TU":11}},{"type":"Feature","id":1139,"geometry":{"type":"Point","coordinates":[8.284188729126502,47.04089221408904]},"properties":{"OBJECTID":1139,"UUID":"{32774CDB-5A68-E611-B7C2-F04DA23F2F2A}","HSTNAME":"Kriens, Bergstrasse","VMITTEL":2,"BFS_NR":1059,"GEMEINDE":"Kriens","EINWOHNER":142,"ARBEITSPL":10,"RADIUS":300,"DIDOKNR":89699,"ANGSTUFE":2,"SLOID":"ch:1:sloid:89699","TU":11}},{"type":"Feature","id":1140,"geometry":{"type":"Point","coordinates":[8.280599431572979,47.037734169938865]},"properties":{"OBJECTID":1140,"UUID":"{A6E7C1D5-5A68-E611-B7C2-F04DA23F2F2A}","HSTNAME":"Kriens, Oberhusweg","VMITTEL":2,"BFS_NR":1059,"GEMEINDE":"Kriens","EINWOHNER":772,"ARBEITSPL":95,"RADIUS":300,"DIDOKNR":89730,"ANGSTUFE":2,"SLOID":"ch:1:sloid:89730","TU":11}},{"type":"Feature","id":1141,"geometry":{"type":"Point","coordinates":[8.285843303188994,47.03150665198232]},"properties":{"OBJECTID":1141,"UUID":"{C8E7C1D5-5A68-E611-B7C2-F04DA23F2F2A}","HSTNAME":"Kriens, Zunacher","VMITTEL":2,"BFS_NR":1059,"GEMEINDE":"Kriens","EINWOHNER":341,"ARBEITSPL":262,"RADIUS":300,"DIDOKNR":89748,"ANGSTUFE":3,"SLOID":"ch:1:sloid:89748","TU":11}},{"type":"Feature","id":1142,"geometry":{"type":"Point","coordinates":[8.286823087902311,47.034395986854946]},"properties":{"OBJECTID":1142,"UUID":"{1F784CDB-5A68-E611-B7C2-F04DA23F2F2A}","HSTNAME":"Kriens, Schachenstrasse","VMITTEL":3,"BFS_NR":1059,"GEMEINDE":"Kriens","EINWOHNER":838,"ARBEITSPL":44,"RADIUS":300,"DIDOKNR":89736,"ANGSTUFE":5,"SLOID":"ch:1:sloid:89736","TU":11}},{"type":"Feature","id":1143,"geometry":{"type":"Point","coordinates":[8.283062284632965,47.038605574972344]},"properties":{"OBJECTID":1143,"UUID":"{47774CDB-5A68-E611-B7C2-F04DA23F2F2A}","HSTNAME":"Kriens, Oberhusrain","VMITTEL":2,"BFS_NR":1059,"GEMEINDE":"Kriens","EINWOHNER":411,"ARBEITSPL":16,"RADIUS":300,"DIDOKNR":89729,"ANGSTUFE":2,"SLOID":"ch:1:sloid:89729","TU":11}},{"type":"Feature","id":1144,"geometry":{"type":"Point","coordinates":[8.26997029879351,47.031452310825145]},"properties":{"OBJECTID":1144,"UUID":"{54774CDB-5A68-E611-B7C2-F04DA23F2F2A}","HSTNAME":"Kriens, Südstrasse","VMITTEL":2,"BFS_NR":1059,"GEMEINDE":"Kriens","EINWOHNER":478,"ARBEITSPL":41,"RADIUS":300,"DIDOKNR":89743,"ANGSTUFE":1,"SLOID":"ch:1:sloid:89743","TU":11}},{"type":"Feature","id":1145,"geometry":{"type":"Point","coordinates":[8.26986118646652,47.0563327461638]},"properties":{"OBJECTID":1145,"UUID":"{7C764CDB-5A68-E611-B7C2-F04DA23F2F2A}","HSTNAME":"Luzern, Waldschwimmbad","VMITTEL":2,"BFS_NR":1061,"GEMEINDE":"Luzern","EINWOHNER":0,"ARBEITSPL":6,"RADIUS":300,"DIDOKNR":89755,"ANGSTUFE":4,"SLOID":"ch:1:sloid:89755","TU":11}},{"type":"Feature","id":1146,"geometry":{"type":"Point","coordinates":[8.27557518065463,47.038715436786376]},"properties":{"OBJECTID":1146,"UUID":"{00794CDB-5A68-E611-B7C2-F04DA23F2F2A}","HSTNAME":"Kriens, Obere Weinhalde","VMITTEL":2,"BFS_NR":1059,"GEMEINDE":"Kriens","EINWOHNER":457,"ARBEITSPL":16,"RADIUS":300,"DIDOKNR":89728,"ANGSTUFE":2,"SLOID":"ch:1:sloid:89728","TU":11}},{"type":"Feature","id":1147,"geometry":{"type":"Point","coordinates":[8.298999195687973,47.027379947075296]},"properties":{"OBJECTID":1147,"UUID":"{D8774CDB-5A68-E611-B7C2-F04DA23F2F2A}","HSTNAME":"Kriens, Sternmatt","VMITTEL":2,"BFS_NR":1059,"GEMEINDE":"Kriens","EINWOHNER":116,"ARBEITSPL":1133,"RADIUS":300,"DIDOKNR":89742,"ANGSTUFE":5,"SLOID":"ch:1:sloid:89742","TU":11}},{"type":"Feature","id":1148,"geometry":{"type":"Point","coordinates":[8.302066079930771,47.02418930754762]},"properties":{"OBJECTID":1148,"UUID":"{D5E7C1D5-5A68-E611-B7C2-F04DA23F2F2A}","HSTNAME":"Kriens, Rosenstrasse","VMITTEL":2,"BFS_NR":1059,"GEMEINDE":"Kriens","EINWOHNER":472,"ARBEITSPL":615,"RADIUS":300,"DIDOKNR":89735,"ANGSTUFE":3,"SLOID":"ch:1:sloid:89735","TU":11}},{"type":"Feature","id":1149,"geometry":{"type":"Point","coordinates":[8.273367276045374,47.03354765863785]},"properties":{"OBJECTID":1149,"UUID":"{2C7A4CDB-5A68-E611-B7C2-F04DA23F2F2A}","HSTNAME":"Kriens, St. Niklausengasse","VMITTEL":2,"BFS_NR":1059,"GEMEINDE":"Kriens","EINWOHNER":895,"ARBEITSPL":59,"RADIUS":300,"DIDOKNR":89741,"ANGSTUFE":1,"SLOID":"ch:1:sloid:89741","TU":11}},{"type":"Feature","id":1150,"geometry":{"type":"Point","coordinates":[8.273858590082199,47.062844900673184]},"properties":{"OBJECTID":1150,"UUID":"{077A4CDB-5A68-E611-B7C2-F04DA23F2F2A}","HSTNAME":"Luzern, Ruopigen Zentrum","VMITTEL":2,"BFS_NR":1061,"GEMEINDE":"Luzern","EINWOHNER":1456,"ARBEITSPL":774,"RADIUS":300,"DIDOKNR":89753,"ANGSTUFE":4,"SLOID":"ch:1:sloid:89753","TU":11}},{"type":"Feature","id":1151,"geometry":{"type":"Point","coordinates":[8.289402228361634,47.030265929886134]},"properties":{"OBJECTID":1151,"UUID":"{2C764CDB-5A68-E611-B7C2-F04DA23F2F2A}","HSTNAME":"Kriens, Sportweg","VMITTEL":2,"BFS_NR":1059,"GEMEINDE":"Kriens","EINWOHNER":1242,"ARBEITSPL":126,"RADIUS":300,"DIDOKNR":89740,"ANGSTUFE":3,"SLOID":"ch:1:sloid:89740","TU":11}},{"type":"Feature","id":1152,"geometry":{"type":"Point","coordinates":[8.285079004641725,47.02723623868703]},"properties":{"OBJECTID":1152,"UUID":"{84794CDB-5A68-E611-B7C2-F04DA23F2F2A}","HSTNAME":"Kriens, Roggernhalde","VMITTEL":2,"BFS_NR":1059,"GEMEINDE":"Kriens","EINWOHNER":286,"ARBEITSPL":28,"RADIUS":300,"DIDOKNR":89734,"ANGSTUFE":2,"SLOID":"ch:1:sloid:89734","TU":11}},{"type":"Feature","id":1153,"geometry":{"type":"Point","coordinates":[8.319165626981722,47.03773283306594]},"properties":{"OBJECTID":1153,"UUID":"{1D7A4CDB-5A68-E611-B7C2-F04DA23F2F2A}","HSTNAME":"Luzern, Bodenhofterrasse","VMITTEL":2,"BFS_NR":1061,"GEMEINDE":"Luzern","EINWOHNER":1156,"ARBEITSPL":40,"RADIUS":300,"DIDOKNR":89769,"ANGSTUFE":4,"SLOID":"ch:1:sloid:89769","TU":11}},{"type":"Feature","id":1154,"geometry":{"type":"Point","coordinates":[8.26776005007252,47.03707198523887]},"properties":{"OBJECTID":1154,"UUID":"{B3E7C1D5-5A68-E611-B7C2-F04DA23F2F2A}","HSTNAME":"Kriens, Zumhofstrasse","VMITTEL":2,"BFS_NR":1059,"GEMEINDE":"Kriens","EINWOHNER":351,"ARBEITSPL":15,"RADIUS":300,"DIDOKNR":89747,"ANGSTUFE":2,"SLOID":"ch:1:sloid:89747","TU":11}},{"type":"Feature","id":1155,"geometry":{"type":"Point","coordinates":[8.270396373343733,47.06029731436712]},"properties":{"OBJECTID":1155,"UUID":"{AF754CDB-5A68-E611-B7C2-F04DA23F2F2A}","HSTNAME":"Luzern, Ruopigen Schulhaus","VMITTEL":2,"BFS_NR":1061,"GEMEINDE":"Luzern","EINWOHNER":609,"ARBEITSPL":134,"RADIUS":300,"DIDOKNR":89752,"ANGSTUFE":4,"SLOID":"ch:1:sloid:89752","TU":11}},{"type":"Feature","id":1156,"geometry":{"type":"Point","coordinates":[8.299942328832639,47.01808825848313]},"properties":{"OBJECTID":1156,"UUID":"{C4E7C1D5-5A68-E611-B7C2-F04DA23F2F2A}","HSTNAME":"Kriens, Pilatusmarkt","VMITTEL":2,"BFS_NR":1059,"GEMEINDE":"Kriens","EINWOHNER":41,"ARBEITSPL":561,"RADIUS":300,"DIDOKNR":89733,"ANGSTUFE":5,"SLOID":"ch:1:sloid:89733","TU":11}},{"type":"Feature","id":1157,"geometry":{"type":"Point","coordinates":[8.297001751928699,47.04723795259256]},"properties":{"OBJECTID":1157,"UUID":"{3DE8C1D5-5A68-E611-B7C2-F04DA23F2F2A}","HSTNAME":"Luzern, Berglistrasse","VMITTEL":8,"BFS_NR":1061,"GEMEINDE":"Luzern","EINWOHNER":426,"ARBEITSPL":153,"RADIUS":300,"DIDOKNR":89768,"ANGSTUFE":4,"SLOID":"ch:1:sloid:89768","TU":11}},{"type":"Feature","id":1158,"geometry":{"type":"Point","coordinates":[8.277301945449212,47.03048990431549]},"properties":{"OBJECTID":1158,"UUID":"{D5774CDB-5A68-E611-B7C2-F04DA23F2F2A}","HSTNAME":"Kriens, Pilatus-Bahnen","VMITTEL":2,"BFS_NR":1059,"GEMEINDE":"Kriens","EINWOHNER":313,"ARBEITSPL":50,"RADIUS":300,"DIDOKNR":89732,"ANGSTUFE":1,"SLOID":"ch:1:sloid:89732","TU":11}},{"type":"Feature","id":1159,"geometry":{"type":"Point","coordinates":[8.273764083089803,47.039696869540506]},"properties":{"OBJECTID":1159,"UUID":"{84764CDB-5A68-E611-B7C2-F04DA23F2F2A}","HSTNAME":"Kriens, Zumhof","VMITTEL":2,"BFS_NR":1059,"GEMEINDE":"Kriens","EINWOHNER":240,"ARBEITSPL":16,"RADIUS":300,"DIDOKNR":89746,"ANGSTUFE":2,"SLOID":"ch:1:sloid:89746","TU":11}},{"type":"Feature","id":1160,"geometry":{"type":"Point","coordinates":[8.282095888270995,47.0525748074573]},"properties":{"OBJECTID":1160,"UUID":"{3EE8C1D5-5A68-E611-B7C2-F04DA23F2F2A}","HSTNAME":"Luzern, Grenzhof","VMITTEL":2,"BFS_NR":1061,"GEMEINDE":"Luzern","EINWOHNER":979,"ARBEITSPL":128,"RADIUS":300,"DIDOKNR":89759,"ANGSTUFE":5,"SLOID":"ch:1:sloid:89759","TU":11}},{"type":"Feature","id":1161,"geometry":{"type":"Point","coordinates":[8.308344560642205,47.04644849751443]},"properties":{"OBJECTID":1161,"UUID":"{BC774CDB-5A68-E611-B7C2-F04DA23F2F2A}","HSTNAME":"Luzern, Bundesplatz","VMITTEL":5,"BFS_NR":1061,"GEMEINDE":"Luzern","EINWOHNER":2698,"ARBEITSPL":5670,"RADIUS":300,"DIDOKNR":89775,"ANGSTUFE":5,"SLOID":"ch:1:sloid:89775","TU":11}},{"type":"Feature","id":1162,"geometry":{"type":"Point","coordinates":[8.294953401863218,47.021879116627744]},"properties":{"OBJECTID":1162,"UUID":"{CB794CDB-5A68-E611-B7C2-F04DA23F2F2A}","HSTNAME":"Kriens, Wiggenhof","VMITTEL":2,"BFS_NR":1059,"GEMEINDE":"Kriens","EINWOHNER":145,"ARBEITSPL":55,"RADIUS":300,"DIDOKNR":89745,"ANGSTUFE":4,"SLOID":"ch:1:sloid:89745","TU":11}},{"type":"Feature","id":1163,"geometry":{"type":"Point","coordinates":[8.311749699036111,47.042889846816465]},"properties":{"OBJECTID":1163,"UUID":"{FCE7C1D5-5A68-E611-B7C2-F04DA23F2F2A}","HSTNAME":"Luzern, Brünigstrasse","VMITTEL":5,"BFS_NR":1061,"GEMEINDE":"Luzern","EINWOHNER":976,"ARBEITSPL":2206,"RADIUS":300,"DIDOKNR":89774,"ANGSTUFE":4,"SLOID":"ch:1:sloid:89774","TU":11}},{"type":"Feature","id":1164,"geometry":{"type":"Point","coordinates":[8.299254563124997,47.05374345843511]},"properties":{"OBJECTID":1164,"UUID":"{DD774CDB-5A68-E611-B7C2-F04DA23F2F2A}","HSTNAME":"Luzern, Brüggligasse","VMITTEL":2,"BFS_NR":1061,"GEMEINDE":"Luzern","EINWOHNER":188,"ARBEITSPL":78,"RADIUS":300,"DIDOKNR":89773,"ANGSTUFE":3,"SLOID":"ch:1:sloid:89773","TU":11}},{"type":"Feature","id":1165,"geometry":{"type":"Point","coordinates":[8.294016983412924,47.040801422316015]},"properties":{"OBJECTID":1165,"UUID":"{2B774CDB-5A68-E611-B7C2-F04DA23F2F2A}","HSTNAME":"Kriens, Unter-Dattenberg","VMITTEL":8,"BFS_NR":1059,"GEMEINDE":"Kriens","EINWOHNER":178,"ARBEITSPL":120,"RADIUS":300,"DIDOKNR":89744,"ANGSTUFE":3,"SLOID":"ch:1:sloid:89744","TU":11}},{"type":"Feature","id":1166,"geometry":{"type":"Point","coordinates":[8.260390049916035,47.04899904338163]},"properties":{"OBJECTID":1166,"UUID":"{46784CDB-5A68-E611-B7C2-F04DA23F2F2A}","HSTNAME":"Luzern, Gasshof","VMITTEL":2,"BFS_NR":1061,"GEMEINDE":"Luzern","EINWOHNER":905,"ARBEITSPL":319,"RADIUS":300,"DIDOKNR":89758,"ANGSTUFE":5,"SLOID":"ch:1:sloid:89758","TU":11}},{"type":"Feature","id":1167,"geometry":{"type":"Point","coordinates":[8.33931337733784,47.054185402307205]},"properties":{"OBJECTID":1167,"UUID":"{E9754CDB-5A68-E611-B7C2-F04DA23F2F2A}","HSTNAME":"Luzern, Brüelstrasse","VMITTEL":3,"BFS_NR":1061,"GEMEINDE":"Luzern","EINWOHNER":179,"ARBEITSPL":207,"RADIUS":300,"DIDOKNR":89772,"ANGSTUFE":5,"SLOID":"ch:1:sloid:89772","TU":11}},{"type":"Feature","id":1168,"geometry":{"type":"Point","coordinates":[8.26542277763959,47.05104987607765]},"properties":{"OBJECTID":1168,"UUID":"{C0E8C1D5-5A68-E611-B7C2-F04DA23F2F2A}","HSTNAME":"Luzern, Matt","VMITTEL":2,"BFS_NR":1061,"GEMEINDE":"Luzern","EINWOHNER":1171,"ARBEITSPL":141,"RADIUS":300,"DIDOKNR":89751,"ANGSTUFE":4,"SLOID":"ch:1:sloid:89751","TU":11}},{"type":"Feature","id":1169,"geometry":{"type":"Point","coordinates":[8.267455177565449,47.050144737292705]},"properties":{"OBJECTID":1169,"UUID":"{06794CDB-5A68-E611-B7C2-F04DA23F2F2A}","HSTNAME":"Luzern, Blattenmoos","VMITTEL":2,"BFS_NR":1061,"GEMEINDE":"Luzern","EINWOHNER":480,"ARBEITSPL":778,"RADIUS":300,"DIDOKNR":89757,"ANGSTUFE":5,"SLOID":"ch:1:sloid:89757","TU":11}},{"type":"Feature","id":1170,"geometry":{"type":"Point","coordinates":[8.349951795492508,47.05217724334945]},"properties":{"OBJECTID":1170,"UUID":"{E2774CDB-5A68-E611-B7C2-F04DA23F2F2A}","HSTNAME":"Luzern, Eggen","VMITTEL":2,"BFS_NR":1061,"GEMEINDE":"Luzern","EINWOHNER":269,"ARBEITSPL":37,"RADIUS":300,"DIDOKNR":89779,"ANGSTUFE":4,"SLOID":"ch:1:sloid:89779","TU":11}},{"type":"Feature","id":1171,"geometry":{"type":"Point","coordinates":[8.258572887501586,47.050813781513035]},"properties":{"OBJECTID":1171,"UUID":"{F6E8C1D5-5A68-E611-B7C2-F04DA23F2F2A}","HSTNAME":"Luzern, Littau Dorf","VMITTEL":2,"BFS_NR":1061,"GEMEINDE":"Luzern","EINWOHNER":653,"ARBEITSPL":177,"RADIUS":300,"DIDOKNR":89750,"ANGSTUFE":5,"SLOID":"ch:1:sloid:89750","TU":11}},{"type":"Feature","id":1172,"geometry":{"type":"Point","coordinates":[8.316278307120308,47.057774215941826]},"properties":{"OBJECTID":1172,"UUID":"{C2794CDB-5A68-E611-B7C2-F04DA23F2F2A}","HSTNAME":"Luzern, Dreilinden","VMITTEL":5,"BFS_NR":1061,"GEMEINDE":"Luzern","EINWOHNER":146,"ARBEITSPL":366,"RADIUS":300,"DIDOKNR":89778,"ANGSTUFE":4,"SLOID":"ch:1:sloid:89778","TU":11}},{"type":"Feature","id":1173,"geometry":{"type":"Point","coordinates":[8.28001562050974,47.063438645714655]},"properties":{"OBJECTID":1173,"UUID":"{BC754CDB-5A68-E611-B7C2-F04DA23F2F2A}","HSTNAME":"Luzern, Staffeln Schulhaus","VMITTEL":2,"BFS_NR":1061,"GEMEINDE":"Luzern","EINWOHNER":553,"ARBEITSPL":429,"RADIUS":300,"DIDOKNR":89756,"ANGSTUFE":5,"SLOID":"ch:1:sloid:89756","TU":11}},{"type":"Feature","id":1174,"geometry":{"type":"Point","coordinates":[8.355869708331047,47.05380805079926]},"properties":{"OBJECTID":1174,"UUID":"{85784CDB-5A68-E611-B7C2-F04DA23F2F2A}","HSTNAME":"Luzern, Büttenenhalde","VMITTEL":2,"BFS_NR":1061,"GEMEINDE":"Luzern","EINWOHNER":853,"ARBEITSPL":58,"RADIUS":300,"DIDOKNR":89777,"ANGSTUFE":4,"SLOID":"ch:1:sloid:89777","TU":11}},{"type":"Feature","id":1175,"geometry":{"type":"Point","coordinates":[8.302612704033475,47.05978063405122]},"properties":{"OBJECTID":1175,"UUID":"{08E8C1D5-5A68-E611-B7C2-F04DA23F2F2A}","HSTNAME":"Luzern, Urnerhof","VMITTEL":2,"BFS_NR":1061,"GEMEINDE":"Luzern","EINWOHNER":686,"ARBEITSPL":293,"RADIUS":300,"DIDOKNR":89791,"ANGSTUFE":5,"SLOID":"ch:1:sloid:89791","TU":11}},{"type":"Feature","id":1176,"geometry":{"type":"Point","coordinates":[8.353494283913198,47.05318401330489]},"properties":{"OBJECTID":1176,"UUID":"{3B794CDB-5A68-E611-B7C2-F04DA23F2F2A}","HSTNAME":"Luzern, Büttenen","VMITTEL":3,"BFS_NR":1061,"GEMEINDE":"Luzern","EINWOHNER":459,"ARBEITSPL":31,"RADIUS":300,"DIDOKNR":89776,"ANGSTUFE":4,"SLOID":"ch:1:sloid:89776","TU":11}},{"type":"Feature","id":1177,"geometry":{"type":"Point","coordinates":[8.277338806622106,47.05188480576401]},"properties":{"OBJECTID":1177,"UUID":"{63794CDB-5A68-E611-B7C2-F04DA23F2F2A}","HSTNAME":"Luzern, Rönnimoosrain","VMITTEL":2,"BFS_NR":1061,"GEMEINDE":"Luzern","EINWOHNER":1130,"ARBEITSPL":67,"RADIUS":300,"DIDOKNR":89763,"ANGSTUFE":5,"SLOID":"ch:1:sloid:89763","TU":11}},{"type":"Feature","id":1178,"geometry":{"type":"Point","coordinates":[8.344598338247824,47.05364487346376]},"properties":{"OBJECTID":1178,"UUID":"{29E8C1D5-5A68-E611-B7C2-F04DA23F2F2A}","HSTNAME":"Luzern, Giseli","VMITTEL":2,"BFS_NR":1061,"GEMEINDE":"Luzern","EINWOHNER":431,"ARBEITSPL":49,"RADIUS":300,"DIDOKNR":89790,"ANGSTUFE":4,"SLOID":"ch:1:sloid:89790","TU":11}},{"type":"Feature","id":1179,"geometry":{"type":"Point","coordinates":[8.314731533946231,47.05889681475281]},"properties":{"OBJECTID":1179,"UUID":"{C7764CDB-5A68-E611-B7C2-F04DA23F2F2A}","HSTNAME":"Luzern, Felsberg","VMITTEL":2,"BFS_NR":1061,"GEMEINDE":"Luzern","EINWOHNER":562,"ARBEITSPL":260,"RADIUS":300,"DIDOKNR":89782,"ANGSTUFE":4,"SLOID":"ch:1:sloid:89782","TU":11}},{"type":"Feature","id":1180,"geometry":{"type":"Point","coordinates":[8.292582349529736,47.0465692514455]},"properties":{"OBJECTID":1180,"UUID":"{54764CDB-5A68-E611-B7C2-F04DA23F2F2A}","HSTNAME":"Luzern, Gigeliwald","VMITTEL":8,"BFS_NR":1061,"GEMEINDE":"Luzern","EINWOHNER":166,"ARBEITSPL":6,"RADIUS":300,"DIDOKNR":89789,"ANGSTUFE":3,"SLOID":"ch:1:sloid:89789","TU":11}},{"type":"Feature","id":1181,"geometry":{"type":"Point","coordinates":[8.299775142853598,47.05686040640263]},"properties":{"OBJECTID":1181,"UUID":"{E9E7C1D5-5A68-E611-B7C2-F04DA23F2F2A}","HSTNAME":"Luzern, Geissmatthöhe","VMITTEL":2,"BFS_NR":1061,"GEMEINDE":"Luzern","EINWOHNER":673,"ARBEITSPL":386,"RADIUS":300,"DIDOKNR":89788,"ANGSTUFE":3,"SLOID":"ch:1:sloid:89788","TU":11}},{"type":"Feature","id":1182,"geometry":{"type":"Point","coordinates":[8.271223005970073,47.050870721313856]},"properties":{"OBJECTID":1182,"UUID":"{CC754CDB-5A68-E611-B7C2-F04DA23F2F2A}","HSTNAME":"Luzern, Michaelshof","VMITTEL":2,"BFS_NR":1061,"GEMEINDE":"Luzern","EINWOHNER":672,"ARBEITSPL":271,"RADIUS":300,"DIDOKNR":89761,"ANGSTUFE":5,"SLOID":"ch:1:sloid:89761","TU":11}},{"type":"Feature","id":1183,"geometry":{"type":"Point","coordinates":[8.324137097121529,47.055509615481405]},"properties":{"OBJECTID":1183,"UUID":"{00774CDB-5A68-E611-B7C2-F04DA23F2F2A}","HSTNAME":"Luzern, Europe","VMITTEL":3,"BFS_NR":1061,"GEMEINDE":"Luzern","EINWOHNER":501,"ARBEITSPL":115,"RADIUS":300,"DIDOKNR":89781,"ANGSTUFE":5,"SLOID":"ch:1:sloid:89781","TU":11}},{"type":"Feature","id":1184,"geometry":{"type":"Point","coordinates":[8.327115882767842,47.03304634168205]},"properties":{"OBJECTID":1184,"UUID":"{0D774CDB-5A68-E611-B7C2-F04DA23F2F2A}","HSTNAME":"Luzern, Hirtenhof","VMITTEL":5,"BFS_NR":1061,"GEMEINDE":"Luzern","EINWOHNER":805,"ARBEITSPL":57,"RADIUS":300,"DIDOKNR":89795,"ANGSTUFE":4,"SLOID":"ch:1:sloid:89795","TU":11}},{"type":"Feature","id":1185,"geometry":{"type":"Point","coordinates":[8.320230127852474,47.04083701976871]},"properties":{"OBJECTID":1185,"UUID":"{11794CDB-5A68-E611-B7C2-F04DA23F2F2A}","HSTNAME":"Luzern, Eisfeldstrasse","VMITTEL":3,"BFS_NR":1061,"GEMEINDE":"Luzern","EINWOHNER":597,"ARBEITSPL":819,"RADIUS":300,"DIDOKNR":89780,"ANGSTUFE":5,"SLOID":"ch:1:sloid:89780","TU":11}},{"type":"Feature","id":1186,"geometry":{"type":"Point","coordinates":[8.330619258746118,47.035055922634385]},"properties":{"OBJECTID":1186,"UUID":"{9D784CDB-5A68-E611-B7C2-F04DA23F2F2A}","HSTNAME":"Luzern, Matthof","VMITTEL":5,"BFS_NR":1061,"GEMEINDE":"Luzern","EINWOHNER":1203,"ARBEITSPL":583,"RADIUS":300,"DIDOKNR":89811,"ANGSTUFE":4,"SLOID":"ch:1:sloid:89811","TU":11}},{"type":"Feature","id":1187,"geometry":{"type":"Point","coordinates":[8.274322206513279,47.051493525190395]},"properties":{"OBJECTID":1187,"UUID":"{57764CDB-5A68-E611-B7C2-F04DA23F2F2A}","HSTNAME":"Luzern, Längweiher","VMITTEL":2,"BFS_NR":1061,"GEMEINDE":"Luzern","EINWOHNER":617,"ARBEITSPL":62,"RADIUS":300,"DIDOKNR":89760,"ANGSTUFE":5,"SLOID":"ch:1:sloid:89760","TU":11}},{"type":"Feature","id":1188,"geometry":{"type":"Point","coordinates":[8.295330257412695,47.04792939366239]},"properties":{"OBJECTID":1188,"UUID":"{EFE8C1D5-5A68-E611-B7C2-F04DA23F2F2A}","HSTNAME":"Luzern, Gütschwald","VMITTEL":8,"BFS_NR":1061,"GEMEINDE":"Luzern","EINWOHNER":91,"ARBEITSPL":7,"RADIUS":300,"DIDOKNR":89794,"ANGSTUFE":4,"SLOID":"ch:1:sloid:89794","TU":11}},{"type":"Feature","id":1189,"geometry":{"type":"Point","coordinates":[8.316803404272703,47.037858533262956]},"properties":{"OBJECTID":1189,"UUID":"{1B7A4CDB-5A68-E611-B7C2-F04DA23F2F2A}","HSTNAME":"Luzern, Geissenstein","VMITTEL":5,"BFS_NR":1061,"GEMEINDE":"Luzern","EINWOHNER":896,"ARBEITSPL":73,"RADIUS":300,"DIDOKNR":89787,"ANGSTUFE":4,"SLOID":"ch:1:sloid:89787","TU":11}},{"type":"Feature","id":1190,"geometry":{"type":"Point","coordinates":[8.311904252961927,47.065615324980854]},"properties":{"OBJECTID":1190,"UUID":"{B2754CDB-5A68-E611-B7C2-F04DA23F2F2A}","HSTNAME":"Luzern, Maihofmatte-Rotsee","VMITTEL":5,"BFS_NR":1061,"GEMEINDE":"Luzern","EINWOHNER":940,"ARBEITSPL":767,"RADIUS":300,"DIDOKNR":89810,"ANGSTUFE":5,"SLOID":"ch:1:sloid:89810","TU":11}},{"type":"Feature","id":1191,"geometry":{"type":"Point","coordinates":[8.296041544019808,47.03340785451266]},"properties":{"OBJECTID":1191,"UUID":"{69764CDB-5A68-E611-B7C2-F04DA23F2F2A}","HSTNAME":"Kriens, Südpol","VMITTEL":2,"BFS_NR":1059,"GEMEINDE":"Kriens","EINWOHNER":203,"ARBEITSPL":744,"RADIUS":300,"DIDOKNR":89767,"ANGSTUFE":4,"SLOID":"ch:1:sloid:89767","TU":11}},{"type":"Feature","id":1192,"geometry":{"type":"Point","coordinates":[8.31966139519514,47.06455340511068]},"properties":{"OBJECTID":1192,"UUID":"{FBE8C1D5-5A68-E611-B7C2-F04DA23F2F2A}","HSTNAME":"Luzern, Gartenheim","VMITTEL":5,"BFS_NR":1061,"GEMEINDE":"Luzern","EINWOHNER":401,"ARBEITSPL":6,"RADIUS":300,"DIDOKNR":89786,"ANGSTUFE":4,"SLOID":"ch:1:sloid:89786","TU":11}},{"type":"Feature","id":1193,"geometry":{"type":"Point","coordinates":[8.29621852474065,47.0525781598217]},"properties":{"OBJECTID":1193,"UUID":"{0AE9C1D5-5A68-E611-B7C2-F04DA23F2F2A}","HSTNAME":"Luzern, Gütsch","VMITTEL":3,"BFS_NR":1061,"GEMEINDE":"Luzern","EINWOHNER":1290,"ARBEITSPL":503,"RADIUS":300,"DIDOKNR":89793,"ANGSTUFE":5,"SLOID":"ch:1:sloid:89793","TU":11}},{"type":"Feature","id":1194,"geometry":{"type":"Point","coordinates":[8.32750013232995,47.05861777443764]},"properties":{"OBJECTID":1194,"UUID":"{2A794CDB-5A68-E611-B7C2-F04DA23F2F2A}","HSTNAME":"Luzern, Lützelmattstrasse","VMITTEL":2,"BFS_NR":1061,"GEMEINDE":"Luzern","EINWOHNER":152,"ARBEITSPL":1513,"RADIUS":300,"DIDOKNR":89809,"ANGSTUFE":4,"SLOID":"ch:1:sloid:89809","TU":11}},{"type":"Feature","id":1195,"geometry":{"type":"Point","coordinates":[8.292438257983758,47.0587819967348]},"properties":{"OBJECTID":1195,"UUID":"{C9E7C1D5-5A68-E611-B7C2-F04DA23F2F2A}","HSTNAME":"Luzern, Friedental","VMITTEL":2,"BFS_NR":1061,"GEMEINDE":"Luzern","EINWOHNER":1,"ARBEITSPL":86,"RADIUS":300,"DIDOKNR":89785,"ANGSTUFE":4,"SLOID":"ch:1:sloid:89785","TU":11}},{"type":"Feature","id":1196,"geometry":{"type":"Point","coordinates":[8.302796644398432,47.03524837883353]},"properties":{"OBJECTID":1196,"UUID":"{12E8C1D5-5A68-E611-B7C2-F04DA23F2F2A}","HSTNAME":"Luzern, Allmend/Messe","VMITTEL":8,"BFS_NR":1061,"GEMEINDE":"Luzern","EINWOHNER":205,"ARBEITSPL":466,"RADIUS":300,"DIDOKNR":89766,"ANGSTUFE":4,"SLOID":"ch:1:sloid:89766","TU":11}},{"type":"Feature","id":1197,"geometry":{"type":"Point","coordinates":[8.302998672344684,47.05714955613498]},"properties":{"OBJECTID":1197,"UUID":"{E8754CDB-5A68-E611-B7C2-F04DA23F2F2A}","HSTNAME":"Luzern, Friedbergstrasse","VMITTEL":2,"BFS_NR":1061,"GEMEINDE":"Luzern","EINWOHNER":455,"ARBEITSPL":72,"RADIUS":300,"DIDOKNR":89784,"ANGSTUFE":3,"SLOID":"ch:1:sloid:89784","TU":11}},{"type":"Feature","id":1198,"geometry":{"type":"Point","coordinates":[8.33416978106059,47.05788916171631]},"properties":{"OBJECTID":1198,"UUID":"{C8E8C1D5-5A68-E611-B7C2-F04DA23F2F2A}","HSTNAME":"Luzern, Leumatt","VMITTEL":2,"BFS_NR":1061,"GEMEINDE":"Luzern","EINWOHNER":282,"ARBEITSPL":35,"RADIUS":300,"DIDOKNR":89808,"ANGSTUFE":4,"SLOID":"ch:1:sloid:89808","TU":11}},{"type":"Feature","id":1199,"geometry":{"type":"Point","coordinates":[8.262632949630149,47.04936078266707]},"properties":{"OBJECTID":1199,"UUID":"{C9794CDB-5A68-E611-B7C2-F04DA23F2F2A}","HSTNAME":"Luzern, Schützenhaus","VMITTEL":2,"BFS_NR":1061,"GEMEINDE":"Luzern","EINWOHNER":1089,"ARBEITSPL":636,"RADIUS":300,"DIDOKNR":89765,"ANGSTUFE":5,"SLOID":"ch:1:sloid:89765","TU":11}},{"type":"Feature","id":1200,"geometry":{"type":"Point","coordinates":[8.299413500097089,47.05519733556771]},"properties":{"OBJECTID":1200,"UUID":"{8F784CDB-5A68-E611-B7C2-F04DA23F2F2A}","HSTNAME":"Luzern, Mühlemattstrasse","VMITTEL":2,"BFS_NR":1061,"GEMEINDE":"Luzern","EINWOHNER":639,"ARBEITSPL":230,"RADIUS":300,"DIDOKNR":89815,"ANGSTUFE":2,"SLOID":"ch:1:sloid:89815","TU":11}},{"type":"Feature","id":1201,"geometry":{"type":"Point","coordinates":[8.30810232318851,47.03650270522676]},"properties":{"OBJECTID":1201,"UUID":"{D1E8C1D5-5A68-E611-B7C2-F04DA23F2F2A}","HSTNAME":"Luzern, Hubelmatt","VMITTEL":5,"BFS_NR":1061,"GEMEINDE":"Luzern","EINWOHNER":729,"ARBEITSPL":170,"RADIUS":300,"DIDOKNR":89798,"ANGSTUFE":4,"SLOID":"ch:1:sloid:89798","TU":11}},{"type":"Feature","id":1202,"geometry":{"type":"Point","coordinates":[8.315969845884016,47.0620844385469]},"properties":{"OBJECTID":1202,"UUID":"{CB764CDB-5A68-E611-B7C2-F04DA23F2F2A}","HSTNAME":"Luzern, Morgenweg","VMITTEL":5,"BFS_NR":1061,"GEMEINDE":"Luzern","EINWOHNER":565,"ARBEITSPL":49,"RADIUS":300,"DIDOKNR":89814,"ANGSTUFE":4,"SLOID":"ch:1:sloid:89814","TU":11}},{"type":"Feature","id":1203,"geometry":{"type":"Point","coordinates":[8.25696677389551,47.05580608586554]},"properties":{"OBJECTID":1203,"UUID":"{5AE8C1D5-5A68-E611-B7C2-F04DA23F2F2A}","HSTNAME":"Luzern, Säntihof","VMITTEL":2,"BFS_NR":1061,"GEMEINDE":"Luzern","EINWOHNER":853,"ARBEITSPL":428,"RADIUS":300,"DIDOKNR":89764,"ANGSTUFE":2,"SLOID":"ch:1:sloid:89764","TU":11}},{"type":"Feature","id":1204,"geometry":{"type":"Point","coordinates":[8.35246784940895,47.059461236018045]},"properties":{"OBJECTID":1204,"UUID":"{80774CDB-5A68-E611-B7C2-F04DA23F2F2A}","HSTNAME":"Luzern, Hochhüsliweid","VMITTEL":2,"BFS_NR":1061,"GEMEINDE":"Luzern","EINWOHNER":776,"ARBEITSPL":192,"RADIUS":300,"DIDOKNR":89797,"ANGSTUFE":4,"SLOID":"ch:1:sloid:89797","TU":11}},{"type":"Feature","id":1205,"geometry":{"type":"Point","coordinates":[8.304376261361284,47.03896582045932]},"properties":{"OBJECTID":1205,"UUID":"{0A784CDB-5A68-E611-B7C2-F04DA23F2F2A}","HSTNAME":"Luzern, Breitenlachen","VMITTEL":2,"BFS_NR":1061,"GEMEINDE":"Luzern","EINWOHNER":1538,"ARBEITSPL":409,"RADIUS":300,"DIDOKNR":89771,"ANGSTUFE":4,"SLOID":"ch:1:sloid:89771","TU":11}},{"type":"Feature","id":1206,"geometry":{"type":"Point","coordinates":[8.304050125376303,47.04587890229987]},"properties":{"OBJECTID":1206,"UUID":"{DEE7C1D5-5A68-E611-B7C2-F04DA23F2F2A}","HSTNAME":"Luzern, Moosegg","VMITTEL":3,"BFS_NR":1061,"GEMEINDE":"Luzern","EINWOHNER":1316,"ARBEITSPL":1314,"RADIUS":300,"DIDOKNR":89813,"ANGSTUFE":5,"SLOID":"ch:1:sloid:89813","TU":11}},{"type":"Feature","id":1207,"geometry":{"type":"Point","coordinates":[8.302008730446728,47.0496320549632]},"properties":{"OBJECTID":1207,"UUID":"{86794CDB-5A68-E611-B7C2-F04DA23F2F2A}","HSTNAME":"Luzern, Hirzenhof","VMITTEL":9,"BFS_NR":1061,"GEMEINDE":"Luzern","EINWOHNER":728,"ARBEITSPL":2963,"RADIUS":300,"DIDOKNR":89796,"ANGSTUFE":5,"SLOID":"ch:1:sloid:89796","TU":11}},{"type":"Feature","id":1208,"geometry":{"type":"Point","coordinates":[8.30676353455714,47.03808803868528]},"properties":{"OBJECTID":1208,"UUID":"{DF754CDB-5A68-E611-B7C2-F04DA23F2F2A}","HSTNAME":"Luzern, Mönchweg","VMITTEL":5,"BFS_NR":1061,"GEMEINDE":"Luzern","EINWOHNER":726,"ARBEITSPL":44,"RADIUS":300,"DIDOKNR":89812,"ANGSTUFE":4,"SLOID":"ch:1:sloid:89812","TU":11}},{"type":"Feature","id":1209,"geometry":{"type":"Point","coordinates":[8.304766397112822,47.056202180841694]},"properties":{"OBJECTID":1209,"UUID":"{8B794CDB-5A68-E611-B7C2-F04DA23F2F2A}","HSTNAME":"Luzern, Bramberg","VMITTEL":2,"BFS_NR":1061,"GEMEINDE":"Luzern","EINWOHNER":461,"ARBEITSPL":183,"RADIUS":300,"DIDOKNR":89770,"ANGSTUFE":3,"SLOID":"ch:1:sloid:89770","TU":11}},{"type":"Feature","id":1210,"geometry":{"type":"Point","coordinates":[8.321770393734383,47.065558327400296]},"properties":{"OBJECTID":1210,"UUID":"{33794CDB-5A68-E611-B7C2-F04DA23F2F2A}","HSTNAME":"Luzern, Schulhaus Unterlöchli","VMITTEL":5,"BFS_NR":1061,"GEMEINDE":"Luzern","EINWOHNER":392,"ARBEITSPL":61,"RADIUS":300,"DIDOKNR":89820,"ANGSTUFE":4,"SLOID":"ch:1:sloid:89820","TU":11}},{"type":"Feature","id":1211,"geometry":{"type":"Point","coordinates":[8.314024206015628,47.05721480142064]},"properties":{"OBJECTID":1211,"UUID":"{66764CDB-5A68-E611-B7C2-F04DA23F2F2A}","HSTNAME":"Luzern, Kapuzinerweg","VMITTEL":3,"BFS_NR":1061,"GEMEINDE":"Luzern","EINWOHNER":212,"ARBEITSPL":590,"RADIUS":300,"DIDOKNR":89803,"ANGSTUFE":5,"SLOID":"ch:1:sloid:89803","TU":11}},{"type":"Feature","id":1212,"geometry":{"type":"Point","coordinates":[8.290086926504904,47.0466021702279]},"properties":{"OBJECTID":1212,"UUID":"{21794CDB-5A68-E611-B7C2-F04DA23F2F2A}","HSTNAME":"Luzern, Obergütschstrasse","VMITTEL":8,"BFS_NR":1061,"GEMEINDE":"Luzern","EINWOHNER":264,"ARBEITSPL":4,"RADIUS":300,"DIDOKNR":89819,"ANGSTUFE":4,"SLOID":"ch:1:sloid:89819","TU":11}},{"type":"Feature","id":1213,"geometry":{"type":"Point","coordinates":[8.298003882410306,47.05782236826469]},"properties":{"OBJECTID":1213,"UUID":"{E1774CDB-5A68-E611-B7C2-F04DA23F2F2A}","HSTNAME":"Luzern, Kantonsspital","VMITTEL":2,"BFS_NR":1061,"GEMEINDE":"Luzern","EINWOHNER":464,"ARBEITSPL":6000,"RADIUS":300,"DIDOKNR":89802,"ANGSTUFE":5,"SLOID":"ch:1:sloid:89802","TU":11}},{"type":"Feature","id":1214,"geometry":{"type":"Point","coordinates":[8.288773695060286,47.0459689110977]},"properties":{"OBJECTID":1214,"UUID":"{28794CDB-5A68-E611-B7C2-F04DA23F2F2A}","HSTNAME":"Luzern, Obergütschrain","VMITTEL":8,"BFS_NR":1061,"GEMEINDE":"Luzern","EINWOHNER":555,"ARBEITSPL":61,"RADIUS":300,"DIDOKNR":89818,"ANGSTUFE":4,"SLOID":"ch:1:sloid:89818","TU":11}},{"type":"Feature","id":1215,"geometry":{"type":"Point","coordinates":[8.306236774101803,47.048863765362675]},"properties":{"OBJECTID":1215,"UUID":"{76764CDB-5A68-E611-B7C2-F04DA23F2F2A}","HSTNAME":"Luzern, Kantonalbank","VMITTEL":9,"BFS_NR":1061,"GEMEINDE":"Luzern","EINWOHNER":631,"ARBEITSPL":6395,"RADIUS":300,"DIDOKNR":89801,"ANGSTUFE":5,"SLOID":"ch:1:sloid:89801","TU":11}},{"type":"Feature","id":1216,"geometry":{"type":"Point","coordinates":[8.289701024682982,47.04476749288421]},"properties":{"OBJECTID":1216,"UUID":"{30E9C1D5-5A68-E611-B7C2-F04DA23F2F2A}","HSTNAME":"Luzern, Obergütschhalde","VMITTEL":8,"BFS_NR":1061,"GEMEINDE":"Luzern","EINWOHNER":145,"ARBEITSPL":7,"RADIUS":300,"DIDOKNR":89817,"ANGSTUFE":4,"SLOID":"ch:1:sloid:89817","TU":11}},{"type":"Feature","id":1217,"geometry":{"type":"Point","coordinates":[8.285510398187995,47.05376407380787]},"properties":{"OBJECTID":1217,"UUID":"{00E8C1D5-5A68-E611-B7C2-F04DA23F2F2A}","HSTNAME":"Luzern, Kanonenstrasse","VMITTEL":2,"BFS_NR":1061,"GEMEINDE":"Luzern","EINWOHNER":1758,"ARBEITSPL":126,"RADIUS":300,"DIDOKNR":89800,"ANGSTUFE":5,"SLOID":"ch:1:sloid:89800","TU":11}},{"type":"Feature","id":1218,"geometry":{"type":"Point","coordinates":[8.288265443141093,47.0440555369222]},"properties":{"OBJECTID":1218,"UUID":"{D6794CDB-5A68-E611-B7C2-F04DA23F2F2A}","HSTNAME":"Luzern, Obergütsch","VMITTEL":8,"BFS_NR":1061,"GEMEINDE":"Luzern","EINWOHNER":72,"ARBEITSPL":1,"RADIUS":300,"DIDOKNR":89816,"ANGSTUFE":3,"SLOID":"ch:1:sloid:89816","TU":11}},{"type":"Feature","id":1219,"geometry":{"type":"Point","coordinates":[8.303598862222373,47.043530066051204]},"properties":{"OBJECTID":1219,"UUID":"{B3764CDB-5A68-E611-B7C2-F04DA23F2F2A}","HSTNAME":"Luzern, Paulusplatz","VMITTEL":9,"BFS_NR":1061,"GEMEINDE":"Luzern","EINWOHNER":2817,"ARBEITSPL":1204,"RADIUS":300,"DIDOKNR":89823,"ANGSTUFE":5,"SLOID":"ch:1:sloid:89823","TU":11}},{"type":"Feature","id":1220,"geometry":{"type":"Point","coordinates":[8.291189569169976,47.05422214369554]},"properties":{"OBJECTID":1220,"UUID":"{29764CDB-5A68-E611-B7C2-F04DA23F2F2A}","HSTNAME":"Luzern, Kreuzstutz","VMITTEL":3,"BFS_NR":1061,"GEMEINDE":"Luzern","EINWOHNER":1194,"ARBEITSPL":740,"RADIUS":300,"DIDOKNR":89807,"ANGSTUFE":5,"SLOID":"ch:1:sloid:89807","TU":11}},{"type":"Feature","id":1221,"geometry":{"type":"Point","coordinates":[8.34834289710905,47.05123252875497]},"properties":{"OBJECTID":1221,"UUID":"{B0764CDB-5A68-E611-B7C2-F04DA23F2F2A}","HSTNAME":"Luzern, Oberseeburghöhe","VMITTEL":3,"BFS_NR":1061,"GEMEINDE":"Luzern","EINWOHNER":409,"ARBEITSPL":16,"RADIUS":300,"DIDOKNR":89822,"ANGSTUFE":4,"SLOID":"ch:1:sloid:89822","TU":11}},{"type":"Feature","id":1222,"geometry":{"type":"Point","coordinates":[8.322158206729998,47.059260929744624]},"properties":{"OBJECTID":1222,"UUID":"{9B774CDB-5A68-E611-B7C2-F04DA23F2F2A}","HSTNAME":"Luzern, Konservatorium","VMITTEL":2,"BFS_NR":1061,"GEMEINDE":"Luzern","EINWOHNER":271,"ARBEITSPL":157,"RADIUS":300,"DIDOKNR":89806,"ANGSTUFE":4,"SLOID":"ch:1:sloid:89806","TU":11}},{"type":"Feature","id":1223,"geometry":{"type":"Point","coordinates":[8.345666095298341,47.05048222313794]},"properties":{"OBJECTID":1223,"UUID":"{31784CDB-5A68-E611-B7C2-F04DA23F2F2A}","HSTNAME":"Luzern, Oberseeburg","VMITTEL":3,"BFS_NR":1061,"GEMEINDE":"Luzern","EINWOHNER":288,"ARBEITSPL":13,"RADIUS":300,"DIDOKNR":89821,"ANGSTUFE":4,"SLOID":"ch:1:sloid:89821","TU":11}},{"type":"Feature","id":1224,"geometry":{"type":"Point","coordinates":[8.352597311069868,47.086182536133066]},"properties":{"OBJECTID":1224,"UUID":"{AC774CDB-5A68-E611-B7C2-F04DA23F2F2A}","HSTNAME":"Ebikon, Höfli","VMITTEL":2,"BFS_NR":1054,"GEMEINDE":"Ebikon","EINWOHNER":922,"ARBEITSPL":82,"RADIUS":300,"DIDOKNR":89663,"ANGSTUFE":3,"SLOID":"ch:1:sloid:89663","TU":11}},{"type":"Feature","id":1225,"geometry":{"type":"Point","coordinates":[8.36414412565855,47.07051483351233]},"properties":{"OBJECTID":1225,"UUID":"{7B764CDB-5A68-E611-B7C2-F04DA23F2F2A}","HSTNAME":"Adligenswil, Dorf","VMITTEL":2,"BFS_NR":1051,"GEMEINDE":"Adligenswil","EINWOHNER":889,"ARBEITSPL":426,"RADIUS":300,"DIDOKNR":89650,"ANGSTUFE":4,"SLOID":"ch:1:sloid:89650","TU":11}},{"type":"Feature","id":1226,"geometry":{"type":"Point","coordinates":[8.34844783490887,47.08407221397643]},"properties":{"OBJECTID":1226,"UUID":"{1AE9C1D5-5A68-E611-B7C2-F04DA23F2F2A}","HSTNAME":"Ebikon, Höchweid","VMITTEL":2,"BFS_NR":1054,"GEMEINDE":"Ebikon","EINWOHNER":1108,"ARBEITSPL":220,"RADIUS":300,"DIDOKNR":89662,"ANGSTUFE":3,"SLOID":"ch:1:sloid:89662","TU":11}},{"type":"Feature","id":1227,"geometry":{"type":"Point","coordinates":[8.348140513048328,47.09517094843722]},"properties":{"OBJECTID":1227,"UUID":"{2F794CDB-5A68-E611-B7C2-F04DA23F2F2A}","HSTNAME":"Buchrain, Dorf","VMITTEL":2,"BFS_NR":1052,"GEMEINDE":"Buchrain","EINWOHNER":891,"ARBEITSPL":365,"RADIUS":300,"DIDOKNR":89655,"ANGSTUFE":4,"SLOID":"ch:1:sloid:89655","TU":11}},{"type":"Feature","id":1228,"geometry":{"type":"Point","coordinates":[8.356437297871267,47.08751415443744]},"properties":{"OBJECTID":1228,"UUID":"{B7794CDB-5A68-E611-B7C2-F04DA23F2F2A}","HSTNAME":"Ebikon, Hartenfels","VMITTEL":2,"BFS_NR":1054,"GEMEINDE":"Ebikon","EINWOHNER":626,"ARBEITSPL":19,"RADIUS":300,"DIDOKNR":89661,"ANGSTUFE":3,"SLOID":"ch:1:sloid:89661","TU":11}},{"type":"Feature","id":1229,"geometry":{"type":"Point","coordinates":[8.344431599824627,47.08694884834568]},"properties":{"OBJECTID":1229,"UUID":"{04764CDB-5A68-E611-B7C2-F04DA23F2F2A}","HSTNAME":"Ebikon, Halte","VMITTEL":2,"BFS_NR":1054,"GEMEINDE":"Ebikon","EINWOHNER":39,"ARBEITSPL":948,"RADIUS":300,"DIDOKNR":89660,"ANGSTUFE":4,"SLOID":"ch:1:sloid:89660","TU":11}},{"type":"Feature","id":1230,"geometry":{"type":"Point","coordinates":[8.362677862129136,47.06586386606099]},"properties":{"OBJECTID":1230,"UUID":"{84774CDB-5A68-E611-B7C2-F04DA23F2F2A}","HSTNAME":"Adligenswil, Rigiblick","VMITTEL":2,"BFS_NR":1051,"GEMEINDE":"Adligenswil","EINWOHNER":961,"ARBEITSPL":265,"RADIUS":300,"DIDOKNR":89653,"ANGSTUFE":4,"SLOID":"ch:1:sloid:89653","TU":11}},{"type":"Feature","id":1231,"geometry":{"type":"Point","coordinates":[8.325509115207595,47.02118132512802]},"properties":{"OBJECTID":1231,"UUID":"{09764CDB-5A68-E611-B7C2-F04DA23F2F2A}","HSTNAME":"Horw, Felmis","VMITTEL":2,"BFS_NR":1058,"GEMEINDE":"Horw","EINWOHNER":414,"ARBEITSPL":56,"RADIUS":300,"DIDOKNR":89677,"ANGSTUFE":3,"SLOID":"ch:1:sloid:89677","TU":11}},{"type":"Feature","id":1232,"geometry":{"type":"Point","coordinates":[8.358813625660579,47.088356913720894]},"properties":{"OBJECTID":1232,"UUID":"{A2E7C1D5-5A68-E611-B7C2-F04DA23F2F2A}","HSTNAME":"Ebikon, Ottigenbühl","VMITTEL":2,"BFS_NR":1054,"GEMEINDE":"Ebikon","EINWOHNER":325,"ARBEITSPL":24,"RADIUS":300,"DIDOKNR":89667,"ANGSTUFE":3,"SLOID":"ch:1:sloid:89667","TU":11}},{"type":"Feature","id":1233,"geometry":{"type":"Point","coordinates":[8.356337078916779,47.06345589179867]},"properties":{"OBJECTID":1233,"UUID":"{A5784CDB-5A68-E611-B7C2-F04DA23F2F2A}","HSTNAME":"Adligenswil, Luegisland","VMITTEL":2,"BFS_NR":1051,"GEMEINDE":"Adligenswil","EINWOHNER":341,"ARBEITSPL":34,"RADIUS":300,"DIDOKNR":89652,"ANGSTUFE":4,"SLOID":"ch:1:sloid:89652","TU":11}},{"type":"Feature","id":1234,"geometry":{"type":"Point","coordinates":[8.335134592783314,47.07271933137626]},"properties":{"OBJECTID":1234,"UUID":"{91774CDB-5A68-E611-B7C2-F04DA23F2F2A}","HSTNAME":"Ebikon, Mühlegg","VMITTEL":2,"BFS_NR":1054,"GEMEINDE":"Ebikon","EINWOHNER":373,"ARBEITSPL":8,"RADIUS":300,"DIDOKNR":89666,"ANGSTUFE":3,"SLOID":"ch:1:sloid:89666","TU":11}},{"type":"Feature","id":1235,"geometry":{"type":"Point","coordinates":[8.30460248672348,47.008544822695114]},"properties":{"OBJECTID":1235,"UUID":"{D2784CDB-5A68-E611-B7C2-F04DA23F2F2A}","HSTNAME":"Horw, Ennethorw","VMITTEL":8,"BFS_NR":1058,"GEMEINDE":"Horw","EINWOHNER":715,"ARBEITSPL":79,"RADIUS":300,"DIDOKNR":89676,"ANGSTUFE":3,"SLOID":"ch:1:sloid:89676","TU":11}},{"type":"Feature","id":1236,"geometry":{"type":"Point","coordinates":[8.337436988163681,47.07407238883315]},"properties":{"OBJECTID":1236,"UUID":"{3E794CDB-5A68-E611-B7C2-F04DA23F2F2A}","HSTNAME":"Ebikon, Gerbe","VMITTEL":2,"BFS_NR":1054,"GEMEINDE":"Ebikon","EINWOHNER":444,"ARBEITSPL":53,"RADIUS":300,"DIDOKNR":89659,"ANGSTUFE":3,"SLOID":"ch:1:sloid:89659","TU":11}},{"type":"Feature","id":1237,"geometry":{"type":"Point","coordinates":[8.346409850725928,47.08496153424645]},"properties":{"OBJECTID":1237,"UUID":"{90794CDB-5A68-E611-B7C2-F04DA23F2F2A}","HSTNAME":"Ebikon, Weichlen","VMITTEL":2,"BFS_NR":1054,"GEMEINDE":"Ebikon","EINWOHNER":398,"ARBEITSPL":183,"RADIUS":300,"DIDOKNR":89665,"ANGSTUFE":5,"SLOID":"ch:1:sloid:89665","TU":11}},{"type":"Feature","id":1238,"geometry":{"type":"Point","coordinates":[8.334584608962624,47.012545766057706]},"properties":{"OBJECTID":1238,"UUID":"{FB774CDB-5A68-E611-B7C2-F04DA23F2F2A}","HSTNAME":"Kastanienbaum, Kreuzmatt","VMITTEL":2,"BFS_NR":1058,"GEMEINDE":"Horw","EINWOHNER":258,"ARBEITSPL":69,"RADIUS":300,"DIDOKNR":89683,"ANGSTUFE":3,"SLOID":"ch:1:sloid:89683","TU":11}},{"type":"Feature","id":1239,"geometry":{"type":"Point","coordinates":[8.343569732152812,47.106889690364255]},"properties":{"OBJECTID":1239,"UUID":"{A9E7C1D5-5A68-E611-B7C2-F04DA23F2F2A}","HSTNAME":"Buchrain, Sagenwald","VMITTEL":2,"BFS_NR":1052,"GEMEINDE":"Buchrain","EINWOHNER":23,"ARBEITSPL":493,"RADIUS":300,"DIDOKNR":89658,"ANGSTUFE":2,"SLOID":"ch:1:sloid:89658","TU":2}},{"type":"Feature","id":1240,"geometry":{"type":"Point","coordinates":[8.340650411252627,47.081392376530324]},"properties":{"OBJECTID":1240,"UUID":"{78774CDB-5A68-E611-B7C2-F04DA23F2F2A}","HSTNAME":"Ebikon, Ladengasse","VMITTEL":2,"BFS_NR":1054,"GEMEINDE":"Ebikon","EINWOHNER":379,"ARBEITSPL":397,"RADIUS":300,"DIDOKNR":89664,"ANGSTUFE":5,"SLOID":"ch:1:sloid:89664","TU":11}},{"type":"Feature","id":1241,"geometry":{"type":"Point","coordinates":[8.337861862640839,47.01428700365082]},"properties":{"OBJECTID":1241,"UUID":"{E6E7C1D5-5A68-E611-B7C2-F04DA23F2F2A}","HSTNAME":"Kastanienbaum, Krämerstein","VMITTEL":2,"BFS_NR":1058,"GEMEINDE":"Horw","EINWOHNER":150,"ARBEITSPL":22,"RADIUS":300,"DIDOKNR":89682,"ANGSTUFE":3,"SLOID":"ch:1:sloid:89682","TU":11}},{"type":"Feature","id":1242,"geometry":{"type":"Point","coordinates":[8.276032467927266,47.075681764924944]},"properties":{"OBJECTID":1242,"UUID":"{A0784CDB-5A68-E611-B7C2-F04DA23F2F2A}","HSTNAME":"Emmenbrücke, Krauerstrasse","VMITTEL":3,"BFS_NR":1024,"GEMEINDE":"Emmen","EINWOHNER":1210,"ARBEITSPL":1822,"RADIUS":300,"DIDOKNR":89671,"ANGSTUFE":5,"SLOID":"ch:1:sloid:89671","TU":11}},{"type":"Feature","id":1243,"geometry":{"type":"Point","coordinates":[8.310718370682803,47.020974894163636]},"properties":{"OBJECTID":1243,"UUID":"{49784CDB-5A68-E611-B7C2-F04DA23F2F2A}","HSTNAME":"Horw, Kirchweg","VMITTEL":8,"BFS_NR":1058,"GEMEINDE":"Horw","EINWOHNER":723,"ARBEITSPL":299,"RADIUS":300,"DIDOKNR":89681,"ANGSTUFE":5,"SLOID":"ch:1:sloid:89681","TU":11}},{"type":"Feature","id":1244,"geometry":{"type":"Point","coordinates":[8.35205261519008,47.091638663807636]},"properties":{"OBJECTID":1244,"UUID":"{49764CDB-5A68-E611-B7C2-F04DA23F2F2A}","HSTNAME":"Buchrain, Ronstrasse","VMITTEL":2,"BFS_NR":1052,"GEMEINDE":"Buchrain","EINWOHNER":600,"ARBEITSPL":2081,"RADIUS":300,"DIDOKNR":89657,"ANGSTUFE":4,"SLOID":"ch:1:sloid:89657","TU":11}},{"type":"Feature","id":1245,"geometry":{"type":"Point","coordinates":[8.351400393740985,47.094009169719556]},"properties":{"OBJECTID":1245,"UUID":"{BD774CDB-5A68-E611-B7C2-F04DA23F2F2A}","HSTNAME":"Buchrain, Kirchbreite","VMITTEL":2,"BFS_NR":1052,"GEMEINDE":"Buchrain","EINWOHNER":1278,"ARBEITSPL":60,"RADIUS":300,"DIDOKNR":89656,"ANGSTUFE":4,"SLOID":"ch:1:sloid:89656","TU":11}},{"type":"Feature","id":1246,"geometry":{"type":"Point","coordinates":[8.2784493644653,47.07270646036214]},"properties":{"OBJECTID":1246,"UUID":"{E5774CDB-5A68-E611-B7C2-F04DA23F2F2A}","HSTNAME":"Emmenbrücke, Viscosistadt","VMITTEL":3,"BFS_NR":1024,"GEMEINDE":"Emmen","EINWOHNER":725,"ARBEITSPL":472,"RADIUS":300,"DIDOKNR":89670,"ANGSTUFE":5,"SLOID":"ch:1:sloid:89670","TU":11}},{"type":"Feature","id":1247,"geometry":{"type":"Point","coordinates":[8.311141282932457,47.01477536463848]},"properties":{"OBJECTID":1247,"UUID":"{1E784CDB-5A68-E611-B7C2-F04DA23F2F2A}","HSTNAME":"Horw, Rank","VMITTEL":8,"BFS_NR":1058,"GEMEINDE":"Horw","EINWOHNER":1453,"ARBEITSPL":141,"RADIUS":300,"DIDOKNR":89687,"ANGSTUFE":4,"SLOID":"ch:1:sloid:89687","TU":11}},{"type":"Feature","id":1248,"geometry":{"type":"Point","coordinates":[8.338420077555494,47.079060467141694]},"properties":{"OBJECTID":1248,"UUID":"{11E8C1D5-5A68-E611-B7C2-F04DA23F2F2A}","HSTNAME":"Ebikon, Zentralschulhaus","VMITTEL":2,"BFS_NR":1054,"GEMEINDE":"Ebikon","EINWOHNER":426,"ARBEITSPL":144,"RADIUS":300,"DIDOKNR":89669,"ANGSTUFE":1,"SLOID":"ch:1:sloid:89669","TU":11}},{"type":"Feature","id":1249,"geometry":{"type":"Point","coordinates":[8.337838010574625,47.07702459918737]},"properties":{"OBJECTID":1249,"UUID":"{1D764CDB-5A68-E611-B7C2-F04DA23F2F2A}","HSTNAME":"Ebikon, Sagenschulhaus","VMITTEL":2,"BFS_NR":1054,"GEMEINDE":"Ebikon","EINWOHNER":599,"ARBEITSPL":98,"RADIUS":300,"DIDOKNR":89668,"ANGSTUFE":3,"SLOID":"ch:1:sloid:89668","TU":11}},{"type":"Feature","id":1250,"geometry":{"type":"Point","coordinates":[8.336014929036981,47.02159902321859]},"properties":{"OBJECTID":1250,"UUID":"{81794CDB-5A68-E611-B7C2-F04DA23F2F2A}","HSTNAME":"St. Niklausen LU, Mättiwil","VMITTEL":2,"BFS_NR":1058,"GEMEINDE":"Horw","EINWOHNER":43,"ARBEITSPL":11,"RADIUS":300,"DIDOKNR":89685,"ANGSTUFE":3,"SLOID":"ch:1:sloid:89685","TU":11}},{"type":"Feature","id":1251,"geometry":{"type":"Point","coordinates":[8.336898929076881,47.008858262467356]},"properties":{"OBJECTID":1251,"UUID":"{57774CDB-5A68-E611-B7C2-F04DA23F2F2A}","HSTNAME":"Kastanienbaum, Dorni","VMITTEL":2,"BFS_NR":1058,"GEMEINDE":"Horw","EINWOHNER":203,"ARBEITSPL":14,"RADIUS":300,"DIDOKNR":89675,"ANGSTUFE":3,"SLOID":"ch:1:sloid:89675","TU":11}},{"type":"Feature","id":1252,"geometry":{"type":"Point","coordinates":[8.328779000759738,47.018186762463216]},"properties":{"OBJECTID":1252,"UUID":"{2E784CDB-5A68-E611-B7C2-F04DA23F2F2A}","HSTNAME":"Horw, Buholz","VMITTEL":2,"BFS_NR":1058,"GEMEINDE":"Horw","EINWOHNER":73,"ARBEITSPL":12,"RADIUS":300,"DIDOKNR":89674,"ANGSTUFE":3,"SLOID":"ch:1:sloid:89674","TU":11}},{"type":"Feature","id":1253,"geometry":{"type":"Point","coordinates":[8.333580090617492,47.024676552130565]},"properties":{"OBJECTID":1253,"UUID":"{44764CDB-5A68-E611-B7C2-F04DA23F2F2A}","HSTNAME":"St. Niklausen LU, Langensand","VMITTEL":2,"BFS_NR":1058,"GEMEINDE":"Horw","EINWOHNER":192,"ARBEITSPL":28,"RADIUS":300,"DIDOKNR":89684,"ANGSTUFE":3,"SLOID":"ch:1:sloid:89684","TU":11}},{"type":"Feature","id":1254,"geometry":{"type":"Point","coordinates":[8.302624925887528,47.0155943020431]},"properties":{"OBJECTID":1254,"UUID":"{B9E8C1D5-5A68-E611-B7C2-F04DA23F2F2A}","HSTNAME":"Horw, Steinen","VMITTEL":2,"BFS_NR":1058,"GEMEINDE":"Horw","EINWOHNER":511,"ARBEITSPL":160,"RADIUS":300,"DIDOKNR":89691,"ANGSTUFE":3,"SLOID":"ch:1:sloid:89691","TU":11}},{"type":"Feature","id":1255,"geometry":{"type":"Point","coordinates":[8.31185211890447,47.0344443334362]},"properties":{"OBJECTID":1255,"UUID":"{BE794CDB-5A68-E611-B7C2-F04DA23F2F2A}","HSTNAME":"Horw, Biregghof","VMITTEL":5,"BFS_NR":1058,"GEMEINDE":"Horw","EINWOHNER":1133,"ARBEITSPL":58,"RADIUS":300,"DIDOKNR":89673,"ANGSTUFE":4,"SLOID":"ch:1:sloid:89673","TU":11}},{"type":"Feature","id":1256,"geometry":{"type":"Point","coordinates":[8.321169822903057,47.021966015983914]},"properties":{"OBJECTID":1256,"UUID":"{75764CDB-5A68-E611-B7C2-F04DA23F2F2A}","HSTNAME":"Horw, Stegen/Kirchfeld","VMITTEL":2,"BFS_NR":1058,"GEMEINDE":"Horw","EINWOHNER":603,"ARBEITSPL":87,"RADIUS":300,"DIDOKNR":89690,"ANGSTUFE":3,"SLOID":"ch:1:sloid:89690","TU":11}},{"type":"Feature","id":1257,"geometry":{"type":"Point","coordinates":[8.307535827680718,47.0183368683667]},"properties":{"OBJECTID":1257,"UUID":"{4A784CDB-5A68-E611-B7C2-F04DA23F2F2A}","HSTNAME":"Horw, Bahnhof","VMITTEL":2,"BFS_NR":1058,"GEMEINDE":"Horw","EINWOHNER":1431,"ARBEITSPL":471,"RADIUS":300,"DIDOKNR":89679,"ANGSTUFE":5,"SLOID":"ch:1:sloid:89679","TU":11}},{"type":"Feature","id":1258,"geometry":{"type":"Point","coordinates":[8.339096188448858,47.01865130298535]},"properties":{"OBJECTID":1258,"UUID":"{05774CDB-5A68-E611-B7C2-F04DA23F2F2A}","HSTNAME":"St. Niklausen LU, Unterwil","VMITTEL":2,"BFS_NR":1058,"GEMEINDE":"Horw","EINWOHNER":41,"ARBEITSPL":0,"RADIUS":300,"DIDOKNR":89689,"ANGSTUFE":3,"SLOID":"ch:1:sloid:89689","TU":11}},{"type":"Feature","id":1259,"geometry":{"type":"Point","coordinates":[8.336380418031311,47.02988919148293]},"properties":{"OBJECTID":1259,"UUID":"{08E9C1D5-5A68-E611-B7C2-F04DA23F2F2A}","HSTNAME":"St. Niklausen LU, Haslihorn","VMITTEL":2,"BFS_NR":1058,"GEMEINDE":"Horw","EINWOHNER":119,"ARBEITSPL":12,"RADIUS":300,"DIDOKNR":89678,"ANGSTUFE":3,"SLOID":"ch:1:sloid:89678","TU":11}},{"type":"Feature","id":1260,"geometry":{"type":"Point","coordinates":[8.305723345898159,47.01120382272233]},"properties":{"OBJECTID":1260,"UUID":"{6C774CDB-5A68-E611-B7C2-F04DA23F2F2A}","HSTNAME":"Horw, Spier","VMITTEL":8,"BFS_NR":1058,"GEMEINDE":"Horw","EINWOHNER":381,"ARBEITSPL":449,"RADIUS":300,"DIDOKNR":89688,"ANGSTUFE":4,"SLOID":"ch:1:sloid:89688","TU":11}},{"type":"Feature","id":1261,"geometry":{"type":"Point","coordinates":[8.338671339428775,47.01146331803169]},"properties":{"OBJECTID":1261,"UUID":"{2C794CDB-5A68-E611-B7C2-F04DA23F2F2A}","HSTNAME":"Kastanienbaum, Waldwinkel","VMITTEL":2,"BFS_NR":1058,"GEMEINDE":"Horw","EINWOHNER":102,"ARBEITSPL":38,"RADIUS":300,"DIDOKNR":89695,"ANGSTUFE":3,"SLOID":"ch:1:sloid:89695","TU":11}},{"type":"Feature","id":1262,"geometry":{"type":"Point","coordinates":[8.305196059720851,47.02688383394014]},"properties":{"OBJECTID":1262,"UUID":"{49794CDB-5A68-E611-B7C2-F04DA23F2F2A}","HSTNAME":"Horw, Waldegg","VMITTEL":8,"BFS_NR":1058,"GEMEINDE":"Horw","EINWOHNER":255,"ARBEITSPL":531,"RADIUS":300,"DIDOKNR":89694,"ANGSTUFE":4,"SLOID":"ch:1:sloid:89694","TU":11}},{"type":"Feature","id":1263,"geometry":{"type":"Point","coordinates":[8.30494602631917,47.01353479898436]},"properties":{"OBJECTID":1263,"UUID":"{E2794CDB-5A68-E611-B7C2-F04DA23F2F2A}","HSTNAME":"Horw, Technikumstrasse","VMITTEL":7,"BFS_NR":1058,"GEMEINDE":"Horw","EINWOHNER":438,"ARBEITSPL":700,"RADIUS":300,"DIDOKNR":89693,"ANGSTUFE":4,"SLOID":"ch:1:sloid:89693","TU":11}},{"type":"Feature","id":1264,"geometry":{"type":"Point","coordinates":[8.2265557841356,47.15181839628241]},"properties":{"OBJECTID":1264,"UUID":"{A4E7C1D5-5A68-E611-B7C2-F04DA23F2F2A}","HSTNAME":"Hildisrieden, Waldmatt","VMITTEL":2,"BFS_NR":1088,"GEMEINDE":"Hildisrieden","EINWOHNER":586,"ARBEITSPL":66,"RADIUS":300,"DIDOKNR":89988,"ANGSTUFE":2,"SLOID":"ch:1:sloid:89988","TU":1}},{"type":"Feature","id":1265,"geometry":{"type":"Point","coordinates":[8.334810949485547,47.03281967011578]},"properties":{"OBJECTID":1265,"UUID":"{C3774CDB-5A68-E611-B7C2-F04DA23F2F2A}","HSTNAME":"St. Niklausen LU, Stutz","VMITTEL":2,"BFS_NR":1058,"GEMEINDE":"Horw","EINWOHNER":462,"ARBEITSPL":22,"RADIUS":300,"DIDOKNR":89692,"ANGSTUFE":3,"SLOID":"ch:1:sloid:89692","TU":11}},{"type":"Feature","id":1266,"geometry":{"type":"Point","coordinates":[8.228151211297694,47.15130454337441]},"properties":{"OBJECTID":1266,"UUID":"{8A764CDB-5A68-E611-B7C2-F04DA23F2F2A}","HSTNAME":"Hildisrieden, Dorf","VMITTEL":2,"BFS_NR":1088,"GEMEINDE":"Hildisrieden","EINWOHNER":512,"ARBEITSPL":59,"RADIUS":300,"DIDOKNR":89987,"ANGSTUFE":2,"SLOID":"ch:1:sloid:89987","TU":1}},{"type":"Feature","id":1267,"geometry":{"type":"Point","coordinates":[8.294805521231247,47.07537433382563]},"properties":{"OBJECTID":1267,"UUID":"{A8754CDB-5A68-E611-B7C2-F04DA23F2F2A}","HSTNAME":"Emmen, Lindenfeldring","VMITTEL":2,"BFS_NR":1024,"GEMEINDE":"Emmen","EINWOHNER":303,"ARBEITSPL":227,"RADIUS":300,"DIDOKNR":89990,"ANGSTUFE":4,"SLOID":"ch:1:sloid:89990","TU":1}},{"type":"Feature","id":1268,"geometry":{"type":"Point","coordinates":[8.283661326973165,47.07090512790432]},"properties":{"OBJECTID":1268,"UUID":"{01774CDB-5A68-E611-B7C2-F04DA23F2F2A}","HSTNAME":"Emmenbrücke, Bahnhof Ost","VMITTEL":2,"BFS_NR":1024,"GEMEINDE":"Emmen","EINWOHNER":278,"ARBEITSPL":117,"RADIUS":300,"DIDOKNR":89989,"ANGSTUFE":4,"SLOID":"ch:1:sloid:89989","TU":1}},{"type":"Feature","id":1269,"geometry":{"type":"Point","coordinates":[8.348724518634096,47.057385299601606]},"properties":{"OBJECTID":1269,"UUID":"{21E8C1D5-5A68-E611-B7C2-F04DA23F2F2A}","HSTNAME":"Luzern, Schädrütihalde","VMITTEL":2,"BFS_NR":1061,"GEMEINDE":"Luzern","EINWOHNER":743,"ARBEITSPL":114,"RADIUS":300,"DIDOKNR":89830,"ANGSTUFE":4,"SLOID":"ch:1:sloid:89830","TU":11}},{"type":"Feature","id":1270,"geometry":{"type":"Point","coordinates":[8.305210253328784,47.0605929500336]},"properties":{"OBJECTID":1270,"UUID":"{AE784CDB-5A68-E611-B7C2-F04DA23F2F2A}","HSTNAME":"Luzern, Rosenberg","VMITTEL":2,"BFS_NR":1061,"GEMEINDE":"Luzern","EINWOHNER":790,"ARBEITSPL":178,"RADIUS":300,"DIDOKNR":89828,"ANGSTUFE":5,"SLOID":"ch:1:sloid:89828","TU":11}},{"type":"Feature","id":1271,"geometry":{"type":"Point","coordinates":[8.297457450412377,47.04446881066566]},"properties":{"OBJECTID":1271,"UUID":"{3C764CDB-5A68-E611-B7C2-F04DA23F2F2A}","HSTNAME":"Luzern, Sonnenbergstrasse","VMITTEL":8,"BFS_NR":1061,"GEMEINDE":"Luzern","EINWOHNER":726,"ARBEITSPL":156,"RADIUS":300,"DIDOKNR":89835,"ANGSTUFE":3,"SLOID":"ch:1:sloid:89835","TU":11}},{"type":"Feature","id":1272,"geometry":{"type":"Point","coordinates":[8.34686567202651,47.04518469644503]},"properties":{"OBJECTID":1272,"UUID":"{EA794CDB-5A68-E611-B7C2-F04DA23F2F2A}","HSTNAME":"Luzern, Seeburg-Schifflände","VMITTEL":8,"BFS_NR":1061,"GEMEINDE":"Luzern","EINWOHNER":264,"ARBEITSPL":26,"RADIUS":300,"DIDOKNR":89834,"ANGSTUFE":4,"SLOID":"ch:1:sloid:89834","TU":11}},{"type":"Feature","id":1273,"geometry":{"type":"Point","coordinates":[8.322476437839683,47.039803247239696]},"properties":{"OBJECTID":1273,"UUID":"{FAE7C1D5-5A68-E611-B7C2-F04DA23F2F2A}","HSTNAME":"Luzern, Wartegg","VMITTEL":5,"BFS_NR":1061,"GEMEINDE":"Luzern","EINWOHNER":573,"ARBEITSPL":167,"RADIUS":300,"DIDOKNR":89845,"ANGSTUFE":5,"SLOID":"ch:1:sloid:89845","TU":11}},{"type":"Feature","id":1274,"geometry":{"type":"Point","coordinates":[8.339311001668511,47.05641871076692]},"properties":{"OBJECTID":1274,"UUID":"{36E8C1D5-5A68-E611-B7C2-F04DA23F2F2A}","HSTNAME":"Luzern, Schlösslirain","VMITTEL":2,"BFS_NR":1061,"GEMEINDE":"Luzern","EINWOHNER":283,"ARBEITSPL":58,"RADIUS":300,"DIDOKNR":89833,"ANGSTUFE":4,"SLOID":"ch:1:sloid:89833","TU":11}},{"type":"Feature","id":1275,"geometry":{"type":"Point","coordinates":[8.2997747828231,47.04894275006407]},"properties":{"OBJECTID":1275,"UUID":"{8AE8C1D5-5A68-E611-B7C2-F04DA23F2F2A}","HSTNAME":"Luzern, Zähringerstrasse","VMITTEL":8,"BFS_NR":1061,"GEMEINDE":"Luzern","EINWOHNER":1183,"ARBEITSPL":1212,"RADIUS":300,"DIDOKNR":89851,"ANGSTUFE":4,"SLOID":"ch:1:sloid:89851","TU":11}},{"type":"Feature","id":1276,"geometry":{"type":"Point","coordinates":[8.344248046423488,47.05606775084554]},"properties":{"OBJECTID":1276,"UUID":"{75794CDB-5A68-E611-B7C2-F04DA23F2F2A}","HSTNAME":"Luzern, Schlösslihalde","VMITTEL":2,"BFS_NR":1061,"GEMEINDE":"Luzern","EINWOHNER":581,"ARBEITSPL":37,"RADIUS":300,"DIDOKNR":89832,"ANGSTUFE":5,"SLOID":"ch:1:sloid:89832","TU":11}},{"type":"Feature","id":1277,"geometry":{"type":"Point","coordinates":[8.344072203701396,47.054757456506735]},"properties":{"OBJECTID":1277,"UUID":"{177A4CDB-5A68-E611-B7C2-F04DA23F2F2A}","HSTNAME":"Luzern, Würzenbachmatte","VMITTEL":5,"BFS_NR":1061,"GEMEINDE":"Luzern","EINWOHNER":503,"ARBEITSPL":364,"RADIUS":300,"DIDOKNR":89850,"ANGSTUFE":4,"SLOID":"ch:1:sloid:89850","TU":11}},{"type":"Feature","id":1278,"geometry":{"type":"Point","coordinates":[8.295713189865188,47.04154439943221]},"properties":{"OBJECTID":1278,"UUID":"{1DE8C1D5-5A68-E611-B7C2-F04DA23F2F2A}","HSTNAME":"Luzern, Steinhofrain","VMITTEL":8,"BFS_NR":1061,"GEMEINDE":"Luzern","EINWOHNER":428,"ARBEITSPL":22,"RADIUS":300,"DIDOKNR":89839,"ANGSTUFE":3,"SLOID":"ch:1:sloid:89839","TU":11}},{"type":"Feature","id":1279,"geometry":{"type":"Point","coordinates":[8.349615262349614,47.0564039080972]},"properties":{"OBJECTID":1279,"UUID":"{4FE8C1D5-5A68-E611-B7C2-F04DA23F2F2A}","HSTNAME":"Luzern, Würzenbach","VMITTEL":5,"BFS_NR":1061,"GEMEINDE":"Luzern","EINWOHNER":872,"ARBEITSPL":70,"RADIUS":300,"DIDOKNR":89849,"ANGSTUFE":4,"SLOID":"ch:1:sloid:89849","TU":11}},{"type":"Feature","id":1280,"geometry":{"type":"Point","coordinates":[8.309415850881933,47.058820706872815]},"properties":{"OBJECTID":1280,"UUID":"{F6E7C1D5-5A68-E611-B7C2-F04DA23F2F2A}","HSTNAME":"Luzern, Wesemlinrain","VMITTEL":3,"BFS_NR":1061,"GEMEINDE":"Luzern","EINWOHNER":1221,"ARBEITSPL":646,"RADIUS":300,"DIDOKNR":89848,"ANGSTUFE":5,"SLOID":"ch:1:sloid:89848","TU":11}},{"type":"Feature","id":1281,"geometry":{"type":"Point","coordinates":[8.299290381523306,47.041892620833536]},"properties":{"OBJECTID":1281,"UUID":"{92764CDB-5A68-E611-B7C2-F04DA23F2F2A}","HSTNAME":"Luzern, Steinhof","VMITTEL":2,"BFS_NR":1061,"GEMEINDE":"Luzern","EINWOHNER":477,"ARBEITSPL":485,"RADIUS":300,"DIDOKNR":89838,"ANGSTUFE":3,"SLOID":"ch:1:sloid:89838","TU":11}},{"type":"Feature","id":1282,"geometry":{"type":"Point","coordinates":[8.35812719145287,47.050948346686944]},"properties":{"OBJECTID":1282,"UUID":"{6A784CDB-5A68-E611-B7C2-F04DA23F2F2A}","HSTNAME":"Meggen, Buchmatt","VMITTEL":2,"BFS_NR":1063,"GEMEINDE":"Meggen","EINWOHNER":223,"ARBEITSPL":50,"RADIUS":300,"DIDOKNR":89855,"ANGSTUFE":3,"SLOID":"ch:1:sloid:89855","TU":11}},{"type":"Feature","id":1283,"geometry":{"type":"Point","coordinates":[8.308510512440503,47.0401116249099]},"properties":{"OBJECTID":1283,"UUID":"{79784CDB-5A68-E611-B7C2-F04DA23F2F2A}","HSTNAME":"Luzern, Steghof","VMITTEL":5,"BFS_NR":1061,"GEMEINDE":"Luzern","EINWOHNER":1700,"ARBEITSPL":762,"RADIUS":300,"DIDOKNR":89837,"ANGSTUFE":4,"SLOID":"ch:1:sloid:89837","TU":11}},{"type":"Feature","id":1284,"geometry":{"type":"Point","coordinates":[8.318413403994008,47.063258905123334]},"properties":{"OBJECTID":1284,"UUID":"{F6794CDB-5A68-E611-B7C2-F04DA23F2F2A}","HSTNAME":"Luzern, Zwyssigplatz","VMITTEL":5,"BFS_NR":1061,"GEMEINDE":"Luzern","EINWOHNER":594,"ARBEITSPL":40,"RADIUS":300,"DIDOKNR":89854,"ANGSTUFE":4,"SLOID":"ch:1:sloid:89854","TU":11}},{"type":"Feature","id":1285,"geometry":{"type":"Point","coordinates":[8.292906101338325,47.05626041507815]},"properties":{"OBJECTID":1285,"UUID":"{08794CDB-5A68-E611-B7C2-F04DA23F2F2A}","HSTNAME":"Luzern, St. Karli","VMITTEL":2,"BFS_NR":1061,"GEMEINDE":"Luzern","EINWOHNER":418,"ARBEITSPL":313,"RADIUS":300,"DIDOKNR":89836,"ANGSTUFE":5,"SLOID":"ch:1:sloid:89836","TU":11}},{"type":"Feature","id":1286,"geometry":{"type":"Point","coordinates":[8.327882863327991,47.03441000145816]},"properties":{"OBJECTID":1286,"UUID":"{74764CDB-5A68-E611-B7C2-F04DA23F2F2A}","HSTNAME":"Luzern, Zumbachhof","VMITTEL":2,"BFS_NR":1061,"GEMEINDE":"Luzern","EINWOHNER":880,"ARBEITSPL":44,"RADIUS":300,"DIDOKNR":89853,"ANGSTUFE":4,"SLOID":"ch:1:sloid:89853","TU":11}},{"type":"Feature","id":1287,"geometry":{"type":"Point","coordinates":[8.312747004357213,47.036669968553895]},"properties":{"OBJECTID":1287,"UUID":"{D6E7C1D5-5A68-E611-B7C2-F04DA23F2F2A}","HSTNAME":"Luzern, Rodtegg","VMITTEL":2,"BFS_NR":1061,"GEMEINDE":"Luzern","EINWOHNER":457,"ARBEITSPL":375,"RADIUS":300,"DIDOKNR":89827,"ANGSTUFE":4,"SLOID":"ch:1:sloid:89827","TU":11}},{"type":"Feature","id":1288,"geometry":{"type":"Point","coordinates":[8.294552264941775,47.046990017944744]},"properties":{"OBJECTID":1288,"UUID":"{2C784CDB-5A68-E611-B7C2-F04DA23F2F2A}","HSTNAME":"Luzern, Untergütsch","VMITTEL":8,"BFS_NR":1061,"GEMEINDE":"Luzern","EINWOHNER":205,"ARBEITSPL":18,"RADIUS":300,"DIDOKNR":89843,"ANGSTUFE":4,"SLOID":"ch:1:sloid:89843","TU":11}},{"type":"Feature","id":1289,"geometry":{"type":"Point","coordinates":[8.303570176729954,47.03148868788282]},"properties":{"OBJECTID":1289,"UUID":"{E5784CDB-5A68-E611-B7C2-F04DA23F2F2A}","HSTNAME":"Luzern, Zihlmattweg","VMITTEL":8,"BFS_NR":1061,"GEMEINDE":"Luzern","EINWOHNER":484,"ARBEITSPL":929,"RADIUS":300,"DIDOKNR":89852,"ANGSTUFE":4,"SLOID":"ch:1:sloid:89852","TU":11}},{"type":"Feature","id":1290,"geometry":{"type":"Point","coordinates":[8.330472995698834,47.058757610598306]},"properties":{"OBJECTID":1290,"UUID":"{DD794CDB-5A68-E611-B7C2-F04DA23F2F2A}","HSTNAME":"Luzern, Rigistrasse","VMITTEL":2,"BFS_NR":1061,"GEMEINDE":"Luzern","EINWOHNER":596,"ARBEITSPL":123,"RADIUS":300,"DIDOKNR":89826,"ANGSTUFE":4,"SLOID":"ch:1:sloid:89826","TU":11}},{"type":"Feature","id":1291,"geometry":{"type":"Point","coordinates":[8.313255368294287,47.04113578979559]},"properties":{"OBJECTID":1291,"UUID":"{E6774CDB-5A68-E611-B7C2-F04DA23F2F2A}","HSTNAME":"Luzern, Tiefe","VMITTEL":2,"BFS_NR":1061,"GEMEINDE":"Luzern","EINWOHNER":919,"ARBEITSPL":248,"RADIUS":300,"DIDOKNR":89842,"ANGSTUFE":4,"SLOID":"ch:1:sloid:89842","TU":11}},{"type":"Feature","id":1292,"geometry":{"type":"Point","coordinates":[8.3717599643467,47.04684365709248]},"properties":{"OBJECTID":1292,"UUID":"{51E8C1D5-5A68-E611-B7C2-F04DA23F2F2A}","HSTNAME":"Meggen, Piuskirche","VMITTEL":2,"BFS_NR":1063,"GEMEINDE":"Meggen","EINWOHNER":189,"ARBEITSPL":170,"RADIUS":300,"DIDOKNR":89859,"ANGSTUFE":3,"SLOID":"ch:1:sloid:89859","TU":11}},{"type":"Feature","id":1293,"geometry":{"type":"Point","coordinates":[8.312686582423893,47.038269983210995]},"properties":{"OBJECTID":1293,"UUID":"{ABE8C1D5-5A68-E611-B7C2-F04DA23F2F2A}","HSTNAME":"Luzern, Sternmatt","VMITTEL":5,"BFS_NR":1061,"GEMEINDE":"Luzern","EINWOHNER":743,"ARBEITSPL":120,"RADIUS":300,"DIDOKNR":89841,"ANGSTUFE":4,"SLOID":"ch:1:sloid:89841","TU":11}},{"type":"Feature","id":1294,"geometry":{"type":"Point","coordinates":[8.28905646612009,47.05797312547822]},"properties":{"OBJECTID":1294,"UUID":"{E7754CDB-5A68-E611-B7C2-F04DA23F2F2A}","HSTNAME":"Luzern, Reussport","VMITTEL":2,"BFS_NR":1061,"GEMEINDE":"Luzern","EINWOHNER":518,"ARBEITSPL":173,"RADIUS":300,"DIDOKNR":89824,"ANGSTUFE":4,"SLOID":"ch:1:sloid:89824","TU":11}},{"type":"Feature","id":1295,"geometry":{"type":"Point","coordinates":[8.369014316970144,47.04940270838776]},"properties":{"OBJECTID":1295,"UUID":"{36794CDB-5A68-E611-B7C2-F04DA23F2F2A}","HSTNAME":"Meggen, Klösterli","VMITTEL":2,"BFS_NR":1063,"GEMEINDE":"Meggen","EINWOHNER":490,"ARBEITSPL":133,"RADIUS":300,"DIDOKNR":89858,"ANGSTUFE":3,"SLOID":"ch:1:sloid:89858","TU":11}},{"type":"Feature","id":1296,"geometry":{"type":"Point","coordinates":[8.295656980869298,47.045439892546455]},"properties":{"OBJECTID":1296,"UUID":"{6BE8C1D5-5A68-E611-B7C2-F04DA23F2F2A}","HSTNAME":"Luzern, Steinhofstrasse","VMITTEL":8,"BFS_NR":1061,"GEMEINDE":"Luzern","EINWOHNER":95,"ARBEITSPL":27,"RADIUS":300,"DIDOKNR":89840,"ANGSTUFE":4,"SLOID":"ch:1:sloid:89840","TU":11}},{"type":"Feature","id":1297,"geometry":{"type":"Point","coordinates":[8.308881682948654,47.06159538084929]},"properties":{"OBJECTID":1297,"UUID":"{49774CDB-5A68-E611-B7C2-F04DA23F2F2A}","HSTNAME":"Luzern, Schlossberg","VMITTEL":3,"BFS_NR":1061,"GEMEINDE":"Luzern","EINWOHNER":930,"ARBEITSPL":489,"RADIUS":300,"DIDOKNR":89831,"ANGSTUFE":5,"SLOID":"ch:1:sloid:89831","TU":11}},{"type":"Feature","id":1298,"geometry":{"type":"Point","coordinates":[8.364132547191625,47.05025761865854]},"properties":{"OBJECTID":1298,"UUID":"{08784CDB-5A68-E611-B7C2-F04DA23F2F2A}","HSTNAME":"Meggen, Hochrüti","VMITTEL":2,"BFS_NR":1063,"GEMEINDE":"Meggen","EINWOHNER":409,"ARBEITSPL":84,"RADIUS":300,"DIDOKNR":89857,"ANGSTUFE":3,"SLOID":"ch:1:sloid:89857","TU":11}},{"type":"Feature","id":1299,"geometry":{"type":"Point","coordinates":[8.313770912311098,47.043369215349784]},"properties":{"OBJECTID":1299,"UUID":"{1CE8C1D5-5A68-E611-B7C2-F04DA23F2F2A}","HSTNAME":"Luzern, Werkhofstrasse","VMITTEL":3,"BFS_NR":1061,"GEMEINDE":"Luzern","EINWOHNER":877,"ARBEITSPL":3151,"RADIUS":300,"DIDOKNR":89847,"ANGSTUFE":5,"SLOID":"ch:1:sloid:89847","TU":11}},{"type":"Feature","id":1300,"geometry":{"type":"Point","coordinates":[8.353530273653451,47.05134034985188]},"properties":{"OBJECTID":1300,"UUID":"{06E8C1D5-5A68-E611-B7C2-F04DA23F2F2A}","HSTNAME":"Meggen, Englischer Friedhof","VMITTEL":2,"BFS_NR":1063,"GEMEINDE":"Meggen","EINWOHNER":236,"ARBEITSPL":7,"RADIUS":300,"DIDOKNR":89856,"ANGSTUFE":3,"SLOID":"ch:1:sloid:89856","TU":11}},{"type":"Feature","id":1301,"geometry":{"type":"Point","coordinates":[8.317210713548054,47.042448556443055]},"properties":{"OBJECTID":1301,"UUID":"{07774CDB-5A68-E611-B7C2-F04DA23F2F2A}","HSTNAME":"Luzern, Weinbergli","VMITTEL":5,"BFS_NR":1061,"GEMEINDE":"Luzern","EINWOHNER":1537,"ARBEITSPL":1381,"RADIUS":300,"DIDOKNR":89846,"ANGSTUFE":5,"SLOID":"ch:1:sloid:89846","TU":11}},{"type":"Feature","id":1302,"geometry":{"type":"Point","coordinates":[8.143574189290977,47.03654289517745]},"properties":{"OBJECTID":1302,"UUID":"{9D764CDB-5A68-E611-B7C2-F04DA23F2F2A}","HSTNAME":"Schachen LU, Dorf","VMITTEL":2,"BFS_NR":1009,"GEMEINDE":"Werthenstein","EINWOHNER":670,"ARBEITSPL":238,"RADIUS":300,"DIDOKNR":89866,"ANGSTUFE":1,"SLOID":"ch:1:sloid:89866","TU":11}},{"type":"Feature","id":1303,"geometry":{"type":"Point","coordinates":[8.101851656526266,47.05610103546674]},"properties":{"OBJECTID":1303,"UUID":"{6C794CDB-5A68-E611-B7C2-F04DA23F2F2A}","HSTNAME":"Werthenstein, Dorf","VMITTEL":2,"BFS_NR":1098,"GEMEINDE":"Ruswil","EINWOHNER":284,"ARBEITSPL":36,"RADIUS":300,"DIDOKNR":89865,"ANGSTUFE":1,"SLOID":"ch:1:sloid:89865","TU":11}},{"type":"Feature","id":1304,"geometry":{"type":"Point","coordinates":[8.28450000820582,47.06367001018682]},"properties":{"OBJECTID":1304,"UUID":"{A0E7C1D5-5A68-E611-B7C2-F04DA23F2F2A}","HSTNAME":"Luzern, Schiff","VMITTEL":3,"BFS_NR":1061,"GEMEINDE":"Luzern","EINWOHNER":414,"ARBEITSPL":85,"RADIUS":300,"DIDOKNR":89862,"ANGSTUFE":5,"SLOID":"ch:1:sloid:89862","TU":11}},{"type":"Feature","id":1305,"geometry":{"type":"Point","coordinates":[8.39041693496949,47.115560850840836]},"properties":{"OBJECTID":1305,"UUID":"{41774CDB-5A68-E611-B7C2-F04DA23F2F2A}","HSTNAME":"Root, Wilweg","VMITTEL":2,"BFS_NR":1065,"GEMEINDE":"Root","EINWOHNER":786,"ARBEITSPL":292,"RADIUS":300,"DIDOKNR":89864,"ANGSTUFE":5,"SLOID":"ch:1:sloid:89864","TU":11}},{"type":"Feature","id":1306,"geometry":{"type":"Point","coordinates":[8.286185010676219,47.05857319258132]},"properties":{"OBJECTID":1306,"UUID":"{9DE8C1D5-5A68-E611-B7C2-F04DA23F2F2A}","HSTNAME":"Luzern, Fluhmühle","VMITTEL":3,"BFS_NR":1061,"GEMEINDE":"Luzern","EINWOHNER":1048,"ARBEITSPL":175,"RADIUS":300,"DIDOKNR":89861,"ANGSTUFE":5,"SLOID":"ch:1:sloid:89861","TU":11}},{"type":"Feature","id":1307,"geometry":{"type":"Point","coordinates":[8.260846262724366,47.03511850908255]},"properties":{"OBJECTID":1307,"UUID":"{B0794CDB-5A68-E611-B7C2-F04DA23F2F2A}","HSTNAME":"Obernau, Hammerschmiede","VMITTEL":3,"BFS_NR":1059,"GEMEINDE":"Kriens","EINWOHNER":563,"ARBEITSPL":20,"RADIUS":300,"DIDOKNR":89860,"ANGSTUFE":5,"SLOID":"ch:1:sloid:89860","TU":11}},{"type":"Feature","id":1308,"geometry":{"type":"Point","coordinates":[8.391253014197705,47.19222220674067]},"properties":{"OBJECTID":1308,"UUID":"{DB754CDB-5A68-E611-B7C2-F04DA23F2F2A}","HSTNAME":"Sins, Bachtal","VMITTEL":2,"BFS_NR":4239,"GEMEINDE":"Sins","EINWOHNER":0,"ARBEITSPL":0,"RADIUS":300,"DIDOKNR":90266,"ANGSTUFE":null,"SLOID":"ch:1:sloid:90266","TU":4}},{"type":"Feature","id":1309,"geometry":{"type":"Point","coordinates":[8.265175160808669,47.06231401067079]},"properties":{"OBJECTID":1309,"UUID":"{82774CDB-5A68-E611-B7C2-F04DA23F2F2A}","HSTNAME":"Luzern, Schachenhof","VMITTEL":2,"BFS_NR":1061,"GEMEINDE":"Luzern","EINWOHNER":6,"ARBEITSPL":448,"RADIUS":300,"DIDOKNR":90364,"ANGSTUFE":2,"SLOID":"ch:1:sloid:90364","TU":1}},{"type":"Feature","id":1310,"geometry":{"type":"Point","coordinates":[8.287968825417805,47.080183685465585]},"properties":{"OBJECTID":1310,"UUID":"{33E9C1D5-5A68-E611-B7C2-F04DA23F2F2A}","HSTNAME":"Emmen, Schwimmbad Mooshüsli","VMITTEL":2,"BFS_NR":1024,"GEMEINDE":"Emmen","EINWOHNER":134,"ARBEITSPL":62,"RADIUS":300,"DIDOKNR":90369,"ANGSTUFE":4,"SLOID":"ch:1:sloid:90369","TU":1}},{"type":"Feature","id":1311,"geometry":{"type":"Point","coordinates":[8.291470414138315,47.07596585466269]},"properties":{"OBJECTID":1311,"UUID":"{E0794CDB-5A68-E611-B7C2-F04DA23F2F2A}","HSTNAME":"Emmen, Lindenheim","VMITTEL":2,"BFS_NR":1024,"GEMEINDE":"Emmen","EINWOHNER":1836,"ARBEITSPL":390,"RADIUS":300,"DIDOKNR":90368,"ANGSTUFE":4,"SLOID":"ch:1:sloid:90368","TU":1}},{"type":"Feature","id":1312,"geometry":{"type":"Point","coordinates":[8.2636828641385,47.084255660020716]},"properties":{"OBJECTID":1312,"UUID":"{F7784CDB-5A68-E611-B7C2-F04DA23F2F2A}","HSTNAME":"Emmenbrücke, Chörbli","VMITTEL":2,"BFS_NR":1024,"GEMEINDE":"Emmen","EINWOHNER":825,"ARBEITSPL":41,"RADIUS":300,"DIDOKNR":90375,"ANGSTUFE":1,"SLOID":"ch:1:sloid:90375","TU":1}},{"type":"Feature","id":1313,"geometry":{"type":"Point","coordinates":[8.291962120338361,47.07078103743843]},"properties":{"OBJECTID":1313,"UUID":"{0D7A4CDB-5A68-E611-B7C2-F04DA23F2F2A}","HSTNAME":"Emmenbrücke, Sedelstrasse","VMITTEL":2,"BFS_NR":1024,"GEMEINDE":"Emmen","EINWOHNER":684,"ARBEITSPL":877,"RADIUS":300,"DIDOKNR":90374,"ANGSTUFE":3,"SLOID":"ch:1:sloid:90374","TU":1}},{"type":"Feature","id":1314,"geometry":{"type":"Point","coordinates":[8.295087975897008,47.07244869332982]},"properties":{"OBJECTID":1314,"UUID":"{C1794CDB-5A68-E611-B7C2-F04DA23F2F2A}","HSTNAME":"Emmenbrücke, Schwanderhofstr.","VMITTEL":2,"BFS_NR":1024,"GEMEINDE":"Emmen","EINWOHNER":452,"ARBEITSPL":21,"RADIUS":300,"DIDOKNR":90373,"ANGSTUFE":3,"SLOID":"ch:1:sloid:90373","TU":1}},{"type":"Feature","id":1315,"geometry":{"type":"Point","coordinates":[8.266539797608585,47.07925431274922]},"properties":{"OBJECTID":1315,"UUID":"{F9E7C1D5-5A68-E611-B7C2-F04DA23F2F2A}","HSTNAME":"Emmenbrücke, Listrig","VMITTEL":2,"BFS_NR":1024,"GEMEINDE":"Emmen","EINWOHNER":489,"ARBEITSPL":10,"RADIUS":300,"DIDOKNR":90372,"ANGSTUFE":2,"SLOID":"ch:1:sloid:90372","TU":1}},{"type":"Feature","id":1316,"geometry":{"type":"Point","coordinates":[8.265942999197986,47.074542319036496]},"properties":{"OBJECTID":1316,"UUID":"{0E764CDB-5A68-E611-B7C2-F04DA23F2F2A}","HSTNAME":"Emmenbrücke, Untere Wiese","VMITTEL":2,"BFS_NR":1024,"GEMEINDE":"Emmen","EINWOHNER":499,"ARBEITSPL":48,"RADIUS":300,"DIDOKNR":90379,"ANGSTUFE":3,"SLOID":"ch:1:sloid:90379","TU":1}},{"type":"Feature","id":1317,"geometry":{"type":"Point","coordinates":[8.269220197711864,47.07823309579973]},"properties":{"OBJECTID":1317,"UUID":"{20E9C1D5-5A68-E611-B7C2-F04DA23F2F2A}","HSTNAME":"Emmenbrücke, Reform. Kirche","VMITTEL":2,"BFS_NR":1024,"GEMEINDE":"Emmen","EINWOHNER":418,"ARBEITSPL":102,"RADIUS":300,"DIDOKNR":90378,"ANGSTUFE":2,"SLOID":"ch:1:sloid:90378","TU":1}},{"type":"Feature","id":1318,"geometry":{"type":"Point","coordinates":[8.257071554717061,47.072084235333314]},"properties":{"OBJECTID":1318,"UUID":"{E3E8C1D5-5A68-E611-B7C2-F04DA23F2F2A}","HSTNAME":"Emmenbrücke, Neuhof","VMITTEL":2,"BFS_NR":1024,"GEMEINDE":"Emmen","EINWOHNER":793,"ARBEITSPL":38,"RADIUS":300,"DIDOKNR":90384,"ANGSTUFE":4,"SLOID":"ch:1:sloid:90384","TU":1}},{"type":"Feature","id":1319,"geometry":{"type":"Point","coordinates":[8.268680047290298,47.076132764522114]},"properties":{"OBJECTID":1319,"UUID":"{61794CDB-5A68-E611-B7C2-F04DA23F2F2A}","HSTNAME":"Emmenbrücke, Alp","VMITTEL":2,"BFS_NR":1024,"GEMEINDE":"Emmen","EINWOHNER":500,"ARBEITSPL":142,"RADIUS":300,"DIDOKNR":90377,"ANGSTUFE":3,"SLOID":"ch:1:sloid:90377","TU":1}},{"type":"Feature","id":1320,"geometry":{"type":"Point","coordinates":[8.280415234908249,47.089738462179966]},"properties":{"OBJECTID":1320,"UUID":"{48774CDB-5A68-E611-B7C2-F04DA23F2F2A}","HSTNAME":"Emmenbrücke, Benziwil Ost","VMITTEL":2,"BFS_NR":1024,"GEMEINDE":"Emmen","EINWOHNER":662,"ARBEITSPL":20,"RADIUS":300,"DIDOKNR":90391,"ANGSTUFE":4,"SLOID":"ch:1:sloid:90391","TU":1}},{"type":"Feature","id":1321,"geometry":{"type":"Point","coordinates":[8.271479072743201,47.07661625484013]},"properties":{"OBJECTID":1321,"UUID":"{257A4CDB-5A68-E611-B7C2-F04DA23F2F2A}","HSTNAME":"Emmenbrücke, Haldenring","VMITTEL":2,"BFS_NR":1024,"GEMEINDE":"Emmen","EINWOHNER":864,"ARBEITSPL":172,"RADIUS":300,"DIDOKNR":90376,"ANGSTUFE":3,"SLOID":"ch:1:sloid:90376","TU":1}},{"type":"Feature","id":1322,"geometry":{"type":"Point","coordinates":[8.281458430935686,47.08805021531896]},"properties":{"OBJECTID":1322,"UUID":"{AA794CDB-5A68-E611-B7C2-F04DA23F2F2A}","HSTNAME":"Emmenbrücke, Waldstrasse","VMITTEL":2,"BFS_NR":1024,"GEMEINDE":"Emmen","EINWOHNER":254,"ARBEITSPL":8,"RADIUS":300,"DIDOKNR":90390,"ANGSTUFE":4,"SLOID":"ch:1:sloid:90390","TU":1}},{"type":"Feature","id":1323,"geometry":{"type":"Point","coordinates":[8.259360335433934,47.072880394953884]},"properties":{"OBJECTID":1323,"UUID":"{74774CDB-5A68-E611-B7C2-F04DA23F2F2A}","HSTNAME":"Emmenbrücke, Obere Erlen","VMITTEL":2,"BFS_NR":1024,"GEMEINDE":"Emmen","EINWOHNER":845,"ARBEITSPL":73,"RADIUS":300,"DIDOKNR":90383,"ANGSTUFE":4,"SLOID":"ch:1:sloid:90383","TU":1}},{"type":"Feature","id":1324,"geometry":{"type":"Point","coordinates":[8.278577222381575,47.0845639528594]},"properties":{"OBJECTID":1324,"UUID":"{0F774CDB-5A68-E611-B7C2-F04DA23F2F2A}","HSTNAME":"Emmenbrücke, Schaubhus","VMITTEL":2,"BFS_NR":1024,"GEMEINDE":"Emmen","EINWOHNER":451,"ARBEITSPL":30,"RADIUS":300,"DIDOKNR":90389,"ANGSTUFE":4,"SLOID":"ch:1:sloid:90389","TU":1}},{"type":"Feature","id":1325,"geometry":{"type":"Point","coordinates":[8.263937649655384,47.075141445998284]},"properties":{"OBJECTID":1325,"UUID":"{46794CDB-5A68-E611-B7C2-F04DA23F2F2A}","HSTNAME":"Emmenbrücke, Erlenmatte","VMITTEL":2,"BFS_NR":1024,"GEMEINDE":"Emmen","EINWOHNER":250,"ARBEITSPL":91,"RADIUS":300,"DIDOKNR":90381,"ANGSTUFE":4,"SLOID":"ch:1:sloid:90381","TU":1}},{"type":"Feature","id":1326,"geometry":{"type":"Point","coordinates":[8.313090496081012,47.093542647076006]},"properties":{"OBJECTID":1326,"UUID":"{A5774CDB-5A68-E611-B7C2-F04DA23F2F2A}","HSTNAME":"Emmen, Hasli","VMITTEL":2,"BFS_NR":1024,"GEMEINDE":"Emmen","EINWOHNER":4,"ARBEITSPL":776,"RADIUS":300,"DIDOKNR":90367,"ANGSTUFE":3,"SLOID":"ch:1:sloid:90367","TU":1}},{"type":"Feature","id":1327,"geometry":{"type":"Point","coordinates":[8.277373480260563,47.081860262161975]},"properties":{"OBJECTID":1327,"UUID":"{65774CDB-5A68-E611-B7C2-F04DA23F2F2A}","HSTNAME":"Emmenbrücke, Ober Gersag","VMITTEL":2,"BFS_NR":1024,"GEMEINDE":"Emmen","EINWOHNER":744,"ARBEITSPL":21,"RADIUS":300,"DIDOKNR":90388,"ANGSTUFE":4,"SLOID":"ch:1:sloid:90388","TU":1}},{"type":"Feature","id":1328,"geometry":{"type":"Point","coordinates":[8.265639242707012,47.076190674009474]},"properties":{"OBJECTID":1328,"UUID":"{D4794CDB-5A68-E611-B7C2-F04DA23F2F2A}","HSTNAME":"Emmenbrücke, Erlenring","VMITTEL":2,"BFS_NR":1024,"GEMEINDE":"Emmen","EINWOHNER":587,"ARBEITSPL":32,"RADIUS":300,"DIDOKNR":90380,"ANGSTUFE":2,"SLOID":"ch:1:sloid:90380","TU":1}},{"type":"Feature","id":1329,"geometry":{"type":"Point","coordinates":[8.276370931609888,47.07069266114977]},"properties":{"OBJECTID":1329,"UUID":"{D8784CDB-5A68-E611-B7C2-F04DA23F2F2A}","HSTNAME":"Luzern, Rothenhalde","VMITTEL":2,"BFS_NR":1061,"GEMEINDE":"Luzern","EINWOHNER":624,"ARBEITSPL":600,"RADIUS":300,"DIDOKNR":90366,"ANGSTUFE":2,"SLOID":"ch:1:sloid:90366","TU":1}},{"type":"Feature","id":1330,"geometry":{"type":"Point","coordinates":[8.268871820457298,47.06640728034206]},"properties":{"OBJECTID":1330,"UUID":"{B1E8C1D5-5A68-E611-B7C2-F04DA23F2F2A}","HSTNAME":"Luzern, Staldenhof","VMITTEL":2,"BFS_NR":1061,"GEMEINDE":"Luzern","EINWOHNER":39,"ARBEITSPL":666,"RADIUS":300,"DIDOKNR":90365,"ANGSTUFE":2,"SLOID":"ch:1:sloid:90365","TU":1}},{"type":"Feature","id":1331,"geometry":{"type":"Point","coordinates":[8.275558883373591,47.08682100127374]},"properties":{"OBJECTID":1331,"UUID":"{01E9C1D5-5A68-E611-B7C2-F04DA23F2F2A}","HSTNAME":"Emmenbrücke, Hübeli","VMITTEL":2,"BFS_NR":1024,"GEMEINDE":"Emmen","EINWOHNER":666,"ARBEITSPL":205,"RADIUS":300,"DIDOKNR":90386,"ANGSTUFE":4,"SLOID":"ch:1:sloid:90386","TU":1}},{"type":"Feature","id":1332,"geometry":{"type":"Point","coordinates":[8.255190349185034,47.07399855684782]},"properties":{"OBJECTID":1332,"UUID":"{C1784CDB-5A68-E611-B7C2-F04DA23F2F2A}","HSTNAME":"Emmenbrücke, Schönbühl","VMITTEL":2,"BFS_NR":1024,"GEMEINDE":"Emmen","EINWOHNER":753,"ARBEITSPL":15,"RADIUS":300,"DIDOKNR":90385,"ANGSTUFE":3,"SLOID":"ch:1:sloid:90385","TU":1}},{"type":"Feature","id":1333,"geometry":{"type":"Point","coordinates":[7.958189201843381,47.282663640648224]},"properties":{"OBJECTID":1333,"UUID":"{C0794CDB-5A68-E611-B7C2-F04DA23F2F2A}","HSTNAME":"Zofingen, Heitere Hirschpark","VMITTEL":2,"BFS_NR":4289,"GEMEINDE":"Zofingen","EINWOHNER":0,"ARBEITSPL":0,"RADIUS":300,"DIDOKNR":90393,"ANGSTUFE":null,"SLOID":"ch:1:sloid:90393","TU":9}},{"type":"Feature","id":1334,"geometry":{"type":"Point","coordinates":[8.27834038251064,47.0884493020299]},"properties":{"OBJECTID":1334,"UUID":"{C1E7C1D5-5A68-E611-B7C2-F04DA23F2F2A}","HSTNAME":"Emmenbrücke, Benziwil West","VMITTEL":2,"BFS_NR":1024,"GEMEINDE":"Emmen","EINWOHNER":591,"ARBEITSPL":22,"RADIUS":300,"DIDOKNR":90392,"ANGSTUFE":4,"SLOID":"ch:1:sloid:90392","TU":1}},{"type":"Feature","id":1335,"geometry":{"type":"Point","coordinates":[8.44853469106874,47.10883101315178]},"properties":{"OBJECTID":1335,"UUID":"{FF794CDB-5A68-E611-B7C2-F04DA23F2F2A}","HSTNAME":"Küssnacht am Rigi, Fänn Süd","VMITTEL":2,"BFS_NR":1331,"GEMEINDE":"Küssnacht (SZ)","EINWOHNER":0,"ARBEITSPL":0,"RADIUS":300,"DIDOKNR":91755,"ANGSTUFE":null,"SLOID":"ch:1:sloid:91755","TU":4}},{"type":"Feature","id":1336,"geometry":{"type":"Point","coordinates":[7.988250413474714,47.12057887238145]},"properties":{"OBJECTID":1336,"UUID":"{A5764CDB-5A68-E611-B7C2-F04DA23F2F2A}","HSTNAME":"Willisau, Friedhof","VMITTEL":2,"BFS_NR":1151,"GEMEINDE":"Willisau","EINWOHNER":437,"ARBEITSPL":410,"RADIUS":300,"DIDOKNR":91790,"ANGSTUFE":2,"SLOID":"ch:1:sloid:91790","TU":2}},{"type":"Feature","id":1337,"geometry":{"type":"Point","coordinates":[7.992574479022619,47.12201534011674]},"properties":{"OBJECTID":1337,"UUID":"{52774CDB-5A68-E611-B7C2-F04DA23F2F2A}","HSTNAME":"Willisau, Leuenplatz","VMITTEL":2,"BFS_NR":1151,"GEMEINDE":"Willisau","EINWOHNER":264,"ARBEITSPL":106,"RADIUS":300,"DIDOKNR":91789,"ANGSTUFE":2,"SLOID":"ch:1:sloid:91789","TU":2}},{"type":"Feature","id":1338,"geometry":{"type":"Point","coordinates":[8.310165230229627,46.98261321321934]},"properties":{"OBJECTID":1338,"UUID":"{DF774CDB-5A68-E611-B7C2-F04DA23F2F2A}","HSTNAME":"Hergiswil NW, Bahnhof","VMITTEL":2,"BFS_NR":1507,"GEMEINDE":"Hergiswil (NW)","EINWOHNER":0,"ARBEITSPL":0,"RADIUS":300,"DIDOKNR":91817,"ANGSTUFE":null,"SLOID":"ch:1:sloid:91817","TU":1}},{"type":"Feature","id":1339,"geometry":{"type":"Point","coordinates":[8.324380997191863,47.05872425842904]},"properties":{"OBJECTID":1339,"UUID":"{64774CDB-5A68-E611-B7C2-F04DA23F2F2A}","HSTNAME":"Luzern, Klinik St. Anna","VMITTEL":2,"BFS_NR":1061,"GEMEINDE":"Luzern","EINWOHNER":226,"ARBEITSPL":74,"RADIUS":300,"DIDOKNR":91688,"ANGSTUFE":4,"SLOID":"ch:1:sloid:91688","TU":11}},{"type":"Feature","id":1340,"geometry":{"type":"Point","coordinates":[8.434111531050782,47.086943331750284]},"properties":{"OBJECTID":1340,"UUID":"{81784CDB-5A68-E611-B7C2-F04DA23F2F2A}","HSTNAME":"Küssnacht am Rigi, Chliarniweg","VMITTEL":2,"BFS_NR":1331,"GEMEINDE":"Küssnacht (SZ)","EINWOHNER":0,"ARBEITSPL":0,"RADIUS":300,"DIDOKNR":91703,"ANGSTUFE":null,"SLOID":"ch:1:sloid:91703","TU":7}},{"type":"Feature","id":1341,"geometry":{"type":"Point","coordinates":[8.193982871878886,47.23350094054962]},"properties":{"OBJECTID":1341,"UUID":"{C4784CDB-5A68-E611-B7C2-F04DA23F2F2A}","HSTNAME":"Menziken, Maihuserstrasse","VMITTEL":2,"BFS_NR":4139,"GEMEINDE":"Menziken","EINWOHNER":0,"ARBEITSPL":0,"RADIUS":300,"DIDOKNR":91707,"ANGSTUFE":null,"SLOID":"ch:1:sloid:91707","TU":1}},{"type":"Feature","id":1342,"geometry":{"type":"Point","coordinates":[8.435414088503595,47.03225807434054]},"properties":{"OBJECTID":1342,"UUID":"{E7774CDB-5A68-E611-B7C2-F04DA23F2F2A}","HSTNAME":"Weggis, Dorfplatz","VMITTEL":2,"BFS_NR":1069,"GEMEINDE":"Weggis","EINWOHNER":279,"ARBEITSPL":214,"RADIUS":300,"DIDOKNR":91706,"ANGSTUFE":4,"SLOID":"ch:1:sloid:91706","TU":7}},{"type":"Feature","id":1343,"geometry":{"type":"Point","coordinates":[8.373674259027707,47.104570779869135]},"properties":{"OBJECTID":1343,"UUID":"{34764CDB-5A68-E611-B7C2-F04DA23F2F2A}","HSTNAME":"Root D4, Bahnhof","VMITTEL":2,"BFS_NR":1065,"GEMEINDE":"Root","EINWOHNER":23,"ARBEITSPL":1707,"RADIUS":300,"DIDOKNR":91705,"ANGSTUFE":1,"SLOID":"ch:1:sloid:91705","TU":7}},{"type":"Feature","id":1344,"geometry":{"type":"Point","coordinates":[8.413019087863445,47.089548905196956]},"properties":{"OBJECTID":1344,"UUID":"{3FE8C1D5-5A68-E611-B7C2-F04DA23F2F2A}","HSTNAME":"Haltikon, Säge","VMITTEL":2,"BFS_NR":1331,"GEMEINDE":"Küssnacht (SZ)","EINWOHNER":0,"ARBEITSPL":0,"RADIUS":300,"DIDOKNR":91704,"ANGSTUFE":null,"SLOID":"ch:1:sloid:91704","TU":7}},{"type":"Feature","id":1345,"geometry":{"type":"Point","coordinates":[8.517511122267399,46.99399526317284]},"properties":{"OBJECTID":1345,"UUID":"{6DE8C1D5-5A68-E611-B7C2-F04DA23F2F2A}","HSTNAME":"Gersau, Felsenegg","VMITTEL":2,"BFS_NR":1311,"GEMEINDE":"Gersau","EINWOHNER":0,"ARBEITSPL":0,"RADIUS":300,"DIDOKNR":91890,"ANGSTUFE":null,"SLOID":"ch:1:sloid:91890","TU":7}},{"type":"Feature","id":1346,"geometry":{"type":"Point","coordinates":[8.454520697229398,47.02983184019961]},"properties":{"OBJECTID":1346,"UUID":"{6E784CDB-5A68-E611-B7C2-F04DA23F2F2A}","HSTNAME":"Weggis, Bannholz","VMITTEL":2,"BFS_NR":1069,"GEMEINDE":"Weggis","EINWOHNER":49,"ARBEITSPL":8,"RADIUS":300,"DIDOKNR":92423,"ANGSTUFE":1,"SLOID":"ch:1:sloid:92423","TU":7}},{"type":"Feature","id":1347,"geometry":{"type":"Point","coordinates":[8.441253137577625,47.079395012874265]},"properties":{"OBJECTID":1347,"UUID":"{38774CDB-5A68-E611-B7C2-F04DA23F2F2A}","HSTNAME":"Küssnacht am Rigi, Räbmatt","VMITTEL":2,"BFS_NR":1331,"GEMEINDE":"Küssnacht (SZ)","EINWOHNER":0,"ARBEITSPL":0,"RADIUS":300,"DIDOKNR":92405,"ANGSTUFE":null,"SLOID":"ch:1:sloid:92405","TU":7}},{"type":"Feature","id":1348,"geometry":{"type":"Point","coordinates":[8.461725743268506,47.024659144353244]},"properties":{"OBJECTID":1348,"UUID":"{FB794CDB-5A68-E611-B7C2-F04DA23F2F2A}","HSTNAME":"Weggis, Lützelau","VMITTEL":2,"BFS_NR":1069,"GEMEINDE":"Weggis","EINWOHNER":111,"ARBEITSPL":19,"RADIUS":300,"DIDOKNR":92427,"ANGSTUFE":3,"SLOID":"ch:1:sloid:92427","TU":7}},{"type":"Feature","id":1349,"geometry":{"type":"Point","coordinates":[8.45618387175783,47.0266505853988]},"properties":{"OBJECTID":1349,"UUID":"{A4784CDB-5A68-E611-B7C2-F04DA23F2F2A}","HSTNAME":"Weggis, Föhrenrain","VMITTEL":2,"BFS_NR":1069,"GEMEINDE":"Weggis","EINWOHNER":38,"ARBEITSPL":4,"RADIUS":300,"DIDOKNR":92425,"ANGSTUFE":1,"SLOID":"ch:1:sloid:92425","TU":7}},{"type":"Feature","id":1350,"geometry":{"type":"Point","coordinates":[8.451260717606406,47.03067926637966]},"properties":{"OBJECTID":1350,"UUID":"{8A794CDB-5A68-E611-B7C2-F04DA23F2F2A}","HSTNAME":"Weggis, Bodenberg","VMITTEL":2,"BFS_NR":1069,"GEMEINDE":"Weggis","EINWOHNER":62,"ARBEITSPL":4,"RADIUS":300,"DIDOKNR":92424,"ANGSTUFE":1,"SLOID":"ch:1:sloid:92424","TU":7}},{"type":"Feature","id":1351,"geometry":{"type":"Point","coordinates":[8.432638294292865,47.03232542527667]},"properties":{"OBJECTID":1351,"UUID":"{2D764CDB-5A68-E611-B7C2-F04DA23F2F2A}","HSTNAME":"Weggis, Paradiesweg","VMITTEL":2,"BFS_NR":1069,"GEMEINDE":"Weggis","EINWOHNER":359,"ARBEITSPL":172,"RADIUS":300,"DIDOKNR":92430,"ANGSTUFE":3,"SLOID":"ch:1:sloid:92430","TU":7}},{"type":"Feature","id":1352,"geometry":{"type":"Point","coordinates":[8.453776160944416,47.0280302735589]},"properties":{"OBJECTID":1352,"UUID":"{25764CDB-5A68-E611-B7C2-F04DA23F2F2A}","HSTNAME":"Weggis, Obstbaumstrasse","VMITTEL":2,"BFS_NR":1069,"GEMEINDE":"Weggis","EINWOHNER":116,"ARBEITSPL":10,"RADIUS":300,"DIDOKNR":92429,"ANGSTUFE":1,"SLOID":"ch:1:sloid:92429","TU":7}},{"type":"Feature","id":1353,"geometry":{"type":"Point","coordinates":[8.457323288547727,47.02499424477249]},"properties":{"OBJECTID":1353,"UUID":"{5D794CDB-5A68-E611-B7C2-F04DA23F2F2A}","HSTNAME":"Weggis, Magnolienweg","VMITTEL":2,"BFS_NR":1069,"GEMEINDE":"Weggis","EINWOHNER":36,"ARBEITSPL":17,"RADIUS":300,"DIDOKNR":92428,"ANGSTUFE":1,"SLOID":"ch:1:sloid:92428","TU":7}},{"type":"Feature","id":1354,"geometry":{"type":"Point","coordinates":[8.447199508775448,47.03440329511183]},"properties":{"OBJECTID":1354,"UUID":"{FF754CDB-5A68-E611-B7C2-F04DA23F2F2A}","HSTNAME":"Weggis, Tannenbergstrasse","VMITTEL":2,"BFS_NR":1069,"GEMEINDE":"Weggis","EINWOHNER":0,"ARBEITSPL":0,"RADIUS":300,"DIDOKNR":92433,"ANGSTUFE":1,"SLOID":"ch:1:sloid:92433","TU":7}},{"type":"Feature","id":1355,"geometry":{"type":"Point","coordinates":[8.278377110354322,47.16310159758462]},"properties":{"OBJECTID":1355,"UUID":"{EC754CDB-5A68-E611-B7C2-F04DA23F2F2A}","HSTNAME":"Hochdorf, Nunwilerstrasse","VMITTEL":2,"BFS_NR":1039,"GEMEINDE":"Römerswil","EINWOHNER":77,"ARBEITSPL":415,"RADIUS":300,"DIDOKNR":93393,"ANGSTUFE":1,"SLOID":"ch:1:sloid:93393","TU":4}},{"type":"Feature","id":1356,"geometry":{"type":"Point","coordinates":[8.29014758382358,47.16844826763077]},"properties":{"OBJECTID":1356,"UUID":"{A9754CDB-5A68-E611-B7C2-F04DA23F2F2A}","HSTNAME":"Hochdorf, Bankstrasse","VMITTEL":2,"BFS_NR":1031,"GEMEINDE":"Hochdorf","EINWOHNER":1033,"ARBEITSPL":490,"RADIUS":300,"DIDOKNR":93391,"ANGSTUFE":1,"SLOID":"ch:1:sloid:93391","TU":4}},{"type":"Feature","id":1357,"geometry":{"type":"Point","coordinates":[8.303324859369225,47.16845796324312]},"properties":{"OBJECTID":1357,"UUID":"{7A784CDB-5A68-E611-B7C2-F04DA23F2F2A}","HSTNAME":"Hochdorf, Heumoos","VMITTEL":2,"BFS_NR":1032,"GEMEINDE":"Hohenrain","EINWOHNER":450,"ARBEITSPL":187,"RADIUS":300,"DIDOKNR":93392,"ANGSTUFE":1,"SLOID":"ch:1:sloid:93392","TU":4}},{"type":"Feature","id":1358,"geometry":{"type":"Point","coordinates":[8.427476659376842,47.1365135732972]},"properties":{"OBJECTID":1358,"UUID":"{A267BB08-3B4A-ED11-AEC8-00505692A170}","HSTNAME":"Rotkreuz, Sagi","VMITTEL":2,"BFS_NR":1707,"GEMEINDE":"Risch","EINWOHNER":0,"ARBEITSPL":0,"RADIUS":300,"DIDOKNR":93431,"ANGSTUFE":null,"SLOID":"ch:1:sloid:93431","TU":4}},{"type":"Feature","id":1359,"geometry":{"type":"Point","coordinates":[8.428617013842114,47.14471668944752]},"properties":{"OBJECTID":1359,"UUID":"{E4BFBC77-134A-ED11-AEC8-00505692A170}","HSTNAME":"Rotkreuz, Industriestrasse","VMITTEL":2,"BFS_NR":1707,"GEMEINDE":"Risch","EINWOHNER":0,"ARBEITSPL":0,"RADIUS":300,"DIDOKNR":93430,"ANGSTUFE":null,"SLOID":"ch:1:sloid:93430","TU":4}},{"type":"Feature","id":1360,"geometry":{"type":"Point","coordinates":[8.434309211053641,47.14806786820734]},"properties":{"OBJECTID":1360,"UUID":"{DC794CDB-5A68-E611-B7C2-F04DA23F2F2A}","HSTNAME":"Rotkreuz, Blegi","VMITTEL":2,"BFS_NR":1707,"GEMEINDE":"Risch","EINWOHNER":0,"ARBEITSPL":0,"RADIUS":300,"DIDOKNR":93428,"ANGSTUFE":null,"SLOID":"ch:1:sloid:93428","TU":4}},{"type":"Feature","id":1361,"geometry":{"type":"Point","coordinates":[8.425476861094914,47.1352983613095]},"properties":{"OBJECTID":1361,"UUID":"{A27BD761-3B4A-ED11-AEC8-00505692A170}","HSTNAME":"Rotkreuz, Weihermatt","VMITTEL":2,"BFS_NR":1707,"GEMEINDE":"Risch","EINWOHNER":0,"ARBEITSPL":0,"RADIUS":300,"DIDOKNR":93434,"ANGSTUFE":null,"SLOID":"ch:1:sloid:93434","TU":4}},{"type":"Feature","id":1362,"geometry":{"type":"Point","coordinates":[8.42836631255245,47.13828703825927]},"properties":{"OBJECTID":1362,"UUID":"{14B71734-3B4A-ED11-AEC8-00505692A170}","HSTNAME":"Rotkreuz, Waldetenstrasse","VMITTEL":2,"BFS_NR":1707,"GEMEINDE":"Risch","EINWOHNER":0,"ARBEITSPL":0,"RADIUS":300,"DIDOKNR":93433,"ANGSTUFE":null,"SLOID":"ch:1:sloid:93433","TU":4}},{"type":"Feature","id":1363,"geometry":{"type":"Point","coordinates":[8.449506526800514,47.16941664374347]},"properties":{"OBJECTID":1363,"UUID":"{1E0378E7-6449-ED11-AEC8-00505692A170}","HSTNAME":"Hünenberg, Badi Hünenberg","VMITTEL":2,"BFS_NR":1703,"GEMEINDE":"Hünenberg","EINWOHNER":0,"ARBEITSPL":0,"RADIUS":300,"DIDOKNR":93423,"ANGSTUFE":null,"SLOID":"ch:1:sloid:93423","TU":4}},{"type":"Feature","id":1364,"geometry":{"type":"Point","coordinates":[8.42661385943093,47.17191830860087]},"properties":{"OBJECTID":1364,"UUID":"{5C7524F2-6A49-ED11-AEC8-00505692A170}","HSTNAME":"Hünenberg, Schmiedheim","VMITTEL":2,"BFS_NR":1703,"GEMEINDE":"Hünenberg","EINWOHNER":0,"ARBEITSPL":0,"RADIUS":300,"DIDOKNR":93426,"ANGSTUFE":null,"SLOID":"ch:1:sloid:93426","TU":4}},{"type":"Feature","id":1365,"geometry":{"type":"Point","coordinates":[8.44485867699873,47.16004807506724]},"properties":{"OBJECTID":1365,"UUID":"{B467B8BB-6A49-ED11-AEC8-00505692A170}","HSTNAME":"Hünenberg, Rothus","VMITTEL":2,"BFS_NR":1703,"GEMEINDE":"Hünenberg","EINWOHNER":0,"ARBEITSPL":0,"RADIUS":300,"DIDOKNR":93425,"ANGSTUFE":null,"SLOID":"ch:1:sloid:93425","TU":4}},{"type":"Feature","id":1366,"geometry":{"type":"Point","coordinates":[8.448205540110393,47.166180686263495]},"properties":{"OBJECTID":1366,"UUID":"{B24F7127-6A49-ED11-AEC8-00505692A170}","HSTNAME":"Hünenberg, Langrüti","VMITTEL":2,"BFS_NR":1703,"GEMEINDE":"Hünenberg","EINWOHNER":0,"ARBEITSPL":0,"RADIUS":300,"DIDOKNR":93424,"ANGSTUFE":null,"SLOID":"ch:1:sloid:93424","TU":4}},{"type":"Feature","id":1367,"geometry":{"type":"Point","coordinates":[7.930311304083762,47.28059885575977]},"properties":{"OBJECTID":1367,"UUID":"{F3E8C1D5-5A68-E611-B7C2-F04DA23F2F2A}","HSTNAME":"Strengelbach, Kath. Kirche","VMITTEL":2,"BFS_NR":4285,"GEMEINDE":"Strengelbach","EINWOHNER":0,"ARBEITSPL":0,"RADIUS":300,"DIDOKNR":93493,"ANGSTUFE":null,"SLOID":"ch:1:sloid:93493","TU":9}},{"type":"Feature","id":1368,"geometry":{"type":"Point","coordinates":[8.082140052914745,47.06753293908483]},"properties":{"OBJECTID":1368,"UUID":"{B5774CDB-5A68-E611-B7C2-F04DA23F2F2A}","HSTNAME":"Wolhusen, Tropenhaus","VMITTEL":2,"BFS_NR":1107,"GEMEINDE":"Wolhusen","EINWOHNER":17,"ARBEITSPL":30,"RADIUS":300,"DIDOKNR":93492,"ANGSTUFE":1,"SLOID":"ch:1:sloid:93492","TU":2}},{"type":"Feature","id":1369,"geometry":{"type":"Point","coordinates":[8.130003806483437,47.13866820074726]},"properties":{"OBJECTID":1369,"UUID":"{7BE8C1D5-5A68-E611-B7C2-F04DA23F2F2A}","HSTNAME":"Nottwil, Eymatt","VMITTEL":2,"BFS_NR":1094,"GEMEINDE":"Nottwil","EINWOHNER":711,"ARBEITSPL":549,"RADIUS":300,"DIDOKNR":93756,"ANGSTUFE":3,"SLOID":"ch:1:sloid:93756","TU":2}},{"type":"Feature","id":1370,"geometry":{"type":"Point","coordinates":[8.27728115922573,47.078831911863105]},"properties":{"OBJECTID":1370,"UUID":"{00E9C1D5-5A68-E611-B7C2-F04DA23F2F2A}","HSTNAME":"Emmenbrücke Gersag, Bahnhof","VMITTEL":2,"BFS_NR":1024,"GEMEINDE":"Emmen","EINWOHNER":474,"ARBEITSPL":793,"RADIUS":300,"DIDOKNR":94372,"ANGSTUFE":5,"SLOID":"ch:1:sloid:94372","TU":1}},{"type":"Feature","id":1371,"geometry":{"type":"Point","coordinates":[8.184020192616915,47.04252167183889]},"properties":{"OBJECTID":1371,"UUID":"{36784CDB-5A68-E611-B7C2-F04DA23F2F2A}","HSTNAME":"Malters, Emmenstrasse","VMITTEL":2,"BFS_NR":1062,"GEMEINDE":"Malters","EINWOHNER":1228,"ARBEITSPL":250,"RADIUS":300,"DIDOKNR":94401,"ANGSTUFE":0,"SLOID":"ch:1:sloid:94401","TU":11}},{"type":"Feature","id":1372,"geometry":{"type":"Point","coordinates":[8.13635764035141,47.24492456041325]},"properties":{"OBJECTID":1372,"UUID":"{60784CDB-5A68-E611-B7C2-F04DA23F2F2A}","HSTNAME":"Rickenbach LU, Bohler","VMITTEL":2,"BFS_NR":1097,"GEMEINDE":"Rickenbach","EINWOHNER":4,"ARBEITSPL":274,"RADIUS":300,"DIDOKNR":94183,"ANGSTUFE":1,"SLOID":"ch:1:sloid:94183","TU":1}},{"type":"Feature","id":1373,"geometry":{"type":"Point","coordinates":[8.147457964313258,47.22436626972968]},"properties":{"OBJECTID":1373,"UUID":"{BE774CDB-5A68-E611-B7C2-F04DA23F2F2A}","HSTNAME":"Rickenbach LU, Krümmigasse","VMITTEL":2,"BFS_NR":1097,"GEMEINDE":"Rickenbach","EINWOHNER":770,"ARBEITSPL":200,"RADIUS":300,"DIDOKNR":94184,"ANGSTUFE":1,"SLOID":"ch:1:sloid:94184","TU":1}},{"type":"Feature","id":1374,"geometry":{"type":"Point","coordinates":[8.24436039320632,47.09652093971864]},"properties":{"OBJECTID":1374,"UUID":"{0A7A4CDB-5A68-E611-B7C2-F04DA23F2F2A}","HSTNAME":"Rothenburg, Wahligen Nord","VMITTEL":2,"BFS_NR":1040,"GEMEINDE":"Rothenburg","EINWOHNER":0,"ARBEITSPL":457,"RADIUS":300,"DIDOKNR":94514,"ANGSTUFE":3,"SLOID":"ch:1:sloid:94514","TU":1}},{"type":"Feature","id":1375,"geometry":{"type":"Point","coordinates":[8.140401299859693,47.1303386767041]},"properties":{"OBJECTID":1375,"UUID":"{A9784CDB-5A68-E611-B7C2-F04DA23F2F2A}","HSTNAME":"Nottwil, Oberdorf","VMITTEL":2,"BFS_NR":1094,"GEMEINDE":"Nottwil","EINWOHNER":688,"ARBEITSPL":140,"RADIUS":300,"DIDOKNR":94846,"ANGSTUFE":2,"SLOID":"ch:1:sloid:94846","TU":2}},{"type":"Feature","id":1376,"geometry":{"type":"Point","coordinates":[8.41805863701305,47.09026449833724]},"properties":{"OBJECTID":1376,"UUID":"{D3754CDB-5A68-E611-B7C2-F04DA23F2F2A}","HSTNAME":"Haltikon, Kapelle","VMITTEL":2,"BFS_NR":1331,"GEMEINDE":"Küssnacht (SZ)","EINWOHNER":0,"ARBEITSPL":0,"RADIUS":300,"DIDOKNR":94722,"ANGSTUFE":null,"SLOID":"ch:1:sloid:94722","TU":7}},{"type":"Feature","id":1377,"geometry":{"type":"Point","coordinates":[7.905901033900975,47.28390234193503]},"properties":{"OBJECTID":1377,"UUID":"{50794CDB-5A68-E611-B7C2-F04DA23F2F2A}","HSTNAME":"Vordemwald, Grubenweg","VMITTEL":2,"BFS_NR":4287,"GEMEINDE":"Vordemwald","EINWOHNER":0,"ARBEITSPL":0,"RADIUS":300,"DIDOKNR":95158,"ANGSTUFE":null,"SLOID":"ch:1:sloid:95158","TU":9}},{"type":"Feature","id":1378,"geometry":{"type":"Point","coordinates":[7.903904961543149,47.28085221973751]},"properties":{"OBJECTID":1378,"UUID":"{1A794CDB-5A68-E611-B7C2-F04DA23F2F2A}","HSTNAME":"Vordemwald, Fischerweg","VMITTEL":2,"BFS_NR":4287,"GEMEINDE":"Vordemwald","EINWOHNER":0,"ARBEITSPL":0,"RADIUS":300,"DIDOKNR":95157,"ANGSTUFE":null,"SLOID":"ch:1:sloid:95157","TU":9}},{"type":"Feature","id":1379,"geometry":{"type":"Point","coordinates":[8.455425769240636,47.026216510445174]},"properties":{"OBJECTID":1379,"UUID":"{CB774CDB-5A68-E611-B7C2-F04DA23F2F2A}","HSTNAME":"Weggis, Lindenweg","VMITTEL":2,"BFS_NR":1069,"GEMEINDE":"Weggis","EINWOHNER":39,"ARBEITSPL":7,"RADIUS":300,"DIDOKNR":94998,"ANGSTUFE":1,"SLOID":"ch:1:sloid:94998","TU":7}},{"type":"Feature","id":1380,"geometry":{"type":"Point","coordinates":[8.42684612870577,47.18021013744446]},"properties":{"OBJECTID":1380,"UUID":"{99C74D8F-6A49-ED11-AEC8-00505692A170}","HSTNAME":"Hünenberg, Rony","VMITTEL":2,"BFS_NR":1703,"GEMEINDE":"Hünenberg","EINWOHNER":0,"ARBEITSPL":0,"RADIUS":300,"DIDOKNR":95432,"ANGSTUFE":null,"SLOID":"ch:1:sloid:95432","TU":4}},{"type":"Feature","id":1381,"geometry":{"type":"Point","coordinates":[8.425005012484064,47.17767121302838]},"properties":{"OBJECTID":1381,"UUID":"{3E4E66A6-6549-ED11-AEC8-00505692A170}","HSTNAME":"Hünenberg, Chrüzacher","VMITTEL":2,"BFS_NR":1703,"GEMEINDE":"Hünenberg","EINWOHNER":0,"ARBEITSPL":0,"RADIUS":300,"DIDOKNR":95428,"ANGSTUFE":null,"SLOID":"ch:1:sloid:95428","TU":4}},{"type":"Feature","id":1382,"geometry":{"type":"Point","coordinates":[8.439414363371016,47.03251036176307]},"properties":{"OBJECTID":1382,"UUID":"{CDE8C1D5-5A68-E611-B7C2-F04DA23F2F2A}","HSTNAME":"Weggis, Rigistrasse","VMITTEL":2,"BFS_NR":1069,"GEMEINDE":"Weggis","EINWOHNER":297,"ARBEITSPL":29,"RADIUS":300,"DIDOKNR":95628,"ANGSTUFE":1,"SLOID":"ch:1:sloid:95628","TU":7}},{"type":"Feature","id":1383,"geometry":{"type":"Point","coordinates":[8.443488489660334,47.03437287316456]},"properties":{"OBJECTID":1383,"UUID":"{0A764CDB-5A68-E611-B7C2-F04DA23F2F2A}","HSTNAME":"Weggis, Under Linde","VMITTEL":2,"BFS_NR":1069,"GEMEINDE":"Weggis","EINWOHNER":40,"ARBEITSPL":7,"RADIUS":300,"DIDOKNR":95633,"ANGSTUFE":1,"SLOID":"ch:1:sloid:95633","TU":7}},{"type":"Feature","id":1384,"geometry":{"type":"Point","coordinates":[8.4575050208252,47.0290227510128]},"properties":{"OBJECTID":1384,"UUID":"{1BE8C1D5-5A68-E611-B7C2-F04DA23F2F2A}","HSTNAME":"Weggis, Buchenweg","VMITTEL":2,"BFS_NR":1069,"GEMEINDE":"Weggis","EINWOHNER":70,"ARBEITSPL":8,"RADIUS":300,"DIDOKNR":95632,"ANGSTUFE":1,"SLOID":"ch:1:sloid:95632","TU":7}},{"type":"Feature","id":1385,"geometry":{"type":"Point","coordinates":[8.457474116781668,47.02600943180011]},"properties":{"OBJECTID":1385,"UUID":"{2B794CDB-5A68-E611-B7C2-F04DA23F2F2A}","HSTNAME":"Weggis, Lützelaustrasse","VMITTEL":2,"BFS_NR":1069,"GEMEINDE":"Weggis","EINWOHNER":88,"ARBEITSPL":30,"RADIUS":300,"DIDOKNR":95631,"ANGSTUFE":1,"SLOID":"ch:1:sloid:95631","TU":7}},{"type":"Feature","id":1386,"geometry":{"type":"Point","coordinates":[8.456361234054972,47.024903826851606]},"properties":{"OBJECTID":1386,"UUID":"{85764CDB-5A68-E611-B7C2-F04DA23F2F2A}","HSTNAME":"Weggis, Lorbeerweg","VMITTEL":2,"BFS_NR":1069,"GEMEINDE":"Weggis","EINWOHNER":16,"ARBEITSPL":3,"RADIUS":300,"DIDOKNR":95630,"ANGSTUFE":1,"SLOID":"ch:1:sloid:95630","TU":7}},{"type":"Feature","id":1387,"geometry":{"type":"Point","coordinates":[8.115560007352926,47.158840233702975]},"properties":{"OBJECTID":1387,"UUID":"{B6774CDB-5A68-E611-B7C2-F04DA23F2F2A}","HSTNAME":"Oberkirch LU, Schule","VMITTEL":2,"BFS_NR":1095,"GEMEINDE":"Oberkirch","EINWOHNER":375,"ARBEITSPL":90,"RADIUS":300,"DIDOKNR":95662,"ANGSTUFE":1,"SLOID":"ch:1:sloid:95662","TU":2}},{"type":"Feature","id":1388,"geometry":{"type":"Point","coordinates":[7.883735536470199,47.18306505192616]},"properties":{"OBJECTID":1388,"UUID":"{F8764CDB-5A68-E611-B7C2-F04DA23F2F2A}","HSTNAME":"Altbüron, Linden","VMITTEL":2,"BFS_NR":1122,"GEMEINDE":"Altbüron","EINWOHNER":524,"ARBEITSPL":181,"RADIUS":300,"DIDOKNR":95695,"ANGSTUFE":1,"SLOID":"ch:1:sloid:95695","TU":9}},{"type":"Feature","id":1389,"geometry":{"type":"Point","coordinates":[8.298774274193459,47.080634037452654]},"properties":{"OBJECTID":1389,"UUID":"{EB774CDB-5A68-E611-B7C2-F04DA23F2F2A}","HSTNAME":"Emmen, Emmenfeld","VMITTEL":2,"BFS_NR":1024,"GEMEINDE":"Emmen","EINWOHNER":317,"ARBEITSPL":278,"RADIUS":300,"DIDOKNR":95699,"ANGSTUFE":4,"SLOID":"ch:1:sloid:95699","TU":1}},{"type":"Feature","id":1390,"geometry":{"type":"Point","coordinates":[8.4369597412851,47.06888347881625]},"properties":{"OBJECTID":1390,"UUID":"{ED784CDB-5A68-E611-B7C2-F04DA23F2F2A}","HSTNAME":"Küssnacht am Rigi, Rotenhofstr","VMITTEL":2,"BFS_NR":1331,"GEMEINDE":"Küssnacht (SZ)","EINWOHNER":0,"ARBEITSPL":0,"RADIUS":300,"DIDOKNR":95481,"ANGSTUFE":null,"SLOID":"ch:1:sloid:95481","TU":4}},{"type":"Feature","id":1391,"geometry":{"type":"Point","coordinates":[8.43424627848162,47.08599526290252]},"properties":{"OBJECTID":1391,"UUID":"{02794CDB-5A68-E611-B7C2-F04DA23F2F2A}","HSTNAME":"Küssnacht am Rigi, Gloritobel","VMITTEL":2,"BFS_NR":1331,"GEMEINDE":"Küssnacht (SZ)","EINWOHNER":0,"ARBEITSPL":0,"RADIUS":300,"DIDOKNR":95501,"ANGSTUFE":null,"SLOID":"ch:1:sloid:95501","TU":7}},{"type":"Feature","id":1392,"geometry":{"type":"Point","coordinates":[8.312014728545247,46.99197854220251]},"properties":{"OBJECTID":1392,"UUID":"{89794CDB-5A68-E611-B7C2-F04DA23F2F2A}","HSTNAME":"Hergiswil NW, Allmendli","VMITTEL":2,"BFS_NR":1507,"GEMEINDE":"Hergiswil (NW)","EINWOHNER":0,"ARBEITSPL":0,"RADIUS":300,"DIDOKNR":95491,"ANGSTUFE":null,"SLOID":"ch:1:sloid:95491","TU":1}},{"type":"Feature","id":1393,"geometry":{"type":"Point","coordinates":[8.314357122001153,46.98898620246324]},"properties":{"OBJECTID":1393,"UUID":"{69794CDB-5A68-E611-B7C2-F04DA23F2F2A}","HSTNAME":"Hergiswil NW, Gemeindehaus","VMITTEL":2,"BFS_NR":1507,"GEMEINDE":"Hergiswil (NW)","EINWOHNER":0,"ARBEITSPL":0,"RADIUS":300,"DIDOKNR":95490,"ANGSTUFE":null,"SLOID":"ch:1:sloid:95490","TU":1}},{"type":"Feature","id":1394,"geometry":{"type":"Point","coordinates":[8.31178858117427,46.98463388827207]},"properties":{"OBJECTID":1394,"UUID":"{25794CDB-5A68-E611-B7C2-F04DA23F2F2A}","HSTNAME":"Hergiswil NW, Schifflände","VMITTEL":2,"BFS_NR":1507,"GEMEINDE":"Hergiswil (NW)","EINWOHNER":0,"ARBEITSPL":0,"RADIUS":300,"DIDOKNR":95489,"ANGSTUFE":null,"SLOID":"ch:1:sloid:95489","TU":1}},{"type":"Feature","id":1395,"geometry":{"type":"Point","coordinates":[8.313782198933435,46.99376855701736]},"properties":{"OBJECTID":1395,"UUID":"{41784CDB-5A68-E611-B7C2-F04DA23F2F2A}","HSTNAME":"Hergiswil NW, Mattli","VMITTEL":2,"BFS_NR":1507,"GEMEINDE":"Hergiswil (NW)","EINWOHNER":0,"ARBEITSPL":0,"RADIUS":300,"DIDOKNR":95494,"ANGSTUFE":null,"SLOID":"ch:1:sloid:95494","TU":1}},{"type":"Feature","id":1396,"geometry":{"type":"Point","coordinates":[8.444000185203494,47.035699766034874]},"properties":{"OBJECTID":1396,"UUID":"{A8784CDB-5A68-E611-B7C2-F04DA23F2F2A}","HSTNAME":"Weggis, Zingelistrasse","VMITTEL":2,"BFS_NR":1069,"GEMEINDE":"Weggis","EINWOHNER":30,"ARBEITSPL":17,"RADIUS":300,"DIDOKNR":95542,"ANGSTUFE":1,"SLOID":"ch:1:sloid:95542","TU":7}},{"type":"Feature","id":1397,"geometry":{"type":"Point","coordinates":[8.310031604294206,46.99463243793406]},"properties":{"OBJECTID":1397,"UUID":"{6F774CDB-5A68-E611-B7C2-F04DA23F2F2A}","HSTNAME":"Hergiswil NW, Obermatt","VMITTEL":2,"BFS_NR":1507,"GEMEINDE":"Hergiswil (NW)","EINWOHNER":0,"ARBEITSPL":0,"RADIUS":300,"DIDOKNR":95492,"ANGSTUFE":null,"SLOID":"ch:1:sloid:95492","TU":1}},{"type":"Feature","id":1398,"geometry":{"type":"Point","coordinates":[8.455444657309902,47.027907553397846]},"properties":{"OBJECTID":1398,"UUID":"{CFE7C1D5-5A68-E611-B7C2-F04DA23F2F2A}","HSTNAME":"Weggis, Kastanienweg","VMITTEL":2,"BFS_NR":1069,"GEMEINDE":"Weggis","EINWOHNER":35,"ARBEITSPL":3,"RADIUS":300,"DIDOKNR":95541,"ANGSTUFE":1,"SLOID":"ch:1:sloid:95541","TU":7}},{"type":"Feature","id":1399,"geometry":{"type":"Point","coordinates":[7.9691024290288475,47.255061927978474]},"properties":{"OBJECTID":1399,"UUID":"{EEE7C1D5-5A68-E611-B7C2-F04DA23F2F2A}","HSTNAME":"Reiden, Industrie Weiher","VMITTEL":2,"BFS_NR":1140,"GEMEINDE":"Reiden","EINWOHNER":41,"ARBEITSPL":562,"RADIUS":300,"DIDOKNR":95883,"ANGSTUFE":2,"SLOID":"ch:1:sloid:95883","TU":9}},{"type":"Feature","id":1400,"geometry":{"type":"Point","coordinates":[8.282713745289154,47.06925692483788]},"properties":{"OBJECTID":1400,"UUID":"{39794CDB-5A68-E611-B7C2-F04DA23F2F2A}","HSTNAME":"Emmenbrücke, Bahnhof Süd","VMITTEL":3,"BFS_NR":1024,"GEMEINDE":"Emmen","EINWOHNER":92,"ARBEITSPL":543,"RADIUS":300,"DIDOKNR":95906,"ANGSTUFE":5,"SLOID":"ch:1:sloid:95906","TU":11}},{"type":"Feature","id":1401,"geometry":{"type":"Point","coordinates":[8.17660722650757,47.036461658440494]},"properties":{"OBJECTID":1401,"UUID":"{3A764CDB-5A68-E611-B7C2-F04DA23F2F2A}","HSTNAME":"Malters, Hirzli","VMITTEL":2,"BFS_NR":1062,"GEMEINDE":"Malters","EINWOHNER":1046,"ARBEITSPL":316,"RADIUS":300,"DIDOKNR":95907,"ANGSTUFE":0,"SLOID":"ch:1:sloid:95907","TU":11}},{"type":"Feature","id":1402,"geometry":{"type":"Point","coordinates":[8.434520236543152,47.08285695337104]},"properties":{"OBJECTID":1402,"UUID":"{15729800-FF7B-EF11-AEFA-00505692A170}","HSTNAME":"Küssnacht am Rigi, Litzi","VMITTEL":2,"BFS_NR":1331,"GEMEINDE":"Küssnacht (SZ)","EINWOHNER":0,"ARBEITSPL":0,"RADIUS":300,"DIDOKNR":91702,"ANGSTUFE":null,"SLOID":"ch:1:sloid:91702","TU":4}},{"type":"Feature","id":1403,"geometry":{"type":"Point","coordinates":[8.052884628456685,47.131702742355365]},"properties":{"OBJECTID":1403,"UUID":"{94774CDB-5A68-E611-B7C2-F04DA23F2F2A}","HSTNAME":"Grosswangen, Ed.-Huberstrasse","VMITTEL":2,"BFS_NR":1086,"GEMEINDE":"Grosswangen","EINWOHNER":485,"ARBEITSPL":112,"RADIUS":300,"DIDOKNR":77302,"ANGSTUFE":3,"SLOID":"ch:1:sloid:77302","TU":2}},{"type":"Feature","id":1404,"geometry":{"type":"Point","coordinates":[8.186210504614253,47.03760378380588]},"properties":{"OBJECTID":1404,"UUID":"{37BCFF15-7E38-EF11-AEF3-00505692A170}","HSTNAME":"Malters, Allmendli","VMITTEL":2,"BFS_NR":1062,"GEMEINDE":"Malters","EINWOHNER":880,"ARBEITSPL":94,"RADIUS":300,"DIDOKNR":11661,"ANGSTUFE":0,"SLOID":"ch:1:sloid:11661","TU":3}},{"type":"Feature","id":1405,"geometry":{"type":"Point","coordinates":[8.210179505489862,47.0420832543112]},"properties":{"OBJECTID":1405,"UUID":"{314DB109-7E38-EF11-AEF3-00505692A170}","HSTNAME":"Malters, Stegmättli","VMITTEL":2,"BFS_NR":1062,"GEMEINDE":"Malters","EINWOHNER":58,"ARBEITSPL":13,"RADIUS":300,"DIDOKNR":11662,"ANGSTUFE":0,"SLOID":"ch:1:sloid:11662","TU":3}},{"type":"Feature","id":1406,"geometry":{"type":"Point","coordinates":[8.225830634980309,47.040372215870306]},"properties":{"OBJECTID":1406,"UUID":"{D405A5FD-7D38-EF11-AEF3-00505692A170}","HSTNAME":"Malters, Blatten","VMITTEL":2,"BFS_NR":1062,"GEMEINDE":"Malters","EINWOHNER":39,"ARBEITSPL":29,"RADIUS":300,"DIDOKNR":11663,"ANGSTUFE":0,"SLOID":"ch:1:sloid:11663","TU":3}},{"type":"Feature","id":1407,"geometry":{"type":"Point","coordinates":[8.244577021069103,47.03480443244466]},"properties":{"OBJECTID":1407,"UUID":"{DACCB135-7D38-EF11-AEF3-00505692A170}","HSTNAME":"Obernau, Schachenwald","VMITTEL":2,"BFS_NR":1059,"GEMEINDE":"Kriens","EINWOHNER":67,"ARBEITSPL":204,"RADIUS":300,"DIDOKNR":11664,"ANGSTUFE":0,"SLOID":"ch:1:sloid:11664","TU":3}},{"type":"Feature","id":1408,"geometry":{"type":"Point","coordinates":[7.900425656965393,46.85659419450197]},"properties":{"OBJECTID":1408,"UUID":"{F9764CDB-5A68-E611-B7C2-F04DA23F2F2A}","HSTNAME":"Marbach LU, Bergkäserei","VMITTEL":2,"BFS_NR":1010,"GEMEINDE":"Escholzmatt-Marbach","EINWOHNER":83,"ARBEITSPL":73,"RADIUS":300,"DIDOKNR":8703,"ANGSTUFE":2,"SLOID":"ch:1:sloid:8703","TU":3}},{"type":"Feature","id":1409,"geometry":{"type":"Point","coordinates":[8.09063023547217,46.74568470602132]},"properties":{"OBJECTID":1409,"UUID":"{6B7D4F06-12B5-E811-8A34-F04DA23FCE90}","HSTNAME":"Brienzwiler","VMITTEL":1,"BFS_NR":574,"GEMEINDE":"Brienzwiler","EINWOHNER":0,"ARBEITSPL":0,"RADIUS":1000,"DIDOKNR":8306,"ANGSTUFE":null,"SLOID":"ch:1:sloid:8306","TU":12}},{"type":"Feature","id":1410,"geometry":{"type":"Point","coordinates":[8.275623334568943,46.941126831163714]},"properties":{"OBJECTID":1410,"UUID":"{6D764CDB-5A68-E611-B7C2-F04DA23F2F2A}","HSTNAME":"Alpnach Dorf, Bahnhof","VMITTEL":2,"BFS_NR":1401,"GEMEINDE":"Alpnach","EINWOHNER":0,"ARBEITSPL":0,"RADIUS":300,"DIDOKNR":72909,"ANGSTUFE":null,"SLOID":"ch:1:sloid:72909","TU":3}},{"type":"Feature","id":1411,"geometry":{"type":"Point","coordinates":[8.312231904122704,47.05472433853805]},"properties":{"OBJECTID":1411,"UUID":"{64784CDB-5A68-E611-B7C2-F04DA23F2F2A}","HSTNAME":"Luzern, Luzernerhof","VMITTEL":9,"BFS_NR":1061,"GEMEINDE":"Luzern","EINWOHNER":112,"ARBEITSPL":997,"RADIUS":300,"DIDOKNR":73055,"ANGSTUFE":5,"SLOID":"ch:1:sloid:73055","TU":11}},{"type":"Feature","id":1412,"geometry":{"type":"Point","coordinates":[8.29998568384958,47.05193826928537]},"properties":{"OBJECTID":1412,"UUID":"{D0E8C1D5-5A68-E611-B7C2-F04DA23F2F2A}","HSTNAME":"Luzern, Kasernenplatz","VMITTEL":3,"BFS_NR":1061,"GEMEINDE":"Luzern","EINWOHNER":1243,"ARBEITSPL":1084,"RADIUS":300,"DIDOKNR":73024,"ANGSTUFE":5,"SLOID":"ch:1:sloid:73024","TU":11}},{"type":"Feature","id":1413,"geometry":{"type":"Point","coordinates":[8.422885409594718,47.07319693167093]},"properties":{"OBJECTID":1413,"UUID":"{2916EDF0-6EF4-E811-9581-F04DA23FCE90}","HSTNAME":"Merlischachen, Sumpf","VMITTEL":2,"BFS_NR":1331,"GEMEINDE":"Küssnacht (SZ)","EINWOHNER":0,"ARBEITSPL":0,"RADIUS":300,"DIDOKNR":91700,"ANGSTUFE":null,"SLOID":"ch:1:sloid:91700","TU":4}},{"type":"Feature","id":1414,"geometry":{"type":"Point","coordinates":[8.407170761730477,47.06482961752538]},"properties":{"OBJECTID":1414,"UUID":"{ECE8C1D5-5A68-E611-B7C2-F04DA23F2F2A}","HSTNAME":"Merlischachen, Dorf","VMITTEL":2,"BFS_NR":1331,"GEMEINDE":"Küssnacht (SZ)","EINWOHNER":0,"ARBEITSPL":0,"RADIUS":300,"DIDOKNR":87642,"ANGSTUFE":null,"SLOID":"ch:1:sloid:87642","TU":4}},{"type":"Feature","id":1415,"geometry":{"type":"Point","coordinates":[8.098801382349668,47.17008048099404]},"properties":{"OBJECTID":1415,"UUID":"{9CE8C1D5-5A68-E611-B7C2-F04DA23F2F2A}","HSTNAME":"Sursee, Bahnhof","VMITTEL":8,"BFS_NR":1103,"GEMEINDE":"Sursee","EINWOHNER":1250,"ARBEITSPL":1701,"RADIUS":300,"DIDOKNR":2998,"ANGSTUFE":5,"SLOID":"ch:1:sloid:2998","TU":3}},{"type":"Feature","id":1416,"geometry":{"type":"Point","coordinates":[8.075680298339872,47.031308877578894]},"properties":{"OBJECTID":1416,"UUID":"{51764CDB-5A68-E611-B7C2-F04DA23F2F2A}","HSTNAME":"Ebnet (Entlebuch), Sageli","VMITTEL":2,"BFS_NR":1002,"GEMEINDE":"Entlebuch","EINWOHNER":26,"ARBEITSPL":8,"RADIUS":300,"DIDOKNR":87728,"ANGSTUFE":1,"SLOID":"ch:1:sloid:87728","TU":3}},{"type":"Feature","id":1417,"geometry":{"type":"Point","coordinates":[8.402507409095321,46.81952045965751]},"properties":{"OBJECTID":1417,"UUID":"{3B7A4CDB-5A68-E611-B7C2-F04DA23F2F2A}","HSTNAME":"Engelberg","VMITTEL":1,"BFS_NR":1402,"GEMEINDE":"Engelberg","EINWOHNER":0,"ARBEITSPL":0,"RADIUS":1000,"DIDOKNR":8399,"ANGSTUFE":null,"SLOID":"ch:1:sloid:8399","TU":12}},{"type":"Feature","id":1418,"geometry":{"type":"Point","coordinates":[8.336376856232103,46.976266776125534]},"properties":{"OBJECTID":1418,"UUID":"{4B794CDB-5A68-E611-B7C2-F04DA23F2F2A}","HSTNAME":"Stansstad","VMITTEL":1,"BFS_NR":1510,"GEMEINDE":"Stansstad","EINWOHNER":0,"ARBEITSPL":0,"RADIUS":1000,"DIDOKNR":8390,"ANGSTUFE":null,"SLOID":"ch:1:sloid:8390","TU":12}},{"type":"Feature","id":1419,"geometry":{"type":"Point","coordinates":[8.281909972052548,47.06591058878761]},"properties":{"OBJECTID":1419,"UUID":"{67764CDB-5A68-E611-B7C2-F04DA23F2F2A}","HSTNAME":"Luzern, Frohburg","VMITTEL":3,"BFS_NR":1061,"GEMEINDE":"Luzern","EINWOHNER":605,"ARBEITSPL":661,"RADIUS":300,"DIDOKNR":73027,"ANGSTUFE":5,"SLOID":"ch:1:sloid:73027","TU":11}},{"type":"Feature","id":1420,"geometry":{"type":"Point","coordinates":[8.257503846686623,47.05304963984312]},"properties":{"OBJECTID":1420,"UUID":"{CD774CDB-5A68-E611-B7C2-F04DA23F2F2A}","HSTNAME":"Luzern Littau, Bahnhof","VMITTEL":2,"BFS_NR":1061,"GEMEINDE":"Luzern","EINWOHNER":883,"ARBEITSPL":167,"RADIUS":300,"DIDOKNR":89749,"ANGSTUFE":5,"SLOID":"ch:1:sloid:89749","TU":1}},{"type":"Feature","id":1421,"geometry":{"type":"Point","coordinates":[8.073314709223958,47.067460676605926]},"properties":{"OBJECTID":1421,"UUID":"{52E8C1D5-5A68-E611-B7C2-F04DA23F2F2A}","HSTNAME":"Wolhusen, Spital","VMITTEL":2,"BFS_NR":1107,"GEMEINDE":"Wolhusen","EINWOHNER":588,"ARBEITSPL":518,"RADIUS":300,"DIDOKNR":88147,"ANGSTUFE":2,"SLOID":"ch:1:sloid:88147","TU":2}},{"type":"Feature","id":1422,"geometry":{"type":"Point","coordinates":[8.406494439889203,47.133120857374536]},"properties":{"OBJECTID":1422,"UUID":"{FBE7C1D5-5A68-E611-B7C2-F04DA23F2F2A}","HSTNAME":"Honau, Hirschen","VMITTEL":2,"BFS_NR":1065,"GEMEINDE":"Root","EINWOHNER":359,"ARBEITSPL":107,"RADIUS":300,"DIDOKNR":82046,"ANGSTUFE":2,"SLOID":"ch:1:sloid:82046","TU":3}},{"type":"Feature","id":1423,"geometry":{"type":"Point","coordinates":[8.391962551182468,46.9337806566909]},"properties":{"OBJECTID":1423,"UUID":"{7C774CDB-5A68-E611-B7C2-F04DA23F2F2A}","HSTNAME":"Dallenwil","VMITTEL":1,"BFS_NR":1503,"GEMEINDE":"Dallenwil","EINWOHNER":0,"ARBEITSPL":0,"RADIUS":1000,"DIDOKNR":8392,"ANGSTUFE":null,"SLOID":"ch:1:sloid:8392","TU":12}},{"type":"Feature","id":1424,"geometry":{"type":"Point","coordinates":[7.833218297485154,47.196726972739725]},"properties":{"OBJECTID":1424,"UUID":"{DCE7C1D5-5A68-E611-B7C2-F04DA23F2F2A}","HSTNAME":"Obersteckholz, Am Wald","VMITTEL":2,"BFS_NR":325,"GEMEINDE":"Busswil bei Melchnau","EINWOHNER":0,"ARBEITSPL":0,"RADIUS":300,"DIDOKNR":76931,"ANGSTUFE":null,"SLOID":"ch:1:sloid:76931","TU":5}},{"type":"Feature","id":1425,"geometry":{"type":"Point","coordinates":[8.254682403654373,47.0821655407515]},"properties":{"OBJECTID":1425,"UUID":"{ACE7C1D5-5A68-E611-B7C2-F04DA23F2F2A}","HSTNAME":"Emmenbrücke, Lohrensäge","VMITTEL":2,"BFS_NR":1024,"GEMEINDE":"Emmen","EINWOHNER":5,"ARBEITSPL":157,"RADIUS":300,"DIDOKNR":73033,"ANGSTUFE":3,"SLOID":"ch:1:sloid:73033","TU":3}},{"type":"Feature","id":1426,"geometry":{"type":"Point","coordinates":[8.243316692015759,47.12673386283941]},"properties":{"OBJECTID":1426,"UUID":"{C3794CDB-5A68-E611-B7C2-F04DA23F2F2A}","HSTNAME":"Rain, Sandblatten","VMITTEL":2,"BFS_NR":1037,"GEMEINDE":"Rain","EINWOHNER":431,"ARBEITSPL":149,"RADIUS":300,"DIDOKNR":82112,"ANGSTUFE":4,"SLOID":"ch:1:sloid:82112","TU":3}},{"type":"Feature","id":1427,"geometry":{"type":"Point","coordinates":[7.905853994293801,47.12849642279059]},"properties":{"OBJECTID":1427,"UUID":"{99794CDB-5A68-E611-B7C2-F04DA23F2F2A}","HSTNAME":"Hüswil, Bahnhof","VMITTEL":2,"BFS_NR":1150,"GEMEINDE":"Zell","EINWOHNER":150,"ARBEITSPL":101,"RADIUS":300,"DIDOKNR":72751,"ANGSTUFE":2,"SLOID":"ch:1:sloid:72751","TU":3}},{"type":"Feature","id":1428,"geometry":{"type":"Point","coordinates":[8.315465896598921,47.06092461223843]},"properties":{"OBJECTID":1428,"UUID":"{90764CDB-5A68-E611-B7C2-F04DA23F2F2A}","HSTNAME":"Luzern, Kloster Wesemlin","VMITTEL":5,"BFS_NR":1061,"GEMEINDE":"Luzern","EINWOHNER":591,"ARBEITSPL":177,"RADIUS":300,"DIDOKNR":89804,"ANGSTUFE":4,"SLOID":"ch:1:sloid:89804","TU":11}},{"type":"Feature","id":1429,"geometry":{"type":"Point","coordinates":[8.20643305573641,46.88487799372397]},"properties":{"OBJECTID":1429,"UUID":"{01794CDB-5A68-E611-B7C2-F04DA23F2F2A}","HSTNAME":"Stalden (Sarnen), Sportplatz","VMITTEL":2,"BFS_NR":1407,"GEMEINDE":"Sarnen","EINWOHNER":0,"ARBEITSPL":0,"RADIUS":300,"DIDOKNR":79959,"ANGSTUFE":null,"SLOID":"ch:1:sloid:79959","TU":3}},{"type":"Feature","id":1430,"geometry":{"type":"Point","coordinates":[8.433275071929497,47.14847262728676]},"properties":{"OBJECTID":1430,"UUID":"{883EFE01-124A-ED11-AEC8-00505692A170}","HSTNAME":"Rotkreuz, Forren","VMITTEL":2,"BFS_NR":1707,"GEMEINDE":"Risch","EINWOHNER":0,"ARBEITSPL":0,"RADIUS":300,"DIDOKNR":93429,"ANGSTUFE":null,"SLOID":"ch:1:sloid:93429","TU":4}},{"type":"Feature","id":1431,"geometry":{"type":"Point","coordinates":[8.07242790452293,47.00655367446528]},"properties":{"OBJECTID":1431,"UUID":"{92784CDB-5A68-E611-B7C2-F04DA23F2F2A}","HSTNAME":"Entlebuch, Schwand","VMITTEL":2,"BFS_NR":1002,"GEMEINDE":"Entlebuch","EINWOHNER":55,"ARBEITSPL":62,"RADIUS":300,"DIDOKNR":79703,"ANGSTUFE":1,"SLOID":"ch:1:sloid:79703","TU":3}},{"type":"Feature","id":1432,"geometry":{"type":"Point","coordinates":[8.403279430172612,47.06220864841362]},"properties":{"OBJECTID":1432,"UUID":"{1A3664F1-6CF4-E811-9581-F04DA23FCE90}","HSTNAME":"Merlischachen, Räbe","VMITTEL":2,"BFS_NR":1331,"GEMEINDE":"Küssnacht (SZ)","EINWOHNER":0,"ARBEITSPL":0,"RADIUS":300,"DIDOKNR":91701,"ANGSTUFE":null,"SLOID":"ch:1:sloid:91701","TU":4}},{"type":"Feature","id":1433,"geometry":{"type":"Point","coordinates":[7.977923302314669,47.19364810187077]},"properties":{"OBJECTID":1433,"UUID":"{2CD38340-125E-F011-AF10-00505692A170}","HSTNAME":"Nebikon, Bahnhof Ost","VMITTEL":2,"BFS_NR":1137,"GEMEINDE":"Nebikon","EINWOHNER":564,"ARBEITSPL":128,"RADIUS":300,"DIDOKNR":12092,"ANGSTUFE":1,"SLOID":"ch:1:sloid:12092","TU":3}},{"type":"Feature","id":1434,"geometry":{"type":"Point","coordinates":[8.057227464762828,47.18412415560764]},"properties":{"OBJECTID":1434,"UUID":"{43FB513B-0F5E-F011-AF10-00505692A170}","HSTNAME":"Kaltbach, Dorf","VMITTEL":2,"BFS_NR":1091,"GEMEINDE":"Mauensee","EINWOHNER":267,"ARBEITSPL":41,"RADIUS":300,"DIDOKNR":12105,"ANGSTUFE":1,"SLOID":"ch:1:sloid:12105","TU":3}},{"type":"Feature","id":1435,"geometry":{"type":"Point","coordinates":[8.081807074905303,47.1803500251237]},"properties":{"OBJECTID":1435,"UUID":"{CE714D6C-0D5E-F011-AF10-00505692A170}","HSTNAME":"St. Erhard, Längmatt","VMITTEL":2,"BFS_NR":1089,"GEMEINDE":"Knutwil","EINWOHNER":186,"ARBEITSPL":3,"RADIUS":300,"DIDOKNR":12106,"ANGSTUFE":1,"SLOID":"ch:1:sloid:12106","TU":3}},{"type":"Feature","id":1436,"geometry":{"type":"Point","coordinates":[8.063184241991664,47.18192078518185]},"properties":{"OBJECTID":1436,"UUID":"{F5754CDB-5A68-E611-B7C2-F04DA23F2F2A}","HSTNAME":"Kaltbach, Sandsteinhöhle","VMITTEL":2,"BFS_NR":1091,"GEMEINDE":"Mauensee","EINWOHNER":114,"ARBEITSPL":84,"RADIUS":300,"DIDOKNR":81191,"ANGSTUFE":0,"SLOID":"ch:1:sloid:81191","TU":3}},{"type":"Feature","id":1437,"geometry":{"type":"Point","coordinates":[7.977012380602532,47.19303278257217]},"properties":{"OBJECTID":1437,"UUID":"{C2774CDB-5A68-E611-B7C2-F04DA23F2F2A}","HSTNAME":"Nebikon, Bahnhof West","VMITTEL":2,"BFS_NR":1137,"GEMEINDE":"Nebikon","EINWOHNER":911,"ARBEITSPL":583,"RADIUS":300,"DIDOKNR":72760,"ANGSTUFE":3,"SLOID":"ch:1:sloid:72760","TU":3}},{"type":"Feature","id":1438,"geometry":{"type":"Point","coordinates":[8.016649789721447,46.83040261711427]},"properties":{"OBJECTID":1438,"UUID":"{3F784CDB-5A68-E611-B7C2-F04DA23F2F2A}","HSTNAME":"Sörenberg, Rischli","VMITTEL":2,"BFS_NR":1004,"GEMEINDE":"Flühli","EINWOHNER":22,"ARBEITSPL":38,"RADIUS":300,"DIDOKNR":8865,"ANGSTUFE":2,"SLOID":"ch:1:sloid:8865","TU":3}},{"type":"Feature","id":1439,"geometry":{"type":"Point","coordinates":[8.248750737431537,47.088751658663426]},"properties":{"OBJECTID":1439,"UUID":"{CAFAC465-13F9-EC11-AEC1-00505692A170}","HSTNAME":"Rothenburg Station, Bhf. Ost","VMITTEL":2,"BFS_NR":1040,"GEMEINDE":"Rothenburg","EINWOHNER":2,"ARBEITSPL":257,"RADIUS":300,"DIDOKNR":10764,"ANGSTUFE":4,"SLOID":"ch:1:sloid:10764","TU":1}},{"type":"Feature","id":1440,"geometry":{"type":"Point","coordinates":[8.070398495141369,47.00171636468037]},"properties":{"OBJECTID":1440,"UUID":"{DCE8C1D5-5A68-E611-B7C2-F04DA23F2F2A}","HSTNAME":"Entlebuch, Russacher","VMITTEL":2,"BFS_NR":1002,"GEMEINDE":"Entlebuch","EINWOHNER":93,"ARBEITSPL":98,"RADIUS":300,"DIDOKNR":77064,"ANGSTUFE":1,"SLOID":"ch:1:sloid:77064","TU":3}},{"type":"Feature","id":1441,"geometry":{"type":"Point","coordinates":[8.014324057790237,47.144585180342645]},"properties":{"OBJECTID":1441,"UUID":"{C4794CDB-5A68-E611-B7C2-F04DA23F2F2A}","HSTNAME":"Ettiswil, Oberdorf","VMITTEL":2,"BFS_NR":1128,"GEMEINDE":"Ettiswil","EINWOHNER":246,"ARBEITSPL":79,"RADIUS":300,"DIDOKNR":72805,"ANGSTUFE":3,"SLOID":"ch:1:sloid:72805","TU":2}},{"type":"Feature","id":1442,"geometry":{"type":"Point","coordinates":[8.018195223051308,47.14778598396531]},"properties":{"OBJECTID":1442,"UUID":"{25774CDB-5A68-E611-B7C2-F04DA23F2F2A}","HSTNAME":"Ettiswil, Post","VMITTEL":2,"BFS_NR":1128,"GEMEINDE":"Ettiswil","EINWOHNER":656,"ARBEITSPL":177,"RADIUS":300,"DIDOKNR":8650,"ANGSTUFE":4,"SLOID":"ch:1:sloid:8650","TU":2}},{"type":"Feature","id":1443,"geometry":{"type":"Point","coordinates":[8.627257258715174,46.89274409063411]},"properties":{"OBJECTID":1443,"UUID":"{BC794CDB-5A68-E611-B7C2-F04DA23F2F2A}","HSTNAME":"Altdorf UR, Eggberge/Moosbad","VMITTEL":2,"BFS_NR":1201,"GEMEINDE":"Altdorf (UR)","EINWOHNER":0,"ARBEITSPL":0,"RADIUS":300,"DIDOKNR":73114,"ANGSTUFE":null,"SLOID":"ch:1:sloid:73114","TU":8}},{"type":"Feature","id":1444,"geometry":{"type":"Point","coordinates":[8.340069035160704,47.0082021757192]},"properties":{"OBJECTID":1444,"UUID":"{A5E8C1D5-5A68-E611-B7C2-F04DA23F2F2A}","HSTNAME":"Kastanienbaum, Schiffstation","VMITTEL":2,"BFS_NR":1058,"GEMEINDE":"Horw","EINWOHNER":287,"ARBEITSPL":107,"RADIUS":300,"DIDOKNR":89680,"ANGSTUFE":3,"SLOID":"ch:1:sloid:89680","TU":11}},{"type":"Feature","id":1445,"geometry":{"type":"Point","coordinates":[8.06509900197579,46.9937844888897]},"properties":{"OBJECTID":1445,"UUID":"{03774CDB-5A68-E611-B7C2-F04DA23F2F2A}","HSTNAME":"Entlebuch, Drei Könige","VMITTEL":2,"BFS_NR":1002,"GEMEINDE":"Entlebuch","EINWOHNER":498,"ARBEITSPL":295,"RADIUS":300,"DIDOKNR":77052,"ANGSTUFE":2,"SLOID":"ch:1:sloid:77052","TU":3}},{"type":"Feature","id":1446,"geometry":{"type":"Point","coordinates":[8.004215963927965,47.18559279959781]},"properties":{"OBJECTID":1446,"UUID":"{09979F5D-115E-F011-AF10-00505692A170}","HSTNAME":"Egolzwil, Unterdorf","VMITTEL":2,"BFS_NR":1127,"GEMEINDE":"Egolzwil","EINWOHNER":498,"ARBEITSPL":36,"RADIUS":300,"DIDOKNR":12095,"ANGSTUFE":1,"SLOID":"ch:1:sloid:12095","TU":3}},{"type":"Feature","id":1447,"geometry":{"type":"Point","coordinates":[8.009129770718198,47.184792624705395]},"properties":{"OBJECTID":1447,"UUID":"{FC774CDB-5A68-E611-B7C2-F04DA23F2F2A}","HSTNAME":"Egolzwil, Moosmatt","VMITTEL":2,"BFS_NR":1127,"GEMEINDE":"Egolzwil","EINWOHNER":984,"ARBEITSPL":243,"RADIUS":300,"DIDOKNR":82441,"ANGSTUFE":0,"SLOID":"ch:1:sloid:82441","TU":3}},{"type":"Feature","id":1448,"geometry":{"type":"Point","coordinates":[8.436132921337334,47.16173426184393]},"properties":{"OBJECTID":1448,"UUID":"{8F6F545F-6549-ED11-AEC8-00505692A170}","HSTNAME":"Hünenberg, Bösch","VMITTEL":2,"BFS_NR":1703,"GEMEINDE":"Hünenberg","EINWOHNER":0,"ARBEITSPL":0,"RADIUS":300,"DIDOKNR":88709,"ANGSTUFE":null,"SLOID":"ch:1:sloid:88709","TU":4}}]}