{"type":"FeatureCollection","features":[{"type":"Feature","id":1001,"geometry":{"type":"Point","coordinates":[8.071924745811458,47.18470647659376]},"properties":{"OBJECTID":1001,"UUID":"{23764CDB-5A68-E611-B7C2-F04DA23F2F2A}","HSTNAME":"St. Erhard, Wiberg","VMITTEL":8,"BFS_NR":1089,"GEMEINDE":"Knutwil","EINWOHNER":581,"ARBEITSPL":24,"RADIUS":300,"DIDOKNR":82753,"ANGSTUFE":1,"SLOID":"ch:1:sloid:82753","TU":3}},{"type":"Feature","id":1002,"geometry":{"type":"Point","coordinates":[8.0697861492049796,47.24615372208325]},"properties":{"OBJECTID":1002,"UUID":"{CD764CDB-5A68-E611-B7C2-F04DA23F2F2A}","HSTNAME":"Triengen, Grossfeld","VMITTEL":8,"BFS_NR":1104,"GEMEINDE":"Triengen","EINWOHNER":25,"ARBEITSPL":283,"RADIUS":300,"DIDOKNR":82759,"ANGSTUFE":1,"SLOID":"ch:1:sloid:82759","TU":3}},{"type":"Feature","id":1003,"geometry":{"type":"Point","coordinates":[8.0533836520964002,46.97872659102805]},"properties":{"OBJECTID":1003,"UUID":"{DF764CDB-5A68-E611-B7C2-F04DA23F2F2A}","HSTNAME":"Hasle LU, Heiligkreuzstrasse","VMITTEL":2,"BFS_NR":1005,"GEMEINDE":"Hasle","EINWOHNER":133,"ARBEITSPL":4,"RADIUS":300,"DIDOKNR":82757,"ANGSTUFE":1,"SLOID":"ch:1:sloid:82757","TU":3}},{"type":"Feature","id":1004,"geometry":{"type":"Point","coordinates":[8.1823530906570578,47.254549477169931]},"properties":{"OBJECTID":1004,"UUID":"{0BE8C1D5-5A68-E611-B7C2-F04DA23F2F2A}","HSTNAME":"Reinach AG, Saalbau","VMITTEL":2,"BFS_NR":4141,"GEMEINDE":"Reinach (AG)","EINWOHNER":0,"ARBEITSPL":0,"RADIUS":300,"DIDOKNR":82762,"ANGSTUFE":null,"SLOID":"ch:1:sloid:82762","TU":3}},{"type":"Feature","id":1005,"geometry":{"type":"Point","coordinates":[8.1703511584263691,46.850707170091873]},"properties":{"OBJECTID":1005,"UUID":"{FEE8C1D5-5A68-E611-B7C2-F04DA23F2F2A}","HSTNAME":"Grossteil, Zopf","VMITTEL":2,"BFS_NR":1403,"GEMEINDE":"Giswil","EINWOHNER":0,"ARBEITSPL":0,"RADIUS":300,"DIDOKNR":82768,"ANGSTUFE":null,"SLOID":"ch:1:sloid:82768","TU":3}},{"type":"Feature","id":1006,"geometry":{"type":"Point","coordinates":[8.353521076056742,46.968224181220741]},"properties":{"OBJECTID":1006,"UUID":"{AEE8C1D5-5A68-E611-B7C2-F04DA23F2F2A}","HSTNAME":"Stans, Hansmatt","VMITTEL":2,"BFS_NR":1509,"GEMEINDE":"Stans","EINWOHNER":0,"ARBEITSPL":0,"RADIUS":300,"DIDOKNR":82769,"ANGSTUFE":null,"SLOID":"ch:1:sloid:82769","TU":3}},{"type":"Feature","id":1007,"geometry":{"type":"Point","coordinates":[8.0904175800597109,47.161530964655768]},"properties":{"OBJECTID":1007,"UUID":"{06E9C1D5-5A68-E611-B7C2-F04DA23F2F2A}","HSTNAME":"Oberkirch LU, CAMPUS Sursee","VMITTEL":8,"BFS_NR":1095,"GEMEINDE":"Oberkirch","EINWOHNER":14,"ARBEITSPL":503,"RADIUS":300,"DIDOKNR":82782,"ANGSTUFE":3,"SLOID":"ch:1:sloid:82782","TU":3}},{"type":"Feature","id":1008,"geometry":{"type":"Point","coordinates":[8.109705364143414,47.174368324369006]},"properties":{"OBJECTID":1008,"UUID":"{D2754CDB-5A68-E611-B7C2-F04DA23F2F2A}","HSTNAME":"Sursee, Rothüsli","VMITTEL":8,"BFS_NR":1103,"GEMEINDE":"Sursee","EINWOHNER":281,"ARBEITSPL":392,"RADIUS":300,"DIDOKNR":83054,"ANGSTUFE":2,"SLOID":"ch:1:sloid:83054","TU":3}},{"type":"Feature","id":1009,"geometry":{"type":"Point","coordinates":[7.9682803017917312,46.929280635130596]},"properties":{"OBJECTID":1009,"UUID":"{99764CDB-5A68-E611-B7C2-F04DA23F2F2A}","HSTNAME":"Escholzmatt, Lehn","VMITTEL":2,"BFS_NR":1010,"GEMEINDE":"Escholzmatt-Marbach","EINWOHNER":31,"ARBEITSPL":26,"RADIUS":300,"DIDOKNR":83067,"ANGSTUFE":0,"SLOID":"ch:1:sloid:83067","TU":3}},{"type":"Feature","id":1010,"geometry":{"type":"Point","coordinates":[8.1641341455616079,46.792166508993695]},"properties":{"OBJECTID":1010,"UUID":"{61764CDB-5A68-E611-B7C2-F04DA23F2F2A}","HSTNAME":"Lungern, Zihl","VMITTEL":2,"BFS_NR":1405,"GEMEINDE":"Lungern","EINWOHNER":0,"ARBEITSPL":0,"RADIUS":300,"DIDOKNR":83070,"ANGSTUFE":null,"SLOID":"ch:1:sloid:83070","TU":3}},{"type":"Feature","id":1011,"geometry":{"type":"Point","coordinates":[7.9572679144713065,46.925669847769285]},"properties":{"OBJECTID":1011,"UUID":"{C1764CDB-5A68-E611-B7C2-F04DA23F2F2A}","HSTNAME":"Escholzmatt, Feldmoos","VMITTEL":2,"BFS_NR":1010,"GEMEINDE":"Escholzmatt-Marbach","EINWOHNER":30,"ARBEITSPL":4,"RADIUS":300,"DIDOKNR":83068,"ANGSTUFE":0,"SLOID":"ch:1:sloid:83068","TU":3}},{"type":"Feature","id":1012,"geometry":{"type":"Point","coordinates":[8.1098107646727478,47.172564450590819]},"properties":{"OBJECTID":1012,"UUID":"{B5764CDB-5A68-E611-B7C2-F04DA23F2F2A}","HSTNAME":"Sursee, Rathaus","VMITTEL":8,"BFS_NR":1103,"GEMEINDE":"Sursee","EINWOHNER":375,"ARBEITSPL":367,"RADIUS":300,"DIDOKNR":83379,"ANGSTUFE":2,"SLOID":"ch:1:sloid:83379","TU":3}},{"type":"Feature","id":1013,"geometry":{"type":"Point","coordinates":[8.3994061885722182,47.127441154213997]},"properties":{"OBJECTID":1013,"UUID":"{49E8C1D5-5A68-E611-B7C2-F04DA23F2F2A}","HSTNAME":"Gisikon, Weitblick","VMITTEL":2,"BFS_NR":1055,"GEMEINDE":"Gisikon","EINWOHNER":755,"ARBEITSPL":452,"RADIUS":300,"DIDOKNR":83380,"ANGSTUFE":3,"SLOID":"ch:1:sloid:83380","TU":3}},{"type":"Feature","id":1014,"geometry":{"type":"Point","coordinates":[7.9862725384779889,47.116594493025097]},"properties":{"OBJECTID":1014,"UUID":"{10E8C1D5-5A68-E611-B7C2-F04DA23F2F2A}","HSTNAME":"Willisau, Geissburg","VMITTEL":2,"BFS_NR":1151,"GEMEINDE":"Willisau","EINWOHNER":688,"ARBEITSPL":28,"RADIUS":300,"DIDOKNR":83234,"ANGSTUFE":2,"SLOID":"ch:1:sloid:83234","TU":3}},{"type":"Feature","id":1015,"geometry":{"type":"Point","coordinates":[7.9883426482003816,47.119555023391761]},"properties":{"OBJECTID":1015,"UUID":"{A5E7C1D5-5A68-E611-B7C2-F04DA23F2F2A}","HSTNAME":"Willisau, Zehntenplatz","VMITTEL":2,"BFS_NR":1151,"GEMEINDE":"Willisau","EINWOHNER":250,"ARBEITSPL":275,"RADIUS":300,"DIDOKNR":83235,"ANGSTUFE":2,"SLOID":"ch:1:sloid:83235","TU":3}},{"type":"Feature","id":1016,"geometry":{"type":"Point","coordinates":[7.9937482747274879,47.120831335522865]},"properties":{"OBJECTID":1016,"UUID":"{C7784CDB-5A68-E611-B7C2-F04DA23F2F2A}","HSTNAME":"Willisau, Mohrenplatz","VMITTEL":2,"BFS_NR":1151,"GEMEINDE":"Willisau","EINWOHNER":403,"ARBEITSPL":314,"RADIUS":300,"DIDOKNR":83232,"ANGSTUFE":1,"SLOID":"ch:1:sloid:83232","TU":3}},{"type":"Feature","id":1017,"geometry":{"type":"Point","coordinates":[7.9904359162935519,47.116538619851774]},"properties":{"OBJECTID":1017,"UUID":"{FA754CDB-5A68-E611-B7C2-F04DA23F2F2A}","HSTNAME":"Willisau, Schlossfeld","VMITTEL":2,"BFS_NR":1151,"GEMEINDE":"Willisau","EINWOHNER":95,"ARBEITSPL":313,"RADIUS":300,"DIDOKNR":83233,"ANGSTUFE":2,"SLOID":"ch:1:sloid:83233","TU":3}},{"type":"Feature","id":1018,"geometry":{"type":"Point","coordinates":[8.037439853097716,46.819383498351201]},"properties":{"OBJECTID":1018,"UUID":"{DA794CDB-5A68-E611-B7C2-F04DA23F2F2A}","HSTNAME":"Sörenberg, Höchistrasse","VMITTEL":2,"BFS_NR":1004,"GEMEINDE":"Flühli","EINWOHNER":74,"ARBEITSPL":6,"RADIUS":300,"DIDOKNR":83236,"ANGSTUFE":1,"SLOID":"ch:1:sloid:83236","TU":3}},{"type":"Feature","id":1019,"geometry":{"type":"Point","coordinates":[8.1069385294311349,47.171780595805139]},"properties":{"OBJECTID":1019,"UUID":"{78784CDB-5A68-E611-B7C2-F04DA23F2F2A}","HSTNAME":"Sursee, Post","VMITTEL":8,"BFS_NR":1103,"GEMEINDE":"Sursee","EINWOHNER":925,"ARBEITSPL":1474,"RADIUS":300,"DIDOKNR":83242,"ANGSTUFE":2,"SLOID":"ch:1:sloid:83242","TU":3}},{"type":"Feature","id":1020,"geometry":{"type":"Point","coordinates":[8.2840758988766723,46.821604381667974]},"properties":{"OBJECTID":1020,"UUID":"{31E9C1D5-5A68-E611-B7C2-F04DA23F2F2A}","HSTNAME":"Melchtal, Turrenbach","VMITTEL":2,"BFS_NR":1404,"GEMEINDE":"Kerns","EINWOHNER":0,"ARBEITSPL":0,"RADIUS":300,"DIDOKNR":83552,"ANGSTUFE":null,"SLOID":"ch:1:sloid:83552","TU":3}},{"type":"Feature","id":1021,"geometry":{"type":"Point","coordinates":[8.1954499921796184,47.133569783749387]},"properties":{"OBJECTID":1021,"UUID":"{F3784CDB-5A68-E611-B7C2-F04DA23F2F2A}","HSTNAME":"Sempach Stadt, Hültschern","VMITTEL":8,"BFS_NR":1102,"GEMEINDE":"Sempach","EINWOHNER":935,"ARBEITSPL":128,"RADIUS":300,"DIDOKNR":83562,"ANGSTUFE":3,"SLOID":"ch:1:sloid:83562","TU":3}},{"type":"Feature","id":1022,"geometry":{"type":"Point","coordinates":[8.3631650728676679,46.967364184881461]},"properties":{"OBJECTID":1022,"UUID":"{CD784CDB-5A68-E611-B7C2-F04DA23F2F2A}","HSTNAME":"Stans, Sportanlage Eichli","VMITTEL":2,"BFS_NR":1509,"GEMEINDE":"Stans","EINWOHNER":0,"ARBEITSPL":0,"RADIUS":300,"DIDOKNR":83493,"ANGSTUFE":null,"SLOID":"ch:1:sloid:83493","TU":3}},{"type":"Feature","id":1023,"geometry":{"type":"Point","coordinates":[8.3610343995850442,46.964961485269633]},"properties":{"OBJECTID":1023,"UUID":"{54E8C1D5-5A68-E611-B7C2-F04DA23F2F2A}","HSTNAME":"Stans, Spichermatt","VMITTEL":2,"BFS_NR":1509,"GEMEINDE":"Stans","EINWOHNER":0,"ARBEITSPL":0,"RADIUS":300,"DIDOKNR":83494,"ANGSTUFE":null,"SLOID":"ch:1:sloid:83494","TU":3}},{"type":"Feature","id":1024,"geometry":{"type":"Point","coordinates":[8.3579852451666916,46.967999559519804]},"properties":{"OBJECTID":1024,"UUID":"{5C774CDB-5A68-E611-B7C2-F04DA23F2F2A}","HSTNAME":"Stans, Oberstmühle","VMITTEL":2,"BFS_NR":1509,"GEMEINDE":"Stans","EINWOHNER":0,"ARBEITSPL":0,"RADIUS":300,"DIDOKNR":83492,"ANGSTUFE":null,"SLOID":"ch:1:sloid:83492","TU":3}},{"type":"Feature","id":1025,"geometry":{"type":"Point","coordinates":[8.1766344856437936,47.160920524453182]},"properties":{"OBJECTID":1025,"UUID":"{BDE8C1D5-5A68-E611-B7C2-F04DA23F2F2A}","HSTNAME":"Eich, Vogelsang","VMITTEL":7,"BFS_NR":1084,"GEMEINDE":"Eich","EINWOHNER":46,"ARBEITSPL":63,"RADIUS":300,"DIDOKNR":83508,"ANGSTUFE":1,"SLOID":"ch:1:sloid:83508","TU":3}},{"type":"Feature","id":1026,"geometry":{"type":"Point","coordinates":[8.16729811123977,47.160017527394722]},"properties":{"OBJECTID":1026,"UUID":"{4CE8C1D5-5A68-E611-B7C2-F04DA23F2F2A}","HSTNAME":"Eich, Eichberg","VMITTEL":7,"BFS_NR":1084,"GEMEINDE":"Eich","EINWOHNER":221,"ARBEITSPL":52,"RADIUS":300,"DIDOKNR":83507,"ANGSTUFE":1,"SLOID":"ch:1:sloid:83507","TU":3}},{"type":"Feature","id":1027,"geometry":{"type":"Point","coordinates":[8.1657982024234883,47.155421484640378]},"properties":{"OBJECTID":1027,"UUID":"{AC764CDB-5A68-E611-B7C2-F04DA23F2F2A}","HSTNAME":"Eich, Eichhof","VMITTEL":7,"BFS_NR":1084,"GEMEINDE":"Eich","EINWOHNER":482,"ARBEITSPL":102,"RADIUS":300,"DIDOKNR":83509,"ANGSTUFE":1,"SLOID":"ch:1:sloid:83509","TU":3}},{"type":"Feature","id":1028,"geometry":{"type":"Point","coordinates":[8.2000388808439766,47.116997183591515]},"properties":{"OBJECTID":1028,"UUID":"{82794CDB-5A68-E611-B7C2-F04DA23F2F2A}","HSTNAME":"Sempach Station, Seefeld","VMITTEL":7,"BFS_NR":1093,"GEMEINDE":"Neuenkirch","EINWOHNER":59,"ARBEITSPL":92,"RADIUS":300,"DIDOKNR":83512,"ANGSTUFE":2,"SLOID":"ch:1:sloid:83512","TU":3}},{"type":"Feature","id":1029,"geometry":{"type":"Point","coordinates":[8.1999820865668376,47.116709710151945]},"properties":{"OBJECTID":1029,"UUID":"{F0774CDB-5A68-E611-B7C2-F04DA23F2F2A}","HSTNAME":"Sempach Station, Mettenwilstr.","VMITTEL":8,"BFS_NR":1093,"GEMEINDE":"Neuenkirch","EINWOHNER":213,"ARBEITSPL":280,"RADIUS":300,"DIDOKNR":83513,"ANGSTUFE":3,"SLOID":"ch:1:sloid:83513","TU":3}},{"type":"Feature","id":1030,"geometry":{"type":"Point","coordinates":[8.1672927765623786,47.17222398902986]},"properties":{"OBJECTID":1030,"UUID":"{73784CDB-5A68-E611-B7C2-F04DA23F2F2A}","HSTNAME":"Gunzwil, Bäch","VMITTEL":7,"BFS_NR":1081,"GEMEINDE":"Beromünster","EINWOHNER":180,"ARBEITSPL":31,"RADIUS":300,"DIDOKNR":83550,"ANGSTUFE":1,"SLOID":"ch:1:sloid:83550","TU":3}},{"type":"Feature","id":1031,"geometry":{"type":"Point","coordinates":[8.1687934308686554,47.165225247219496]},"properties":{"OBJECTID":1031,"UUID":"{047A4CDB-5A68-E611-B7C2-F04DA23F2F2A}","HSTNAME":"Eich, Brand","VMITTEL":7,"BFS_NR":1084,"GEMEINDE":"Eich","EINWOHNER":39,"ARBEITSPL":19,"RADIUS":300,"DIDOKNR":83532,"ANGSTUFE":1,"SLOID":"ch:1:sloid:83532","TU":3}},{"type":"Feature","id":1032,"geometry":{"type":"Point","coordinates":[8.0980977196496475,47.160830581741564]},"properties":{"OBJECTID":1032,"UUID":"{72774CDB-5A68-E611-B7C2-F04DA23F2F2A}","HSTNAME":"Oberkirch LU, Terra Alta","VMITTEL":8,"BFS_NR":1095,"GEMEINDE":"Oberkirch","EINWOHNER":21,"ARBEITSPL":67,"RADIUS":300,"DIDOKNR":83706,"ANGSTUFE":2,"SLOID":"ch:1:sloid:83706","TU":3}},{"type":"Feature","id":1033,"geometry":{"type":"Point","coordinates":[8.2007307546715822,47.020175210658145]},"properties":{"OBJECTID":1033,"UUID":"{08774CDB-5A68-E611-B7C2-F04DA23F2F2A}","HSTNAME":"Schwarzenberg LU, Ried","VMITTEL":2,"BFS_NR":1066,"GEMEINDE":"Schwarzenberg","EINWOHNER":15,"ARBEITSPL":0,"RADIUS":300,"DIDOKNR":83711,"ANGSTUFE":1,"SLOID":"ch:1:sloid:83711","TU":3}},{"type":"Feature","id":1034,"geometry":{"type":"Point","coordinates":[8.0382893300308851,47.077152133075572]},"properties":{"OBJECTID":1034,"UUID":"{924BE88E-588E-E811-8B24-F04DA23FCE90}","HSTNAME":"Menznau, Tanzeren","VMITTEL":2,"BFS_NR":1136,"GEMEINDE":"Menznau","EINWOHNER":5,"ARBEITSPL":0,"RADIUS":300,"DIDOKNR":84720,"ANGSTUFE":1,"SLOID":"ch:1:sloid:84720","TU":3}},{"type":"Feature","id":1035,"geometry":{"type":"Point","coordinates":[8.0354269686886841,47.068414680729774]},"properties":{"OBJECTID":1035,"UUID":"{59794CDB-5A68-E611-B7C2-F04DA23F2F2A}","HSTNAME":"Menznau, Obertreien","VMITTEL":2,"BFS_NR":1136,"GEMEINDE":"Menznau","EINWOHNER":7,"ARBEITSPL":4,"RADIUS":300,"DIDOKNR":84721,"ANGSTUFE":1,"SLOID":"ch:1:sloid:84721","TU":3}},{"type":"Feature","id":1036,"geometry":{"type":"Point","coordinates":[8.044442347799599,46.958561460791671]},"properties":{"OBJECTID":1036,"UUID":"{B49CDE5E-EB37-E811-85C0-F04DA23FCE90}","HSTNAME":"Schüpfheim, Biberebrüggli","VMITTEL":2,"BFS_NR":1008,"GEMEINDE":"Schüpfheim","EINWOHNER":27,"ARBEITSPL":5,"RADIUS":300,"DIDOKNR":84988,"ANGSTUFE":1,"SLOID":"ch:1:sloid:84988","TU":3}},{"type":"Feature","id":1037,"geometry":{"type":"Point","coordinates":[8.0341936308477475,46.957301805748195]},"properties":{"OBJECTID":1037,"UUID":"{CEEBE67D-27C6-E711-85C0-F04DA23FCE90}","HSTNAME":"Schüpfheim, Schwändi","VMITTEL":2,"BFS_NR":1008,"GEMEINDE":"Schüpfheim","EINWOHNER":105,"ARBEITSPL":5,"RADIUS":300,"DIDOKNR":84989,"ANGSTUFE":1,"SLOID":"ch:1:sloid:84989","TU":3}},{"type":"Feature","id":1038,"geometry":{"type":"Point","coordinates":[8.1946922777840374,47.237720525595883]},"properties":{"OBJECTID":1038,"UUID":"{37774CDB-5A68-E611-B7C2-F04DA23F2F2A}","HSTNAME":"Menziken, Altersh. Falkenstein","VMITTEL":2,"BFS_NR":4139,"GEMEINDE":"Menziken","EINWOHNER":0,"ARBEITSPL":0,"RADIUS":300,"DIDOKNR":87007,"ANGSTUFE":null,"SLOID":"ch:1:sloid:87007","TU":3}},{"type":"Feature","id":1039,"geometry":{"type":"Point","coordinates":[8.4401593008940949,47.155591319124198]},"properties":{"OBJECTID":1039,"UUID":"{5AE2DB37-5749-ED11-AEC8-00505692A170}","HSTNAME":"Holzhäusern ZG, Kreisel","VMITTEL":2,"BFS_NR":1707,"GEMEINDE":"Risch","EINWOHNER":0,"ARBEITSPL":0,"RADIUS":300,"DIDOKNR":87259,"ANGSTUFE":null,"SLOID":"ch:1:sloid:87259","TU":4}},{"type":"Feature","id":1040,"geometry":{"type":"Point","coordinates":[8.427000902018273,47.175018420903321]},"properties":{"OBJECTID":1040,"UUID":"{98EF6829-6649-ED11-AEC8-00505692A170}","HSTNAME":"Hünenberg, Dorf","VMITTEL":2,"BFS_NR":1703,"GEMEINDE":"Hünenberg","EINWOHNER":0,"ARBEITSPL":0,"RADIUS":300,"DIDOKNR":87260,"ANGSTUFE":null,"SLOID":"ch:1:sloid:87260","TU":4}},{"type":"Feature","id":1041,"geometry":{"type":"Point","coordinates":[8.0491618895613239,46.949558985694203]},"properties":{"OBJECTID":1041,"UUID":"{02774CDB-5A68-E611-B7C2-F04DA23F2F2A}","HSTNAME":"Hasle LU, Heiligkreuz Kirche","VMITTEL":2,"BFS_NR":1005,"GEMEINDE":"Hasle","EINWOHNER":61,"ARBEITSPL":20,"RADIUS":300,"DIDOKNR":87025,"ANGSTUFE":1,"SLOID":"ch:1:sloid:87025","TU":3}},{"type":"Feature","id":1042,"geometry":{"type":"Point","coordinates":[8.2635955160838446,47.267723214200217]},"properties":{"OBJECTID":1042,"UUID":"{BF774CDB-5A68-E611-B7C2-F04DA23F2F2A}","HSTNAME":"Schongau, Kreuz","VMITTEL":2,"BFS_NR":1041,"GEMEINDE":"Schongau","EINWOHNER":172,"ARBEITSPL":35,"RADIUS":300,"DIDOKNR":87250,"ANGSTUFE":1,"SLOID":"ch:1:sloid:87250","TU":4}},{"type":"Feature","id":1043,"geometry":{"type":"Point","coordinates":[8.052219210783699,46.980343001147666]},"properties":{"OBJECTID":1043,"UUID":"{2B7A4CDB-5A68-E611-B7C2-F04DA23F2F2A}","HSTNAME":"Hasle LU, Schulhaus","VMITTEL":2,"BFS_NR":1005,"GEMEINDE":"Hasle","EINWOHNER":96,"ARBEITSPL":27,"RADIUS":300,"DIDOKNR":87118,"ANGSTUFE":1,"SLOID":"ch:1:sloid:87118","TU":3}},{"type":"Feature","id":1044,"geometry":{"type":"Point","coordinates":[8.2805280500941496,47.185816925275155]},"properties":{"OBJECTID":1044,"UUID":"{BF764CDB-5A68-E611-B7C2-F04DA23F2F2A}","HSTNAME":"Baldegg, Bahnhof","VMITTEL":2,"BFS_NR":1031,"GEMEINDE":"Hochdorf","EINWOHNER":458,"ARBEITSPL":305,"RADIUS":300,"DIDOKNR":87100,"ANGSTUFE":1,"SLOID":"ch:1:sloid:87100","TU":4}},{"type":"Feature","id":1045,"geometry":{"type":"Point","coordinates":[8.4294479167258665,47.146868461899643]},"properties":{"OBJECTID":1045,"UUID":"{7705AF3D-3A4A-ED11-AEC8-00505692A170}","HSTNAME":"Rotkreuz, Ried","VMITTEL":2,"BFS_NR":1707,"GEMEINDE":"Risch","EINWOHNER":0,"ARBEITSPL":0,"RADIUS":300,"DIDOKNR":87435,"ANGSTUFE":null,"SLOID":"ch:1:sloid:87435","TU":4}},{"type":"Feature","id":1046,"geometry":{"type":"Point","coordinates":[8.4512693074722911,47.112000403753413]},"properties":{"OBJECTID":1046,"UUID":"{D1784CDB-5A68-E611-B7C2-F04DA23F2F2A}","HSTNAME":"Küssnacht am Rigi, Fänn Nord","VMITTEL":2,"BFS_NR":1331,"GEMEINDE":"Küssnacht (SZ)","EINWOHNER":0,"ARBEITSPL":69,"RADIUS":300,"DIDOKNR":87519,"ANGSTUFE":null,"SLOID":"ch:1:sloid:87519","TU":4}},{"type":"Feature","id":1047,"geometry":{"type":"Point","coordinates":[8.159671400324207,46.785582855024941]},"properties":{"OBJECTID":1047,"UUID":"{DC784CDB-5A68-E611-B7C2-F04DA23F2F2A}","HSTNAME":"Lungern, Dorfkapelle","VMITTEL":2,"BFS_NR":1405,"GEMEINDE":"Lungern","EINWOHNER":0,"ARBEITSPL":0,"RADIUS":1000,"DIDOKNR":87662,"ANGSTUFE":null,"SLOID":"ch:1:sloid:87662","TU":12}},{"type":"Feature","id":1048,"geometry":{"type":"Point","coordinates":[8.310242320361704,47.170429729177044]},"properties":{"OBJECTID":1048,"UUID":"{1AE8C1D5-5A68-E611-B7C2-F04DA23F2F2A}","HSTNAME":"Hohenrain, Unterebersol","VMITTEL":2,"BFS_NR":1032,"GEMEINDE":"Hohenrain","EINWOHNER":27,"ARBEITSPL":11,"RADIUS":300,"DIDOKNR":87715,"ANGSTUFE":1,"SLOID":"ch:1:sloid:87715","TU":4}},{"type":"Feature","id":1049,"geometry":{"type":"Point","coordinates":[8.294251188649465,47.169362339876749]},"properties":{"OBJECTID":1049,"UUID":"{48784CDB-5A68-E611-B7C2-F04DA23F2F2A}","HSTNAME":"Hochdorf, Oberstufenzentrum","VMITTEL":2,"BFS_NR":1031,"GEMEINDE":"Hochdorf","EINWOHNER":1013,"ARBEITSPL":218,"RADIUS":300,"DIDOKNR":87716,"ANGSTUFE":1,"SLOID":"ch:1:sloid:87716","TU":4}},{"type":"Feature","id":1050,"geometry":{"type":"Point","coordinates":[8.42287529204226,47.133611503027744]},"properties":{"OBJECTID":1050,"UUID":"{9C375494-394A-ED11-AEC8-00505692A170}","HSTNAME":"Rotkreuz, Küntwil","VMITTEL":2,"BFS_NR":1707,"GEMEINDE":"Risch","EINWOHNER":0,"ARBEITSPL":0,"RADIUS":300,"DIDOKNR":87722,"ANGSTUFE":null,"SLOID":"ch:1:sloid:87722","TU":4}},{"type":"Feature","id":1051,"geometry":{"type":"Point","coordinates":[8.0912199789162784,47.170017766239617]},"properties":{"OBJECTID":1051,"UUID":"{15794CDB-5A68-E611-B7C2-F04DA23F2F2A}","HSTNAME":"Sursee, Holzacherstrasse","VMITTEL":8,"BFS_NR":1095,"GEMEINDE":"Oberkirch","EINWOHNER":493,"ARBEITSPL":36,"RADIUS":300,"DIDOKNR":87735,"ANGSTUFE":3,"SLOID":"ch:1:sloid:87735","TU":2}},{"type":"Feature","id":1052,"geometry":{"type":"Point","coordinates":[8.0342211165653925,47.15428855324906]},"properties":{"OBJECTID":1052,"UUID":"{13E8C1D5-5A68-E611-B7C2-F04DA23F2F2A}","HSTNAME":"Kottwil, Zuswil","VMITTEL":2,"BFS_NR":1128,"GEMEINDE":"Ettiswil","EINWOHNER":76,"ARBEITSPL":71,"RADIUS":300,"DIDOKNR":87736,"ANGSTUFE":3,"SLOID":"ch:1:sloid:87736","TU":2}},{"type":"Feature","id":1053,"geometry":{"type":"Point","coordinates":[8.4623304022410171,47.09782421711985]},"properties":{"OBJECTID":1053,"UUID":"{C2754CDB-5A68-E611-B7C2-F04DA23F2F2A}","HSTNAME":"Immensee, Dorf","VMITTEL":2,"BFS_NR":1331,"GEMEINDE":"Küssnacht (SZ)","EINWOHNER":0,"ARBEITSPL":0,"RADIUS":300,"DIDOKNR":87771,"ANGSTUFE":null,"SLOID":"ch:1:sloid:87771","TU":4}},{"type":"Feature","id":1054,"geometry":{"type":"Point","coordinates":[8.4430352633313515,47.083961258994613]},"properties":{"OBJECTID":1054,"UUID":"{EBE8C1D5-5A68-E611-B7C2-F04DA23F2F2A}","HSTNAME":"Küssnacht am Rigi, Oberdorf","VMITTEL":2,"BFS_NR":1331,"GEMEINDE":"Küssnacht (SZ)","EINWOHNER":0,"ARBEITSPL":0,"RADIUS":300,"DIDOKNR":87770,"ANGSTUFE":null,"SLOID":"ch:1:sloid:87770","TU":4}},{"type":"Feature","id":1055,"geometry":{"type":"Point","coordinates":[8.4586202089688882,47.093224435844782]},"properties":{"OBJECTID":1055,"UUID":"{F2774CDB-5A68-E611-B7C2-F04DA23F2F2A}","HSTNAME":"Immensee, Post","VMITTEL":2,"BFS_NR":1331,"GEMEINDE":"Küssnacht (SZ)","EINWOHNER":0,"ARBEITSPL":0,"RADIUS":300,"DIDOKNR":87769,"ANGSTUFE":null,"SLOID":"ch:1:sloid:87769","TU":4}},{"type":"Feature","id":1056,"geometry":{"type":"Point","coordinates":[8.4496709370071823,47.106203293615636]},"properties":{"OBJECTID":1056,"UUID":"{65784CDB-5A68-E611-B7C2-F04DA23F2F2A}","HSTNAME":"Küssnacht am Rigi, Ellbögli","VMITTEL":2,"BFS_NR":1331,"GEMEINDE":"Küssnacht (SZ)","EINWOHNER":0,"ARBEITSPL":0,"RADIUS":300,"DIDOKNR":87583,"ANGSTUFE":null,"SLOID":"ch:1:sloid:87583","TU":4}},{"type":"Feature","id":1057,"geometry":{"type":"Point","coordinates":[8.4375520789326615,47.082887925396214]},"properties":{"OBJECTID":1057,"UUID":"{02E8C1D5-5A68-E611-B7C2-F04DA23F2F2A}","HSTNAME":"Küssnacht am Rigi, Plaza","VMITTEL":2,"BFS_NR":1331,"GEMEINDE":"Küssnacht (SZ)","EINWOHNER":0,"ARBEITSPL":0,"RADIUS":300,"DIDOKNR":87582,"ANGSTUFE":null,"SLOID":"ch:1:sloid:87582","TU":7}},{"type":"Feature","id":1058,"geometry":{"type":"Point","coordinates":[8.466001722002197,47.134718572746173]},"properties":{"OBJECTID":1058,"UUID":"{6F48BFCA-FC49-ED11-AEC8-00505692A170}","HSTNAME":"Risch, Dorf","VMITTEL":2,"BFS_NR":1707,"GEMEINDE":"Risch","EINWOHNER":0,"ARBEITSPL":0,"RADIUS":300,"DIDOKNR":87572,"ANGSTUFE":null,"SLOID":"ch:1:sloid:87572","TU":4}},{"type":"Feature","id":1059,"geometry":{"type":"Point","coordinates":[8.4444605640075334,47.086224686191045]},"properties":{"OBJECTID":1059,"UUID":"{BE764CDB-5A68-E611-B7C2-F04DA23F2F2A}","HSTNAME":"Küssnacht am Rigi, Ebnet","VMITTEL":2,"BFS_NR":1331,"GEMEINDE":"Küssnacht (SZ)","EINWOHNER":0,"ARBEITSPL":0,"RADIUS":300,"DIDOKNR":87557,"ANGSTUFE":null,"SLOID":"ch:1:sloid:87557","TU":4}},{"type":"Feature","id":1060,"geometry":{"type":"Point","coordinates":[8.4560930418641718,47.139808215248721]},"properties":{"OBJECTID":1060,"UUID":"{E20A0CC0-3549-ED11-AEC8-00505692A170}","HSTNAME":"Buonas, Neuhofstrasse","VMITTEL":2,"BFS_NR":1707,"GEMEINDE":"Risch","EINWOHNER":0,"ARBEITSPL":0,"RADIUS":300,"DIDOKNR":87587,"ANGSTUFE":null,"SLOID":"ch:1:sloid:87587","TU":4}},{"type":"Feature","id":1061,"geometry":{"type":"Point","coordinates":[8.4634381240037531,47.131637963373308]},"properties":{"OBJECTID":1061,"UUID":"{121FD02F-FE49-ED11-AEC8-00505692A170}","HSTNAME":"Risch, Stotzenacker","VMITTEL":2,"BFS_NR":1707,"GEMEINDE":"Risch","EINWOHNER":0,"ARBEITSPL":0,"RADIUS":300,"DIDOKNR":87585,"ANGSTUFE":null,"SLOID":"ch:1:sloid:87585","TU":4}},{"type":"Feature","id":1062,"geometry":{"type":"Point","coordinates":[8.4625733451820953,47.117432584126618]},"properties":{"OBJECTID":1062,"UUID":"{6BB4487B-FC49-ED11-AEC8-00505692A170}","HSTNAME":"Risch, Landhaus","VMITTEL":2,"BFS_NR":1707,"GEMEINDE":"Risch","EINWOHNER":7,"ARBEITSPL":8,"RADIUS":300,"DIDOKNR":87584,"ANGSTUFE":null,"SLOID":"ch:1:sloid:87584","TU":4}},{"type":"Feature","id":1063,"geometry":{"type":"Point","coordinates":[8.4357295099767278,47.14078716817108]},"properties":{"OBJECTID":1063,"UUID":"{08BDF6D9-394A-ED11-AEC8-00505692A170}","HSTNAME":"Rotkreuz, Langmatt","VMITTEL":2,"BFS_NR":1707,"GEMEINDE":"Risch","EINWOHNER":0,"ARBEITSPL":0,"RADIUS":300,"DIDOKNR":87590,"ANGSTUFE":null,"SLOID":"ch:1:sloid:87590","TU":4}},{"type":"Feature","id":1064,"geometry":{"type":"Point","coordinates":[8.446278186455551,47.140875143488849]},"properties":{"OBJECTID":1064,"UUID":"{8F2ADF6F-3A4A-ED11-AEC8-00505692A170}","HSTNAME":"Rotkreuz, Rüti","VMITTEL":2,"BFS_NR":1707,"GEMEINDE":"Risch","EINWOHNER":0,"ARBEITSPL":0,"RADIUS":300,"DIDOKNR":87589,"ANGSTUFE":null,"SLOID":"ch:1:sloid:87589","TU":4}},{"type":"Feature","id":1065,"geometry":{"type":"Point","coordinates":[8.4532627410671299,47.14072378172456]},"properties":{"OBJECTID":1065,"UUID":"{BC7FFC6D-3F49-ED11-AEC8-00505692A170}","HSTNAME":"Buonas, Schmidhof","VMITTEL":2,"BFS_NR":1707,"GEMEINDE":"Risch","EINWOHNER":0,"ARBEITSPL":0,"RADIUS":300,"DIDOKNR":87588,"ANGSTUFE":null,"SLOID":"ch:1:sloid:87588","TU":4}},{"type":"Feature","id":1066,"geometry":{"type":"Point","coordinates":[8.4642438072560306,47.099372403954433]},"properties":{"OBJECTID":1066,"UUID":"{AFE8C1D5-5A68-E611-B7C2-F04DA23F2F2A}","HSTNAME":"Immensee, Sunnehof","VMITTEL":2,"BFS_NR":1331,"GEMEINDE":"Küssnacht (SZ)","EINWOHNER":0,"ARBEITSPL":0,"RADIUS":300,"DIDOKNR":87881,"ANGSTUFE":null,"SLOID":"ch:1:sloid:87881","TU":4}},{"type":"Feature","id":1067,"geometry":{"type":"Point","coordinates":[8.2012523418561951,47.071706590176397]},"properties":{"OBJECTID":1067,"UUID":"{F1784CDB-5A68-E611-B7C2-F04DA23F2F2A}","HSTNAME":"Hellbühl, Unter Hellbühl","VMITTEL":2,"BFS_NR":1093,"GEMEINDE":"Neuenkirch","EINWOHNER":361,"ARBEITSPL":107,"RADIUS":300,"DIDOKNR":88185,"ANGSTUFE":3,"SLOID":"ch:1:sloid:88185","TU":2}},{"type":"Feature","id":1068,"geometry":{"type":"Point","coordinates":[8.3390105288934926,47.053003300699451]},"properties":{"OBJECTID":1068,"UUID":"{50774CDB-5A68-E611-B7C2-F04DA23F2F2A}","HSTNAME":"Luzern, Brüel","VMITTEL":8,"BFS_NR":1061,"GEMEINDE":"Luzern","EINWOHNER":247,"ARBEITSPL":38,"RADIUS":300,"DIDOKNR":88203,"ANGSTUFE":4,"SLOID":"ch:1:sloid:88203","TU":11}},{"type":"Feature","id":1069,"geometry":{"type":"Point","coordinates":[8.4422315212660006,47.16061075251902]},"properties":{"OBJECTID":1069,"UUID":"{37432122-6B49-ED11-AEC8-00505692A170}","HSTNAME":"Hünenberg, Seeblick","VMITTEL":2,"BFS_NR":1703,"GEMEINDE":"Hünenberg","EINWOHNER":0,"ARBEITSPL":0,"RADIUS":300,"DIDOKNR":88247,"ANGSTUFE":null,"SLOID":"ch:1:sloid:88247","TU":4}},{"type":"Feature","id":1070,"geometry":{"type":"Point","coordinates":[8.4544280067084454,47.094431009516747]},"properties":{"OBJECTID":1070,"UUID":"{59774CDB-5A68-E611-B7C2-F04DA23F2F2A}","HSTNAME":"Immensee, Gymnasium","VMITTEL":2,"BFS_NR":1331,"GEMEINDE":"Küssnacht (SZ)","EINWOHNER":0,"ARBEITSPL":0,"RADIUS":300,"DIDOKNR":88276,"ANGSTUFE":null,"SLOID":"ch:1:sloid:88276","TU":4}},{"type":"Feature","id":1071,"geometry":{"type":"Point","coordinates":[8.2991423270222224,47.167562794795607]},"properties":{"OBJECTID":1071,"UUID":"{B2E8C1D5-5A68-E611-B7C2-F04DA23F2F2A}","HSTNAME":"Hochdorf, Rigiring","VMITTEL":2,"BFS_NR":1031,"GEMEINDE":"Hochdorf","EINWOHNER":1353,"ARBEITSPL":69,"RADIUS":300,"DIDOKNR":88077,"ANGSTUFE":1,"SLOID":"ch:1:sloid:88077","TU":4}},{"type":"Feature","id":1072,"geometry":{"type":"Point","coordinates":[8.0727811536835343,47.063204270359492]},"properties":{"OBJECTID":1072,"UUID":"{47E8C1D5-5A68-E611-B7C2-F04DA23F2F2A}","HSTNAME":"Wolhusen, Berghofstrasse","VMITTEL":2,"BFS_NR":1107,"GEMEINDE":"Wolhusen","EINWOHNER":517,"ARBEITSPL":75,"RADIUS":300,"DIDOKNR":88143,"ANGSTUFE":2,"SLOID":"ch:1:sloid:88143","TU":2}},{"type":"Feature","id":1073,"geometry":{"type":"Point","coordinates":[8.0732590607228154,47.059090790899887]},"properties":{"OBJECTID":1073,"UUID":"{157A4CDB-5A68-E611-B7C2-F04DA23F2F2A}","HSTNAME":"Wolhusen, Kreisel","VMITTEL":2,"BFS_NR":1107,"GEMEINDE":"Wolhusen","EINWOHNER":787,"ARBEITSPL":634,"RADIUS":300,"DIDOKNR":88142,"ANGSTUFE":2,"SLOID":"ch:1:sloid:88142","TU":2}},{"type":"Feature","id":1074,"geometry":{"type":"Point","coordinates":[8.0703231425686486,47.066869886958322]},"properties":{"OBJECTID":1074,"UUID":"{BC784CDB-5A68-E611-B7C2-F04DA23F2F2A}","HSTNAME":"Wolhusen, Ankenberg","VMITTEL":2,"BFS_NR":1107,"GEMEINDE":"Wolhusen","EINWOHNER":373,"ARBEITSPL":33,"RADIUS":300,"DIDOKNR":88145,"ANGSTUFE":2,"SLOID":"ch:1:sloid:88145","TU":2}},{"type":"Feature","id":1075,"geometry":{"type":"Point","coordinates":[8.0707368925124552,47.065113535326667]},"properties":{"OBJECTID":1075,"UUID":"{3E774CDB-5A68-E611-B7C2-F04DA23F2F2A}","HSTNAME":"Wolhusen Weid, Bahnhof","VMITTEL":2,"BFS_NR":1107,"GEMEINDE":"Wolhusen","EINWOHNER":301,"ARBEITSPL":108,"RADIUS":300,"DIDOKNR":88144,"ANGSTUFE":2,"SLOID":"ch:1:sloid:88144","TU":2}},{"type":"Feature","id":1076,"geometry":{"type":"Point","coordinates":[8.3135533827306212,47.024381180494565]},"properties":{"OBJECTID":1076,"UUID":"{ED754CDB-5A68-E611-B7C2-F04DA23F2F2A}","HSTNAME":"Horw, Hofrüti","VMITTEL":2,"BFS_NR":1058,"GEMEINDE":"Horw","EINWOHNER":488,"ARBEITSPL":56,"RADIUS":300,"DIDOKNR":88417,"ANGSTUFE":3,"SLOID":"ch:1:sloid:88417","TU":11}},{"type":"Feature","id":1077,"geometry":{"type":"Point","coordinates":[8.1138212346109597,47.168412245458988]},"properties":{"OBJECTID":1077,"UUID":"{D8764CDB-5A68-E611-B7C2-F04DA23F2F2A}","HSTNAME":"Sursee, Spital Fussweg","VMITTEL":2,"BFS_NR":1103,"GEMEINDE":"Sursee","EINWOHNER":718,"ARBEITSPL":96,"RADIUS":300,"DIDOKNR":88511,"ANGSTUFE":3,"SLOID":"ch:1:sloid:88511","TU":2}},{"type":"Feature","id":1078,"geometry":{"type":"Point","coordinates":[8.0238145222218513,47.151643408578458]},"properties":{"OBJECTID":1078,"UUID":"{FE784CDB-5A68-E611-B7C2-F04DA23F2F2A}","HSTNAME":"Ettiswil, Surseestrasse","VMITTEL":2,"BFS_NR":1128,"GEMEINDE":"Ettiswil","EINWOHNER":564,"ARBEITSPL":165,"RADIUS":300,"DIDOKNR":88510,"ANGSTUFE":3,"SLOID":"ch:1:sloid:88510","TU":2}},{"type":"Feature","id":1079,"geometry":{"type":"Point","coordinates":[8.0252900625049861,47.143099585576856]},"properties":{"OBJECTID":1079,"UUID":"{247A4CDB-5A68-E611-B7C2-F04DA23F2F2A}","HSTNAME":"Ettiswil, Schloss Wyher","VMITTEL":2,"BFS_NR":1128,"GEMEINDE":"Ettiswil","EINWOHNER":5,"ARBEITSPL":5,"RADIUS":300,"DIDOKNR":88509,"ANGSTUFE":3,"SLOID":"ch:1:sloid:88509","TU":2}},{"type":"Feature","id":1080,"geometry":{"type":"Point","coordinates":[8.3029475163818738,47.079026192869819]},"properties":{"OBJECTID":1080,"UUID":"{73774CDB-5A68-E611-B7C2-F04DA23F2F2A}","HSTNAME":"Emmen, Kirche","VMITTEL":2,"BFS_NR":1024,"GEMEINDE":"Emmen","EINWOHNER":259,"ARBEITSPL":77,"RADIUS":300,"DIDOKNR":88526,"ANGSTUFE":4,"SLOID":"ch:1:sloid:88526","TU":1}},{"type":"Feature","id":1081,"geometry":{"type":"Point","coordinates":[8.4281496801358742,47.169368389551977]},"properties":{"OBJECTID":1081,"UUID":"{1BA21B7F-6649-ED11-AEC8-00505692A170}","HSTNAME":"Hünenberg, Ehret","VMITTEL":2,"BFS_NR":1703,"GEMEINDE":"Hünenberg","EINWOHNER":0,"ARBEITSPL":0,"RADIUS":300,"DIDOKNR":88690,"ANGSTUFE":null,"SLOID":"ch:1:sloid:88690","TU":4}},{"type":"Feature","id":1082,"geometry":{"type":"Point","coordinates":[8.4387072294669974,47.154101698730145]},"properties":{"OBJECTID":1082,"UUID":"{AB6F3964-6149-ED11-AEC8-00505692A170}","HSTNAME":"Holzhäusern ZG, St. Wendelin","VMITTEL":2,"BFS_NR":1707,"GEMEINDE":"Risch","EINWOHNER":0,"ARBEITSPL":0,"RADIUS":300,"DIDOKNR":88708,"ANGSTUFE":null,"SLOID":"ch:1:sloid:88708","TU":4}},{"type":"Feature","id":1083,"geometry":{"type":"Point","coordinates":[8.2752270669561128,47.267983028786077]},"properties":{"OBJECTID":1083,"UUID":"{98E7C1D5-5A68-E611-B7C2-F04DA23F2F2A}","HSTNAME":"Schongau, Erlebnispark","VMITTEL":2,"BFS_NR":1041,"GEMEINDE":"Schongau","EINWOHNER":31,"ARBEITSPL":84,"RADIUS":300,"DIDOKNR":88727,"ANGSTUFE":1,"SLOID":"ch:1:sloid:88727","TU":4}},{"type":"Feature","id":1084,"geometry":{"type":"Point","coordinates":[8.3033402588282819,47.018359561580773]},"properties":{"OBJECTID":1084,"UUID":"{317A4CDB-5A68-E611-B7C2-F04DA23F2F2A}","HSTNAME":"Horw, Steinibach","VMITTEL":2,"BFS_NR":1059,"GEMEINDE":"Kriens","EINWOHNER":446,"ARBEITSPL":203,"RADIUS":300,"DIDOKNR":88747,"ANGSTUFE":5,"SLOID":"ch:1:sloid:88747","TU":11}},{"type":"Feature","id":1085,"geometry":{"type":"Point","coordinates":[8.3114919176246413,47.019229598079569]},"properties":{"OBJECTID":1085,"UUID":"{67774CDB-5A68-E611-B7C2-F04DA23F2F2A}","HSTNAME":"Horw, Zentrum","VMITTEL":8,"BFS_NR":1058,"GEMEINDE":"Horw","EINWOHNER":835,"ARBEITSPL":390,"RADIUS":300,"DIDOKNR":88748,"ANGSTUFE":5,"SLOID":"ch:1:sloid:88748","TU":11}},{"type":"Feature","id":1086,"geometry":{"type":"Point","coordinates":[8.4305422334647222,47.14259514780445]},"properties":{"OBJECTID":1086,"UUID":"{F1764CDB-5A68-E611-B7C2-F04DA23F2F2A}","HSTNAME":"Rotkreuz, Bahnhof Nord","VMITTEL":2,"BFS_NR":1707,"GEMEINDE":"Risch","EINWOHNER":0,"ARBEITSPL":0,"RADIUS":300,"DIDOKNR":88626,"ANGSTUFE":null,"SLOID":"ch:1:sloid:88626","TU":4}},{"type":"Feature","id":1087,"geometry":{"type":"Point","coordinates":[8.426685138808617,47.140055623941784]},"properties":{"OBJECTID":1087,"UUID":"{302B910F-3A4A-ED11-AEC8-00505692A170}","HSTNAME":"Rotkreuz, Lindenplatz","VMITTEL":2,"BFS_NR":1707,"GEMEINDE":"Risch","EINWOHNER":0,"ARBEITSPL":0,"RADIUS":300,"DIDOKNR":88644,"ANGSTUFE":null,"SLOID":"ch:1:sloid:88644","TU":4}},{"type":"Feature","id":1088,"geometry":{"type":"Point","coordinates":[8.2778268187292454,47.18016064586994]},"properties":{"OBJECTID":1088,"UUID":"{A7774CDB-5A68-E611-B7C2-F04DA23F2F2A}","HSTNAME":"Baldegg, Kantonsschule","VMITTEL":2,"BFS_NR":1031,"GEMEINDE":"Hochdorf","EINWOHNER":36,"ARBEITSPL":169,"RADIUS":300,"DIDOKNR":88979,"ANGSTUFE":0,"SLOID":"ch:1:sloid:88979","TU":4}},{"type":"Feature","id":1089,"geometry":{"type":"Point","coordinates":[8.3094770850241311,47.086103627323084]},"properties":{"OBJECTID":1089,"UUID":"{E9764CDB-5A68-E611-B7C2-F04DA23F2F2A}","HSTNAME":"Emmen, Flugzeugwerke","VMITTEL":2,"BFS_NR":1024,"GEMEINDE":"Emmen","EINWOHNER":11,"ARBEITSPL":584,"RADIUS":300,"DIDOKNR":88982,"ANGSTUFE":4,"SLOID":"ch:1:sloid:88982","TU":1}},{"type":"Feature","id":1090,"geometry":{"type":"Point","coordinates":[8.3062710068269521,47.080865527858315]},"properties":{"OBJECTID":1090,"UUID":"{DE774CDB-5A68-E611-B7C2-F04DA23F2F2A}","HSTNAME":"Emmen, Unterspitalhof","VMITTEL":2,"BFS_NR":1024,"GEMEINDE":"Emmen","EINWOHNER":740,"ARBEITSPL":515,"RADIUS":300,"DIDOKNR":88981,"ANGSTUFE":4,"SLOID":"ch:1:sloid:88981","TU":1}},{"type":"Feature","id":1091,"geometry":{"type":"Point","coordinates":[8.3088386610630511,47.083283889098659]},"properties":{"OBJECTID":1091,"UUID":"{13774CDB-5A68-E611-B7C2-F04DA23F2F2A}","HSTNAME":"Emmen, Allmendli","VMITTEL":2,"BFS_NR":1024,"GEMEINDE":"Emmen","EINWOHNER":488,"ARBEITSPL":366,"RADIUS":300,"DIDOKNR":88980,"ANGSTUFE":4,"SLOID":"ch:1:sloid:88980","TU":1}},{"type":"Feature","id":1092,"geometry":{"type":"Point","coordinates":[8.1231861441149604,47.082785648425912]},"properties":{"OBJECTID":1092,"UUID":"{6CE8C1D5-5A68-E611-B7C2-F04DA23F2F2A}","HSTNAME":"Ruswil, Rebstockstrasse","VMITTEL":2,"BFS_NR":1098,"GEMEINDE":"Ruswil","EINWOHNER":654,"ARBEITSPL":264,"RADIUS":300,"DIDOKNR":88803,"ANGSTUFE":1,"SLOID":"ch:1:sloid:88803","TU":2}},{"type":"Feature","id":1093,"geometry":{"type":"Point","coordinates":[8.4409387274024823,47.032833614328446]},"properties":{"OBJECTID":1093,"UUID":"{ECE7C1D5-5A68-E611-B7C2-F04DA23F2F2A}","HSTNAME":"Weggis, Seilbahn","VMITTEL":2,"BFS_NR":1069,"GEMEINDE":"Weggis","EINWOHNER":95,"ARBEITSPL":28,"RADIUS":300,"DIDOKNR":88807,"ANGSTUFE":3,"SLOID":"ch:1:sloid:88807","TU":7}},{"type":"Feature","id":1094,"geometry":{"type":"Point","coordinates":[8.2678560972184147,47.100336416481099]},"properties":{"OBJECTID":1094,"UUID":"{3F7A4CDB-5A68-E611-B7C2-F04DA23F2F2A}","HSTNAME":"Rothenburg, Lindau","VMITTEL":2,"BFS_NR":1040,"GEMEINDE":"Rothenburg","EINWOHNER":648,"ARBEITSPL":238,"RADIUS":300,"DIDOKNR":88837,"ANGSTUFE":5,"SLOID":"ch:1:sloid:88837","TU":1}},{"type":"Feature","id":1095,"geometry":{"type":"Point","coordinates":[8.4616721548521703,47.125446715776249]},"properties":{"OBJECTID":1095,"UUID":"{757ECDB2-FD49-ED11-AEC8-00505692A170}","HSTNAME":"Risch, Eichengrundweg","VMITTEL":2,"BFS_NR":1707,"GEMEINDE":"Risch","EINWOHNER":0,"ARBEITSPL":0,"RADIUS":300,"DIDOKNR":88880,"ANGSTUFE":null,"SLOID":"ch:1:sloid:88880","TU":4}},{"type":"Feature","id":1096,"geometry":{"type":"Point","coordinates":[7.9713924203139603,47.24357402657418]},"properties":{"OBJECTID":1096,"UUID":"{19774CDB-5A68-E611-B7C2-F04DA23F2F2A}","HSTNAME":"Reiden, Kirche","VMITTEL":2,"BFS_NR":1140,"GEMEINDE":"Reiden","EINWOHNER":511,"ARBEITSPL":351,"RADIUS":300,"DIDOKNR":89208,"ANGSTUFE":3,"SLOID":"ch:1:sloid:89208","TU":9}},{"type":"Feature","id":1097,"geometry":{"type":"Point","coordinates":[8.2890468995039122,47.165586906698785]},"properties":{"OBJECTID":1097,"UUID":"{BB774CDB-5A68-E611-B7C2-F04DA23F2F2A}","HSTNAME":"Hochdorf, Sempachstrasse","VMITTEL":2,"BFS_NR":1031,"GEMEINDE":"Hochdorf","EINWOHNER":666,"ARBEITSPL":352,"RADIUS":300,"DIDOKNR":89232,"ANGSTUFE":2,"SLOID":"ch:1:sloid:89232","TU":4}},{"type":"Feature","id":1098,"geometry":{"type":"Point","coordinates":[8.442476153375873,47.180686571221898]},"properties":{"OBJECTID":1098,"UUID":"{69D58B18-6849-ED11-AEC8-00505692A170}","HSTNAME":"Hünenberg, Huob","VMITTEL":2,"BFS_NR":1702,"GEMEINDE":"Cham","EINWOHNER":0,"ARBEITSPL":0,"RADIUS":300,"DIDOKNR":89237,"ANGSTUFE":null,"SLOID":"ch:1:sloid:89237","TU":4}},{"type":"Feature","id":1099,"geometry":{"type":"Point","coordinates":[8.3158610625766585,47.055079384263145]},"properties":{"OBJECTID":1099,"UUID":"{EF774CDB-5A68-E611-B7C2-F04DA23F2F2A}","HSTNAME":"Luzern, Haldensteig","VMITTEL":3,"BFS_NR":1061,"GEMEINDE":"Luzern","EINWOHNER":106,"ARBEITSPL":1197,"RADIUS":300,"DIDOKNR":89241,"ANGSTUFE":4,"SLOID":"ch:1:sloid:89241","TU":11}},{"type":"Feature","id":1100,"geometry":{"type":"Point","coordinates":[8.4343631570197868,47.145296776655961]},"properties":{"OBJECTID":1100,"UUID":"{F462B2AC-7363-EA11-A2BE-662325A903D8}","HSTNAME":"Rotkreuz, Birkenstrasse","VMITTEL":2,"BFS_NR":1707,"GEMEINDE":"Risch","EINWOHNER":0,"ARBEITSPL":0,"RADIUS":300,"DIDOKNR":89203,"ANGSTUFE":null,"SLOID":"ch:1:sloid:89203","TU":4}},{"type":"Feature","id":1101,"geometry":{"type":"Point","coordinates":[7.9426532308911133,47.278854623150444]},"properties":{"OBJECTID":1101,"UUID":"{A4774CDB-5A68-E611-B7C2-F04DA23F2F2A}","HSTNAME":"Zofingen, Schwimmbad","VMITTEL":2,"BFS_NR":4289,"GEMEINDE":"Zofingen","EINWOHNER":0,"ARBEITSPL":0,"RADIUS":300,"DIDOKNR":89206,"ANGSTUFE":null,"SLOID":"ch:1:sloid:89206","TU":9}},{"type":"Feature","id":1102,"geometry":{"type":"Point","coordinates":[8.3437962007708339,47.121856379022724]},"properties":{"OBJECTID":1102,"UUID":"{FA794CDB-5A68-E611-B7C2-F04DA23F2F2A}","HSTNAME":"Inwil, Oberhofen","VMITTEL":2,"BFS_NR":1033,"GEMEINDE":"Inwil","EINWOHNER":451,"ARBEITSPL":296,"RADIUS":300,"DIDOKNR":89225,"ANGSTUFE":2,"SLOID":"ch:1:sloid:89225","TU":2}},{"type":"Feature","id":1103,"geometry":{"type":"Point","coordinates":[7.9432984325080058,47.276298396470942]},"properties":{"OBJECTID":1103,"UUID":"{5F784CDB-5A68-E611-B7C2-F04DA23F2F2A}","HSTNAME":"Zofingen, Eisengrube","VMITTEL":2,"BFS_NR":4289,"GEMEINDE":"Zofingen","EINWOHNER":0,"ARBEITSPL":0,"RADIUS":300,"DIDOKNR":89205,"ANGSTUFE":null,"SLOID":"ch:1:sloid:89205","TU":9}},{"type":"Feature","id":1104,"geometry":{"type":"Point","coordinates":[8.3201871868879653,47.108505811986888]},"properties":{"OBJECTID":1104,"UUID":"{B7E7C1D5-5A68-E611-B7C2-F04DA23F2F2A}","HSTNAME":"Waldibrücke, Bahnhof","VMITTEL":2,"BFS_NR":1024,"GEMEINDE":"Emmen","EINWOHNER":260,"ARBEITSPL":180,"RADIUS":300,"DIDOKNR":89224,"ANGSTUFE":4,"SLOID":"ch:1:sloid:89224","TU":1}},{"type":"Feature","id":1105,"geometry":{"type":"Point","coordinates":[8.260818640568024,47.2676081214397]},"properties":{"OBJECTID":1105,"UUID":"{84E8C1D5-5A68-E611-B7C2-F04DA23F2F2A}","HSTNAME":"Schongau, Landi","VMITTEL":2,"BFS_NR":1041,"GEMEINDE":"Schongau","EINWOHNER":23,"ARBEITSPL":18,"RADIUS":300,"DIDOKNR":89230,"ANGSTUFE":2,"SLOID":"ch:1:sloid:89230","TU":4}},{"type":"Feature","id":1106,"geometry":{"type":"Point","coordinates":[8.2760166009965346,47.029091699231003]},"properties":{"OBJECTID":1106,"UUID":"{F7764CDB-5A68-E611-B7C2-F04DA23F2F2A}","HSTNAME":"Kriens, Bachstrasse","VMITTEL":2,"BFS_NR":1059,"GEMEINDE":"Kriens","EINWOHNER":646,"ARBEITSPL":37,"RADIUS":300,"DIDOKNR":89698,"ANGSTUFE":1,"SLOID":"ch:1:sloid:89698","TU":11}},{"type":"Feature","id":1107,"geometry":{"type":"Point","coordinates":[8.2705265881179582,47.033894540155146]},"properties":{"OBJECTID":1107,"UUID":"{24784CDB-5A68-E611-B7C2-F04DA23F2F2A}","HSTNAME":"Kriens, Pulvermühle","VMITTEL":3,"BFS_NR":1059,"GEMEINDE":"Kriens","EINWOHNER":960,"ARBEITSPL":87,"RADIUS":300,"DIDOKNR":89697,"ANGSTUFE":5,"SLOID":"ch:1:sloid:89697","TU":11}},{"type":"Feature","id":1108,"geometry":{"type":"Point","coordinates":[8.3085777466793456,47.012196975774614]},"properties":{"OBJECTID":1108,"UUID":"{FD774CDB-5A68-E611-B7C2-F04DA23F2F2A}","HSTNAME":"Horw, Seefeld","VMITTEL":8,"BFS_NR":1058,"GEMEINDE":"Horw","EINWOHNER":225,"ARBEITSPL":197,"RADIUS":300,"DIDOKNR":89696,"ANGSTUFE":4,"SLOID":"ch:1:sloid:89696","TU":11}},{"type":"Feature","id":1109,"geometry":{"type":"Point","coordinates":[8.269967489917283,47.037721691781059]},"properties":{"OBJECTID":1109,"UUID":"{F1E8C1D5-5A68-E611-B7C2-F04DA23F2F2A}","HSTNAME":"Kriens, Ehrendingen","VMITTEL":2,"BFS_NR":1059,"GEMEINDE":"Kriens","EINWOHNER":470,"ARBEITSPL":20,"RADIUS":300,"DIDOKNR":89703,"ANGSTUFE":2,"SLOID":"ch:1:sloid:89703","TU":11}},{"type":"Feature","id":1110,"geometry":{"type":"Point","coordinates":[8.3001012899244611,47.020828603046148]},"properties":{"OBJECTID":1110,"UUID":"{45E8C1D5-5A68-E611-B7C2-F04DA23F2F2A}","HSTNAME":"Kriens, Dattenmatt","VMITTEL":2,"BFS_NR":1059,"GEMEINDE":"Kriens","EINWOHNER":505,"ARBEITSPL":221,"RADIUS":300,"DIDOKNR":89702,"ANGSTUFE":3,"SLOID":"ch:1:sloid:89702","TU":11}},{"type":"Feature","id":1111,"geometry":{"type":"Point","coordinates":[8.2877864125979883,47.039661319146447]},"properties":{"OBJECTID":1111,"UUID":"{21774CDB-5A68-E611-B7C2-F04DA23F2F2A}","HSTNAME":"Kriens, Dattenbergrain","VMITTEL":2,"BFS_NR":1059,"GEMEINDE":"Kriens","EINWOHNER":496,"ARBEITSPL":39,"RADIUS":300,"DIDOKNR":89701,"ANGSTUFE":2,"SLOID":"ch:1:sloid:89701","TU":11}},{"type":"Feature","id":1112,"geometry":{"type":"Point","coordinates":[8.2933156571325046,47.041382360502368]},"properties":{"OBJECTID":1112,"UUID":"{FA774CDB-5A68-E611-B7C2-F04DA23F2F2A}","HSTNAME":"Kriens, Dattenberg","VMITTEL":8,"BFS_NR":1059,"GEMEINDE":"Kriens","EINWOHNER":256,"ARBEITSPL":25,"RADIUS":300,"DIDOKNR":89700,"ANGSTUFE":3,"SLOID":"ch:1:sloid:89700","TU":11}},{"type":"Feature","id":1113,"geometry":{"type":"Point","coordinates":[8.2841763200642742,47.028912623570513]},"properties":{"OBJECTID":1113,"UUID":"{ED774CDB-5A68-E611-B7C2-F04DA23F2F2A}","HSTNAME":"Kriens, Himmelrichstrasse","VMITTEL":2,"BFS_NR":1059,"GEMEINDE":"Kriens","EINWOHNER":144,"ARBEITSPL":45,"RADIUS":300,"DIDOKNR":89714,"ANGSTUFE":2,"SLOID":"ch:1:sloid:89714","TU":11}},{"type":"Feature","id":1114,"geometry":{"type":"Point","coordinates":[8.2865013782263279,47.025199966494455]},"properties":{"OBJECTID":1114,"UUID":"{C2784CDB-5A68-E611-B7C2-F04DA23F2F2A}","HSTNAME":"Kriens, Guetrüti","VMITTEL":2,"BFS_NR":1059,"GEMEINDE":"Kriens","EINWOHNER":534,"ARBEITSPL":63,"RADIUS":300,"DIDOKNR":89713,"ANGSTUFE":2,"SLOID":"ch:1:sloid:89713","TU":11}},{"type":"Feature","id":1115,"geometry":{"type":"Point","coordinates":[8.2805169746596796,47.040865222454585]},"properties":{"OBJECTID":1115,"UUID":"{23E8C1D5-5A68-E611-B7C2-F04DA23F2F2A}","HSTNAME":"Kriens, Gabeldingen Schulhaus","VMITTEL":2,"BFS_NR":1059,"GEMEINDE":"Kriens","EINWOHNER":112,"ARBEITSPL":19,"RADIUS":300,"DIDOKNR":89707,"ANGSTUFE":2,"SLOID":"ch:1:sloid:89707","TU":11}},{"type":"Feature","id":1116,"geometry":{"type":"Point","coordinates":[8.2772991242170839,47.040412008652154]},"properties":{"OBJECTID":1116,"UUID":"{EFE7C1D5-5A68-E611-B7C2-F04DA23F2F2A}","HSTNAME":"Kriens, Gabeldingen","VMITTEL":2,"BFS_NR":1059,"GEMEINDE":"Kriens","EINWOHNER":104,"ARBEITSPL":3,"RADIUS":300,"DIDOKNR":89706,"ANGSTUFE":2,"SLOID":"ch:1:sloid:89706","TU":11}},{"type":"Feature","id":1117,"geometry":{"type":"Point","coordinates":[8.2980936769158173,47.038948585724334]},"properties":{"OBJECTID":1117,"UUID":"{55764CDB-5A68-E611-B7C2-F04DA23F2F2A}","HSTNAME":"Kriens, Grosshofstrasse","VMITTEL":3,"BFS_NR":1059,"GEMEINDE":"Kriens","EINWOHNER":202,"ARBEITSPL":788,"RADIUS":300,"DIDOKNR":89712,"ANGSTUFE":5,"SLOID":"ch:1:sloid:89712","TU":11}},{"type":"Feature","id":1118,"geometry":{"type":"Point","coordinates":[8.2834127838275702,47.030836055074452]},"properties":{"OBJECTID":1118,"UUID":"{28784CDB-5A68-E611-B7C2-F04DA23F2F2A}","HSTNAME":"Kriens, Friedhofstrasse","VMITTEL":2,"BFS_NR":1059,"GEMEINDE":"Kriens","EINWOHNER":229,"ARBEITSPL":19,"RADIUS":300,"DIDOKNR":89705,"ANGSTUFE":2,"SLOID":"ch:1:sloid:89705","TU":11}},{"type":"Feature","id":1119,"geometry":{"type":"Point","coordinates":[8.2738860242503076,47.029948089967604]},"properties":{"OBJECTID":1119,"UUID":"{18E9C1D5-5A68-E611-B7C2-F04DA23F2F2A}","HSTNAME":"Kriens, Klösterli","VMITTEL":2,"BFS_NR":1059,"GEMEINDE":"Kriens","EINWOHNER":654,"ARBEITSPL":40,"RADIUS":300,"DIDOKNR":89719,"ANGSTUFE":1,"SLOID":"ch:1:sloid:89719","TU":11}},{"type":"Feature","id":1120,"geometry":{"type":"Point","coordinates":[8.2666493486207955,47.035082190780173]},"properties":{"OBJECTID":1120,"UUID":"{07784CDB-5A68-E611-B7C2-F04DA23F2F2A}","HSTNAME":"Kriens, Eichenspes","VMITTEL":2,"BFS_NR":1059,"GEMEINDE":"Kriens","EINWOHNER":845,"ARBEITSPL":154,"RADIUS":300,"DIDOKNR":89704,"ANGSTUFE":2,"SLOID":"ch:1:sloid:89704","TU":11}},{"type":"Feature","id":1121,"geometry":{"type":"Point","coordinates":[8.2774721688434649,47.031229700145403]},"properties":{"OBJECTID":1121,"UUID":"{06774CDB-5A68-E611-B7C2-F04DA23F2F2A}","HSTNAME":"Kriens, Kirchbühl","VMITTEL":2,"BFS_NR":1059,"GEMEINDE":"Kriens","EINWOHNER":258,"ARBEITSPL":57,"RADIUS":300,"DIDOKNR":89718,"ANGSTUFE":1,"SLOID":"ch:1:sloid:89718","TU":11}},{"type":"Feature","id":1122,"geometry":{"type":"Point","coordinates":[8.2836434653397468,47.033007132841092]},"properties":{"OBJECTID":1122,"UUID":"{F2764CDB-5A68-E611-B7C2-F04DA23F2F2A}","HSTNAME":"Kriens, Grossfeldstrasse","VMITTEL":2,"BFS_NR":1059,"GEMEINDE":"Kriens","EINWOHNER":339,"ARBEITSPL":189,"RADIUS":300,"DIDOKNR":89711,"ANGSTUFE":3,"SLOID":"ch:1:sloid:89711","TU":11}},{"type":"Feature","id":1123,"geometry":{"type":"Point","coordinates":[8.2724304445102259,47.031101105972184]},"properties":{"OBJECTID":1123,"UUID":"{D9794CDB-5A68-E611-B7C2-F04DA23F2F2A}","HSTNAME":"Kriens, Josef Schryberstrasse","VMITTEL":2,"BFS_NR":1059,"GEMEINDE":"Kriens","EINWOHNER":669,"ARBEITSPL":24,"RADIUS":300,"DIDOKNR":89717,"ANGSTUFE":1,"SLOID":"ch:1:sloid:89717","TU":11}},{"type":"Feature","id":1124,"geometry":{"type":"Point","coordinates":[8.2960152331417056,47.024449675800248]},"properties":{"OBJECTID":1124,"UUID":"{B0784CDB-5A68-E611-B7C2-F04DA23F2F2A}","HSTNAME":"Kriens, Grabenhof","VMITTEL":2,"BFS_NR":1059,"GEMEINDE":"Kriens","EINWOHNER":939,"ARBEITSPL":942,"RADIUS":300,"DIDOKNR":89710,"ANGSTUFE":4,"SLOID":"ch:1:sloid:89710","TU":11}},{"type":"Feature","id":1125,"geometry":{"type":"Point","coordinates":[8.2795056055486764,47.035106492044399]},"properties":{"OBJECTID":1125,"UUID":"{EE774CDB-5A68-E611-B7C2-F04DA23F2F2A}","HSTNAME":"Kriens, Gemeindehaus","VMITTEL":2,"BFS_NR":1059,"GEMEINDE":"Kriens","EINWOHNER":1043,"ARBEITSPL":301,"RADIUS":300,"DIDOKNR":89709,"ANGSTUFE":2,"SLOID":"ch:1:sloid:89709","TU":11}},{"type":"Feature","id":1126,"geometry":{"type":"Point","coordinates":[8.2923373806727678,47.036963825680637]},"properties":{"OBJECTID":1126,"UUID":"{96794CDB-5A68-E611-B7C2-F04DA23F2F2A}","HSTNAME":"Kriens, Kupferhammer","VMITTEL":3,"BFS_NR":1059,"GEMEINDE":"Kriens","EINWOHNER":822,"ARBEITSPL":499,"RADIUS":300,"DIDOKNR":89723,"ANGSTUFE":5,"SLOID":"ch:1:sloid:89723","TU":11}},{"type":"Feature","id":1127,"geometry":{"type":"Point","coordinates":[8.282526709201262,47.034063333074357]},"properties":{"OBJECTID":1127,"UUID":"{AB754CDB-5A68-E611-B7C2-F04DA23F2F2A}","HSTNAME":"Kriens, Hofmatt-Bellpark","VMITTEL":3,"BFS_NR":1059,"GEMEINDE":"Kriens","EINWOHNER":474,"ARBEITSPL":457,"RADIUS":300,"DIDOKNR":89715,"ANGSTUFE":5,"SLOID":"ch:1:sloid:89715","TU":11}},{"type":"Feature","id":1128,"geometry":{"type":"Point","coordinates":[8.3031612136987025,47.02275975971807]},"properties":{"OBJECTID":1128,"UUID":"{57794CDB-5A68-E611-B7C2-F04DA23F2F2A}","HSTNAME":"Kriens, Kuonimatt","VMITTEL":2,"BFS_NR":1059,"GEMEINDE":"Kriens","EINWOHNER":736,"ARBEITSPL":108,"RADIUS":300,"DIDOKNR":89722,"ANGSTUFE":3,"SLOID":"ch:1:sloid:89722","TU":11}},{"type":"Feature","id":1129,"geometry":{"type":"Point","coordinates":[8.296956702727714,47.029689571735773]},"properties":{"OBJECTID":1129,"UUID":"{B1E7C1D5-5A68-E611-B7C2-F04DA23F2F2A}","HSTNAME":"Kriens, Nidfeld","VMITTEL":2,"BFS_NR":1059,"GEMEINDE":"Kriens","EINWOHNER":143,"ARBEITSPL":667,"RADIUS":300,"DIDOKNR":89726,"ANGSTUFE":4,"SLOID":"ch:1:sloid:89726","TU":11}},{"type":"Feature","id":1130,"geometry":{"type":"Point","coordinates":[8.3019593129464582,47.027365554263369]},"properties":{"OBJECTID":1130,"UUID":"{9CE7C1D5-5A68-E611-B7C2-F04DA23F2F2A}","HSTNAME":"Kriens, Mattenhof","VMITTEL":2,"BFS_NR":1059,"GEMEINDE":"Kriens","EINWOHNER":356,"ARBEITSPL":749,"RADIUS":300,"DIDOKNR":89721,"ANGSTUFE":3,"SLOID":"ch:1:sloid:89721","TU":11}},{"type":"Feature","id":1131,"geometry":{"type":"Point","coordinates":[8.2794360807592149,47.033844057005808]},"properties":{"OBJECTID":1131,"UUID":"{6C764CDB-5A68-E611-B7C2-F04DA23F2F2A}","HSTNAME":"Kriens, Zentrum Pilatus","VMITTEL":3,"BFS_NR":1059,"GEMEINDE":"Kriens","EINWOHNER":396,"ARBEITSPL":612,"RADIUS":300,"DIDOKNR":89725,"ANGSTUFE":5,"SLOID":"ch:1:sloid:89725","TU":11}},{"type":"Feature","id":1132,"geometry":{"type":"Point","coordinates":[8.2818074400572925,47.032501386874301]},"properties":{"OBJECTID":1132,"UUID":"{5F794CDB-5A68-E611-B7C2-F04DA23F2F2A}","HSTNAME":"Kriens, Krauerhalle","VMITTEL":2,"BFS_NR":1059,"GEMEINDE":"Kriens","EINWOHNER":169,"ARBEITSPL":110,"RADIUS":300,"DIDOKNR":89720,"ANGSTUFE":3,"SLOID":"ch:1:sloid:89720","TU":11}},{"type":"Feature","id":1133,"geometry":{"type":"Point","coordinates":[8.288740020675986,47.023344245007557]},"properties":{"OBJECTID":1133,"UUID":"{4C784CDB-5A68-E611-B7C2-F04DA23F2F2A}","HSTNAME":"Kriens, Sidhalde","VMITTEL":2,"BFS_NR":1059,"GEMEINDE":"Kriens","EINWOHNER":474,"ARBEITSPL":98,"RADIUS":300,"DIDOKNR":89739,"ANGSTUFE":2,"SLOID":"ch:1:sloid:89739","TU":11}},{"type":"Feature","id":1134,"geometry":{"type":"Point","coordinates":[8.2855454883787463,47.038837319139809]},"properties":{"OBJECTID":1134,"UUID":"{3B774CDB-5A68-E611-B7C2-F04DA23F2F2A}","HSTNAME":"Kriens,Obere Dattenbergstrasse","VMITTEL":2,"BFS_NR":1059,"GEMEINDE":"Kriens","EINWOHNER":276,"ARBEITSPL":21,"RADIUS":300,"DIDOKNR":89727,"ANGSTUFE":2,"SLOID":"ch:1:sloid:89727","TU":11}},{"type":"Feature","id":1135,"geometry":{"type":"Point","coordinates":[8.2918115483018742,47.029546393678103]},"properties":{"OBJECTID":1135,"UUID":"{BD754CDB-5A68-E611-B7C2-F04DA23F2F2A}","HSTNAME":"Kriens, Lauerzweg","VMITTEL":2,"BFS_NR":1059,"GEMEINDE":"Kriens","EINWOHNER":1201,"ARBEITSPL":284,"RADIUS":300,"DIDOKNR":89724,"ANGSTUFE":3,"SLOID":"ch:1:sloid:89724","TU":11}},{"type":"Feature","id":1136,"geometry":{"type":"Point","coordinates":[8.2689359942605556,47.033009973172049]},"properties":{"OBJECTID":1136,"UUID":"{4C764CDB-5A68-E611-B7C2-F04DA23F2F2A}","HSTNAME":"Kriens, Senti","VMITTEL":2,"BFS_NR":1059,"GEMEINDE":"Kriens","EINWOHNER":606,"ARBEITSPL":131,"RADIUS":300,"DIDOKNR":89738,"ANGSTUFE":1,"SLOID":"ch:1:sloid:89738","TU":11}},{"type":"Feature","id":1137,"geometry":{"type":"Point","coordinates":[8.2992746511988038,47.025667558015918]},"properties":{"OBJECTID":1137,"UUID":"{D3E7C1D5-5A68-E611-B7C2-F04DA23F2F2A}","HSTNAME":"Kriens, Oberkuonimatt","VMITTEL":2,"BFS_NR":1059,"GEMEINDE":"Kriens","EINWOHNER":127,"ARBEITSPL":300,"RADIUS":300,"DIDOKNR":89731,"ANGSTUFE":4,"SLOID":"ch:1:sloid:89731","TU":11}},{"type":"Feature","id":1138,"geometry":{"type":"Point","coordinates":[8.2732268578733112,47.034090834490144]},"properties":{"OBJECTID":1138,"UUID":"{D7764CDB-5A68-E611-B7C2-F04DA23F2F2A}","HSTNAME":"Kriens, Schappe-Center","VMITTEL":3,"BFS_NR":1059,"GEMEINDE":"Kriens","EINWOHNER":708,"ARBEITSPL":466,"RADIUS":300,"DIDOKNR":89737,"ANGSTUFE":5,"SLOID":"ch:1:sloid:89737","TU":11}},{"type":"Feature","id":1139,"geometry":{"type":"Point","coordinates":[8.2841887291265017,47.040892214089041]},"properties":{"OBJECTID":1139,"UUID":"{32774CDB-5A68-E611-B7C2-F04DA23F2F2A}","HSTNAME":"Kriens, Bergstrasse","VMITTEL":2,"BFS_NR":1059,"GEMEINDE":"Kriens","EINWOHNER":142,"ARBEITSPL":10,"RADIUS":300,"DIDOKNR":89699,"ANGSTUFE":2,"SLOID":"ch:1:sloid:89699","TU":11}},{"type":"Feature","id":1140,"geometry":{"type":"Point","coordinates":[8.2805994315729787,47.037734169938865]},"properties":{"OBJECTID":1140,"UUID":"{A6E7C1D5-5A68-E611-B7C2-F04DA23F2F2A}","HSTNAME":"Kriens, Oberhusweg","VMITTEL":2,"BFS_NR":1059,"GEMEINDE":"Kriens","EINWOHNER":772,"ARBEITSPL":95,"RADIUS":300,"DIDOKNR":89730,"ANGSTUFE":2,"SLOID":"ch:1:sloid:89730","TU":11}},{"type":"Feature","id":1141,"geometry":{"type":"Point","coordinates":[8.2858433031889938,47.031506651982319]},"properties":{"OBJECTID":1141,"UUID":"{C8E7C1D5-5A68-E611-B7C2-F04DA23F2F2A}","HSTNAME":"Kriens, Zunacher","VMITTEL":2,"BFS_NR":1059,"GEMEINDE":"Kriens","EINWOHNER":341,"ARBEITSPL":262,"RADIUS":300,"DIDOKNR":89748,"ANGSTUFE":3,"SLOID":"ch:1:sloid:89748","TU":11}},{"type":"Feature","id":1142,"geometry":{"type":"Point","coordinates":[8.2868230879023113,47.034395986854946]},"properties":{"OBJECTID":1142,"UUID":"{1F784CDB-5A68-E611-B7C2-F04DA23F2F2A}","HSTNAME":"Kriens, Schachenstrasse","VMITTEL":3,"BFS_NR":1059,"GEMEINDE":"Kriens","EINWOHNER":838,"ARBEITSPL":44,"RADIUS":300,"DIDOKNR":89736,"ANGSTUFE":5,"SLOID":"ch:1:sloid:89736","TU":11}},{"type":"Feature","id":1143,"geometry":{"type":"Point","coordinates":[8.2830622846329653,47.038605574972344]},"properties":{"OBJECTID":1143,"UUID":"{47774CDB-5A68-E611-B7C2-F04DA23F2F2A}","HSTNAME":"Kriens, Oberhusrain","VMITTEL":2,"BFS_NR":1059,"GEMEINDE":"Kriens","EINWOHNER":411,"ARBEITSPL":16,"RADIUS":300,"DIDOKNR":89729,"ANGSTUFE":2,"SLOID":"ch:1:sloid:89729","TU":11}},{"type":"Feature","id":1144,"geometry":{"type":"Point","coordinates":[8.2699702987935098,47.031452310825145]},"properties":{"OBJECTID":1144,"UUID":"{54774CDB-5A68-E611-B7C2-F04DA23F2F2A}","HSTNAME":"Kriens, Südstrasse","VMITTEL":2,"BFS_NR":1059,"GEMEINDE":"Kriens","EINWOHNER":478,"ARBEITSPL":41,"RADIUS":300,"DIDOKNR":89743,"ANGSTUFE":1,"SLOID":"ch:1:sloid:89743","TU":11}},{"type":"Feature","id":1145,"geometry":{"type":"Point","coordinates":[8.2698611864665192,47.056332746163797]},"properties":{"OBJECTID":1145,"UUID":"{7C764CDB-5A68-E611-B7C2-F04DA23F2F2A}","HSTNAME":"Luzern, Waldschwimmbad","VMITTEL":2,"BFS_NR":1061,"GEMEINDE":"Luzern","EINWOHNER":0,"ARBEITSPL":6,"RADIUS":300,"DIDOKNR":89755,"ANGSTUFE":4,"SLOID":"ch:1:sloid:89755","TU":11}},{"type":"Feature","id":1146,"geometry":{"type":"Point","coordinates":[8.2755751806546307,47.038715436786376]},"properties":{"OBJECTID":1146,"UUID":"{00794CDB-5A68-E611-B7C2-F04DA23F2F2A}","HSTNAME":"Kriens, Obere Weinhalde","VMITTEL":2,"BFS_NR":1059,"GEMEINDE":"Kriens","EINWOHNER":457,"ARBEITSPL":16,"RADIUS":300,"DIDOKNR":89728,"ANGSTUFE":2,"SLOID":"ch:1:sloid:89728","TU":11}},{"type":"Feature","id":1147,"geometry":{"type":"Point","coordinates":[8.2989991956879727,47.027379947075296]},"properties":{"OBJECTID":1147,"UUID":"{D8774CDB-5A68-E611-B7C2-F04DA23F2F2A}","HSTNAME":"Kriens, Sternmatt","VMITTEL":2,"BFS_NR":1059,"GEMEINDE":"Kriens","EINWOHNER":116,"ARBEITSPL":1133,"RADIUS":300,"DIDOKNR":89742,"ANGSTUFE":5,"SLOID":"ch:1:sloid:89742","TU":11}},{"type":"Feature","id":1148,"geometry":{"type":"Point","coordinates":[8.3020660799307713,47.024189307547623]},"properties":{"OBJECTID":1148,"UUID":"{D5E7C1D5-5A68-E611-B7C2-F04DA23F2F2A}","HSTNAME":"Kriens, Rosenstrasse","VMITTEL":2,"BFS_NR":1059,"GEMEINDE":"Kriens","EINWOHNER":472,"ARBEITSPL":615,"RADIUS":300,"DIDOKNR":89735,"ANGSTUFE":3,"SLOID":"ch:1:sloid:89735","TU":11}},{"type":"Feature","id":1149,"geometry":{"type":"Point","coordinates":[8.2733672760453736,47.03354765863785]},"properties":{"OBJECTID":1149,"UUID":"{2C7A4CDB-5A68-E611-B7C2-F04DA23F2F2A}","HSTNAME":"Kriens, St. Niklausengasse","VMITTEL":2,"BFS_NR":1059,"GEMEINDE":"Kriens","EINWOHNER":895,"ARBEITSPL":59,"RADIUS":300,"DIDOKNR":89741,"ANGSTUFE":1,"SLOID":"ch:1:sloid:89741","TU":11}},{"type":"Feature","id":1150,"geometry":{"type":"Point","coordinates":[8.2738585900821988,47.062844900673184]},"properties":{"OBJECTID":1150,"UUID":"{077A4CDB-5A68-E611-B7C2-F04DA23F2F2A}","HSTNAME":"Luzern, Ruopigen Zentrum","VMITTEL":2,"BFS_NR":1061,"GEMEINDE":"Luzern","EINWOHNER":1456,"ARBEITSPL":774,"RADIUS":300,"DIDOKNR":89753,"ANGSTUFE":4,"SLOID":"ch:1:sloid:89753","TU":11}},{"type":"Feature","id":1151,"geometry":{"type":"Point","coordinates":[8.2894022283616344,47.030265929886134]},"properties":{"OBJECTID":1151,"UUID":"{2C764CDB-5A68-E611-B7C2-F04DA23F2F2A}","HSTNAME":"Kriens, Sportweg","VMITTEL":2,"BFS_NR":1059,"GEMEINDE":"Kriens","EINWOHNER":1242,"ARBEITSPL":126,"RADIUS":300,"DIDOKNR":89740,"ANGSTUFE":3,"SLOID":"ch:1:sloid:89740","TU":11}},{"type":"Feature","id":1152,"geometry":{"type":"Point","coordinates":[8.2850790046417249,47.027236238687031]},"properties":{"OBJECTID":1152,"UUID":"{84794CDB-5A68-E611-B7C2-F04DA23F2F2A}","HSTNAME":"Kriens, Roggernhalde","VMITTEL":2,"BFS_NR":1059,"GEMEINDE":"Kriens","EINWOHNER":286,"ARBEITSPL":28,"RADIUS":300,"DIDOKNR":89734,"ANGSTUFE":2,"SLOID":"ch:1:sloid:89734","TU":11}},{"type":"Feature","id":1153,"geometry":{"type":"Point","coordinates":[8.3191656269817216,47.037732833065938]},"properties":{"OBJECTID":1153,"UUID":"{1D7A4CDB-5A68-E611-B7C2-F04DA23F2F2A}","HSTNAME":"Luzern, Bodenhofterrasse","VMITTEL":2,"BFS_NR":1061,"GEMEINDE":"Luzern","EINWOHNER":1156,"ARBEITSPL":40,"RADIUS":300,"DIDOKNR":89769,"ANGSTUFE":4,"SLOID":"ch:1:sloid:89769","TU":11}},{"type":"Feature","id":1154,"geometry":{"type":"Point","coordinates":[8.2677600500725195,47.037071985238867]},"properties":{"OBJECTID":1154,"UUID":"{B3E7C1D5-5A68-E611-B7C2-F04DA23F2F2A}","HSTNAME":"Kriens, Zumhofstrasse","VMITTEL":2,"BFS_NR":1059,"GEMEINDE":"Kriens","EINWOHNER":351,"ARBEITSPL":15,"RADIUS":300,"DIDOKNR":89747,"ANGSTUFE":2,"SLOID":"ch:1:sloid:89747","TU":11}},{"type":"Feature","id":1155,"geometry":{"type":"Point","coordinates":[8.2703963733437327,47.060297314367119]},"properties":{"OBJECTID":1155,"UUID":"{AF754CDB-5A68-E611-B7C2-F04DA23F2F2A}","HSTNAME":"Luzern, Ruopigen Schulhaus","VMITTEL":2,"BFS_NR":1061,"GEMEINDE":"Luzern","EINWOHNER":609,"ARBEITSPL":134,"RADIUS":300,"DIDOKNR":89752,"ANGSTUFE":4,"SLOID":"ch:1:sloid:89752","TU":11}},{"type":"Feature","id":1156,"geometry":{"type":"Point","coordinates":[8.299942328832639,47.018088258483132]},"properties":{"OBJECTID":1156,"UUID":"{C4E7C1D5-5A68-E611-B7C2-F04DA23F2F2A}","HSTNAME":"Kriens, Pilatusmarkt","VMITTEL":2,"BFS_NR":1059,"GEMEINDE":"Kriens","EINWOHNER":41,"ARBEITSPL":561,"RADIUS":300,"DIDOKNR":89733,"ANGSTUFE":5,"SLOID":"ch:1:sloid:89733","TU":11}},{"type":"Feature","id":1157,"geometry":{"type":"Point","coordinates":[8.2970017519286987,47.04723795259256]},"properties":{"OBJECTID":1157,"UUID":"{3DE8C1D5-5A68-E611-B7C2-F04DA23F2F2A}","HSTNAME":"Luzern, Berglistrasse","VMITTEL":8,"BFS_NR":1061,"GEMEINDE":"Luzern","EINWOHNER":426,"ARBEITSPL":153,"RADIUS":300,"DIDOKNR":89768,"ANGSTUFE":4,"SLOID":"ch:1:sloid:89768","TU":11}},{"type":"Feature","id":1158,"geometry":{"type":"Point","coordinates":[8.2773019454492118,47.030489904315488]},"properties":{"OBJECTID":1158,"UUID":"{D5774CDB-5A68-E611-B7C2-F04DA23F2F2A}","HSTNAME":"Kriens, Pilatus-Bahnen","VMITTEL":2,"BFS_NR":1059,"GEMEINDE":"Kriens","EINWOHNER":313,"ARBEITSPL":50,"RADIUS":300,"DIDOKNR":89732,"ANGSTUFE":1,"SLOID":"ch:1:sloid:89732","TU":11}},{"type":"Feature","id":1159,"geometry":{"type":"Point","coordinates":[8.2737640830898034,47.039696869540506]},"properties":{"OBJECTID":1159,"UUID":"{84764CDB-5A68-E611-B7C2-F04DA23F2F2A}","HSTNAME":"Kriens, Zumhof","VMITTEL":2,"BFS_NR":1059,"GEMEINDE":"Kriens","EINWOHNER":240,"ARBEITSPL":16,"RADIUS":300,"DIDOKNR":89746,"ANGSTUFE":2,"SLOID":"ch:1:sloid:89746","TU":11}},{"type":"Feature","id":1160,"geometry":{"type":"Point","coordinates":[8.2820958882709945,47.052574807457297]},"properties":{"OBJECTID":1160,"UUID":"{3EE8C1D5-5A68-E611-B7C2-F04DA23F2F2A}","HSTNAME":"Luzern, Grenzhof","VMITTEL":2,"BFS_NR":1061,"GEMEINDE":"Luzern","EINWOHNER":979,"ARBEITSPL":128,"RADIUS":300,"DIDOKNR":89759,"ANGSTUFE":5,"SLOID":"ch:1:sloid:89759","TU":11}},{"type":"Feature","id":1161,"geometry":{"type":"Point","coordinates":[8.3083445606422046,47.046448497514433]},"properties":{"OBJECTID":1161,"UUID":"{BC774CDB-5A68-E611-B7C2-F04DA23F2F2A}","HSTNAME":"Luzern, Bundesplatz","VMITTEL":5,"BFS_NR":1061,"GEMEINDE":"Luzern","EINWOHNER":2698,"ARBEITSPL":5670,"RADIUS":300,"DIDOKNR":89775,"ANGSTUFE":5,"SLOID":"ch:1:sloid:89775","TU":11}},{"type":"Feature","id":1162,"geometry":{"type":"Point","coordinates":[8.2949534018632178,47.021879116627744]},"properties":{"OBJECTID":1162,"UUID":"{CB794CDB-5A68-E611-B7C2-F04DA23F2F2A}","HSTNAME":"Kriens, Wiggenhof","VMITTEL":2,"BFS_NR":1059,"GEMEINDE":"Kriens","EINWOHNER":145,"ARBEITSPL":55,"RADIUS":300,"DIDOKNR":89745,"ANGSTUFE":4,"SLOID":"ch:1:sloid:89745","TU":11}},{"type":"Feature","id":1163,"geometry":{"type":"Point","coordinates":[8.3117496990361115,47.042889846816465]},"properties":{"OBJECTID":1163,"UUID":"{FCE7C1D5-5A68-E611-B7C2-F04DA23F2F2A}","HSTNAME":"Luzern, Brünigstrasse","VMITTEL":5,"BFS_NR":1061,"GEMEINDE":"Luzern","EINWOHNER":976,"ARBEITSPL":2206,"RADIUS":300,"DIDOKNR":89774,"ANGSTUFE":4,"SLOID":"ch:1:sloid:89774","TU":11}},{"type":"Feature","id":1164,"geometry":{"type":"Point","coordinates":[8.2992545631249968,47.053743458435108]},"properties":{"OBJECTID":1164,"UUID":"{DD774CDB-5A68-E611-B7C2-F04DA23F2F2A}","HSTNAME":"Luzern, Brüggligasse","VMITTEL":2,"BFS_NR":1061,"GEMEINDE":"Luzern","EINWOHNER":188,"ARBEITSPL":78,"RADIUS":300,"DIDOKNR":89773,"ANGSTUFE":3,"SLOID":"ch:1:sloid:89773","TU":11}},{"type":"Feature","id":1165,"geometry":{"type":"Point","coordinates":[8.2940169834129236,47.040801422316015]},"properties":{"OBJECTID":1165,"UUID":"{2B774CDB-5A68-E611-B7C2-F04DA23F2F2A}","HSTNAME":"Kriens, Unter-Dattenberg","VMITTEL":8,"BFS_NR":1059,"GEMEINDE":"Kriens","EINWOHNER":178,"ARBEITSPL":120,"RADIUS":300,"DIDOKNR":89744,"ANGSTUFE":3,"SLOID":"ch:1:sloid:89744","TU":11}},{"type":"Feature","id":1166,"geometry":{"type":"Point","coordinates":[8.260390049916035,47.048999043381627]},"properties":{"OBJECTID":1166,"UUID":"{46784CDB-5A68-E611-B7C2-F04DA23F2F2A}","HSTNAME":"Luzern, Gasshof","VMITTEL":2,"BFS_NR":1061,"GEMEINDE":"Luzern","EINWOHNER":905,"ARBEITSPL":319,"RADIUS":300,"DIDOKNR":89758,"ANGSTUFE":5,"SLOID":"ch:1:sloid:89758","TU":11}},{"type":"Feature","id":1167,"geometry":{"type":"Point","coordinates":[8.3393133773378398,47.054185402307205]},"properties":{"OBJECTID":1167,"UUID":"{E9754CDB-5A68-E611-B7C2-F04DA23F2F2A}","HSTNAME":"Luzern, Brüelstrasse","VMITTEL":3,"BFS_NR":1061,"GEMEINDE":"Luzern","EINWOHNER":179,"ARBEITSPL":207,"RADIUS":300,"DIDOKNR":89772,"ANGSTUFE":5,"SLOID":"ch:1:sloid:89772","TU":11}},{"type":"Feature","id":1168,"geometry":{"type":"Point","coordinates":[8.2654227776395892,47.051049876077649]},"properties":{"OBJECTID":1168,"UUID":"{C0E8C1D5-5A68-E611-B7C2-F04DA23F2F2A}","HSTNAME":"Luzern, Matt","VMITTEL":2,"BFS_NR":1061,"GEMEINDE":"Luzern","EINWOHNER":1171,"ARBEITSPL":141,"RADIUS":300,"DIDOKNR":89751,"ANGSTUFE":4,"SLOID":"ch:1:sloid:89751","TU":11}},{"type":"Feature","id":1169,"geometry":{"type":"Point","coordinates":[8.2674551775654486,47.050144737292705]},"properties":{"OBJECTID":1169,"UUID":"{06794CDB-5A68-E611-B7C2-F04DA23F2F2A}","HSTNAME":"Luzern, Blattenmoos","VMITTEL":2,"BFS_NR":1061,"GEMEINDE":"Luzern","EINWOHNER":480,"ARBEITSPL":778,"RADIUS":300,"DIDOKNR":89757,"ANGSTUFE":5,"SLOID":"ch:1:sloid:89757","TU":11}},{"type":"Feature","id":1170,"geometry":{"type":"Point","coordinates":[8.3499517954925082,47.052177243349448]},"properties":{"OBJECTID":1170,"UUID":"{E2774CDB-5A68-E611-B7C2-F04DA23F2F2A}","HSTNAME":"Luzern, Eggen","VMITTEL":2,"BFS_NR":1061,"GEMEINDE":"Luzern","EINWOHNER":269,"ARBEITSPL":37,"RADIUS":300,"DIDOKNR":89779,"ANGSTUFE":4,"SLOID":"ch:1:sloid:89779","TU":11}},{"type":"Feature","id":1171,"geometry":{"type":"Point","coordinates":[8.258572887501586,47.050813781513035]},"properties":{"OBJECTID":1171,"UUID":"{F6E8C1D5-5A68-E611-B7C2-F04DA23F2F2A}","HSTNAME":"Luzern, Littau Dorf","VMITTEL":2,"BFS_NR":1061,"GEMEINDE":"Luzern","EINWOHNER":653,"ARBEITSPL":177,"RADIUS":300,"DIDOKNR":89750,"ANGSTUFE":5,"SLOID":"ch:1:sloid:89750","TU":11}},{"type":"Feature","id":1172,"geometry":{"type":"Point","coordinates":[8.3162783071203084,47.057774215941826]},"properties":{"OBJECTID":1172,"UUID":"{C2794CDB-5A68-E611-B7C2-F04DA23F2F2A}","HSTNAME":"Luzern, Dreilinden","VMITTEL":5,"BFS_NR":1061,"GEMEINDE":"Luzern","EINWOHNER":146,"ARBEITSPL":366,"RADIUS":300,"DIDOKNR":89778,"ANGSTUFE":4,"SLOID":"ch:1:sloid:89778","TU":11}},{"type":"Feature","id":1173,"geometry":{"type":"Point","coordinates":[8.2800156205097402,47.063438645714655]},"properties":{"OBJECTID":1173,"UUID":"{BC754CDB-5A68-E611-B7C2-F04DA23F2F2A}","HSTNAME":"Luzern, Staffeln Schulhaus","VMITTEL":2,"BFS_NR":1061,"GEMEINDE":"Luzern","EINWOHNER":553,"ARBEITSPL":429,"RADIUS":300,"DIDOKNR":89756,"ANGSTUFE":5,"SLOID":"ch:1:sloid:89756","TU":11}},{"type":"Feature","id":1174,"geometry":{"type":"Point","coordinates":[8.3558697083310474,47.053808050799262]},"properties":{"OBJECTID":1174,"UUID":"{85784CDB-5A68-E611-B7C2-F04DA23F2F2A}","HSTNAME":"Luzern, Büttenenhalde","VMITTEL":2,"BFS_NR":1061,"GEMEINDE":"Luzern","EINWOHNER":853,"ARBEITSPL":58,"RADIUS":300,"DIDOKNR":89777,"ANGSTUFE":4,"SLOID":"ch:1:sloid:89777","TU":11}},{"type":"Feature","id":1175,"geometry":{"type":"Point","coordinates":[8.302612704033475,47.059780634051222]},"properties":{"OBJECTID":1175,"UUID":"{08E8C1D5-5A68-E611-B7C2-F04DA23F2F2A}","HSTNAME":"Luzern, Urnerhof","VMITTEL":2,"BFS_NR":1061,"GEMEINDE":"Luzern","EINWOHNER":686,"ARBEITSPL":293,"RADIUS":300,"DIDOKNR":89791,"ANGSTUFE":5,"SLOID":"ch:1:sloid:89791","TU":11}},{"type":"Feature","id":1176,"geometry":{"type":"Point","coordinates":[8.3534942839131983,47.053184013304893]},"properties":{"OBJECTID":1176,"UUID":"{3B794CDB-5A68-E611-B7C2-F04DA23F2F2A}","HSTNAME":"Luzern, Büttenen","VMITTEL":3,"BFS_NR":1061,"GEMEINDE":"Luzern","EINWOHNER":459,"ARBEITSPL":31,"RADIUS":300,"DIDOKNR":89776,"ANGSTUFE":4,"SLOID":"ch:1:sloid:89776","TU":11}},{"type":"Feature","id":1177,"geometry":{"type":"Point","coordinates":[8.2773388066221063,47.051884805764011]},"properties":{"OBJECTID":1177,"UUID":"{63794CDB-5A68-E611-B7C2-F04DA23F2F2A}","HSTNAME":"Luzern, Rönnimoosrain","VMITTEL":2,"BFS_NR":1061,"GEMEINDE":"Luzern","EINWOHNER":1130,"ARBEITSPL":67,"RADIUS":300,"DIDOKNR":89763,"ANGSTUFE":5,"SLOID":"ch:1:sloid:89763","TU":11}},{"type":"Feature","id":1178,"geometry":{"type":"Point","coordinates":[8.3445983382478239,47.05364487346376]},"properties":{"OBJECTID":1178,"UUID":"{29E8C1D5-5A68-E611-B7C2-F04DA23F2F2A}","HSTNAME":"Luzern, Giseli","VMITTEL":2,"BFS_NR":1061,"GEMEINDE":"Luzern","EINWOHNER":431,"ARBEITSPL":49,"RADIUS":300,"DIDOKNR":89790,"ANGSTUFE":4,"SLOID":"ch:1:sloid:89790","TU":11}},{"type":"Feature","id":1179,"geometry":{"type":"Point","coordinates":[8.3147315339462313,47.058896814752813]},"properties":{"OBJECTID":1179,"UUID":"{C7764CDB-5A68-E611-B7C2-F04DA23F2F2A}","HSTNAME":"Luzern, Felsberg","VMITTEL":2,"BFS_NR":1061,"GEMEINDE":"Luzern","EINWOHNER":562,"ARBEITSPL":260,"RADIUS":300,"DIDOKNR":89782,"ANGSTUFE":4,"SLOID":"ch:1:sloid:89782","TU":11}},{"type":"Feature","id":1180,"geometry":{"type":"Point","coordinates":[8.2925823495297362,47.046569251445497]},"properties":{"OBJECTID":1180,"UUID":"{54764CDB-5A68-E611-B7C2-F04DA23F2F2A}","HSTNAME":"Luzern, Gigeliwald","VMITTEL":8,"BFS_NR":1061,"GEMEINDE":"Luzern","EINWOHNER":166,"ARBEITSPL":6,"RADIUS":300,"DIDOKNR":89789,"ANGSTUFE":3,"SLOID":"ch:1:sloid:89789","TU":11}},{"type":"Feature","id":1181,"geometry":{"type":"Point","coordinates":[8.2997751428535977,47.056860406402627]},"properties":{"OBJECTID":1181,"UUID":"{E9E7C1D5-5A68-E611-B7C2-F04DA23F2F2A}","HSTNAME":"Luzern, Geissmatthöhe","VMITTEL":2,"BFS_NR":1061,"GEMEINDE":"Luzern","EINWOHNER":673,"ARBEITSPL":386,"RADIUS":300,"DIDOKNR":89788,"ANGSTUFE":3,"SLOID":"ch:1:sloid:89788","TU":11}},{"type":"Feature","id":1182,"geometry":{"type":"Point","coordinates":[8.2712230059700733,47.050870721313856]},"properties":{"OBJECTID":1182,"UUID":"{CC754CDB-5A68-E611-B7C2-F04DA23F2F2A}","HSTNAME":"Luzern, Michaelshof","VMITTEL":2,"BFS_NR":1061,"GEMEINDE":"Luzern","EINWOHNER":672,"ARBEITSPL":271,"RADIUS":300,"DIDOKNR":89761,"ANGSTUFE":5,"SLOID":"ch:1:sloid:89761","TU":11}},{"type":"Feature","id":1183,"geometry":{"type":"Point","coordinates":[8.3241370971215289,47.055509615481405]},"properties":{"OBJECTID":1183,"UUID":"{00774CDB-5A68-E611-B7C2-F04DA23F2F2A}","HSTNAME":"Luzern, Europe","VMITTEL":3,"BFS_NR":1061,"GEMEINDE":"Luzern","EINWOHNER":501,"ARBEITSPL":115,"RADIUS":300,"DIDOKNR":89781,"ANGSTUFE":5,"SLOID":"ch:1:sloid:89781","TU":11}},{"type":"Feature","id":1184,"geometry":{"type":"Point","coordinates":[8.327115882767842,47.033046341682052]},"properties":{"OBJECTID":1184,"UUID":"{0D774CDB-5A68-E611-B7C2-F04DA23F2F2A}","HSTNAME":"Luzern, Hirtenhof","VMITTEL":5,"BFS_NR":1061,"GEMEINDE":"Luzern","EINWOHNER":805,"ARBEITSPL":57,"RADIUS":300,"DIDOKNR":89795,"ANGSTUFE":4,"SLOID":"ch:1:sloid:89795","TU":11}},{"type":"Feature","id":1185,"geometry":{"type":"Point","coordinates":[8.320230127852474,47.040837019768709]},"properties":{"OBJECTID":1185,"UUID":"{11794CDB-5A68-E611-B7C2-F04DA23F2F2A}","HSTNAME":"Luzern, Eisfeldstrasse","VMITTEL":3,"BFS_NR":1061,"GEMEINDE":"Luzern","EINWOHNER":597,"ARBEITSPL":819,"RADIUS":300,"DIDOKNR":89780,"ANGSTUFE":5,"SLOID":"ch:1:sloid:89780","TU":11}},{"type":"Feature","id":1186,"geometry":{"type":"Point","coordinates":[8.3306192587461183,47.035055922634385]},"properties":{"OBJECTID":1186,"UUID":"{9D784CDB-5A68-E611-B7C2-F04DA23F2F2A}","HSTNAME":"Luzern, Matthof","VMITTEL":5,"BFS_NR":1061,"GEMEINDE":"Luzern","EINWOHNER":1203,"ARBEITSPL":583,"RADIUS":300,"DIDOKNR":89811,"ANGSTUFE":4,"SLOID":"ch:1:sloid:89811","TU":11}},{"type":"Feature","id":1187,"geometry":{"type":"Point","coordinates":[8.2743222065132791,47.051493525190395]},"properties":{"OBJECTID":1187,"UUID":"{57764CDB-5A68-E611-B7C2-F04DA23F2F2A}","HSTNAME":"Luzern, Längweiher","VMITTEL":2,"BFS_NR":1061,"GEMEINDE":"Luzern","EINWOHNER":617,"ARBEITSPL":62,"RADIUS":300,"DIDOKNR":89760,"ANGSTUFE":5,"SLOID":"ch:1:sloid:89760","TU":11}},{"type":"Feature","id":1188,"geometry":{"type":"Point","coordinates":[8.2953302574126955,47.047929393662393]},"properties":{"OBJECTID":1188,"UUID":"{EFE8C1D5-5A68-E611-B7C2-F04DA23F2F2A}","HSTNAME":"Luzern, Gütschwald","VMITTEL":8,"BFS_NR":1061,"GEMEINDE":"Luzern","EINWOHNER":91,"ARBEITSPL":7,"RADIUS":300,"DIDOKNR":89794,"ANGSTUFE":4,"SLOID":"ch:1:sloid:89794","TU":11}},{"type":"Feature","id":1189,"geometry":{"type":"Point","coordinates":[8.3168034042727026,47.037858533262956]},"properties":{"OBJECTID":1189,"UUID":"{1B7A4CDB-5A68-E611-B7C2-F04DA23F2F2A}","HSTNAME":"Luzern, Geissenstein","VMITTEL":5,"BFS_NR":1061,"GEMEINDE":"Luzern","EINWOHNER":896,"ARBEITSPL":73,"RADIUS":300,"DIDOKNR":89787,"ANGSTUFE":4,"SLOID":"ch:1:sloid:89787","TU":11}},{"type":"Feature","id":1190,"geometry":{"type":"Point","coordinates":[8.3119042529619271,47.065615324980854]},"properties":{"OBJECTID":1190,"UUID":"{B2754CDB-5A68-E611-B7C2-F04DA23F2F2A}","HSTNAME":"Luzern, Maihofmatte-Rotsee","VMITTEL":5,"BFS_NR":1061,"GEMEINDE":"Luzern","EINWOHNER":940,"ARBEITSPL":767,"RADIUS":300,"DIDOKNR":89810,"ANGSTUFE":5,"SLOID":"ch:1:sloid:89810","TU":11}},{"type":"Feature","id":1191,"geometry":{"type":"Point","coordinates":[8.2960415440198076,47.03340785451266]},"properties":{"OBJECTID":1191,"UUID":"{69764CDB-5A68-E611-B7C2-F04DA23F2F2A}","HSTNAME":"Kriens, Südpol","VMITTEL":2,"BFS_NR":1059,"GEMEINDE":"Kriens","EINWOHNER":203,"ARBEITSPL":744,"RADIUS":300,"DIDOKNR":89767,"ANGSTUFE":4,"SLOID":"ch:1:sloid:89767","TU":11}},{"type":"Feature","id":1192,"geometry":{"type":"Point","coordinates":[8.3196613951951406,47.064553405110679]},"properties":{"OBJECTID":1192,"UUID":"{FBE8C1D5-5A68-E611-B7C2-F04DA23F2F2A}","HSTNAME":"Luzern, Gartenheim","VMITTEL":5,"BFS_NR":1061,"GEMEINDE":"Luzern","EINWOHNER":401,"ARBEITSPL":6,"RADIUS":300,"DIDOKNR":89786,"ANGSTUFE":4,"SLOID":"ch:1:sloid:89786","TU":11}},{"type":"Feature","id":1193,"geometry":{"type":"Point","coordinates":[8.2962185247406506,47.052578159821699]},"properties":{"OBJECTID":1193,"UUID":"{0AE9C1D5-5A68-E611-B7C2-F04DA23F2F2A}","HSTNAME":"Luzern, Gütsch","VMITTEL":3,"BFS_NR":1061,"GEMEINDE":"Luzern","EINWOHNER":1290,"ARBEITSPL":503,"RADIUS":300,"DIDOKNR":89793,"ANGSTUFE":5,"SLOID":"ch:1:sloid:89793","TU":11}},{"type":"Feature","id":1194,"geometry":{"type":"Point","coordinates":[8.3275001323299502,47.058617774437643]},"properties":{"OBJECTID":1194,"UUID":"{2A794CDB-5A68-E611-B7C2-F04DA23F2F2A}","HSTNAME":"Luzern, Lützelmattstrasse","VMITTEL":2,"BFS_NR":1061,"GEMEINDE":"Luzern","EINWOHNER":152,"ARBEITSPL":1513,"RADIUS":300,"DIDOKNR":89809,"ANGSTUFE":4,"SLOID":"ch:1:sloid:89809","TU":11}},{"type":"Feature","id":1195,"geometry":{"type":"Point","coordinates":[8.2924382579837577,47.058781996734801]},"properties":{"OBJECTID":1195,"UUID":"{C9E7C1D5-5A68-E611-B7C2-F04DA23F2F2A}","HSTNAME":"Luzern, Friedental","VMITTEL":2,"BFS_NR":1061,"GEMEINDE":"Luzern","EINWOHNER":1,"ARBEITSPL":86,"RADIUS":300,"DIDOKNR":89785,"ANGSTUFE":4,"SLOID":"ch:1:sloid:89785","TU":11}},{"type":"Feature","id":1196,"geometry":{"type":"Point","coordinates":[8.3027966443984322,47.035248378833529]},"properties":{"OBJECTID":1196,"UUID":"{12E8C1D5-5A68-E611-B7C2-F04DA23F2F2A}","HSTNAME":"Luzern, Allmend/Messe","VMITTEL":8,"BFS_NR":1061,"GEMEINDE":"Luzern","EINWOHNER":205,"ARBEITSPL":466,"RADIUS":300,"DIDOKNR":89766,"ANGSTUFE":4,"SLOID":"ch:1:sloid:89766","TU":11}},{"type":"Feature","id":1197,"geometry":{"type":"Point","coordinates":[8.3029986723446836,47.057149556134981]},"properties":{"OBJECTID":1197,"UUID":"{E8754CDB-5A68-E611-B7C2-F04DA23F2F2A}","HSTNAME":"Luzern, Friedbergstrasse","VMITTEL":2,"BFS_NR":1061,"GEMEINDE":"Luzern","EINWOHNER":455,"ARBEITSPL":72,"RADIUS":300,"DIDOKNR":89784,"ANGSTUFE":3,"SLOID":"ch:1:sloid:89784","TU":11}},{"type":"Feature","id":1198,"geometry":{"type":"Point","coordinates":[8.3341697810605897,47.057889161716311]},"properties":{"OBJECTID":1198,"UUID":"{C8E8C1D5-5A68-E611-B7C2-F04DA23F2F2A}","HSTNAME":"Luzern, Leumatt","VMITTEL":2,"BFS_NR":1061,"GEMEINDE":"Luzern","EINWOHNER":282,"ARBEITSPL":35,"RADIUS":300,"DIDOKNR":89808,"ANGSTUFE":4,"SLOID":"ch:1:sloid:89808","TU":11}},{"type":"Feature","id":1199,"geometry":{"type":"Point","coordinates":[8.2626329496301487,47.049360782667073]},"properties":{"OBJECTID":1199,"UUID":"{C9794CDB-5A68-E611-B7C2-F04DA23F2F2A}","HSTNAME":"Luzern, Schützenhaus","VMITTEL":2,"BFS_NR":1061,"GEMEINDE":"Luzern","EINWOHNER":1089,"ARBEITSPL":636,"RADIUS":300,"DIDOKNR":89765,"ANGSTUFE":5,"SLOID":"ch:1:sloid:89765","TU":11}},{"type":"Feature","id":1200,"geometry":{"type":"Point","coordinates":[8.2994135000970886,47.055197335567712]},"properties":{"OBJECTID":1200,"UUID":"{8F784CDB-5A68-E611-B7C2-F04DA23F2F2A}","HSTNAME":"Luzern, Mühlemattstrasse","VMITTEL":2,"BFS_NR":1061,"GEMEINDE":"Luzern","EINWOHNER":639,"ARBEITSPL":230,"RADIUS":300,"DIDOKNR":89815,"ANGSTUFE":2,"SLOID":"ch:1:sloid:89815","TU":11}},{"type":"Feature","id":1201,"geometry":{"type":"Point","coordinates":[8.3081023231885105,47.036502705226759]},"properties":{"OBJECTID":1201,"UUID":"{D1E8C1D5-5A68-E611-B7C2-F04DA23F2F2A}","HSTNAME":"Luzern, Hubelmatt","VMITTEL":5,"BFS_NR":1061,"GEMEINDE":"Luzern","EINWOHNER":729,"ARBEITSPL":170,"RADIUS":300,"DIDOKNR":89798,"ANGSTUFE":4,"SLOID":"ch:1:sloid:89798","TU":11}},{"type":"Feature","id":1202,"geometry":{"type":"Point","coordinates":[8.3159698458840161,47.062084438546897]},"properties":{"OBJECTID":1202,"UUID":"{CB764CDB-5A68-E611-B7C2-F04DA23F2F2A}","HSTNAME":"Luzern, Morgenweg","VMITTEL":5,"BFS_NR":1061,"GEMEINDE":"Luzern","EINWOHNER":565,"ARBEITSPL":49,"RADIUS":300,"DIDOKNR":89814,"ANGSTUFE":4,"SLOID":"ch:1:sloid:89814","TU":11}},{"type":"Feature","id":1203,"geometry":{"type":"Point","coordinates":[8.2569667738955097,47.055806085865541]},"properties":{"OBJECTID":1203,"UUID":"{5AE8C1D5-5A68-E611-B7C2-F04DA23F2F2A}","HSTNAME":"Luzern, Säntihof","VMITTEL":2,"BFS_NR":1061,"GEMEINDE":"Luzern","EINWOHNER":853,"ARBEITSPL":428,"RADIUS":300,"DIDOKNR":89764,"ANGSTUFE":2,"SLOID":"ch:1:sloid:89764","TU":11}},{"type":"Feature","id":1204,"geometry":{"type":"Point","coordinates":[8.3524678494089493,47.059461236018045]},"properties":{"OBJECTID":1204,"UUID":"{80774CDB-5A68-E611-B7C2-F04DA23F2F2A}","HSTNAME":"Luzern, Hochhüsliweid","VMITTEL":2,"BFS_NR":1061,"GEMEINDE":"Luzern","EINWOHNER":776,"ARBEITSPL":192,"RADIUS":300,"DIDOKNR":89797,"ANGSTUFE":4,"SLOID":"ch:1:sloid:89797","TU":11}},{"type":"Feature","id":1205,"geometry":{"type":"Point","coordinates":[8.3043762613612842,47.038965820459318]},"properties":{"OBJECTID":1205,"UUID":"{0A784CDB-5A68-E611-B7C2-F04DA23F2F2A}","HSTNAME":"Luzern, Breitenlachen","VMITTEL":2,"BFS_NR":1061,"GEMEINDE":"Luzern","EINWOHNER":1538,"ARBEITSPL":409,"RADIUS":300,"DIDOKNR":89771,"ANGSTUFE":4,"SLOID":"ch:1:sloid:89771","TU":11}},{"type":"Feature","id":1206,"geometry":{"type":"Point","coordinates":[8.3040501253763033,47.045878902299869]},"properties":{"OBJECTID":1206,"UUID":"{DEE7C1D5-5A68-E611-B7C2-F04DA23F2F2A}","HSTNAME":"Luzern, Moosegg","VMITTEL":3,"BFS_NR":1061,"GEMEINDE":"Luzern","EINWOHNER":1316,"ARBEITSPL":1314,"RADIUS":300,"DIDOKNR":89813,"ANGSTUFE":5,"SLOID":"ch:1:sloid:89813","TU":11}},{"type":"Feature","id":1207,"geometry":{"type":"Point","coordinates":[8.3020087304467278,47.049632054963197]},"properties":{"OBJECTID":1207,"UUID":"{86794CDB-5A68-E611-B7C2-F04DA23F2F2A}","HSTNAME":"Luzern, Hirzenhof","VMITTEL":9,"BFS_NR":1061,"GEMEINDE":"Luzern","EINWOHNER":728,"ARBEITSPL":2963,"RADIUS":300,"DIDOKNR":89796,"ANGSTUFE":5,"SLOID":"ch:1:sloid:89796","TU":11}},{"type":"Feature","id":1208,"geometry":{"type":"Point","coordinates":[8.30676353455714,47.038088038685281]},"properties":{"OBJECTID":1208,"UUID":"{DF754CDB-5A68-E611-B7C2-F04DA23F2F2A}","HSTNAME":"Luzern, Mönchweg","VMITTEL":5,"BFS_NR":1061,"GEMEINDE":"Luzern","EINWOHNER":726,"ARBEITSPL":44,"RADIUS":300,"DIDOKNR":89812,"ANGSTUFE":4,"SLOID":"ch:1:sloid:89812","TU":11}},{"type":"Feature","id":1209,"geometry":{"type":"Point","coordinates":[8.3047663971128216,47.056202180841694]},"properties":{"OBJECTID":1209,"UUID":"{8B794CDB-5A68-E611-B7C2-F04DA23F2F2A}","HSTNAME":"Luzern, Bramberg","VMITTEL":2,"BFS_NR":1061,"GEMEINDE":"Luzern","EINWOHNER":461,"ARBEITSPL":183,"RADIUS":300,"DIDOKNR":89770,"ANGSTUFE":3,"SLOID":"ch:1:sloid:89770","TU":11}},{"type":"Feature","id":1210,"geometry":{"type":"Point","coordinates":[8.3217703937343828,47.065558327400296]},"properties":{"OBJECTID":1210,"UUID":"{33794CDB-5A68-E611-B7C2-F04DA23F2F2A}","HSTNAME":"Luzern, Schulhaus Unterlöchli","VMITTEL":5,"BFS_NR":1061,"GEMEINDE":"Luzern","EINWOHNER":392,"ARBEITSPL":61,"RADIUS":300,"DIDOKNR":89820,"ANGSTUFE":4,"SLOID":"ch:1:sloid:89820","TU":11}},{"type":"Feature","id":1211,"geometry":{"type":"Point","coordinates":[8.3140242060156275,47.057214801420642]},"properties":{"OBJECTID":1211,"UUID":"{66764CDB-5A68-E611-B7C2-F04DA23F2F2A}","HSTNAME":"Luzern, Kapuzinerweg","VMITTEL":3,"BFS_NR":1061,"GEMEINDE":"Luzern","EINWOHNER":212,"ARBEITSPL":590,"RADIUS":300,"DIDOKNR":89803,"ANGSTUFE":5,"SLOID":"ch:1:sloid:89803","TU":11}},{"type":"Feature","id":1212,"geometry":{"type":"Point","coordinates":[8.2900869265049035,47.046602170227899]},"properties":{"OBJECTID":1212,"UUID":"{21794CDB-5A68-E611-B7C2-F04DA23F2F2A}","HSTNAME":"Luzern, Obergütschstrasse","VMITTEL":8,"BFS_NR":1061,"GEMEINDE":"Luzern","EINWOHNER":264,"ARBEITSPL":4,"RADIUS":300,"DIDOKNR":89819,"ANGSTUFE":4,"SLOID":"ch:1:sloid:89819","TU":11}},{"type":"Feature","id":1213,"geometry":{"type":"Point","coordinates":[8.2980038824103062,47.057822368264688]},"properties":{"OBJECTID":1213,"UUID":"{E1774CDB-5A68-E611-B7C2-F04DA23F2F2A}","HSTNAME":"Luzern, Kantonsspital","VMITTEL":2,"BFS_NR":1061,"GEMEINDE":"Luzern","EINWOHNER":464,"ARBEITSPL":6000,"RADIUS":300,"DIDOKNR":89802,"ANGSTUFE":5,"SLOID":"ch:1:sloid:89802","TU":11}},{"type":"Feature","id":1214,"geometry":{"type":"Point","coordinates":[8.2887736950602857,47.045968911097702]},"properties":{"OBJECTID":1214,"UUID":"{28794CDB-5A68-E611-B7C2-F04DA23F2F2A}","HSTNAME":"Luzern, Obergütschrain","VMITTEL":8,"BFS_NR":1061,"GEMEINDE":"Luzern","EINWOHNER":555,"ARBEITSPL":61,"RADIUS":300,"DIDOKNR":89818,"ANGSTUFE":4,"SLOID":"ch:1:sloid:89818","TU":11}},{"type":"Feature","id":1215,"geometry":{"type":"Point","coordinates":[8.3062367741018033,47.048863765362675]},"properties":{"OBJECTID":1215,"UUID":"{76764CDB-5A68-E611-B7C2-F04DA23F2F2A}","HSTNAME":"Luzern, Kantonalbank","VMITTEL":9,"BFS_NR":1061,"GEMEINDE":"Luzern","EINWOHNER":631,"ARBEITSPL":6395,"RADIUS":300,"DIDOKNR":89801,"ANGSTUFE":5,"SLOID":"ch:1:sloid:89801","TU":11}},{"type":"Feature","id":1216,"geometry":{"type":"Point","coordinates":[8.2897010246829819,47.044767492884212]},"properties":{"OBJECTID":1216,"UUID":"{30E9C1D5-5A68-E611-B7C2-F04DA23F2F2A}","HSTNAME":"Luzern, Obergütschhalde","VMITTEL":8,"BFS_NR":1061,"GEMEINDE":"Luzern","EINWOHNER":145,"ARBEITSPL":7,"RADIUS":300,"DIDOKNR":89817,"ANGSTUFE":4,"SLOID":"ch:1:sloid:89817","TU":11}},{"type":"Feature","id":1217,"geometry":{"type":"Point","coordinates":[8.285510398187995,47.053764073807869]},"properties":{"OBJECTID":1217,"UUID":"{00E8C1D5-5A68-E611-B7C2-F04DA23F2F2A}","HSTNAME":"Luzern, Kanonenstrasse","VMITTEL":2,"BFS_NR":1061,"GEMEINDE":"Luzern","EINWOHNER":1758,"ARBEITSPL":126,"RADIUS":300,"DIDOKNR":89800,"ANGSTUFE":5,"SLOID":"ch:1:sloid:89800","TU":11}},{"type":"Feature","id":1218,"geometry":{"type":"Point","coordinates":[8.2882654431410927,47.044055536922201]},"properties":{"OBJECTID":1218,"UUID":"{D6794CDB-5A68-E611-B7C2-F04DA23F2F2A}","HSTNAME":"Luzern, Obergütsch","VMITTEL":8,"BFS_NR":1061,"GEMEINDE":"Luzern","EINWOHNER":72,"ARBEITSPL":1,"RADIUS":300,"DIDOKNR":89816,"ANGSTUFE":3,"SLOID":"ch:1:sloid:89816","TU":11}},{"type":"Feature","id":1219,"geometry":{"type":"Point","coordinates":[8.3035988622223726,47.043530066051204]},"properties":{"OBJECTID":1219,"UUID":"{B3764CDB-5A68-E611-B7C2-F04DA23F2F2A}","HSTNAME":"Luzern, Paulusplatz","VMITTEL":9,"BFS_NR":1061,"GEMEINDE":"Luzern","EINWOHNER":2817,"ARBEITSPL":1204,"RADIUS":300,"DIDOKNR":89823,"ANGSTUFE":5,"SLOID":"ch:1:sloid:89823","TU":11}},{"type":"Feature","id":1220,"geometry":{"type":"Point","coordinates":[8.2911895691699762,47.05422214369554]},"properties":{"OBJECTID":1220,"UUID":"{29764CDB-5A68-E611-B7C2-F04DA23F2F2A}","HSTNAME":"Luzern, Kreuzstutz","VMITTEL":3,"BFS_NR":1061,"GEMEINDE":"Luzern","EINWOHNER":1194,"ARBEITSPL":740,"RADIUS":300,"DIDOKNR":89807,"ANGSTUFE":5,"SLOID":"ch:1:sloid:89807","TU":11}},{"type":"Feature","id":1221,"geometry":{"type":"Point","coordinates":[8.3483428971090508,47.051232528754973]},"properties":{"OBJECTID":1221,"UUID":"{B0764CDB-5A68-E611-B7C2-F04DA23F2F2A}","HSTNAME":"Luzern, Oberseeburghöhe","VMITTEL":3,"BFS_NR":1061,"GEMEINDE":"Luzern","EINWOHNER":409,"ARBEITSPL":16,"RADIUS":300,"DIDOKNR":89822,"ANGSTUFE":4,"SLOID":"ch:1:sloid:89822","TU":11}},{"type":"Feature","id":1222,"geometry":{"type":"Point","coordinates":[8.3221582067299984,47.059260929744624]},"properties":{"OBJECTID":1222,"UUID":"{9B774CDB-5A68-E611-B7C2-F04DA23F2F2A}","HSTNAME":"Luzern, Konservatorium","VMITTEL":2,"BFS_NR":1061,"GEMEINDE":"Luzern","EINWOHNER":271,"ARBEITSPL":157,"RADIUS":300,"DIDOKNR":89806,"ANGSTUFE":4,"SLOID":"ch:1:sloid:89806","TU":11}},{"type":"Feature","id":1223,"geometry":{"type":"Point","coordinates":[8.3456660952983412,47.050482223137941]},"properties":{"OBJECTID":1223,"UUID":"{31784CDB-5A68-E611-B7C2-F04DA23F2F2A}","HSTNAME":"Luzern, Oberseeburg","VMITTEL":3,"BFS_NR":1061,"GEMEINDE":"Luzern","EINWOHNER":288,"ARBEITSPL":13,"RADIUS":300,"DIDOKNR":89821,"ANGSTUFE":4,"SLOID":"ch:1:sloid:89821","TU":11}},{"type":"Feature","id":1224,"geometry":{"type":"Point","coordinates":[8.3525973110698679,47.086182536133066]},"properties":{"OBJECTID":1224,"UUID":"{AC774CDB-5A68-E611-B7C2-F04DA23F2F2A}","HSTNAME":"Ebikon, Höfli","VMITTEL":2,"BFS_NR":1054,"GEMEINDE":"Ebikon","EINWOHNER":922,"ARBEITSPL":82,"RADIUS":300,"DIDOKNR":89663,"ANGSTUFE":3,"SLOID":"ch:1:sloid:89663","TU":11}},{"type":"Feature","id":1225,"geometry":{"type":"Point","coordinates":[8.3641441256585498,47.070514833512327]},"properties":{"OBJECTID":1225,"UUID":"{7B764CDB-5A68-E611-B7C2-F04DA23F2F2A}","HSTNAME":"Adligenswil, Dorf","VMITTEL":2,"BFS_NR":1051,"GEMEINDE":"Adligenswil","EINWOHNER":889,"ARBEITSPL":426,"RADIUS":300,"DIDOKNR":89650,"ANGSTUFE":4,"SLOID":"ch:1:sloid:89650","TU":11}},{"type":"Feature","id":1226,"geometry":{"type":"Point","coordinates":[8.3484478349088693,47.084072213976427]},"properties":{"OBJECTID":1226,"UUID":"{1AE9C1D5-5A68-E611-B7C2-F04DA23F2F2A}","HSTNAME":"Ebikon, Höchweid","VMITTEL":2,"BFS_NR":1054,"GEMEINDE":"Ebikon","EINWOHNER":1108,"ARBEITSPL":220,"RADIUS":300,"DIDOKNR":89662,"ANGSTUFE":3,"SLOID":"ch:1:sloid:89662","TU":11}},{"type":"Feature","id":1227,"geometry":{"type":"Point","coordinates":[8.3481405130483282,47.095170948437222]},"properties":{"OBJECTID":1227,"UUID":"{2F794CDB-5A68-E611-B7C2-F04DA23F2F2A}","HSTNAME":"Buchrain, Dorf","VMITTEL":2,"BFS_NR":1052,"GEMEINDE":"Buchrain","EINWOHNER":891,"ARBEITSPL":365,"RADIUS":300,"DIDOKNR":89655,"ANGSTUFE":4,"SLOID":"ch:1:sloid:89655","TU":11}},{"type":"Feature","id":1228,"geometry":{"type":"Point","coordinates":[8.3564372978712669,47.087514154437443]},"properties":{"OBJECTID":1228,"UUID":"{B7794CDB-5A68-E611-B7C2-F04DA23F2F2A}","HSTNAME":"Ebikon, Hartenfels","VMITTEL":2,"BFS_NR":1054,"GEMEINDE":"Ebikon","EINWOHNER":626,"ARBEITSPL":19,"RADIUS":300,"DIDOKNR":89661,"ANGSTUFE":3,"SLOID":"ch:1:sloid:89661","TU":11}},{"type":"Feature","id":1229,"geometry":{"type":"Point","coordinates":[8.3444315998246275,47.086948848345678]},"properties":{"OBJECTID":1229,"UUID":"{04764CDB-5A68-E611-B7C2-F04DA23F2F2A}","HSTNAME":"Ebikon, Halte","VMITTEL":2,"BFS_NR":1054,"GEMEINDE":"Ebikon","EINWOHNER":39,"ARBEITSPL":948,"RADIUS":300,"DIDOKNR":89660,"ANGSTUFE":4,"SLOID":"ch:1:sloid:89660","TU":11}},{"type":"Feature","id":1230,"geometry":{"type":"Point","coordinates":[8.3626778621291358,47.065863866060987]},"properties":{"OBJECTID":1230,"UUID":"{84774CDB-5A68-E611-B7C2-F04DA23F2F2A}","HSTNAME":"Adligenswil, Rigiblick","VMITTEL":2,"BFS_NR":1051,"GEMEINDE":"Adligenswil","EINWOHNER":961,"ARBEITSPL":265,"RADIUS":300,"DIDOKNR":89653,"ANGSTUFE":4,"SLOID":"ch:1:sloid:89653","TU":11}},{"type":"Feature","id":1231,"geometry":{"type":"Point","coordinates":[8.3255091152075948,47.021181325128019]},"properties":{"OBJECTID":1231,"UUID":"{09764CDB-5A68-E611-B7C2-F04DA23F2F2A}","HSTNAME":"Horw, Felmis","VMITTEL":2,"BFS_NR":1058,"GEMEINDE":"Horw","EINWOHNER":414,"ARBEITSPL":56,"RADIUS":300,"DIDOKNR":89677,"ANGSTUFE":3,"SLOID":"ch:1:sloid:89677","TU":11}},{"type":"Feature","id":1232,"geometry":{"type":"Point","coordinates":[8.3588136256605789,47.088356913720894]},"properties":{"OBJECTID":1232,"UUID":"{A2E7C1D5-5A68-E611-B7C2-F04DA23F2F2A}","HSTNAME":"Ebikon, Ottigenbühl","VMITTEL":2,"BFS_NR":1054,"GEMEINDE":"Ebikon","EINWOHNER":325,"ARBEITSPL":24,"RADIUS":300,"DIDOKNR":89667,"ANGSTUFE":3,"SLOID":"ch:1:sloid:89667","TU":11}},{"type":"Feature","id":1233,"geometry":{"type":"Point","coordinates":[8.3563370789167788,47.063455891798668]},"properties":{"OBJECTID":1233,"UUID":"{A5784CDB-5A68-E611-B7C2-F04DA23F2F2A}","HSTNAME":"Adligenswil, Luegisland","VMITTEL":2,"BFS_NR":1051,"GEMEINDE":"Adligenswil","EINWOHNER":341,"ARBEITSPL":34,"RADIUS":300,"DIDOKNR":89652,"ANGSTUFE":4,"SLOID":"ch:1:sloid:89652","TU":11}},{"type":"Feature","id":1234,"geometry":{"type":"Point","coordinates":[8.335134592783314,47.072719331376263]},"properties":{"OBJECTID":1234,"UUID":"{91774CDB-5A68-E611-B7C2-F04DA23F2F2A}","HSTNAME":"Ebikon, Mühlegg","VMITTEL":2,"BFS_NR":1054,"GEMEINDE":"Ebikon","EINWOHNER":373,"ARBEITSPL":8,"RADIUS":300,"DIDOKNR":89666,"ANGSTUFE":3,"SLOID":"ch:1:sloid:89666","TU":11}},{"type":"Feature","id":1235,"geometry":{"type":"Point","coordinates":[8.3046024867234802,47.008544822695114]},"properties":{"OBJECTID":1235,"UUID":"{D2784CDB-5A68-E611-B7C2-F04DA23F2F2A}","HSTNAME":"Horw, Ennethorw","VMITTEL":8,"BFS_NR":1058,"GEMEINDE":"Horw","EINWOHNER":715,"ARBEITSPL":79,"RADIUS":300,"DIDOKNR":89676,"ANGSTUFE":3,"SLOID":"ch:1:sloid:89676","TU":11}},{"type":"Feature","id":1236,"geometry":{"type":"Point","coordinates":[8.337436988163681,47.074072388833152]},"properties":{"OBJECTID":1236,"UUID":"{3E794CDB-5A68-E611-B7C2-F04DA23F2F2A}","HSTNAME":"Ebikon, Gerbe","VMITTEL":2,"BFS_NR":1054,"GEMEINDE":"Ebikon","EINWOHNER":444,"ARBEITSPL":53,"RADIUS":300,"DIDOKNR":89659,"ANGSTUFE":3,"SLOID":"ch:1:sloid:89659","TU":11}},{"type":"Feature","id":1237,"geometry":{"type":"Point","coordinates":[8.3464098507259283,47.084961534246453]},"properties":{"OBJECTID":1237,"UUID":"{90794CDB-5A68-E611-B7C2-F04DA23F2F2A}","HSTNAME":"Ebikon, Weichlen","VMITTEL":2,"BFS_NR":1054,"GEMEINDE":"Ebikon","EINWOHNER":398,"ARBEITSPL":183,"RADIUS":300,"DIDOKNR":89665,"ANGSTUFE":5,"SLOID":"ch:1:sloid:89665","TU":11}},{"type":"Feature","id":1238,"geometry":{"type":"Point","coordinates":[8.3345846089626239,47.012545766057706]},"properties":{"OBJECTID":1238,"UUID":"{FB774CDB-5A68-E611-B7C2-F04DA23F2F2A}","HSTNAME":"Kastanienbaum, Kreuzmatt","VMITTEL":2,"BFS_NR":1058,"GEMEINDE":"Horw","EINWOHNER":258,"ARBEITSPL":69,"RADIUS":300,"DIDOKNR":89683,"ANGSTUFE":3,"SLOID":"ch:1:sloid:89683","TU":11}},{"type":"Feature","id":1239,"geometry":{"type":"Point","coordinates":[8.3435697321528117,47.106889690364255]},"properties":{"OBJECTID":1239,"UUID":"{A9E7C1D5-5A68-E611-B7C2-F04DA23F2F2A}","HSTNAME":"Buchrain, Sagenwald","VMITTEL":2,"BFS_NR":1052,"GEMEINDE":"Buchrain","EINWOHNER":23,"ARBEITSPL":493,"RADIUS":300,"DIDOKNR":89658,"ANGSTUFE":2,"SLOID":"ch:1:sloid:89658","TU":2}},{"type":"Feature","id":1240,"geometry":{"type":"Point","coordinates":[8.3406504112526267,47.081392376530324]},"properties":{"OBJECTID":1240,"UUID":"{78774CDB-5A68-E611-B7C2-F04DA23F2F2A}","HSTNAME":"Ebikon, Ladengasse","VMITTEL":2,"BFS_NR":1054,"GEMEINDE":"Ebikon","EINWOHNER":379,"ARBEITSPL":397,"RADIUS":300,"DIDOKNR":89664,"ANGSTUFE":5,"SLOID":"ch:1:sloid:89664","TU":11}},{"type":"Feature","id":1241,"geometry":{"type":"Point","coordinates":[8.337861862640839,47.014287003650821]},"properties":{"OBJECTID":1241,"UUID":"{E6E7C1D5-5A68-E611-B7C2-F04DA23F2F2A}","HSTNAME":"Kastanienbaum, Krämerstein","VMITTEL":2,"BFS_NR":1058,"GEMEINDE":"Horw","EINWOHNER":150,"ARBEITSPL":22,"RADIUS":300,"DIDOKNR":89682,"ANGSTUFE":3,"SLOID":"ch:1:sloid:89682","TU":11}},{"type":"Feature","id":1242,"geometry":{"type":"Point","coordinates":[8.2760324679272657,47.075681764924944]},"properties":{"OBJECTID":1242,"UUID":"{A0784CDB-5A68-E611-B7C2-F04DA23F2F2A}","HSTNAME":"Emmenbrücke, Krauerstrasse","VMITTEL":3,"BFS_NR":1024,"GEMEINDE":"Emmen","EINWOHNER":1210,"ARBEITSPL":1822,"RADIUS":300,"DIDOKNR":89671,"ANGSTUFE":5,"SLOID":"ch:1:sloid:89671","TU":11}},{"type":"Feature","id":1243,"geometry":{"type":"Point","coordinates":[8.3107183706828032,47.020974894163636]},"properties":{"OBJECTID":1243,"UUID":"{49784CDB-5A68-E611-B7C2-F04DA23F2F2A}","HSTNAME":"Horw, Kirchweg","VMITTEL":8,"BFS_NR":1058,"GEMEINDE":"Horw","EINWOHNER":723,"ARBEITSPL":299,"RADIUS":300,"DIDOKNR":89681,"ANGSTUFE":5,"SLOID":"ch:1:sloid:89681","TU":11}},{"type":"Feature","id":1244,"geometry":{"type":"Point","coordinates":[8.3520526151900807,47.091638663807636]},"properties":{"OBJECTID":1244,"UUID":"{49764CDB-5A68-E611-B7C2-F04DA23F2F2A}","HSTNAME":"Buchrain, Ronstrasse","VMITTEL":2,"BFS_NR":1052,"GEMEINDE":"Buchrain","EINWOHNER":600,"ARBEITSPL":2081,"RADIUS":300,"DIDOKNR":89657,"ANGSTUFE":4,"SLOID":"ch:1:sloid:89657","TU":11}},{"type":"Feature","id":1245,"geometry":{"type":"Point","coordinates":[8.3514003937409846,47.094009169719556]},"properties":{"OBJECTID":1245,"UUID":"{BD774CDB-5A68-E611-B7C2-F04DA23F2F2A}","HSTNAME":"Buchrain, Kirchbreite","VMITTEL":2,"BFS_NR":1052,"GEMEINDE":"Buchrain","EINWOHNER":1278,"ARBEITSPL":60,"RADIUS":300,"DIDOKNR":89656,"ANGSTUFE":4,"SLOID":"ch:1:sloid:89656","TU":11}},{"type":"Feature","id":1246,"geometry":{"type":"Point","coordinates":[8.2784493644653008,47.072706460362141]},"properties":{"OBJECTID":1246,"UUID":"{E5774CDB-5A68-E611-B7C2-F04DA23F2F2A}","HSTNAME":"Emmenbrücke, Viscosistadt","VMITTEL":3,"BFS_NR":1024,"GEMEINDE":"Emmen","EINWOHNER":725,"ARBEITSPL":472,"RADIUS":300,"DIDOKNR":89670,"ANGSTUFE":5,"SLOID":"ch:1:sloid:89670","TU":11}},{"type":"Feature","id":1247,"geometry":{"type":"Point","coordinates":[8.3111412829324571,47.014775364638481]},"properties":{"OBJECTID":1247,"UUID":"{1E784CDB-5A68-E611-B7C2-F04DA23F2F2A}","HSTNAME":"Horw, Rank","VMITTEL":8,"BFS_NR":1058,"GEMEINDE":"Horw","EINWOHNER":1453,"ARBEITSPL":141,"RADIUS":300,"DIDOKNR":89687,"ANGSTUFE":4,"SLOID":"ch:1:sloid:89687","TU":11}},{"type":"Feature","id":1248,"geometry":{"type":"Point","coordinates":[8.3384200775554937,47.079060467141694]},"properties":{"OBJECTID":1248,"UUID":"{11E8C1D5-5A68-E611-B7C2-F04DA23F2F2A}","HSTNAME":"Ebikon, Zentralschulhaus","VMITTEL":2,"BFS_NR":1054,"GEMEINDE":"Ebikon","EINWOHNER":426,"ARBEITSPL":144,"RADIUS":300,"DIDOKNR":89669,"ANGSTUFE":1,"SLOID":"ch:1:sloid:89669","TU":11}},{"type":"Feature","id":1249,"geometry":{"type":"Point","coordinates":[8.3378380105746253,47.077024599187368]},"properties":{"OBJECTID":1249,"UUID":"{1D764CDB-5A68-E611-B7C2-F04DA23F2F2A}","HSTNAME":"Ebikon, Sagenschulhaus","VMITTEL":2,"BFS_NR":1054,"GEMEINDE":"Ebikon","EINWOHNER":599,"ARBEITSPL":98,"RADIUS":300,"DIDOKNR":89668,"ANGSTUFE":3,"SLOID":"ch:1:sloid:89668","TU":11}},{"type":"Feature","id":1250,"geometry":{"type":"Point","coordinates":[8.3360149290369812,47.021599023218592]},"properties":{"OBJECTID":1250,"UUID":"{81794CDB-5A68-E611-B7C2-F04DA23F2F2A}","HSTNAME":"St. Niklausen LU, Mättiwil","VMITTEL":2,"BFS_NR":1058,"GEMEINDE":"Horw","EINWOHNER":43,"ARBEITSPL":11,"RADIUS":300,"DIDOKNR":89685,"ANGSTUFE":3,"SLOID":"ch:1:sloid:89685","TU":11}},{"type":"Feature","id":1251,"geometry":{"type":"Point","coordinates":[8.3368989290768809,47.008858262467356]},"properties":{"OBJECTID":1251,"UUID":"{57774CDB-5A68-E611-B7C2-F04DA23F2F2A}","HSTNAME":"Kastanienbaum, Dorni","VMITTEL":2,"BFS_NR":1058,"GEMEINDE":"Horw","EINWOHNER":203,"ARBEITSPL":14,"RADIUS":300,"DIDOKNR":89675,"ANGSTUFE":3,"SLOID":"ch:1:sloid:89675","TU":11}},{"type":"Feature","id":1252,"geometry":{"type":"Point","coordinates":[8.328779000759738,47.018186762463216]},"properties":{"OBJECTID":1252,"UUID":"{2E784CDB-5A68-E611-B7C2-F04DA23F2F2A}","HSTNAME":"Horw, Buholz","VMITTEL":2,"BFS_NR":1058,"GEMEINDE":"Horw","EINWOHNER":73,"ARBEITSPL":12,"RADIUS":300,"DIDOKNR":89674,"ANGSTUFE":3,"SLOID":"ch:1:sloid:89674","TU":11}},{"type":"Feature","id":1253,"geometry":{"type":"Point","coordinates":[8.3335800906174917,47.024676552130565]},"properties":{"OBJECTID":1253,"UUID":"{44764CDB-5A68-E611-B7C2-F04DA23F2F2A}","HSTNAME":"St. Niklausen LU, Langensand","VMITTEL":2,"BFS_NR":1058,"GEMEINDE":"Horw","EINWOHNER":192,"ARBEITSPL":28,"RADIUS":300,"DIDOKNR":89684,"ANGSTUFE":3,"SLOID":"ch:1:sloid:89684","TU":11}},{"type":"Feature","id":1254,"geometry":{"type":"Point","coordinates":[8.3026249258875282,47.015594302043098]},"properties":{"OBJECTID":1254,"UUID":"{B9E8C1D5-5A68-E611-B7C2-F04DA23F2F2A}","HSTNAME":"Horw, Steinen","VMITTEL":2,"BFS_NR":1058,"GEMEINDE":"Horw","EINWOHNER":511,"ARBEITSPL":160,"RADIUS":300,"DIDOKNR":89691,"ANGSTUFE":3,"SLOID":"ch:1:sloid:89691","TU":11}},{"type":"Feature","id":1255,"geometry":{"type":"Point","coordinates":[8.3118521189044703,47.034444333436198]},"properties":{"OBJECTID":1255,"UUID":"{BE794CDB-5A68-E611-B7C2-F04DA23F2F2A}","HSTNAME":"Horw, Biregghof","VMITTEL":5,"BFS_NR":1058,"GEMEINDE":"Horw","EINWOHNER":1133,"ARBEITSPL":58,"RADIUS":300,"DIDOKNR":89673,"ANGSTUFE":4,"SLOID":"ch:1:sloid:89673","TU":11}},{"type":"Feature","id":1256,"geometry":{"type":"Point","coordinates":[8.3211698229030571,47.021966015983914]},"properties":{"OBJECTID":1256,"UUID":"{75764CDB-5A68-E611-B7C2-F04DA23F2F2A}","HSTNAME":"Horw, Stegen/Kirchfeld","VMITTEL":2,"BFS_NR":1058,"GEMEINDE":"Horw","EINWOHNER":603,"ARBEITSPL":87,"RADIUS":300,"DIDOKNR":89690,"ANGSTUFE":3,"SLOID":"ch:1:sloid:89690","TU":11}},{"type":"Feature","id":1257,"geometry":{"type":"Point","coordinates":[8.3075358276807183,47.018336868366703]},"properties":{"OBJECTID":1257,"UUID":"{4A784CDB-5A68-E611-B7C2-F04DA23F2F2A}","HSTNAME":"Horw, Bahnhof","VMITTEL":2,"BFS_NR":1058,"GEMEINDE":"Horw","EINWOHNER":1431,"ARBEITSPL":471,"RADIUS":300,"DIDOKNR":89679,"ANGSTUFE":5,"SLOID":"ch:1:sloid:89679","TU":11}},{"type":"Feature","id":1258,"geometry":{"type":"Point","coordinates":[8.3390961884488579,47.018651302985347]},"properties":{"OBJECTID":1258,"UUID":"{05774CDB-5A68-E611-B7C2-F04DA23F2F2A}","HSTNAME":"St. Niklausen LU, Unterwil","VMITTEL":2,"BFS_NR":1058,"GEMEINDE":"Horw","EINWOHNER":41,"ARBEITSPL":0,"RADIUS":300,"DIDOKNR":89689,"ANGSTUFE":3,"SLOID":"ch:1:sloid:89689","TU":11}},{"type":"Feature","id":1259,"geometry":{"type":"Point","coordinates":[8.336380418031311,47.02988919148293]},"properties":{"OBJECTID":1259,"UUID":"{08E9C1D5-5A68-E611-B7C2-F04DA23F2F2A}","HSTNAME":"St. Niklausen LU, Haslihorn","VMITTEL":2,"BFS_NR":1058,"GEMEINDE":"Horw","EINWOHNER":119,"ARBEITSPL":12,"RADIUS":300,"DIDOKNR":89678,"ANGSTUFE":3,"SLOID":"ch:1:sloid:89678","TU":11}},{"type":"Feature","id":1260,"geometry":{"type":"Point","coordinates":[8.3057233458981585,47.011203822722329]},"properties":{"OBJECTID":1260,"UUID":"{6C774CDB-5A68-E611-B7C2-F04DA23F2F2A}","HSTNAME":"Horw, Spier","VMITTEL":8,"BFS_NR":1058,"GEMEINDE":"Horw","EINWOHNER":381,"ARBEITSPL":449,"RADIUS":300,"DIDOKNR":89688,"ANGSTUFE":4,"SLOID":"ch:1:sloid:89688","TU":11}},{"type":"Feature","id":1261,"geometry":{"type":"Point","coordinates":[8.3386713394287746,47.011463318031687]},"properties":{"OBJECTID":1261,"UUID":"{2C794CDB-5A68-E611-B7C2-F04DA23F2F2A}","HSTNAME":"Kastanienbaum, Waldwinkel","VMITTEL":2,"BFS_NR":1058,"GEMEINDE":"Horw","EINWOHNER":102,"ARBEITSPL":38,"RADIUS":300,"DIDOKNR":89695,"ANGSTUFE":3,"SLOID":"ch:1:sloid:89695","TU":11}},{"type":"Feature","id":1262,"geometry":{"type":"Point","coordinates":[8.305196059720851,47.02688383394014]},"properties":{"OBJECTID":1262,"UUID":"{49794CDB-5A68-E611-B7C2-F04DA23F2F2A}","HSTNAME":"Horw, Waldegg","VMITTEL":8,"BFS_NR":1058,"GEMEINDE":"Horw","EINWOHNER":255,"ARBEITSPL":531,"RADIUS":300,"DIDOKNR":89694,"ANGSTUFE":4,"SLOID":"ch:1:sloid:89694","TU":11}},{"type":"Feature","id":1263,"geometry":{"type":"Point","coordinates":[8.3049460263191701,47.013534798984359]},"properties":{"OBJECTID":1263,"UUID":"{E2794CDB-5A68-E611-B7C2-F04DA23F2F2A}","HSTNAME":"Horw, Technikumstrasse","VMITTEL":7,"BFS_NR":1058,"GEMEINDE":"Horw","EINWOHNER":438,"ARBEITSPL":700,"RADIUS":300,"DIDOKNR":89693,"ANGSTUFE":4,"SLOID":"ch:1:sloid:89693","TU":11}},{"type":"Feature","id":1264,"geometry":{"type":"Point","coordinates":[8.2265557841356003,47.151818396282408]},"properties":{"OBJECTID":1264,"UUID":"{A4E7C1D5-5A68-E611-B7C2-F04DA23F2F2A}","HSTNAME":"Hildisrieden, Waldmatt","VMITTEL":2,"BFS_NR":1088,"GEMEINDE":"Hildisrieden","EINWOHNER":586,"ARBEITSPL":66,"RADIUS":300,"DIDOKNR":89988,"ANGSTUFE":2,"SLOID":"ch:1:sloid:89988","TU":1}},{"type":"Feature","id":1265,"geometry":{"type":"Point","coordinates":[8.3348109494855471,47.032819670115778]},"properties":{"OBJECTID":1265,"UUID":"{C3774CDB-5A68-E611-B7C2-F04DA23F2F2A}","HSTNAME":"St. Niklausen LU, Stutz","VMITTEL":2,"BFS_NR":1058,"GEMEINDE":"Horw","EINWOHNER":462,"ARBEITSPL":22,"RADIUS":300,"DIDOKNR":89692,"ANGSTUFE":3,"SLOID":"ch:1:sloid:89692","TU":11}},{"type":"Feature","id":1266,"geometry":{"type":"Point","coordinates":[8.2281512112976944,47.151304543374408]},"properties":{"OBJECTID":1266,"UUID":"{8A764CDB-5A68-E611-B7C2-F04DA23F2F2A}","HSTNAME":"Hildisrieden, Dorf","VMITTEL":2,"BFS_NR":1088,"GEMEINDE":"Hildisrieden","EINWOHNER":512,"ARBEITSPL":59,"RADIUS":300,"DIDOKNR":89987,"ANGSTUFE":2,"SLOID":"ch:1:sloid:89987","TU":1}},{"type":"Feature","id":1267,"geometry":{"type":"Point","coordinates":[8.2948055212312468,47.075374333825629]},"properties":{"OBJECTID":1267,"UUID":"{A8754CDB-5A68-E611-B7C2-F04DA23F2F2A}","HSTNAME":"Emmen, Lindenfeldring","VMITTEL":2,"BFS_NR":1024,"GEMEINDE":"Emmen","EINWOHNER":303,"ARBEITSPL":227,"RADIUS":300,"DIDOKNR":89990,"ANGSTUFE":4,"SLOID":"ch:1:sloid:89990","TU":1}},{"type":"Feature","id":1268,"geometry":{"type":"Point","coordinates":[8.2836613269731654,47.070905127904318]},"properties":{"OBJECTID":1268,"UUID":"{01774CDB-5A68-E611-B7C2-F04DA23F2F2A}","HSTNAME":"Emmenbrücke, Bahnhof Ost","VMITTEL":2,"BFS_NR":1024,"GEMEINDE":"Emmen","EINWOHNER":278,"ARBEITSPL":117,"RADIUS":300,"DIDOKNR":89989,"ANGSTUFE":4,"SLOID":"ch:1:sloid:89989","TU":1}},{"type":"Feature","id":1269,"geometry":{"type":"Point","coordinates":[8.3487245186340964,47.057385299601606]},"properties":{"OBJECTID":1269,"UUID":"{21E8C1D5-5A68-E611-B7C2-F04DA23F2F2A}","HSTNAME":"Luzern, Schädrütihalde","VMITTEL":2,"BFS_NR":1061,"GEMEINDE":"Luzern","EINWOHNER":743,"ARBEITSPL":114,"RADIUS":300,"DIDOKNR":89830,"ANGSTUFE":4,"SLOID":"ch:1:sloid:89830","TU":11}},{"type":"Feature","id":1270,"geometry":{"type":"Point","coordinates":[8.3052102533287844,47.060592950033602]},"properties":{"OBJECTID":1270,"UUID":"{AE784CDB-5A68-E611-B7C2-F04DA23F2F2A}","HSTNAME":"Luzern, Rosenberg","VMITTEL":2,"BFS_NR":1061,"GEMEINDE":"Luzern","EINWOHNER":790,"ARBEITSPL":178,"RADIUS":300,"DIDOKNR":89828,"ANGSTUFE":5,"SLOID":"ch:1:sloid:89828","TU":11}},{"type":"Feature","id":1271,"geometry":{"type":"Point","coordinates":[8.2974574504123773,47.044468810665663]},"properties":{"OBJECTID":1271,"UUID":"{3C764CDB-5A68-E611-B7C2-F04DA23F2F2A}","HSTNAME":"Luzern, Sonnenbergstrasse","VMITTEL":8,"BFS_NR":1061,"GEMEINDE":"Luzern","EINWOHNER":726,"ARBEITSPL":156,"RADIUS":300,"DIDOKNR":89835,"ANGSTUFE":3,"SLOID":"ch:1:sloid:89835","TU":11}},{"type":"Feature","id":1272,"geometry":{"type":"Point","coordinates":[8.3468656720265102,47.045184696445027]},"properties":{"OBJECTID":1272,"UUID":"{EA794CDB-5A68-E611-B7C2-F04DA23F2F2A}","HSTNAME":"Luzern, Seeburg-Schifflände","VMITTEL":8,"BFS_NR":1061,"GEMEINDE":"Luzern","EINWOHNER":264,"ARBEITSPL":26,"RADIUS":300,"DIDOKNR":89834,"ANGSTUFE":4,"SLOID":"ch:1:sloid:89834","TU":11}},{"type":"Feature","id":1273,"geometry":{"type":"Point","coordinates":[8.3224764378396827,47.039803247239696]},"properties":{"OBJECTID":1273,"UUID":"{FAE7C1D5-5A68-E611-B7C2-F04DA23F2F2A}","HSTNAME":"Luzern, Wartegg","VMITTEL":5,"BFS_NR":1061,"GEMEINDE":"Luzern","EINWOHNER":573,"ARBEITSPL":167,"RADIUS":300,"DIDOKNR":89845,"ANGSTUFE":5,"SLOID":"ch:1:sloid:89845","TU":11}},{"type":"Feature","id":1274,"geometry":{"type":"Point","coordinates":[8.339311001668511,47.05641871076692]},"properties":{"OBJECTID":1274,"UUID":"{36E8C1D5-5A68-E611-B7C2-F04DA23F2F2A}","HSTNAME":"Luzern, Schlösslirain","VMITTEL":2,"BFS_NR":1061,"GEMEINDE":"Luzern","EINWOHNER":283,"ARBEITSPL":58,"RADIUS":300,"DIDOKNR":89833,"ANGSTUFE":4,"SLOID":"ch:1:sloid:89833","TU":11}},{"type":"Feature","id":1275,"geometry":{"type":"Point","coordinates":[8.2997747828230999,47.048942750064072]},"properties":{"OBJECTID":1275,"UUID":"{8AE8C1D5-5A68-E611-B7C2-F04DA23F2F2A}","HSTNAME":"Luzern, Zähringerstrasse","VMITTEL":8,"BFS_NR":1061,"GEMEINDE":"Luzern","EINWOHNER":1183,"ARBEITSPL":1212,"RADIUS":300,"DIDOKNR":89851,"ANGSTUFE":4,"SLOID":"ch:1:sloid:89851","TU":11}},{"type":"Feature","id":1276,"geometry":{"type":"Point","coordinates":[8.3442480464234876,47.056067750845543]},"properties":{"OBJECTID":1276,"UUID":"{75794CDB-5A68-E611-B7C2-F04DA23F2F2A}","HSTNAME":"Luzern, Schlösslihalde","VMITTEL":2,"BFS_NR":1061,"GEMEINDE":"Luzern","EINWOHNER":581,"ARBEITSPL":37,"RADIUS":300,"DIDOKNR":89832,"ANGSTUFE":5,"SLOID":"ch:1:sloid:89832","TU":11}},{"type":"Feature","id":1277,"geometry":{"type":"Point","coordinates":[8.3440722037013959,47.054757456506735]},"properties":{"OBJECTID":1277,"UUID":"{177A4CDB-5A68-E611-B7C2-F04DA23F2F2A}","HSTNAME":"Luzern, Würzenbachmatte","VMITTEL":5,"BFS_NR":1061,"GEMEINDE":"Luzern","EINWOHNER":503,"ARBEITSPL":364,"RADIUS":300,"DIDOKNR":89850,"ANGSTUFE":4,"SLOID":"ch:1:sloid:89850","TU":11}},{"type":"Feature","id":1278,"geometry":{"type":"Point","coordinates":[8.2957131898651877,47.041544399432212]},"properties":{"OBJECTID":1278,"UUID":"{1DE8C1D5-5A68-E611-B7C2-F04DA23F2F2A}","HSTNAME":"Luzern, Steinhofrain","VMITTEL":8,"BFS_NR":1061,"GEMEINDE":"Luzern","EINWOHNER":428,"ARBEITSPL":22,"RADIUS":300,"DIDOKNR":89839,"ANGSTUFE":3,"SLOID":"ch:1:sloid:89839","TU":11}},{"type":"Feature","id":1279,"geometry":{"type":"Point","coordinates":[8.349615262349614,47.056403908097202]},"properties":{"OBJECTID":1279,"UUID":"{4FE8C1D5-5A68-E611-B7C2-F04DA23F2F2A}","HSTNAME":"Luzern, Würzenbach","VMITTEL":5,"BFS_NR":1061,"GEMEINDE":"Luzern","EINWOHNER":872,"ARBEITSPL":70,"RADIUS":300,"DIDOKNR":89849,"ANGSTUFE":4,"SLOID":"ch:1:sloid:89849","TU":11}},{"type":"Feature","id":1280,"geometry":{"type":"Point","coordinates":[8.3094158508819334,47.058820706872815]},"properties":{"OBJECTID":1280,"UUID":"{F6E7C1D5-5A68-E611-B7C2-F04DA23F2F2A}","HSTNAME":"Luzern, Wesemlinrain","VMITTEL":3,"BFS_NR":1061,"GEMEINDE":"Luzern","EINWOHNER":1221,"ARBEITSPL":646,"RADIUS":300,"DIDOKNR":89848,"ANGSTUFE":5,"SLOID":"ch:1:sloid:89848","TU":11}},{"type":"Feature","id":1281,"geometry":{"type":"Point","coordinates":[8.2992903815233063,47.041892620833536]},"properties":{"OBJECTID":1281,"UUID":"{92764CDB-5A68-E611-B7C2-F04DA23F2F2A}","HSTNAME":"Luzern, Steinhof","VMITTEL":2,"BFS_NR":1061,"GEMEINDE":"Luzern","EINWOHNER":477,"ARBEITSPL":485,"RADIUS":300,"DIDOKNR":89838,"ANGSTUFE":3,"SLOID":"ch:1:sloid:89838","TU":11}},{"type":"Feature","id":1282,"geometry":{"type":"Point","coordinates":[8.3581271914528692,47.050948346686944]},"properties":{"OBJECTID":1282,"UUID":"{6A784CDB-5A68-E611-B7C2-F04DA23F2F2A}","HSTNAME":"Meggen, Buchmatt","VMITTEL":2,"BFS_NR":1063,"GEMEINDE":"Meggen","EINWOHNER":223,"ARBEITSPL":50,"RADIUS":300,"DIDOKNR":89855,"ANGSTUFE":3,"SLOID":"ch:1:sloid:89855","TU":11}},{"type":"Feature","id":1283,"geometry":{"type":"Point","coordinates":[8.3085105124405025,47.040111624909898]},"properties":{"OBJECTID":1283,"UUID":"{79784CDB-5A68-E611-B7C2-F04DA23F2F2A}","HSTNAME":"Luzern, Steghof","VMITTEL":5,"BFS_NR":1061,"GEMEINDE":"Luzern","EINWOHNER":1700,"ARBEITSPL":762,"RADIUS":300,"DIDOKNR":89837,"ANGSTUFE":4,"SLOID":"ch:1:sloid:89837","TU":11}},{"type":"Feature","id":1284,"geometry":{"type":"Point","coordinates":[8.3184134039940076,47.063258905123334]},"properties":{"OBJECTID":1284,"UUID":"{F6794CDB-5A68-E611-B7C2-F04DA23F2F2A}","HSTNAME":"Luzern, Zwyssigplatz","VMITTEL":5,"BFS_NR":1061,"GEMEINDE":"Luzern","EINWOHNER":594,"ARBEITSPL":40,"RADIUS":300,"DIDOKNR":89854,"ANGSTUFE":4,"SLOID":"ch:1:sloid:89854","TU":11}},{"type":"Feature","id":1285,"geometry":{"type":"Point","coordinates":[8.2929061013383247,47.05626041507815]},"properties":{"OBJECTID":1285,"UUID":"{08794CDB-5A68-E611-B7C2-F04DA23F2F2A}","HSTNAME":"Luzern, St. Karli","VMITTEL":2,"BFS_NR":1061,"GEMEINDE":"Luzern","EINWOHNER":418,"ARBEITSPL":313,"RADIUS":300,"DIDOKNR":89836,"ANGSTUFE":5,"SLOID":"ch:1:sloid:89836","TU":11}},{"type":"Feature","id":1286,"geometry":{"type":"Point","coordinates":[8.3278828633279911,47.034410001458163]},"properties":{"OBJECTID":1286,"UUID":"{74764CDB-5A68-E611-B7C2-F04DA23F2F2A}","HSTNAME":"Luzern, Zumbachhof","VMITTEL":2,"BFS_NR":1061,"GEMEINDE":"Luzern","EINWOHNER":880,"ARBEITSPL":44,"RADIUS":300,"DIDOKNR":89853,"ANGSTUFE":4,"SLOID":"ch:1:sloid:89853","TU":11}},{"type":"Feature","id":1287,"geometry":{"type":"Point","coordinates":[8.3127470043572131,47.036669968553895]},"properties":{"OBJECTID":1287,"UUID":"{D6E7C1D5-5A68-E611-B7C2-F04DA23F2F2A}","HSTNAME":"Luzern, Rodtegg","VMITTEL":2,"BFS_NR":1061,"GEMEINDE":"Luzern","EINWOHNER":457,"ARBEITSPL":375,"RADIUS":300,"DIDOKNR":89827,"ANGSTUFE":4,"SLOID":"ch:1:sloid:89827","TU":11}},{"type":"Feature","id":1288,"geometry":{"type":"Point","coordinates":[8.2945522649417747,47.046990017944744]},"properties":{"OBJECTID":1288,"UUID":"{2C784CDB-5A68-E611-B7C2-F04DA23F2F2A}","HSTNAME":"Luzern, Untergütsch","VMITTEL":8,"BFS_NR":1061,"GEMEINDE":"Luzern","EINWOHNER":205,"ARBEITSPL":18,"RADIUS":300,"DIDOKNR":89843,"ANGSTUFE":4,"SLOID":"ch:1:sloid:89843","TU":11}},{"type":"Feature","id":1289,"geometry":{"type":"Point","coordinates":[8.3035701767299539,47.03148868788282]},"properties":{"OBJECTID":1289,"UUID":"{E5784CDB-5A68-E611-B7C2-F04DA23F2F2A}","HSTNAME":"Luzern, Zihlmattweg","VMITTEL":8,"BFS_NR":1061,"GEMEINDE":"Luzern","EINWOHNER":484,"ARBEITSPL":929,"RADIUS":300,"DIDOKNR":89852,"ANGSTUFE":4,"SLOID":"ch:1:sloid:89852","TU":11}},{"type":"Feature","id":1290,"geometry":{"type":"Point","coordinates":[8.3304729956988339,47.058757610598306]},"properties":{"OBJECTID":1290,"UUID":"{DD794CDB-5A68-E611-B7C2-F04DA23F2F2A}","HSTNAME":"Luzern, Rigistrasse","VMITTEL":2,"BFS_NR":1061,"GEMEINDE":"Luzern","EINWOHNER":596,"ARBEITSPL":123,"RADIUS":300,"DIDOKNR":89826,"ANGSTUFE":4,"SLOID":"ch:1:sloid:89826","TU":11}},{"type":"Feature","id":1291,"geometry":{"type":"Point","coordinates":[8.3132553682942874,47.04113578979559]},"properties":{"OBJECTID":1291,"UUID":"{E6774CDB-5A68-E611-B7C2-F04DA23F2F2A}","HSTNAME":"Luzern, Tiefe","VMITTEL":2,"BFS_NR":1061,"GEMEINDE":"Luzern","EINWOHNER":919,"ARBEITSPL":248,"RADIUS":300,"DIDOKNR":89842,"ANGSTUFE":4,"SLOID":"ch:1:sloid:89842","TU":11}},{"type":"Feature","id":1292,"geometry":{"type":"Point","coordinates":[8.3717599643466993,47.046843657092481]},"properties":{"OBJECTID":1292,"UUID":"{51E8C1D5-5A68-E611-B7C2-F04DA23F2F2A}","HSTNAME":"Meggen, Piuskirche","VMITTEL":2,"BFS_NR":1063,"GEMEINDE":"Meggen","EINWOHNER":189,"ARBEITSPL":170,"RADIUS":300,"DIDOKNR":89859,"ANGSTUFE":3,"SLOID":"ch:1:sloid:89859","TU":11}},{"type":"Feature","id":1293,"geometry":{"type":"Point","coordinates":[8.3126865824238934,47.038269983210995]},"properties":{"OBJECTID":1293,"UUID":"{ABE8C1D5-5A68-E611-B7C2-F04DA23F2F2A}","HSTNAME":"Luzern, Sternmatt","VMITTEL":5,"BFS_NR":1061,"GEMEINDE":"Luzern","EINWOHNER":743,"ARBEITSPL":120,"RADIUS":300,"DIDOKNR":89841,"ANGSTUFE":4,"SLOID":"ch:1:sloid:89841","TU":11}},{"type":"Feature","id":1294,"geometry":{"type":"Point","coordinates":[8.2890564661200905,47.05797312547822]},"properties":{"OBJECTID":1294,"UUID":"{E7754CDB-5A68-E611-B7C2-F04DA23F2F2A}","HSTNAME":"Luzern, Reussport","VMITTEL":2,"BFS_NR":1061,"GEMEINDE":"Luzern","EINWOHNER":518,"ARBEITSPL":173,"RADIUS":300,"DIDOKNR":89824,"ANGSTUFE":4,"SLOID":"ch:1:sloid:89824","TU":11}},{"type":"Feature","id":1295,"geometry":{"type":"Point","coordinates":[8.3690143169701443,47.04940270838776]},"properties":{"OBJECTID":1295,"UUID":"{36794CDB-5A68-E611-B7C2-F04DA23F2F2A}","HSTNAME":"Meggen, Klösterli","VMITTEL":2,"BFS_NR":1063,"GEMEINDE":"Meggen","EINWOHNER":490,"ARBEITSPL":133,"RADIUS":300,"DIDOKNR":89858,"ANGSTUFE":3,"SLOID":"ch:1:sloid:89858","TU":11}},{"type":"Feature","id":1296,"geometry":{"type":"Point","coordinates":[8.2956569808692979,47.045439892546455]},"properties":{"OBJECTID":1296,"UUID":"{6BE8C1D5-5A68-E611-B7C2-F04DA23F2F2A}","HSTNAME":"Luzern, Steinhofstrasse","VMITTEL":8,"BFS_NR":1061,"GEMEINDE":"Luzern","EINWOHNER":95,"ARBEITSPL":27,"RADIUS":300,"DIDOKNR":89840,"ANGSTUFE":4,"SLOID":"ch:1:sloid:89840","TU":11}},{"type":"Feature","id":1297,"geometry":{"type":"Point","coordinates":[8.3088816829486536,47.06159538084929]},"properties":{"OBJECTID":1297,"UUID":"{49774CDB-5A68-E611-B7C2-F04DA23F2F2A}","HSTNAME":"Luzern, Schlossberg","VMITTEL":3,"BFS_NR":1061,"GEMEINDE":"Luzern","EINWOHNER":930,"ARBEITSPL":489,"RADIUS":300,"DIDOKNR":89831,"ANGSTUFE":5,"SLOID":"ch:1:sloid:89831","TU":11}},{"type":"Feature","id":1298,"geometry":{"type":"Point","coordinates":[8.364132547191625,47.050257618658542]},"properties":{"OBJECTID":1298,"UUID":"{08784CDB-5A68-E611-B7C2-F04DA23F2F2A}","HSTNAME":"Meggen, Hochrüti","VMITTEL":2,"BFS_NR":1063,"GEMEINDE":"Meggen","EINWOHNER":409,"ARBEITSPL":84,"RADIUS":300,"DIDOKNR":89857,"ANGSTUFE":3,"SLOID":"ch:1:sloid:89857","TU":11}},{"type":"Feature","id":1299,"geometry":{"type":"Point","coordinates":[8.3137709123110977,47.043369215349784]},"properties":{"OBJECTID":1299,"UUID":"{1CE8C1D5-5A68-E611-B7C2-F04DA23F2F2A}","HSTNAME":"Luzern, Werkhofstrasse","VMITTEL":3,"BFS_NR":1061,"GEMEINDE":"Luzern","EINWOHNER":877,"ARBEITSPL":3151,"RADIUS":300,"DIDOKNR":89847,"ANGSTUFE":5,"SLOID":"ch:1:sloid:89847","TU":11}},{"type":"Feature","id":1300,"geometry":{"type":"Point","coordinates":[8.3535302736534511,47.051340349851877]},"properties":{"OBJECTID":1300,"UUID":"{06E8C1D5-5A68-E611-B7C2-F04DA23F2F2A}","HSTNAME":"Meggen, Englischer Friedhof","VMITTEL":2,"BFS_NR":1063,"GEMEINDE":"Meggen","EINWOHNER":236,"ARBEITSPL":7,"RADIUS":300,"DIDOKNR":89856,"ANGSTUFE":3,"SLOID":"ch:1:sloid:89856","TU":11}},{"type":"Feature","id":1301,"geometry":{"type":"Point","coordinates":[8.3172107135480537,47.042448556443055]},"properties":{"OBJECTID":1301,"UUID":"{07774CDB-5A68-E611-B7C2-F04DA23F2F2A}","HSTNAME":"Luzern, Weinbergli","VMITTEL":5,"BFS_NR":1061,"GEMEINDE":"Luzern","EINWOHNER":1537,"ARBEITSPL":1381,"RADIUS":300,"DIDOKNR":89846,"ANGSTUFE":5,"SLOID":"ch:1:sloid:89846","TU":11}},{"type":"Feature","id":1302,"geometry":{"type":"Point","coordinates":[8.1435741892909768,47.036542895177448]},"properties":{"OBJECTID":1302,"UUID":"{9D764CDB-5A68-E611-B7C2-F04DA23F2F2A}","HSTNAME":"Schachen LU, Dorf","VMITTEL":2,"BFS_NR":1009,"GEMEINDE":"Werthenstein","EINWOHNER":670,"ARBEITSPL":238,"RADIUS":300,"DIDOKNR":89866,"ANGSTUFE":1,"SLOID":"ch:1:sloid:89866","TU":11}},{"type":"Feature","id":1303,"geometry":{"type":"Point","coordinates":[8.1018516565262662,47.056101035466739]},"properties":{"OBJECTID":1303,"UUID":"{6C794CDB-5A68-E611-B7C2-F04DA23F2F2A}","HSTNAME":"Werthenstein, Dorf","VMITTEL":2,"BFS_NR":1098,"GEMEINDE":"Ruswil","EINWOHNER":284,"ARBEITSPL":36,"RADIUS":300,"DIDOKNR":89865,"ANGSTUFE":1,"SLOID":"ch:1:sloid:89865","TU":11}},{"type":"Feature","id":1304,"geometry":{"type":"Point","coordinates":[8.2845000082058196,47.063670010186819]},"properties":{"OBJECTID":1304,"UUID":"{A0E7C1D5-5A68-E611-B7C2-F04DA23F2F2A}","HSTNAME":"Luzern, Schiff","VMITTEL":3,"BFS_NR":1061,"GEMEINDE":"Luzern","EINWOHNER":414,"ARBEITSPL":85,"RADIUS":300,"DIDOKNR":89862,"ANGSTUFE":5,"SLOID":"ch:1:sloid:89862","TU":11}},{"type":"Feature","id":1305,"geometry":{"type":"Point","coordinates":[8.3904169349694904,47.115560850840836]},"properties":{"OBJECTID":1305,"UUID":"{41774CDB-5A68-E611-B7C2-F04DA23F2F2A}","HSTNAME":"Root, Wilweg","VMITTEL":2,"BFS_NR":1065,"GEMEINDE":"Root","EINWOHNER":786,"ARBEITSPL":292,"RADIUS":300,"DIDOKNR":89864,"ANGSTUFE":5,"SLOID":"ch:1:sloid:89864","TU":11}},{"type":"Feature","id":1306,"geometry":{"type":"Point","coordinates":[8.2861850106762187,47.058573192581321]},"properties":{"OBJECTID":1306,"UUID":"{9DE8C1D5-5A68-E611-B7C2-F04DA23F2F2A}","HSTNAME":"Luzern, Fluhmühle","VMITTEL":3,"BFS_NR":1061,"GEMEINDE":"Luzern","EINWOHNER":1048,"ARBEITSPL":175,"RADIUS":300,"DIDOKNR":89861,"ANGSTUFE":5,"SLOID":"ch:1:sloid:89861","TU":11}},{"type":"Feature","id":1307,"geometry":{"type":"Point","coordinates":[8.2608462627243657,47.035118509082551]},"properties":{"OBJECTID":1307,"UUID":"{B0794CDB-5A68-E611-B7C2-F04DA23F2F2A}","HSTNAME":"Obernau, Hammerschmiede","VMITTEL":3,"BFS_NR":1059,"GEMEINDE":"Kriens","EINWOHNER":563,"ARBEITSPL":20,"RADIUS":300,"DIDOKNR":89860,"ANGSTUFE":5,"SLOID":"ch:1:sloid:89860","TU":11}},{"type":"Feature","id":1308,"geometry":{"type":"Point","coordinates":[8.3912530141977051,47.192222206740666]},"properties":{"OBJECTID":1308,"UUID":"{DB754CDB-5A68-E611-B7C2-F04DA23F2F2A}","HSTNAME":"Sins, Bachtal","VMITTEL":2,"BFS_NR":4239,"GEMEINDE":"Sins","EINWOHNER":0,"ARBEITSPL":0,"RADIUS":300,"DIDOKNR":90266,"ANGSTUFE":null,"SLOID":"ch:1:sloid:90266","TU":4}},{"type":"Feature","id":1309,"geometry":{"type":"Point","coordinates":[8.2651751608086688,47.062314010670789]},"properties":{"OBJECTID":1309,"UUID":"{82774CDB-5A68-E611-B7C2-F04DA23F2F2A}","HSTNAME":"Luzern, Schachenhof","VMITTEL":2,"BFS_NR":1061,"GEMEINDE":"Luzern","EINWOHNER":6,"ARBEITSPL":448,"RADIUS":300,"DIDOKNR":90364,"ANGSTUFE":2,"SLOID":"ch:1:sloid:90364","TU":1}},{"type":"Feature","id":1310,"geometry":{"type":"Point","coordinates":[8.2879688254178046,47.080183685465585]},"properties":{"OBJECTID":1310,"UUID":"{33E9C1D5-5A68-E611-B7C2-F04DA23F2F2A}","HSTNAME":"Emmen, Schwimmbad Mooshüsli","VMITTEL":2,"BFS_NR":1024,"GEMEINDE":"Emmen","EINWOHNER":134,"ARBEITSPL":62,"RADIUS":300,"DIDOKNR":90369,"ANGSTUFE":4,"SLOID":"ch:1:sloid:90369","TU":1}},{"type":"Feature","id":1311,"geometry":{"type":"Point","coordinates":[8.2914704141383151,47.075965854662691]},"properties":{"OBJECTID":1311,"UUID":"{E0794CDB-5A68-E611-B7C2-F04DA23F2F2A}","HSTNAME":"Emmen, Lindenheim","VMITTEL":2,"BFS_NR":1024,"GEMEINDE":"Emmen","EINWOHNER":1836,"ARBEITSPL":390,"RADIUS":300,"DIDOKNR":90368,"ANGSTUFE":4,"SLOID":"ch:1:sloid:90368","TU":1}},{"type":"Feature","id":1312,"geometry":{"type":"Point","coordinates":[8.2636828641385005,47.084255660020716]},"properties":{"OBJECTID":1312,"UUID":"{F7784CDB-5A68-E611-B7C2-F04DA23F2F2A}","HSTNAME":"Emmenbrücke, Chörbli","VMITTEL":2,"BFS_NR":1024,"GEMEINDE":"Emmen","EINWOHNER":825,"ARBEITSPL":41,"RADIUS":300,"DIDOKNR":90375,"ANGSTUFE":1,"SLOID":"ch:1:sloid:90375","TU":1}},{"type":"Feature","id":1313,"geometry":{"type":"Point","coordinates":[8.2919621203383613,47.070781037438429]},"properties":{"OBJECTID":1313,"UUID":"{0D7A4CDB-5A68-E611-B7C2-F04DA23F2F2A}","HSTNAME":"Emmenbrücke, Sedelstrasse","VMITTEL":2,"BFS_NR":1024,"GEMEINDE":"Emmen","EINWOHNER":684,"ARBEITSPL":877,"RADIUS":300,"DIDOKNR":90374,"ANGSTUFE":3,"SLOID":"ch:1:sloid:90374","TU":1}},{"type":"Feature","id":1314,"geometry":{"type":"Point","coordinates":[8.2950879758970082,47.072448693329818]},"properties":{"OBJECTID":1314,"UUID":"{C1794CDB-5A68-E611-B7C2-F04DA23F2F2A}","HSTNAME":"Emmenbrücke, Schwanderhofstr.","VMITTEL":2,"BFS_NR":1024,"GEMEINDE":"Emmen","EINWOHNER":452,"ARBEITSPL":21,"RADIUS":300,"DIDOKNR":90373,"ANGSTUFE":3,"SLOID":"ch:1:sloid:90373","TU":1}},{"type":"Feature","id":1315,"geometry":{"type":"Point","coordinates":[8.2665397976085853,47.079254312749221]},"properties":{"OBJECTID":1315,"UUID":"{F9E7C1D5-5A68-E611-B7C2-F04DA23F2F2A}","HSTNAME":"Emmenbrücke, Listrig","VMITTEL":2,"BFS_NR":1024,"GEMEINDE":"Emmen","EINWOHNER":489,"ARBEITSPL":10,"RADIUS":300,"DIDOKNR":90372,"ANGSTUFE":2,"SLOID":"ch:1:sloid:90372","TU":1}},{"type":"Feature","id":1316,"geometry":{"type":"Point","coordinates":[8.2659429991979856,47.074542319036496]},"properties":{"OBJECTID":1316,"UUID":"{0E764CDB-5A68-E611-B7C2-F04DA23F2F2A}","HSTNAME":"Emmenbrücke, Untere Wiese","VMITTEL":2,"BFS_NR":1024,"GEMEINDE":"Emmen","EINWOHNER":499,"ARBEITSPL":48,"RADIUS":300,"DIDOKNR":90379,"ANGSTUFE":3,"SLOID":"ch:1:sloid:90379","TU":1}},{"type":"Feature","id":1317,"geometry":{"type":"Point","coordinates":[8.2692201977118636,47.078233095799732]},"properties":{"OBJECTID":1317,"UUID":"{20E9C1D5-5A68-E611-B7C2-F04DA23F2F2A}","HSTNAME":"Emmenbrücke, Reform. Kirche","VMITTEL":2,"BFS_NR":1024,"GEMEINDE":"Emmen","EINWOHNER":418,"ARBEITSPL":102,"RADIUS":300,"DIDOKNR":90378,"ANGSTUFE":2,"SLOID":"ch:1:sloid:90378","TU":1}},{"type":"Feature","id":1318,"geometry":{"type":"Point","coordinates":[8.2570715547170614,47.072084235333314]},"properties":{"OBJECTID":1318,"UUID":"{E3E8C1D5-5A68-E611-B7C2-F04DA23F2F2A}","HSTNAME":"Emmenbrücke, Neuhof","VMITTEL":2,"BFS_NR":1024,"GEMEINDE":"Emmen","EINWOHNER":793,"ARBEITSPL":38,"RADIUS":300,"DIDOKNR":90384,"ANGSTUFE":4,"SLOID":"ch:1:sloid:90384","TU":1}},{"type":"Feature","id":1319,"geometry":{"type":"Point","coordinates":[8.2686800472902977,47.076132764522114]},"properties":{"OBJECTID":1319,"UUID":"{61794CDB-5A68-E611-B7C2-F04DA23F2F2A}","HSTNAME":"Emmenbrücke, Alp","VMITTEL":2,"BFS_NR":1024,"GEMEINDE":"Emmen","EINWOHNER":500,"ARBEITSPL":142,"RADIUS":300,"DIDOKNR":90377,"ANGSTUFE":3,"SLOID":"ch:1:sloid:90377","TU":1}},{"type":"Feature","id":1320,"geometry":{"type":"Point","coordinates":[8.2804152349082489,47.089738462179966]},"properties":{"OBJECTID":1320,"UUID":"{48774CDB-5A68-E611-B7C2-F04DA23F2F2A}","HSTNAME":"Emmenbrücke, Benziwil Ost","VMITTEL":2,"BFS_NR":1024,"GEMEINDE":"Emmen","EINWOHNER":662,"ARBEITSPL":20,"RADIUS":300,"DIDOKNR":90391,"ANGSTUFE":4,"SLOID":"ch:1:sloid:90391","TU":1}},{"type":"Feature","id":1321,"geometry":{"type":"Point","coordinates":[8.271479072743201,47.076616254840133]},"properties":{"OBJECTID":1321,"UUID":"{257A4CDB-5A68-E611-B7C2-F04DA23F2F2A}","HSTNAME":"Emmenbrücke, Haldenring","VMITTEL":2,"BFS_NR":1024,"GEMEINDE":"Emmen","EINWOHNER":864,"ARBEITSPL":172,"RADIUS":300,"DIDOKNR":90376,"ANGSTUFE":3,"SLOID":"ch:1:sloid:90376","TU":1}},{"type":"Feature","id":1322,"geometry":{"type":"Point","coordinates":[8.281458430935686,47.088050215318958]},"properties":{"OBJECTID":1322,"UUID":"{AA794CDB-5A68-E611-B7C2-F04DA23F2F2A}","HSTNAME":"Emmenbrücke, Waldstrasse","VMITTEL":2,"BFS_NR":1024,"GEMEINDE":"Emmen","EINWOHNER":254,"ARBEITSPL":8,"RADIUS":300,"DIDOKNR":90390,"ANGSTUFE":4,"SLOID":"ch:1:sloid:90390","TU":1}},{"type":"Feature","id":1323,"geometry":{"type":"Point","coordinates":[8.259360335433934,47.072880394953884]},"properties":{"OBJECTID":1323,"UUID":"{74774CDB-5A68-E611-B7C2-F04DA23F2F2A}","HSTNAME":"Emmenbrücke, Obere Erlen","VMITTEL":2,"BFS_NR":1024,"GEMEINDE":"Emmen","EINWOHNER":845,"ARBEITSPL":73,"RADIUS":300,"DIDOKNR":90383,"ANGSTUFE":4,"SLOID":"ch:1:sloid:90383","TU":1}},{"type":"Feature","id":1324,"geometry":{"type":"Point","coordinates":[8.2785772223815748,47.084563952859398]},"properties":{"OBJECTID":1324,"UUID":"{0F774CDB-5A68-E611-B7C2-F04DA23F2F2A}","HSTNAME":"Emmenbrücke, Schaubhus","VMITTEL":2,"BFS_NR":1024,"GEMEINDE":"Emmen","EINWOHNER":451,"ARBEITSPL":30,"RADIUS":300,"DIDOKNR":90389,"ANGSTUFE":4,"SLOID":"ch:1:sloid:90389","TU":1}},{"type":"Feature","id":1325,"geometry":{"type":"Point","coordinates":[8.263937649655384,47.075141445998284]},"properties":{"OBJECTID":1325,"UUID":"{46794CDB-5A68-E611-B7C2-F04DA23F2F2A}","HSTNAME":"Emmenbrücke, Erlenmatte","VMITTEL":2,"BFS_NR":1024,"GEMEINDE":"Emmen","EINWOHNER":250,"ARBEITSPL":91,"RADIUS":300,"DIDOKNR":90381,"ANGSTUFE":4,"SLOID":"ch:1:sloid:90381","TU":1}},{"type":"Feature","id":1326,"geometry":{"type":"Point","coordinates":[8.3130904960810117,47.093542647076006]},"properties":{"OBJECTID":1326,"UUID":"{A5774CDB-5A68-E611-B7C2-F04DA23F2F2A}","HSTNAME":"Emmen, Hasli","VMITTEL":2,"BFS_NR":1024,"GEMEINDE":"Emmen","EINWOHNER":4,"ARBEITSPL":776,"RADIUS":300,"DIDOKNR":90367,"ANGSTUFE":3,"SLOID":"ch:1:sloid:90367","TU":1}},{"type":"Feature","id":1327,"geometry":{"type":"Point","coordinates":[8.2773734802605627,47.081860262161975]},"properties":{"OBJECTID":1327,"UUID":"{65774CDB-5A68-E611-B7C2-F04DA23F2F2A}","HSTNAME":"Emmenbrücke, Ober Gersag","VMITTEL":2,"BFS_NR":1024,"GEMEINDE":"Emmen","EINWOHNER":744,"ARBEITSPL":21,"RADIUS":300,"DIDOKNR":90388,"ANGSTUFE":4,"SLOID":"ch:1:sloid:90388","TU":1}},{"type":"Feature","id":1328,"geometry":{"type":"Point","coordinates":[8.265639242707012,47.076190674009474]},"properties":{"OBJECTID":1328,"UUID":"{D4794CDB-5A68-E611-B7C2-F04DA23F2F2A}","HSTNAME":"Emmenbrücke, Erlenring","VMITTEL":2,"BFS_NR":1024,"GEMEINDE":"Emmen","EINWOHNER":587,"ARBEITSPL":32,"RADIUS":300,"DIDOKNR":90380,"ANGSTUFE":2,"SLOID":"ch:1:sloid:90380","TU":1}},{"type":"Feature","id":1329,"geometry":{"type":"Point","coordinates":[8.2763709316098879,47.070692661149771]},"properties":{"OBJECTID":1329,"UUID":"{D8784CDB-5A68-E611-B7C2-F04DA23F2F2A}","HSTNAME":"Luzern, Rothenhalde","VMITTEL":2,"BFS_NR":1061,"GEMEINDE":"Luzern","EINWOHNER":624,"ARBEITSPL":600,"RADIUS":300,"DIDOKNR":90366,"ANGSTUFE":2,"SLOID":"ch:1:sloid:90366","TU":1}},{"type":"Feature","id":1330,"geometry":{"type":"Point","coordinates":[8.2688718204572975,47.066407280342062]},"properties":{"OBJECTID":1330,"UUID":"{B1E8C1D5-5A68-E611-B7C2-F04DA23F2F2A}","HSTNAME":"Luzern, Staldenhof","VMITTEL":2,"BFS_NR":1061,"GEMEINDE":"Luzern","EINWOHNER":39,"ARBEITSPL":666,"RADIUS":300,"DIDOKNR":90365,"ANGSTUFE":2,"SLOID":"ch:1:sloid:90365","TU":1}},{"type":"Feature","id":1331,"geometry":{"type":"Point","coordinates":[8.2755588833735914,47.086821001273741]},"properties":{"OBJECTID":1331,"UUID":"{01E9C1D5-5A68-E611-B7C2-F04DA23F2F2A}","HSTNAME":"Emmenbrücke, Hübeli","VMITTEL":2,"BFS_NR":1024,"GEMEINDE":"Emmen","EINWOHNER":666,"ARBEITSPL":205,"RADIUS":300,"DIDOKNR":90386,"ANGSTUFE":4,"SLOID":"ch:1:sloid:90386","TU":1}},{"type":"Feature","id":1332,"geometry":{"type":"Point","coordinates":[8.2551903491850336,47.073998556847819]},"properties":{"OBJECTID":1332,"UUID":"{C1784CDB-5A68-E611-B7C2-F04DA23F2F2A}","HSTNAME":"Emmenbrücke, Schönbühl","VMITTEL":2,"BFS_NR":1024,"GEMEINDE":"Emmen","EINWOHNER":753,"ARBEITSPL":15,"RADIUS":300,"DIDOKNR":90385,"ANGSTUFE":3,"SLOID":"ch:1:sloid:90385","TU":1}},{"type":"Feature","id":1333,"geometry":{"type":"Point","coordinates":[7.9581892018433811,47.282663640648224]},"properties":{"OBJECTID":1333,"UUID":"{C0794CDB-5A68-E611-B7C2-F04DA23F2F2A}","HSTNAME":"Zofingen, Heitere Hirschpark","VMITTEL":2,"BFS_NR":4289,"GEMEINDE":"Zofingen","EINWOHNER":0,"ARBEITSPL":0,"RADIUS":300,"DIDOKNR":90393,"ANGSTUFE":null,"SLOID":"ch:1:sloid:90393","TU":9}},{"type":"Feature","id":1334,"geometry":{"type":"Point","coordinates":[8.2783403825106401,47.0884493020299]},"properties":{"OBJECTID":1334,"UUID":"{C1E7C1D5-5A68-E611-B7C2-F04DA23F2F2A}","HSTNAME":"Emmenbrücke, Benziwil West","VMITTEL":2,"BFS_NR":1024,"GEMEINDE":"Emmen","EINWOHNER":591,"ARBEITSPL":22,"RADIUS":300,"DIDOKNR":90392,"ANGSTUFE":4,"SLOID":"ch:1:sloid:90392","TU":1}},{"type":"Feature","id":1335,"geometry":{"type":"Point","coordinates":[8.4485346910687404,47.108831013151779]},"properties":{"OBJECTID":1335,"UUID":"{FF794CDB-5A68-E611-B7C2-F04DA23F2F2A}","HSTNAME":"Küssnacht am Rigi, Fänn Süd","VMITTEL":2,"BFS_NR":1331,"GEMEINDE":"Küssnacht (SZ)","EINWOHNER":0,"ARBEITSPL":0,"RADIUS":300,"DIDOKNR":91755,"ANGSTUFE":null,"SLOID":"ch:1:sloid:91755","TU":4}},{"type":"Feature","id":1336,"geometry":{"type":"Point","coordinates":[7.9882504134747139,47.120578872381451]},"properties":{"OBJECTID":1336,"UUID":"{A5764CDB-5A68-E611-B7C2-F04DA23F2F2A}","HSTNAME":"Willisau, Friedhof","VMITTEL":2,"BFS_NR":1151,"GEMEINDE":"Willisau","EINWOHNER":437,"ARBEITSPL":410,"RADIUS":300,"DIDOKNR":91790,"ANGSTUFE":2,"SLOID":"ch:1:sloid:91790","TU":2}},{"type":"Feature","id":1337,"geometry":{"type":"Point","coordinates":[7.9925744790226192,47.122015340116739]},"properties":{"OBJECTID":1337,"UUID":"{52774CDB-5A68-E611-B7C2-F04DA23F2F2A}","HSTNAME":"Willisau, Leuenplatz","VMITTEL":2,"BFS_NR":1151,"GEMEINDE":"Willisau","EINWOHNER":264,"ARBEITSPL":106,"RADIUS":300,"DIDOKNR":91789,"ANGSTUFE":2,"SLOID":"ch:1:sloid:91789","TU":2}},{"type":"Feature","id":1338,"geometry":{"type":"Point","coordinates":[8.3101652302296269,46.982613213219338]},"properties":{"OBJECTID":1338,"UUID":"{DF774CDB-5A68-E611-B7C2-F04DA23F2F2A}","HSTNAME":"Hergiswil NW, Bahnhof","VMITTEL":2,"BFS_NR":1507,"GEMEINDE":"Hergiswil (NW)","EINWOHNER":0,"ARBEITSPL":0,"RADIUS":300,"DIDOKNR":91817,"ANGSTUFE":null,"SLOID":"ch:1:sloid:91817","TU":1}},{"type":"Feature","id":1339,"geometry":{"type":"Point","coordinates":[8.324380997191863,47.058724258429038]},"properties":{"OBJECTID":1339,"UUID":"{64774CDB-5A68-E611-B7C2-F04DA23F2F2A}","HSTNAME":"Luzern, Klinik St. Anna","VMITTEL":2,"BFS_NR":1061,"GEMEINDE":"Luzern","EINWOHNER":226,"ARBEITSPL":74,"RADIUS":300,"DIDOKNR":91688,"ANGSTUFE":4,"SLOID":"ch:1:sloid:91688","TU":11}},{"type":"Feature","id":1340,"geometry":{"type":"Point","coordinates":[8.4341115310507817,47.086943331750284]},"properties":{"OBJECTID":1340,"UUID":"{81784CDB-5A68-E611-B7C2-F04DA23F2F2A}","HSTNAME":"Küssnacht am Rigi, Chliarniweg","VMITTEL":2,"BFS_NR":1331,"GEMEINDE":"Küssnacht (SZ)","EINWOHNER":0,"ARBEITSPL":0,"RADIUS":300,"DIDOKNR":91703,"ANGSTUFE":null,"SLOID":"ch:1:sloid:91703","TU":7}},{"type":"Feature","id":1341,"geometry":{"type":"Point","coordinates":[8.1939828718788856,47.233500940549618]},"properties":{"OBJECTID":1341,"UUID":"{C4784CDB-5A68-E611-B7C2-F04DA23F2F2A}","HSTNAME":"Menziken, Maihuserstrasse","VMITTEL":2,"BFS_NR":4139,"GEMEINDE":"Menziken","EINWOHNER":0,"ARBEITSPL":0,"RADIUS":300,"DIDOKNR":91707,"ANGSTUFE":null,"SLOID":"ch:1:sloid:91707","TU":1}},{"type":"Feature","id":1342,"geometry":{"type":"Point","coordinates":[8.4354140885035953,47.03225807434054]},"properties":{"OBJECTID":1342,"UUID":"{E7774CDB-5A68-E611-B7C2-F04DA23F2F2A}","HSTNAME":"Weggis, Dorfplatz","VMITTEL":2,"BFS_NR":1069,"GEMEINDE":"Weggis","EINWOHNER":279,"ARBEITSPL":214,"RADIUS":300,"DIDOKNR":91706,"ANGSTUFE":4,"SLOID":"ch:1:sloid:91706","TU":7}},{"type":"Feature","id":1343,"geometry":{"type":"Point","coordinates":[8.3736742590277071,47.104570779869135]},"properties":{"OBJECTID":1343,"UUID":"{34764CDB-5A68-E611-B7C2-F04DA23F2F2A}","HSTNAME":"Root D4, Bahnhof","VMITTEL":2,"BFS_NR":1065,"GEMEINDE":"Root","EINWOHNER":23,"ARBEITSPL":1707,"RADIUS":300,"DIDOKNR":91705,"ANGSTUFE":1,"SLOID":"ch:1:sloid:91705","TU":7}},{"type":"Feature","id":1344,"geometry":{"type":"Point","coordinates":[8.4130190878634448,47.089548905196956]},"properties":{"OBJECTID":1344,"UUID":"{3FE8C1D5-5A68-E611-B7C2-F04DA23F2F2A}","HSTNAME":"Haltikon, Säge","VMITTEL":2,"BFS_NR":1331,"GEMEINDE":"Küssnacht (SZ)","EINWOHNER":0,"ARBEITSPL":0,"RADIUS":300,"DIDOKNR":91704,"ANGSTUFE":null,"SLOID":"ch:1:sloid:91704","TU":7}},{"type":"Feature","id":1345,"geometry":{"type":"Point","coordinates":[8.5175111222673987,46.993995263172842]},"properties":{"OBJECTID":1345,"UUID":"{6DE8C1D5-5A68-E611-B7C2-F04DA23F2F2A}","HSTNAME":"Gersau, Felsenegg","VMITTEL":2,"BFS_NR":1311,"GEMEINDE":"Gersau","EINWOHNER":0,"ARBEITSPL":0,"RADIUS":300,"DIDOKNR":91890,"ANGSTUFE":null,"SLOID":"ch:1:sloid:91890","TU":7}},{"type":"Feature","id":1346,"geometry":{"type":"Point","coordinates":[8.4545206972293983,47.029831840199613]},"properties":{"OBJECTID":1346,"UUID":"{6E784CDB-5A68-E611-B7C2-F04DA23F2F2A}","HSTNAME":"Weggis, Bannholz","VMITTEL":2,"BFS_NR":1069,"GEMEINDE":"Weggis","EINWOHNER":49,"ARBEITSPL":8,"RADIUS":300,"DIDOKNR":92423,"ANGSTUFE":1,"SLOID":"ch:1:sloid:92423","TU":7}},{"type":"Feature","id":1347,"geometry":{"type":"Point","coordinates":[8.4412531375776254,47.079395012874265]},"properties":{"OBJECTID":1347,"UUID":"{38774CDB-5A68-E611-B7C2-F04DA23F2F2A}","HSTNAME":"Küssnacht am Rigi, Räbmatt","VMITTEL":2,"BFS_NR":1331,"GEMEINDE":"Küssnacht (SZ)","EINWOHNER":0,"ARBEITSPL":0,"RADIUS":300,"DIDOKNR":92405,"ANGSTUFE":null,"SLOID":"ch:1:sloid:92405","TU":7}},{"type":"Feature","id":1348,"geometry":{"type":"Point","coordinates":[8.4617257432685058,47.024659144353244]},"properties":{"OBJECTID":1348,"UUID":"{FB794CDB-5A68-E611-B7C2-F04DA23F2F2A}","HSTNAME":"Weggis, Lützelau","VMITTEL":2,"BFS_NR":1069,"GEMEINDE":"Weggis","EINWOHNER":111,"ARBEITSPL":19,"RADIUS":300,"DIDOKNR":92427,"ANGSTUFE":3,"SLOID":"ch:1:sloid:92427","TU":7}},{"type":"Feature","id":1349,"geometry":{"type":"Point","coordinates":[8.4561838717578297,47.026650585398798]},"properties":{"OBJECTID":1349,"UUID":"{A4784CDB-5A68-E611-B7C2-F04DA23F2F2A}","HSTNAME":"Weggis, Föhrenrain","VMITTEL":2,"BFS_NR":1069,"GEMEINDE":"Weggis","EINWOHNER":38,"ARBEITSPL":4,"RADIUS":300,"DIDOKNR":92425,"ANGSTUFE":1,"SLOID":"ch:1:sloid:92425","TU":7}},{"type":"Feature","id":1350,"geometry":{"type":"Point","coordinates":[8.4512607176064058,47.030679266379657]},"properties":{"OBJECTID":1350,"UUID":"{8A794CDB-5A68-E611-B7C2-F04DA23F2F2A}","HSTNAME":"Weggis, Bodenberg","VMITTEL":2,"BFS_NR":1069,"GEMEINDE":"Weggis","EINWOHNER":62,"ARBEITSPL":4,"RADIUS":300,"DIDOKNR":92424,"ANGSTUFE":1,"SLOID":"ch:1:sloid:92424","TU":7}},{"type":"Feature","id":1351,"geometry":{"type":"Point","coordinates":[8.4326382942928646,47.032325425276667]},"properties":{"OBJECTID":1351,"UUID":"{2D764CDB-5A68-E611-B7C2-F04DA23F2F2A}","HSTNAME":"Weggis, Paradiesweg","VMITTEL":2,"BFS_NR":1069,"GEMEINDE":"Weggis","EINWOHNER":359,"ARBEITSPL":172,"RADIUS":300,"DIDOKNR":92430,"ANGSTUFE":3,"SLOID":"ch:1:sloid:92430","TU":7}},{"type":"Feature","id":1352,"geometry":{"type":"Point","coordinates":[8.4537761609444164,47.028030273558898]},"properties":{"OBJECTID":1352,"UUID":"{25764CDB-5A68-E611-B7C2-F04DA23F2F2A}","HSTNAME":"Weggis, Obstbaumstrasse","VMITTEL":2,"BFS_NR":1069,"GEMEINDE":"Weggis","EINWOHNER":116,"ARBEITSPL":10,"RADIUS":300,"DIDOKNR":92429,"ANGSTUFE":1,"SLOID":"ch:1:sloid:92429","TU":7}},{"type":"Feature","id":1353,"geometry":{"type":"Point","coordinates":[8.4573232885477267,47.024994244772493]},"properties":{"OBJECTID":1353,"UUID":"{5D794CDB-5A68-E611-B7C2-F04DA23F2F2A}","HSTNAME":"Weggis, Magnolienweg","VMITTEL":2,"BFS_NR":1069,"GEMEINDE":"Weggis","EINWOHNER":36,"ARBEITSPL":17,"RADIUS":300,"DIDOKNR":92428,"ANGSTUFE":1,"SLOID":"ch:1:sloid:92428","TU":7}},{"type":"Feature","id":1354,"geometry":{"type":"Point","coordinates":[8.4471995087754479,47.034403295111829]},"properties":{"OBJECTID":1354,"UUID":"{FF754CDB-5A68-E611-B7C2-F04DA23F2F2A}","HSTNAME":"Weggis, Tannenbergstrasse","VMITTEL":2,"BFS_NR":1069,"GEMEINDE":"Weggis","EINWOHNER":0,"ARBEITSPL":0,"RADIUS":300,"DIDOKNR":92433,"ANGSTUFE":1,"SLOID":"ch:1:sloid:92433","TU":7}},{"type":"Feature","id":1355,"geometry":{"type":"Point","coordinates":[8.278377110354322,47.163101597584621]},"properties":{"OBJECTID":1355,"UUID":"{EC754CDB-5A68-E611-B7C2-F04DA23F2F2A}","HSTNAME":"Hochdorf, Nunwilerstrasse","VMITTEL":2,"BFS_NR":1039,"GEMEINDE":"Römerswil","EINWOHNER":77,"ARBEITSPL":415,"RADIUS":300,"DIDOKNR":93393,"ANGSTUFE":1,"SLOID":"ch:1:sloid:93393","TU":4}},{"type":"Feature","id":1356,"geometry":{"type":"Point","coordinates":[8.2901475838235807,47.168448267630772]},"properties":{"OBJECTID":1356,"UUID":"{A9754CDB-5A68-E611-B7C2-F04DA23F2F2A}","HSTNAME":"Hochdorf, Bankstrasse","VMITTEL":2,"BFS_NR":1031,"GEMEINDE":"Hochdorf","EINWOHNER":1033,"ARBEITSPL":490,"RADIUS":300,"DIDOKNR":93391,"ANGSTUFE":1,"SLOID":"ch:1:sloid:93391","TU":4}},{"type":"Feature","id":1357,"geometry":{"type":"Point","coordinates":[8.3033248593692246,47.168457963243121]},"properties":{"OBJECTID":1357,"UUID":"{7A784CDB-5A68-E611-B7C2-F04DA23F2F2A}","HSTNAME":"Hochdorf, Heumoos","VMITTEL":2,"BFS_NR":1032,"GEMEINDE":"Hohenrain","EINWOHNER":450,"ARBEITSPL":187,"RADIUS":300,"DIDOKNR":93392,"ANGSTUFE":1,"SLOID":"ch:1:sloid:93392","TU":4}},{"type":"Feature","id":1358,"geometry":{"type":"Point","coordinates":[8.4274766593768415,47.136513573297201]},"properties":{"OBJECTID":1358,"UUID":"{A267BB08-3B4A-ED11-AEC8-00505692A170}","HSTNAME":"Rotkreuz, Sagi","VMITTEL":2,"BFS_NR":1707,"GEMEINDE":"Risch","EINWOHNER":0,"ARBEITSPL":0,"RADIUS":300,"DIDOKNR":93431,"ANGSTUFE":null,"SLOID":"ch:1:sloid:93431","TU":4}},{"type":"Feature","id":1359,"geometry":{"type":"Point","coordinates":[8.4286170138421141,47.14471668944752]},"properties":{"OBJECTID":1359,"UUID":"{E4BFBC77-134A-ED11-AEC8-00505692A170}","HSTNAME":"Rotkreuz, Industriestrasse","VMITTEL":2,"BFS_NR":1707,"GEMEINDE":"Risch","EINWOHNER":0,"ARBEITSPL":0,"RADIUS":300,"DIDOKNR":93430,"ANGSTUFE":null,"SLOID":"ch:1:sloid:93430","TU":4}},{"type":"Feature","id":1360,"geometry":{"type":"Point","coordinates":[8.4343092110536411,47.148067868207342]},"properties":{"OBJECTID":1360,"UUID":"{DC794CDB-5A68-E611-B7C2-F04DA23F2F2A}","HSTNAME":"Rotkreuz, Blegi","VMITTEL":2,"BFS_NR":1707,"GEMEINDE":"Risch","EINWOHNER":0,"ARBEITSPL":0,"RADIUS":300,"DIDOKNR":93428,"ANGSTUFE":null,"SLOID":"ch:1:sloid:93428","TU":4}},{"type":"Feature","id":1361,"geometry":{"type":"Point","coordinates":[8.4254768610949142,47.135298361309502]},"properties":{"OBJECTID":1361,"UUID":"{A27BD761-3B4A-ED11-AEC8-00505692A170}","HSTNAME":"Rotkreuz, Weihermatt","VMITTEL":2,"BFS_NR":1707,"GEMEINDE":"Risch","EINWOHNER":0,"ARBEITSPL":0,"RADIUS":300,"DIDOKNR":93434,"ANGSTUFE":null,"SLOID":"ch:1:sloid:93434","TU":4}},{"type":"Feature","id":1362,"geometry":{"type":"Point","coordinates":[8.4283663125524502,47.138287038259271]},"properties":{"OBJECTID":1362,"UUID":"{14B71734-3B4A-ED11-AEC8-00505692A170}","HSTNAME":"Rotkreuz, Waldetenstrasse","VMITTEL":2,"BFS_NR":1707,"GEMEINDE":"Risch","EINWOHNER":0,"ARBEITSPL":0,"RADIUS":300,"DIDOKNR":93433,"ANGSTUFE":null,"SLOID":"ch:1:sloid:93433","TU":4}},{"type":"Feature","id":1363,"geometry":{"type":"Point","coordinates":[8.4495065268005138,47.169416643743467]},"properties":{"OBJECTID":1363,"UUID":"{1E0378E7-6449-ED11-AEC8-00505692A170}","HSTNAME":"Hünenberg, Badi Hünenberg","VMITTEL":2,"BFS_NR":1703,"GEMEINDE":"Hünenberg","EINWOHNER":0,"ARBEITSPL":0,"RADIUS":300,"DIDOKNR":93423,"ANGSTUFE":null,"SLOID":"ch:1:sloid:93423","TU":4}},{"type":"Feature","id":1364,"geometry":{"type":"Point","coordinates":[8.4266138594309297,47.171918308600873]},"properties":{"OBJECTID":1364,"UUID":"{5C7524F2-6A49-ED11-AEC8-00505692A170}","HSTNAME":"Hünenberg, Schmiedheim","VMITTEL":2,"BFS_NR":1703,"GEMEINDE":"Hünenberg","EINWOHNER":0,"ARBEITSPL":0,"RADIUS":300,"DIDOKNR":93426,"ANGSTUFE":null,"SLOID":"ch:1:sloid:93426","TU":4}},{"type":"Feature","id":1365,"geometry":{"type":"Point","coordinates":[8.4448586769987308,47.160048075067238]},"properties":{"OBJECTID":1365,"UUID":"{B467B8BB-6A49-ED11-AEC8-00505692A170}","HSTNAME":"Hünenberg, Rothus","VMITTEL":2,"BFS_NR":1703,"GEMEINDE":"Hünenberg","EINWOHNER":0,"ARBEITSPL":0,"RADIUS":300,"DIDOKNR":93425,"ANGSTUFE":null,"SLOID":"ch:1:sloid:93425","TU":4}},{"type":"Feature","id":1366,"geometry":{"type":"Point","coordinates":[8.4482055401103935,47.166180686263495]},"properties":{"OBJECTID":1366,"UUID":"{B24F7127-6A49-ED11-AEC8-00505692A170}","HSTNAME":"Hünenberg, Langrüti","VMITTEL":2,"BFS_NR":1703,"GEMEINDE":"Hünenberg","EINWOHNER":0,"ARBEITSPL":0,"RADIUS":300,"DIDOKNR":93424,"ANGSTUFE":null,"SLOID":"ch:1:sloid:93424","TU":4}},{"type":"Feature","id":1367,"geometry":{"type":"Point","coordinates":[7.9303113040837623,47.28059885575977]},"properties":{"OBJECTID":1367,"UUID":"{F3E8C1D5-5A68-E611-B7C2-F04DA23F2F2A}","HSTNAME":"Strengelbach, Kath. Kirche","VMITTEL":2,"BFS_NR":4285,"GEMEINDE":"Strengelbach","EINWOHNER":0,"ARBEITSPL":0,"RADIUS":300,"DIDOKNR":93493,"ANGSTUFE":null,"SLOID":"ch:1:sloid:93493","TU":9}},{"type":"Feature","id":1368,"geometry":{"type":"Point","coordinates":[8.0821400529147454,47.067532939084828]},"properties":{"OBJECTID":1368,"UUID":"{B5774CDB-5A68-E611-B7C2-F04DA23F2F2A}","HSTNAME":"Wolhusen, Tropenhaus","VMITTEL":2,"BFS_NR":1107,"GEMEINDE":"Wolhusen","EINWOHNER":17,"ARBEITSPL":30,"RADIUS":300,"DIDOKNR":93492,"ANGSTUFE":1,"SLOID":"ch:1:sloid:93492","TU":2}},{"type":"Feature","id":1369,"geometry":{"type":"Point","coordinates":[8.1300038064834368,47.138668200747261]},"properties":{"OBJECTID":1369,"UUID":"{7BE8C1D5-5A68-E611-B7C2-F04DA23F2F2A}","HSTNAME":"Nottwil, Eymatt","VMITTEL":2,"BFS_NR":1094,"GEMEINDE":"Nottwil","EINWOHNER":711,"ARBEITSPL":549,"RADIUS":300,"DIDOKNR":93756,"ANGSTUFE":3,"SLOID":"ch:1:sloid:93756","TU":2}},{"type":"Feature","id":1370,"geometry":{"type":"Point","coordinates":[8.2772811592257298,47.078831911863105]},"properties":{"OBJECTID":1370,"UUID":"{00E9C1D5-5A68-E611-B7C2-F04DA23F2F2A}","HSTNAME":"Emmenbrücke Gersag, Bahnhof","VMITTEL":2,"BFS_NR":1024,"GEMEINDE":"Emmen","EINWOHNER":474,"ARBEITSPL":793,"RADIUS":300,"DIDOKNR":94372,"ANGSTUFE":5,"SLOID":"ch:1:sloid:94372","TU":1}},{"type":"Feature","id":1371,"geometry":{"type":"Point","coordinates":[8.1840201926169147,47.042521671838891]},"properties":{"OBJECTID":1371,"UUID":"{36784CDB-5A68-E611-B7C2-F04DA23F2F2A}","HSTNAME":"Malters, Emmenstrasse","VMITTEL":2,"BFS_NR":1062,"GEMEINDE":"Malters","EINWOHNER":1228,"ARBEITSPL":250,"RADIUS":300,"DIDOKNR":94401,"ANGSTUFE":0,"SLOID":"ch:1:sloid:94401","TU":11}},{"type":"Feature","id":1372,"geometry":{"type":"Point","coordinates":[8.1363576403514095,47.244924560413253]},"properties":{"OBJECTID":1372,"UUID":"{60784CDB-5A68-E611-B7C2-F04DA23F2F2A}","HSTNAME":"Rickenbach LU, Bohler","VMITTEL":2,"BFS_NR":1097,"GEMEINDE":"Rickenbach","EINWOHNER":4,"ARBEITSPL":274,"RADIUS":300,"DIDOKNR":94183,"ANGSTUFE":1,"SLOID":"ch:1:sloid:94183","TU":1}},{"type":"Feature","id":1373,"geometry":{"type":"Point","coordinates":[8.1474579643132579,47.224366269729678]},"properties":{"OBJECTID":1373,"UUID":"{BE774CDB-5A68-E611-B7C2-F04DA23F2F2A}","HSTNAME":"Rickenbach LU, Krümmigasse","VMITTEL":2,"BFS_NR":1097,"GEMEINDE":"Rickenbach","EINWOHNER":770,"ARBEITSPL":200,"RADIUS":300,"DIDOKNR":94184,"ANGSTUFE":1,"SLOID":"ch:1:sloid:94184","TU":1}},{"type":"Feature","id":1374,"geometry":{"type":"Point","coordinates":[8.2443603932063194,47.096520939718637]},"properties":{"OBJECTID":1374,"UUID":"{0A7A4CDB-5A68-E611-B7C2-F04DA23F2F2A}","HSTNAME":"Rothenburg, Wahligen Nord","VMITTEL":2,"BFS_NR":1040,"GEMEINDE":"Rothenburg","EINWOHNER":0,"ARBEITSPL":457,"RADIUS":300,"DIDOKNR":94514,"ANGSTUFE":3,"SLOID":"ch:1:sloid:94514","TU":1}},{"type":"Feature","id":1375,"geometry":{"type":"Point","coordinates":[8.1404012998596933,47.130338676704099]},"properties":{"OBJECTID":1375,"UUID":"{A9784CDB-5A68-E611-B7C2-F04DA23F2F2A}","HSTNAME":"Nottwil, Oberdorf","VMITTEL":2,"BFS_NR":1094,"GEMEINDE":"Nottwil","EINWOHNER":688,"ARBEITSPL":140,"RADIUS":300,"DIDOKNR":94846,"ANGSTUFE":2,"SLOID":"ch:1:sloid:94846","TU":2}},{"type":"Feature","id":1376,"geometry":{"type":"Point","coordinates":[8.4180586370130506,47.090264498337241]},"properties":{"OBJECTID":1376,"UUID":"{D3754CDB-5A68-E611-B7C2-F04DA23F2F2A}","HSTNAME":"Haltikon, Kapelle","VMITTEL":2,"BFS_NR":1331,"GEMEINDE":"Küssnacht (SZ)","EINWOHNER":0,"ARBEITSPL":0,"RADIUS":300,"DIDOKNR":94722,"ANGSTUFE":null,"SLOID":"ch:1:sloid:94722","TU":7}},{"type":"Feature","id":1377,"geometry":{"type":"Point","coordinates":[7.9059010339009754,47.283902341935033]},"properties":{"OBJECTID":1377,"UUID":"{50794CDB-5A68-E611-B7C2-F04DA23F2F2A}","HSTNAME":"Vordemwald, Grubenweg","VMITTEL":2,"BFS_NR":4287,"GEMEINDE":"Vordemwald","EINWOHNER":0,"ARBEITSPL":0,"RADIUS":300,"DIDOKNR":95158,"ANGSTUFE":null,"SLOID":"ch:1:sloid:95158","TU":9}},{"type":"Feature","id":1378,"geometry":{"type":"Point","coordinates":[7.9039049615431489,47.280852219737511]},"properties":{"OBJECTID":1378,"UUID":"{1A794CDB-5A68-E611-B7C2-F04DA23F2F2A}","HSTNAME":"Vordemwald, Fischerweg","VMITTEL":2,"BFS_NR":4287,"GEMEINDE":"Vordemwald","EINWOHNER":0,"ARBEITSPL":0,"RADIUS":300,"DIDOKNR":95157,"ANGSTUFE":null,"SLOID":"ch:1:sloid:95157","TU":9}},{"type":"Feature","id":1379,"geometry":{"type":"Point","coordinates":[8.4554257692406356,47.026216510445174]},"properties":{"OBJECTID":1379,"UUID":"{CB774CDB-5A68-E611-B7C2-F04DA23F2F2A}","HSTNAME":"Weggis, Lindenweg","VMITTEL":2,"BFS_NR":1069,"GEMEINDE":"Weggis","EINWOHNER":39,"ARBEITSPL":7,"RADIUS":300,"DIDOKNR":94998,"ANGSTUFE":1,"SLOID":"ch:1:sloid:94998","TU":7}},{"type":"Feature","id":1380,"geometry":{"type":"Point","coordinates":[8.4268461287057708,47.180210137444462]},"properties":{"OBJECTID":1380,"UUID":"{99C74D8F-6A49-ED11-AEC8-00505692A170}","HSTNAME":"Hünenberg, Rony","VMITTEL":2,"BFS_NR":1703,"GEMEINDE":"Hünenberg","EINWOHNER":0,"ARBEITSPL":0,"RADIUS":300,"DIDOKNR":95432,"ANGSTUFE":null,"SLOID":"ch:1:sloid:95432","TU":4}},{"type":"Feature","id":1381,"geometry":{"type":"Point","coordinates":[8.4250050124840641,47.177671213028383]},"properties":{"OBJECTID":1381,"UUID":"{3E4E66A6-6549-ED11-AEC8-00505692A170}","HSTNAME":"Hünenberg, Chrüzacher","VMITTEL":2,"BFS_NR":1703,"GEMEINDE":"Hünenberg","EINWOHNER":0,"ARBEITSPL":0,"RADIUS":300,"DIDOKNR":95428,"ANGSTUFE":null,"SLOID":"ch:1:sloid:95428","TU":4}},{"type":"Feature","id":1382,"geometry":{"type":"Point","coordinates":[8.4394143633710161,47.032510361763073]},"properties":{"OBJECTID":1382,"UUID":"{CDE8C1D5-5A68-E611-B7C2-F04DA23F2F2A}","HSTNAME":"Weggis, Rigistrasse","VMITTEL":2,"BFS_NR":1069,"GEMEINDE":"Weggis","EINWOHNER":297,"ARBEITSPL":29,"RADIUS":300,"DIDOKNR":95628,"ANGSTUFE":1,"SLOID":"ch:1:sloid:95628","TU":7}},{"type":"Feature","id":1383,"geometry":{"type":"Point","coordinates":[8.4434884896603339,47.034372873164557]},"properties":{"OBJECTID":1383,"UUID":"{0A764CDB-5A68-E611-B7C2-F04DA23F2F2A}","HSTNAME":"Weggis, Under Linde","VMITTEL":2,"BFS_NR":1069,"GEMEINDE":"Weggis","EINWOHNER":40,"ARBEITSPL":7,"RADIUS":300,"DIDOKNR":95633,"ANGSTUFE":1,"SLOID":"ch:1:sloid:95633","TU":7}},{"type":"Feature","id":1384,"geometry":{"type":"Point","coordinates":[8.4575050208252005,47.029022751012803]},"properties":{"OBJECTID":1384,"UUID":"{1BE8C1D5-5A68-E611-B7C2-F04DA23F2F2A}","HSTNAME":"Weggis, Buchenweg","VMITTEL":2,"BFS_NR":1069,"GEMEINDE":"Weggis","EINWOHNER":70,"ARBEITSPL":8,"RADIUS":300,"DIDOKNR":95632,"ANGSTUFE":1,"SLOID":"ch:1:sloid:95632","TU":7}},{"type":"Feature","id":1385,"geometry":{"type":"Point","coordinates":[8.4574741167816683,47.026009431800112]},"properties":{"OBJECTID":1385,"UUID":"{2B794CDB-5A68-E611-B7C2-F04DA23F2F2A}","HSTNAME":"Weggis, Lützelaustrasse","VMITTEL":2,"BFS_NR":1069,"GEMEINDE":"Weggis","EINWOHNER":88,"ARBEITSPL":30,"RADIUS":300,"DIDOKNR":95631,"ANGSTUFE":1,"SLOID":"ch:1:sloid:95631","TU":7}},{"type":"Feature","id":1386,"geometry":{"type":"Point","coordinates":[8.4563612340549721,47.024903826851606]},"properties":{"OBJECTID":1386,"UUID":"{85764CDB-5A68-E611-B7C2-F04DA23F2F2A}","HSTNAME":"Weggis, Lorbeerweg","VMITTEL":2,"BFS_NR":1069,"GEMEINDE":"Weggis","EINWOHNER":16,"ARBEITSPL":3,"RADIUS":300,"DIDOKNR":95630,"ANGSTUFE":1,"SLOID":"ch:1:sloid:95630","TU":7}},{"type":"Feature","id":1387,"geometry":{"type":"Point","coordinates":[8.1155600073529257,47.158840233702975]},"properties":{"OBJECTID":1387,"UUID":"{B6774CDB-5A68-E611-B7C2-F04DA23F2F2A}","HSTNAME":"Oberkirch LU, Schule","VMITTEL":2,"BFS_NR":1095,"GEMEINDE":"Oberkirch","EINWOHNER":375,"ARBEITSPL":90,"RADIUS":300,"DIDOKNR":95662,"ANGSTUFE":1,"SLOID":"ch:1:sloid:95662","TU":2}},{"type":"Feature","id":1388,"geometry":{"type":"Point","coordinates":[7.8837355364701986,47.183065051926157]},"properties":{"OBJECTID":1388,"UUID":"{F8764CDB-5A68-E611-B7C2-F04DA23F2F2A}","HSTNAME":"Altbüron, Linden","VMITTEL":2,"BFS_NR":1122,"GEMEINDE":"Altbüron","EINWOHNER":524,"ARBEITSPL":181,"RADIUS":300,"DIDOKNR":95695,"ANGSTUFE":1,"SLOID":"ch:1:sloid:95695","TU":9}},{"type":"Feature","id":1389,"geometry":{"type":"Point","coordinates":[8.2987742741934589,47.080634037452654]},"properties":{"OBJECTID":1389,"UUID":"{EB774CDB-5A68-E611-B7C2-F04DA23F2F2A}","HSTNAME":"Emmen, Emmenfeld","VMITTEL":2,"BFS_NR":1024,"GEMEINDE":"Emmen","EINWOHNER":317,"ARBEITSPL":278,"RADIUS":300,"DIDOKNR":95699,"ANGSTUFE":4,"SLOID":"ch:1:sloid:95699","TU":1}},{"type":"Feature","id":1390,"geometry":{"type":"Point","coordinates":[8.4369597412851007,47.068883478816247]},"properties":{"OBJECTID":1390,"UUID":"{ED784CDB-5A68-E611-B7C2-F04DA23F2F2A}","HSTNAME":"Küssnacht am Rigi, Rotenhofstr","VMITTEL":2,"BFS_NR":1331,"GEMEINDE":"Küssnacht (SZ)","EINWOHNER":0,"ARBEITSPL":0,"RADIUS":300,"DIDOKNR":95481,"ANGSTUFE":null,"SLOID":"ch:1:sloid:95481","TU":4}},{"type":"Feature","id":1391,"geometry":{"type":"Point","coordinates":[8.4342462784816199,47.085995262902522]},"properties":{"OBJECTID":1391,"UUID":"{02794CDB-5A68-E611-B7C2-F04DA23F2F2A}","HSTNAME":"Küssnacht am Rigi, Gloritobel","VMITTEL":2,"BFS_NR":1331,"GEMEINDE":"Küssnacht (SZ)","EINWOHNER":0,"ARBEITSPL":0,"RADIUS":300,"DIDOKNR":95501,"ANGSTUFE":null,"SLOID":"ch:1:sloid:95501","TU":7}},{"type":"Feature","id":1392,"geometry":{"type":"Point","coordinates":[8.3120147285452468,46.99197854220251]},"properties":{"OBJECTID":1392,"UUID":"{89794CDB-5A68-E611-B7C2-F04DA23F2F2A}","HSTNAME":"Hergiswil NW, Allmendli","VMITTEL":2,"BFS_NR":1507,"GEMEINDE":"Hergiswil (NW)","EINWOHNER":0,"ARBEITSPL":0,"RADIUS":300,"DIDOKNR":95491,"ANGSTUFE":null,"SLOID":"ch:1:sloid:95491","TU":1}},{"type":"Feature","id":1393,"geometry":{"type":"Point","coordinates":[8.3143571220011534,46.988986202463238]},"properties":{"OBJECTID":1393,"UUID":"{69794CDB-5A68-E611-B7C2-F04DA23F2F2A}","HSTNAME":"Hergiswil NW, Gemeindehaus","VMITTEL":2,"BFS_NR":1507,"GEMEINDE":"Hergiswil (NW)","EINWOHNER":0,"ARBEITSPL":0,"RADIUS":300,"DIDOKNR":95490,"ANGSTUFE":null,"SLOID":"ch:1:sloid:95490","TU":1}},{"type":"Feature","id":1394,"geometry":{"type":"Point","coordinates":[8.3117885811742696,46.984633888272072]},"properties":{"OBJECTID":1394,"UUID":"{25794CDB-5A68-E611-B7C2-F04DA23F2F2A}","HSTNAME":"Hergiswil NW, Schifflände","VMITTEL":2,"BFS_NR":1507,"GEMEINDE":"Hergiswil (NW)","EINWOHNER":0,"ARBEITSPL":0,"RADIUS":300,"DIDOKNR":95489,"ANGSTUFE":null,"SLOID":"ch:1:sloid:95489","TU":1}},{"type":"Feature","id":1395,"geometry":{"type":"Point","coordinates":[8.3137821989334348,46.993768557017361]},"properties":{"OBJECTID":1395,"UUID":"{41784CDB-5A68-E611-B7C2-F04DA23F2F2A}","HSTNAME":"Hergiswil NW, Mattli","VMITTEL":2,"BFS_NR":1507,"GEMEINDE":"Hergiswil (NW)","EINWOHNER":0,"ARBEITSPL":0,"RADIUS":300,"DIDOKNR":95494,"ANGSTUFE":null,"SLOID":"ch:1:sloid:95494","TU":1}},{"type":"Feature","id":1396,"geometry":{"type":"Point","coordinates":[8.4440001852034943,47.035699766034874]},"properties":{"OBJECTID":1396,"UUID":"{A8784CDB-5A68-E611-B7C2-F04DA23F2F2A}","HSTNAME":"Weggis, Zingelistrasse","VMITTEL":2,"BFS_NR":1069,"GEMEINDE":"Weggis","EINWOHNER":30,"ARBEITSPL":17,"RADIUS":300,"DIDOKNR":95542,"ANGSTUFE":1,"SLOID":"ch:1:sloid:95542","TU":7}},{"type":"Feature","id":1397,"geometry":{"type":"Point","coordinates":[8.3100316042942062,46.994632437934058]},"properties":{"OBJECTID":1397,"UUID":"{6F774CDB-5A68-E611-B7C2-F04DA23F2F2A}","HSTNAME":"Hergiswil NW, Obermatt","VMITTEL":2,"BFS_NR":1507,"GEMEINDE":"Hergiswil (NW)","EINWOHNER":0,"ARBEITSPL":0,"RADIUS":300,"DIDOKNR":95492,"ANGSTUFE":null,"SLOID":"ch:1:sloid:95492","TU":1}},{"type":"Feature","id":1398,"geometry":{"type":"Point","coordinates":[8.4554446573099025,47.027907553397846]},"properties":{"OBJECTID":1398,"UUID":"{CFE7C1D5-5A68-E611-B7C2-F04DA23F2F2A}","HSTNAME":"Weggis, Kastanienweg","VMITTEL":2,"BFS_NR":1069,"GEMEINDE":"Weggis","EINWOHNER":35,"ARBEITSPL":3,"RADIUS":300,"DIDOKNR":95541,"ANGSTUFE":1,"SLOID":"ch:1:sloid:95541","TU":7}},{"type":"Feature","id":1399,"geometry":{"type":"Point","coordinates":[7.9691024290288475,47.255061927978474]},"properties":{"OBJECTID":1399,"UUID":"{EEE7C1D5-5A68-E611-B7C2-F04DA23F2F2A}","HSTNAME":"Reiden, Industrie Weiher","VMITTEL":2,"BFS_NR":1140,"GEMEINDE":"Reiden","EINWOHNER":41,"ARBEITSPL":562,"RADIUS":300,"DIDOKNR":95883,"ANGSTUFE":2,"SLOID":"ch:1:sloid:95883","TU":9}},{"type":"Feature","id":1400,"geometry":{"type":"Point","coordinates":[8.2827137452891542,47.06925692483788]},"properties":{"OBJECTID":1400,"UUID":"{39794CDB-5A68-E611-B7C2-F04DA23F2F2A}","HSTNAME":"Emmenbrücke, Bahnhof Süd","VMITTEL":3,"BFS_NR":1024,"GEMEINDE":"Emmen","EINWOHNER":92,"ARBEITSPL":543,"RADIUS":300,"DIDOKNR":95906,"ANGSTUFE":5,"SLOID":"ch:1:sloid:95906","TU":11}},{"type":"Feature","id":1401,"geometry":{"type":"Point","coordinates":[8.1766072265075707,47.036461658440494]},"properties":{"OBJECTID":1401,"UUID":"{3A764CDB-5A68-E611-B7C2-F04DA23F2F2A}","HSTNAME":"Malters, Hirzli","VMITTEL":2,"BFS_NR":1062,"GEMEINDE":"Malters","EINWOHNER":1046,"ARBEITSPL":316,"RADIUS":300,"DIDOKNR":95907,"ANGSTUFE":0,"SLOID":"ch:1:sloid:95907","TU":11}},{"type":"Feature","id":1402,"geometry":{"type":"Point","coordinates":[8.4345202365431522,47.082856953371042]},"properties":{"OBJECTID":1402,"UUID":"{15729800-FF7B-EF11-AEFA-00505692A170}","HSTNAME":"Küssnacht am Rigi, Litzi","VMITTEL":2,"BFS_NR":1331,"GEMEINDE":"Küssnacht (SZ)","EINWOHNER":0,"ARBEITSPL":0,"RADIUS":300,"DIDOKNR":91702,"ANGSTUFE":null,"SLOID":"ch:1:sloid:91702","TU":4}},{"type":"Feature","id":1403,"geometry":{"type":"Point","coordinates":[8.0528846284566846,47.131702742355365]},"properties":{"OBJECTID":1403,"UUID":"{94774CDB-5A68-E611-B7C2-F04DA23F2F2A}","HSTNAME":"Grosswangen, Ed.-Huberstrasse","VMITTEL":2,"BFS_NR":1086,"GEMEINDE":"Grosswangen","EINWOHNER":485,"ARBEITSPL":112,"RADIUS":300,"DIDOKNR":77302,"ANGSTUFE":3,"SLOID":"ch:1:sloid:77302","TU":2}},{"type":"Feature","id":1404,"geometry":{"type":"Point","coordinates":[8.1862105046142535,47.037603783805878]},"properties":{"OBJECTID":1404,"UUID":"{37BCFF15-7E38-EF11-AEF3-00505692A170}","HSTNAME":"Malters, Allmendli","VMITTEL":2,"BFS_NR":1062,"GEMEINDE":"Malters","EINWOHNER":880,"ARBEITSPL":94,"RADIUS":300,"DIDOKNR":11661,"ANGSTUFE":0,"SLOID":"ch:1:sloid:11661","TU":3}},{"type":"Feature","id":1405,"geometry":{"type":"Point","coordinates":[8.2101795054898616,47.042083254311201]},"properties":{"OBJECTID":1405,"UUID":"{314DB109-7E38-EF11-AEF3-00505692A170}","HSTNAME":"Malters, Stegmättli","VMITTEL":2,"BFS_NR":1062,"GEMEINDE":"Malters","EINWOHNER":58,"ARBEITSPL":13,"RADIUS":300,"DIDOKNR":11662,"ANGSTUFE":0,"SLOID":"ch:1:sloid:11662","TU":3}},{"type":"Feature","id":1406,"geometry":{"type":"Point","coordinates":[8.2258306349803085,47.040372215870306]},"properties":{"OBJECTID":1406,"UUID":"{D405A5FD-7D38-EF11-AEF3-00505692A170}","HSTNAME":"Malters, Blatten","VMITTEL":2,"BFS_NR":1062,"GEMEINDE":"Malters","EINWOHNER":39,"ARBEITSPL":29,"RADIUS":300,"DIDOKNR":11663,"ANGSTUFE":0,"SLOID":"ch:1:sloid:11663","TU":3}},{"type":"Feature","id":1407,"geometry":{"type":"Point","coordinates":[8.2445770210691034,47.034804432444659]},"properties":{"OBJECTID":1407,"UUID":"{DACCB135-7D38-EF11-AEF3-00505692A170}","HSTNAME":"Obernau, Schachenwald","VMITTEL":2,"BFS_NR":1059,"GEMEINDE":"Kriens","EINWOHNER":67,"ARBEITSPL":204,"RADIUS":300,"DIDOKNR":11664,"ANGSTUFE":0,"SLOID":"ch:1:sloid:11664","TU":3}},{"type":"Feature","id":1408,"geometry":{"type":"Point","coordinates":[7.9004256569653926,46.856594194501973]},"properties":{"OBJECTID":1408,"UUID":"{F9764CDB-5A68-E611-B7C2-F04DA23F2F2A}","HSTNAME":"Marbach LU, Bergkäserei","VMITTEL":2,"BFS_NR":1010,"GEMEINDE":"Escholzmatt-Marbach","EINWOHNER":83,"ARBEITSPL":73,"RADIUS":300,"DIDOKNR":8703,"ANGSTUFE":2,"SLOID":"ch:1:sloid:8703","TU":3}},{"type":"Feature","id":1409,"geometry":{"type":"Point","coordinates":[8.0906302354721706,46.745684706021322]},"properties":{"OBJECTID":1409,"UUID":"{6B7D4F06-12B5-E811-8A34-F04DA23FCE90}","HSTNAME":"Brienzwiler","VMITTEL":1,"BFS_NR":574,"GEMEINDE":"Brienzwiler","EINWOHNER":0,"ARBEITSPL":0,"RADIUS":1000,"DIDOKNR":8306,"ANGSTUFE":null,"SLOID":"ch:1:sloid:8306","TU":12}},{"type":"Feature","id":1410,"geometry":{"type":"Point","coordinates":[8.2756233345689427,46.941126831163714]},"properties":{"OBJECTID":1410,"UUID":"{6D764CDB-5A68-E611-B7C2-F04DA23F2F2A}","HSTNAME":"Alpnach Dorf, Bahnhof","VMITTEL":2,"BFS_NR":1401,"GEMEINDE":"Alpnach","EINWOHNER":0,"ARBEITSPL":0,"RADIUS":300,"DIDOKNR":72909,"ANGSTUFE":null,"SLOID":"ch:1:sloid:72909","TU":3}},{"type":"Feature","id":1411,"geometry":{"type":"Point","coordinates":[8.3122319041227044,47.054724338538051]},"properties":{"OBJECTID":1411,"UUID":"{64784CDB-5A68-E611-B7C2-F04DA23F2F2A}","HSTNAME":"Luzern, Luzernerhof","VMITTEL":9,"BFS_NR":1061,"GEMEINDE":"Luzern","EINWOHNER":112,"ARBEITSPL":997,"RADIUS":300,"DIDOKNR":73055,"ANGSTUFE":5,"SLOID":"ch:1:sloid:73055","TU":11}},{"type":"Feature","id":1412,"geometry":{"type":"Point","coordinates":[8.2999856838495791,47.051938269285372]},"properties":{"OBJECTID":1412,"UUID":"{D0E8C1D5-5A68-E611-B7C2-F04DA23F2F2A}","HSTNAME":"Luzern, Kasernenplatz","VMITTEL":3,"BFS_NR":1061,"GEMEINDE":"Luzern","EINWOHNER":1243,"ARBEITSPL":1084,"RADIUS":300,"DIDOKNR":73024,"ANGSTUFE":5,"SLOID":"ch:1:sloid:73024","TU":11}},{"type":"Feature","id":1413,"geometry":{"type":"Point","coordinates":[8.4228854095947181,47.073196931670928]},"properties":{"OBJECTID":1413,"UUID":"{2916EDF0-6EF4-E811-9581-F04DA23FCE90}","HSTNAME":"Merlischachen, Sumpf","VMITTEL":2,"BFS_NR":1331,"GEMEINDE":"Küssnacht (SZ)","EINWOHNER":0,"ARBEITSPL":0,"RADIUS":300,"DIDOKNR":91700,"ANGSTUFE":null,"SLOID":"ch:1:sloid:91700","TU":4}},{"type":"Feature","id":1414,"geometry":{"type":"Point","coordinates":[8.4071707617304767,47.064829617525383]},"properties":{"OBJECTID":1414,"UUID":"{ECE8C1D5-5A68-E611-B7C2-F04DA23F2F2A}","HSTNAME":"Merlischachen, Dorf","VMITTEL":2,"BFS_NR":1331,"GEMEINDE":"Küssnacht (SZ)","EINWOHNER":0,"ARBEITSPL":0,"RADIUS":300,"DIDOKNR":87642,"ANGSTUFE":null,"SLOID":"ch:1:sloid:87642","TU":4}},{"type":"Feature","id":1415,"geometry":{"type":"Point","coordinates":[8.0988013823496683,47.170080480994038]},"properties":{"OBJECTID":1415,"UUID":"{9CE8C1D5-5A68-E611-B7C2-F04DA23F2F2A}","HSTNAME":"Sursee, Bahnhof","VMITTEL":8,"BFS_NR":1103,"GEMEINDE":"Sursee","EINWOHNER":1250,"ARBEITSPL":1701,"RADIUS":300,"DIDOKNR":2998,"ANGSTUFE":5,"SLOID":"ch:1:sloid:2998","TU":3}},{"type":"Feature","id":1416,"geometry":{"type":"Point","coordinates":[8.0756802983398721,47.031308877578894]},"properties":{"OBJECTID":1416,"UUID":"{51764CDB-5A68-E611-B7C2-F04DA23F2F2A}","HSTNAME":"Ebnet (Entlebuch), Sageli","VMITTEL":2,"BFS_NR":1002,"GEMEINDE":"Entlebuch","EINWOHNER":26,"ARBEITSPL":8,"RADIUS":300,"DIDOKNR":87728,"ANGSTUFE":1,"SLOID":"ch:1:sloid:87728","TU":3}},{"type":"Feature","id":1417,"geometry":{"type":"Point","coordinates":[8.4025074090953211,46.819520459657511]},"properties":{"OBJECTID":1417,"UUID":"{3B7A4CDB-5A68-E611-B7C2-F04DA23F2F2A}","HSTNAME":"Engelberg","VMITTEL":1,"BFS_NR":1402,"GEMEINDE":"Engelberg","EINWOHNER":0,"ARBEITSPL":0,"RADIUS":1000,"DIDOKNR":8399,"ANGSTUFE":null,"SLOID":"ch:1:sloid:8399","TU":12}},{"type":"Feature","id":1418,"geometry":{"type":"Point","coordinates":[8.3363768562321034,46.976266776125534]},"properties":{"OBJECTID":1418,"UUID":"{4B794CDB-5A68-E611-B7C2-F04DA23F2F2A}","HSTNAME":"Stansstad","VMITTEL":1,"BFS_NR":1510,"GEMEINDE":"Stansstad","EINWOHNER":0,"ARBEITSPL":0,"RADIUS":1000,"DIDOKNR":8390,"ANGSTUFE":null,"SLOID":"ch:1:sloid:8390","TU":12}},{"type":"Feature","id":1419,"geometry":{"type":"Point","coordinates":[8.2819099720525475,47.065910588787609]},"properties":{"OBJECTID":1419,"UUID":"{67764CDB-5A68-E611-B7C2-F04DA23F2F2A}","HSTNAME":"Luzern, Frohburg","VMITTEL":3,"BFS_NR":1061,"GEMEINDE":"Luzern","EINWOHNER":605,"ARBEITSPL":661,"RADIUS":300,"DIDOKNR":73027,"ANGSTUFE":5,"SLOID":"ch:1:sloid:73027","TU":11}},{"type":"Feature","id":1420,"geometry":{"type":"Point","coordinates":[8.2575038466866229,47.053049639843117]},"properties":{"OBJECTID":1420,"UUID":"{CD774CDB-5A68-E611-B7C2-F04DA23F2F2A}","HSTNAME":"Luzern Littau, Bahnhof","VMITTEL":2,"BFS_NR":1061,"GEMEINDE":"Luzern","EINWOHNER":883,"ARBEITSPL":167,"RADIUS":300,"DIDOKNR":89749,"ANGSTUFE":5,"SLOID":"ch:1:sloid:89749","TU":1}},{"type":"Feature","id":1421,"geometry":{"type":"Point","coordinates":[8.0733147092239577,47.067460676605926]},"properties":{"OBJECTID":1421,"UUID":"{52E8C1D5-5A68-E611-B7C2-F04DA23F2F2A}","HSTNAME":"Wolhusen, Spital","VMITTEL":2,"BFS_NR":1107,"GEMEINDE":"Wolhusen","EINWOHNER":588,"ARBEITSPL":518,"RADIUS":300,"DIDOKNR":88147,"ANGSTUFE":2,"SLOID":"ch:1:sloid:88147","TU":2}},{"type":"Feature","id":1422,"geometry":{"type":"Point","coordinates":[8.4064944398892028,47.133120857374536]},"properties":{"OBJECTID":1422,"UUID":"{FBE7C1D5-5A68-E611-B7C2-F04DA23F2F2A}","HSTNAME":"Honau, Hirschen","VMITTEL":2,"BFS_NR":1065,"GEMEINDE":"Root","EINWOHNER":359,"ARBEITSPL":107,"RADIUS":300,"DIDOKNR":82046,"ANGSTUFE":2,"SLOID":"ch:1:sloid:82046","TU":3}},{"type":"Feature","id":1423,"geometry":{"type":"Point","coordinates":[8.391962551182468,46.933780656690899]},"properties":{"OBJECTID":1423,"UUID":"{7C774CDB-5A68-E611-B7C2-F04DA23F2F2A}","HSTNAME":"Dallenwil","VMITTEL":1,"BFS_NR":1503,"GEMEINDE":"Dallenwil","EINWOHNER":0,"ARBEITSPL":0,"RADIUS":1000,"DIDOKNR":8392,"ANGSTUFE":null,"SLOID":"ch:1:sloid:8392","TU":12}},{"type":"Feature","id":1424,"geometry":{"type":"Point","coordinates":[7.8332182974851543,47.196726972739725]},"properties":{"OBJECTID":1424,"UUID":"{DCE7C1D5-5A68-E611-B7C2-F04DA23F2F2A}","HSTNAME":"Obersteckholz, Am Wald","VMITTEL":2,"BFS_NR":325,"GEMEINDE":"Busswil bei Melchnau","EINWOHNER":0,"ARBEITSPL":0,"RADIUS":300,"DIDOKNR":76931,"ANGSTUFE":null,"SLOID":"ch:1:sloid:76931","TU":5}},{"type":"Feature","id":1425,"geometry":{"type":"Point","coordinates":[8.2546824036543729,47.082165540751497]},"properties":{"OBJECTID":1425,"UUID":"{ACE7C1D5-5A68-E611-B7C2-F04DA23F2F2A}","HSTNAME":"Emmenbrücke, Lohrensäge","VMITTEL":2,"BFS_NR":1024,"GEMEINDE":"Emmen","EINWOHNER":5,"ARBEITSPL":157,"RADIUS":300,"DIDOKNR":73033,"ANGSTUFE":3,"SLOID":"ch:1:sloid:73033","TU":3}},{"type":"Feature","id":1426,"geometry":{"type":"Point","coordinates":[8.2433166920157586,47.126733862839409]},"properties":{"OBJECTID":1426,"UUID":"{C3794CDB-5A68-E611-B7C2-F04DA23F2F2A}","HSTNAME":"Rain, Sandblatten","VMITTEL":2,"BFS_NR":1037,"GEMEINDE":"Rain","EINWOHNER":431,"ARBEITSPL":149,"RADIUS":300,"DIDOKNR":82112,"ANGSTUFE":4,"SLOID":"ch:1:sloid:82112","TU":3}},{"type":"Feature","id":1427,"geometry":{"type":"Point","coordinates":[7.9058539942938006,47.12849642279059]},"properties":{"OBJECTID":1427,"UUID":"{99794CDB-5A68-E611-B7C2-F04DA23F2F2A}","HSTNAME":"Hüswil, Bahnhof","VMITTEL":2,"BFS_NR":1150,"GEMEINDE":"Zell","EINWOHNER":150,"ARBEITSPL":101,"RADIUS":300,"DIDOKNR":72751,"ANGSTUFE":2,"SLOID":"ch:1:sloid:72751","TU":3}},{"type":"Feature","id":1428,"geometry":{"type":"Point","coordinates":[8.315465896598921,47.060924612238431]},"properties":{"OBJECTID":1428,"UUID":"{90764CDB-5A68-E611-B7C2-F04DA23F2F2A}","HSTNAME":"Luzern, Kloster Wesemlin","VMITTEL":5,"BFS_NR":1061,"GEMEINDE":"Luzern","EINWOHNER":591,"ARBEITSPL":177,"RADIUS":300,"DIDOKNR":89804,"ANGSTUFE":4,"SLOID":"ch:1:sloid:89804","TU":11}},{"type":"Feature","id":1429,"geometry":{"type":"Point","coordinates":[8.2064330557364098,46.884877993723968]},"properties":{"OBJECTID":1429,"UUID":"{01794CDB-5A68-E611-B7C2-F04DA23F2F2A}","HSTNAME":"Stalden (Sarnen), Sportplatz","VMITTEL":2,"BFS_NR":1407,"GEMEINDE":"Sarnen","EINWOHNER":0,"ARBEITSPL":0,"RADIUS":300,"DIDOKNR":79959,"ANGSTUFE":null,"SLOID":"ch:1:sloid:79959","TU":3}},{"type":"Feature","id":1430,"geometry":{"type":"Point","coordinates":[8.4332750719294971,47.148472627286758]},"properties":{"OBJECTID":1430,"UUID":"{883EFE01-124A-ED11-AEC8-00505692A170}","HSTNAME":"Rotkreuz, Forren","VMITTEL":2,"BFS_NR":1707,"GEMEINDE":"Risch","EINWOHNER":0,"ARBEITSPL":0,"RADIUS":300,"DIDOKNR":93429,"ANGSTUFE":null,"SLOID":"ch:1:sloid:93429","TU":4}},{"type":"Feature","id":1431,"geometry":{"type":"Point","coordinates":[8.0724279045229306,47.00655367446528]},"properties":{"OBJECTID":1431,"UUID":"{92784CDB-5A68-E611-B7C2-F04DA23F2F2A}","HSTNAME":"Entlebuch, Schwand","VMITTEL":2,"BFS_NR":1002,"GEMEINDE":"Entlebuch","EINWOHNER":55,"ARBEITSPL":62,"RADIUS":300,"DIDOKNR":79703,"ANGSTUFE":1,"SLOID":"ch:1:sloid:79703","TU":3}},{"type":"Feature","id":1432,"geometry":{"type":"Point","coordinates":[8.4032794301726117,47.062208648413623]},"properties":{"OBJECTID":1432,"UUID":"{1A3664F1-6CF4-E811-9581-F04DA23FCE90}","HSTNAME":"Merlischachen, Räbe","VMITTEL":2,"BFS_NR":1331,"GEMEINDE":"Küssnacht (SZ)","EINWOHNER":0,"ARBEITSPL":0,"RADIUS":300,"DIDOKNR":91701,"ANGSTUFE":null,"SLOID":"ch:1:sloid:91701","TU":4}},{"type":"Feature","id":1433,"geometry":{"type":"Point","coordinates":[7.977923302314669,47.193648101870771]},"properties":{"OBJECTID":1433,"UUID":"{2CD38340-125E-F011-AF10-00505692A170}","HSTNAME":"Nebikon, Bahnhof Ost","VMITTEL":2,"BFS_NR":1137,"GEMEINDE":"Nebikon","EINWOHNER":564,"ARBEITSPL":128,"RADIUS":300,"DIDOKNR":12092,"ANGSTUFE":1,"SLOID":"ch:1:sloid:12092","TU":3}},{"type":"Feature","id":1434,"geometry":{"type":"Point","coordinates":[8.0572274647628284,47.184124155607641]},"properties":{"OBJECTID":1434,"UUID":"{43FB513B-0F5E-F011-AF10-00505692A170}","HSTNAME":"Kaltbach, Dorf","VMITTEL":2,"BFS_NR":1091,"GEMEINDE":"Mauensee","EINWOHNER":267,"ARBEITSPL":41,"RADIUS":300,"DIDOKNR":12105,"ANGSTUFE":1,"SLOID":"ch:1:sloid:12105","TU":3}},{"type":"Feature","id":1435,"geometry":{"type":"Point","coordinates":[8.0818070749053028,47.180350025123701]},"properties":{"OBJECTID":1435,"UUID":"{CE714D6C-0D5E-F011-AF10-00505692A170}","HSTNAME":"St. Erhard, Längmatt","VMITTEL":2,"BFS_NR":1089,"GEMEINDE":"Knutwil","EINWOHNER":186,"ARBEITSPL":3,"RADIUS":300,"DIDOKNR":12106,"ANGSTUFE":1,"SLOID":"ch:1:sloid:12106","TU":3}},{"type":"Feature","id":1436,"geometry":{"type":"Point","coordinates":[8.0631842419916637,47.181920785181852]},"properties":{"OBJECTID":1436,"UUID":"{F5754CDB-5A68-E611-B7C2-F04DA23F2F2A}","HSTNAME":"Kaltbach, Sandsteinhöhle","VMITTEL":2,"BFS_NR":1091,"GEMEINDE":"Mauensee","EINWOHNER":114,"ARBEITSPL":84,"RADIUS":300,"DIDOKNR":81191,"ANGSTUFE":0,"SLOID":"ch:1:sloid:81191","TU":3}},{"type":"Feature","id":1437,"geometry":{"type":"Point","coordinates":[7.9770123806025319,47.193032782572168]},"properties":{"OBJECTID":1437,"UUID":"{C2774CDB-5A68-E611-B7C2-F04DA23F2F2A}","HSTNAME":"Nebikon, Bahnhof West","VMITTEL":2,"BFS_NR":1137,"GEMEINDE":"Nebikon","EINWOHNER":911,"ARBEITSPL":583,"RADIUS":300,"DIDOKNR":72760,"ANGSTUFE":3,"SLOID":"ch:1:sloid:72760","TU":3}},{"type":"Feature","id":1438,"geometry":{"type":"Point","coordinates":[8.0166497897214466,46.830402617114267]},"properties":{"OBJECTID":1438,"UUID":"{3F784CDB-5A68-E611-B7C2-F04DA23F2F2A}","HSTNAME":"Sörenberg, Rischli","VMITTEL":2,"BFS_NR":1004,"GEMEINDE":"Flühli","EINWOHNER":22,"ARBEITSPL":38,"RADIUS":300,"DIDOKNR":8865,"ANGSTUFE":2,"SLOID":"ch:1:sloid:8865","TU":3}},{"type":"Feature","id":1439,"geometry":{"type":"Point","coordinates":[8.2487507374315374,47.088751658663426]},"properties":{"OBJECTID":1439,"UUID":"{CAFAC465-13F9-EC11-AEC1-00505692A170}","HSTNAME":"Rothenburg Station, Bhf. Ost","VMITTEL":2,"BFS_NR":1040,"GEMEINDE":"Rothenburg","EINWOHNER":2,"ARBEITSPL":257,"RADIUS":300,"DIDOKNR":10764,"ANGSTUFE":4,"SLOID":"ch:1:sloid:10764","TU":1}},{"type":"Feature","id":1440,"geometry":{"type":"Point","coordinates":[8.0703984951413688,47.00171636468037]},"properties":{"OBJECTID":1440,"UUID":"{DCE8C1D5-5A68-E611-B7C2-F04DA23F2F2A}","HSTNAME":"Entlebuch, Russacher","VMITTEL":2,"BFS_NR":1002,"GEMEINDE":"Entlebuch","EINWOHNER":93,"ARBEITSPL":98,"RADIUS":300,"DIDOKNR":77064,"ANGSTUFE":1,"SLOID":"ch:1:sloid:77064","TU":3}},{"type":"Feature","id":1441,"geometry":{"type":"Point","coordinates":[8.0143240577902368,47.144585180342645]},"properties":{"OBJECTID":1441,"UUID":"{C4794CDB-5A68-E611-B7C2-F04DA23F2F2A}","HSTNAME":"Ettiswil, Oberdorf","VMITTEL":2,"BFS_NR":1128,"GEMEINDE":"Ettiswil","EINWOHNER":246,"ARBEITSPL":79,"RADIUS":300,"DIDOKNR":72805,"ANGSTUFE":3,"SLOID":"ch:1:sloid:72805","TU":2}},{"type":"Feature","id":1442,"geometry":{"type":"Point","coordinates":[8.0181952230513076,47.147785983965314]},"properties":{"OBJECTID":1442,"UUID":"{25774CDB-5A68-E611-B7C2-F04DA23F2F2A}","HSTNAME":"Ettiswil, Post","VMITTEL":2,"BFS_NR":1128,"GEMEINDE":"Ettiswil","EINWOHNER":656,"ARBEITSPL":177,"RADIUS":300,"DIDOKNR":8650,"ANGSTUFE":4,"SLOID":"ch:1:sloid:8650","TU":2}},{"type":"Feature","id":1443,"geometry":{"type":"Point","coordinates":[8.6272572587151739,46.89274409063411]},"properties":{"OBJECTID":1443,"UUID":"{BC794CDB-5A68-E611-B7C2-F04DA23F2F2A}","HSTNAME":"Altdorf UR, Eggberge/Moosbad","VMITTEL":2,"BFS_NR":1201,"GEMEINDE":"Altdorf (UR)","EINWOHNER":0,"ARBEITSPL":0,"RADIUS":300,"DIDOKNR":73114,"ANGSTUFE":null,"SLOID":"ch:1:sloid:73114","TU":8}},{"type":"Feature","id":1444,"geometry":{"type":"Point","coordinates":[8.3400690351607043,47.008202175719198]},"properties":{"OBJECTID":1444,"UUID":"{A5E8C1D5-5A68-E611-B7C2-F04DA23F2F2A}","HSTNAME":"Kastanienbaum, Schiffstation","VMITTEL":2,"BFS_NR":1058,"GEMEINDE":"Horw","EINWOHNER":287,"ARBEITSPL":107,"RADIUS":300,"DIDOKNR":89680,"ANGSTUFE":3,"SLOID":"ch:1:sloid:89680","TU":11}},{"type":"Feature","id":1445,"geometry":{"type":"Point","coordinates":[8.0650990019757902,46.993784488889702]},"properties":{"OBJECTID":1445,"UUID":"{03774CDB-5A68-E611-B7C2-F04DA23F2F2A}","HSTNAME":"Entlebuch, Drei Könige","VMITTEL":2,"BFS_NR":1002,"GEMEINDE":"Entlebuch","EINWOHNER":498,"ARBEITSPL":295,"RADIUS":300,"DIDOKNR":77052,"ANGSTUFE":2,"SLOID":"ch:1:sloid:77052","TU":3}},{"type":"Feature","id":1446,"geometry":{"type":"Point","coordinates":[8.0042159639279653,47.185592799597813]},"properties":{"OBJECTID":1446,"UUID":"{09979F5D-115E-F011-AF10-00505692A170}","HSTNAME":"Egolzwil, Unterdorf","VMITTEL":2,"BFS_NR":1127,"GEMEINDE":"Egolzwil","EINWOHNER":498,"ARBEITSPL":36,"RADIUS":300,"DIDOKNR":12095,"ANGSTUFE":1,"SLOID":"ch:1:sloid:12095","TU":3}},{"type":"Feature","id":1447,"geometry":{"type":"Point","coordinates":[8.0091297707181983,47.184792624705395]},"properties":{"OBJECTID":1447,"UUID":"{FC774CDB-5A68-E611-B7C2-F04DA23F2F2A}","HSTNAME":"Egolzwil, Moosmatt","VMITTEL":2,"BFS_NR":1127,"GEMEINDE":"Egolzwil","EINWOHNER":984,"ARBEITSPL":243,"RADIUS":300,"DIDOKNR":82441,"ANGSTUFE":0,"SLOID":"ch:1:sloid:82441","TU":3}},{"type":"Feature","id":1448,"geometry":{"type":"Point","coordinates":[8.4361329213373342,47.161734261843932]},"properties":{"OBJECTID":1448,"UUID":"{8F6F545F-6549-ED11-AEC8-00505692A170}","HSTNAME":"Hünenberg, Bösch","VMITTEL":2,"BFS_NR":1703,"GEMEINDE":"Hünenberg","EINWOHNER":0,"ARBEITSPL":0,"RADIUS":300,"DIDOKNR":88709,"ANGSTUFE":null,"SLOID":"ch:1:sloid:88709","TU":4}}]}