{"type":"FeatureCollection","features":[{"type":"Feature","id":501,"geometry":{"type":"Point","coordinates":[8.4079618115830144,46.894469304231066]},"properties":{"OBJECTID":501,"UUID":"{D4754CDB-5A68-E611-B7C2-F04DA23F2F2A}","HSTNAME":"Oberrickenbach, Burgholz","VMITTEL":2,"BFS_NR":1511,"GEMEINDE":"Wolfenschiessen","EINWOHNER":0,"ARBEITSPL":0,"RADIUS":300,"DIDOKNR":72921,"ANGSTUFE":null,"SLOID":"ch:1:sloid:72921","TU":3}},{"type":"Feature","id":502,"geometry":{"type":"Point","coordinates":[7.9426950428993459,47.291698840387234]},"properties":{"OBJECTID":502,"UUID":"{98794CDB-5A68-E611-B7C2-F04DA23F2F2A}","HSTNAME":"Zofingen, Spitalgasse","VMITTEL":2,"BFS_NR":4289,"GEMEINDE":"Zofingen","EINWOHNER":0,"ARBEITSPL":0,"RADIUS":300,"DIDOKNR":72684,"ANGSTUFE":null,"SLOID":"ch:1:sloid:72684","TU":9}},{"type":"Feature","id":503,"geometry":{"type":"Point","coordinates":[7.9137991077382832,47.275738923078151]},"properties":{"OBJECTID":503,"UUID":"{EDE7C1D5-5A68-E611-B7C2-F04DA23F2F2A}","HSTNAME":"Vordemwald, Weierdentsch","VMITTEL":2,"BFS_NR":4285,"GEMEINDE":"Strengelbach","EINWOHNER":0,"ARBEITSPL":0,"RADIUS":300,"DIDOKNR":72704,"ANGSTUFE":null,"SLOID":"ch:1:sloid:72704","TU":9}},{"type":"Feature","id":504,"geometry":{"type":"Point","coordinates":[7.9365101092668064,47.296187024952538]},"properties":{"OBJECTID":504,"UUID":"{5BE8C1D5-5A68-E611-B7C2-F04DA23F2F2A}","HSTNAME":"Oftringen, Ruhbank","VMITTEL":2,"BFS_NR":4280,"GEMEINDE":"Oftringen","EINWOHNER":0,"ARBEITSPL":0,"RADIUS":300,"DIDOKNR":72685,"ANGSTUFE":null,"SLOID":"ch:1:sloid:72685","TU":9}},{"type":"Feature","id":505,"geometry":{"type":"Point","coordinates":[7.9061266213457477,47.276444851761774]},"properties":{"OBJECTID":505,"UUID":"{B1764CDB-5A68-E611-B7C2-F04DA23F2F2A}","HSTNAME":"Vordemwald, Iselishof","VMITTEL":2,"BFS_NR":4287,"GEMEINDE":"Vordemwald","EINWOHNER":0,"ARBEITSPL":0,"RADIUS":300,"DIDOKNR":72705,"ANGSTUFE":null,"SLOID":"ch:1:sloid:72705","TU":9}},{"type":"Feature","id":506,"geometry":{"type":"Point","coordinates":[7.9372682568607891,47.282502869963075]},"properties":{"OBJECTID":506,"UUID":"{C3E7C1D5-5A68-E611-B7C2-F04DA23F2F2A}","HSTNAME":"Zofingen, Mühlewiese","VMITTEL":2,"BFS_NR":4289,"GEMEINDE":"Zofingen","EINWOHNER":0,"ARBEITSPL":0,"RADIUS":300,"DIDOKNR":72702,"ANGSTUFE":null,"SLOID":"ch:1:sloid:72702","TU":9}},{"type":"Feature","id":507,"geometry":{"type":"Point","coordinates":[7.8993461478100784,47.228845024425176]},"properties":{"OBJECTID":507,"UUID":"{11764CDB-5A68-E611-B7C2-F04DA23F2F2A}","HSTNAME":"Pfaffnau, Dorfplatz","VMITTEL":2,"BFS_NR":1139,"GEMEINDE":"Pfaffnau","EINWOHNER":569,"ARBEITSPL":155,"RADIUS":300,"DIDOKNR":72710,"ANGSTUFE":2,"SLOID":"ch:1:sloid:72710","TU":9}},{"type":"Feature","id":508,"geometry":{"type":"Point","coordinates":[7.9326676679267596,47.2809935555848]},"properties":{"OBJECTID":508,"UUID":"{287A4CDB-5A68-E611-B7C2-F04DA23F2F2A}","HSTNAME":"Strengelbach, Bifang","VMITTEL":2,"BFS_NR":4285,"GEMEINDE":"Strengelbach","EINWOHNER":0,"ARBEITSPL":0,"RADIUS":300,"DIDOKNR":72703,"ANGSTUFE":null,"SLOID":"ch:1:sloid:72703","TU":9}},{"type":"Feature","id":509,"geometry":{"type":"Point","coordinates":[7.8886224598015691,47.214531671763162]},"properties":{"OBJECTID":509,"UUID":"{13E9C1D5-5A68-E611-B7C2-F04DA23F2F2A}","HSTNAME":"Roggliswil, Niederwil","VMITTEL":2,"BFS_NR":1142,"GEMEINDE":"Roggliswil","EINWOHNER":247,"ARBEITSPL":57,"RADIUS":300,"DIDOKNR":72711,"ANGSTUFE":3,"SLOID":"ch:1:sloid:72711","TU":9}},{"type":"Feature","id":510,"geometry":{"type":"Point","coordinates":[7.9394445526454396,47.287647397855572]},"properties":{"OBJECTID":510,"UUID":"{C9764CDB-5A68-E611-B7C2-F04DA23F2F2A}","HSTNAME":"Zofingen, Henzmannstrasse","VMITTEL":2,"BFS_NR":4289,"GEMEINDE":"Zofingen","EINWOHNER":0,"ARBEITSPL":0,"RADIUS":300,"DIDOKNR":72700,"ANGSTUFE":null,"SLOID":"ch:1:sloid:72700","TU":9}},{"type":"Feature","id":511,"geometry":{"type":"Point","coordinates":[7.9401555151493506,47.284523159578889]},"properties":{"OBJECTID":511,"UUID":"{A7784CDB-5A68-E611-B7C2-F04DA23F2F2A}","HSTNAME":"Zofingen, Falkeisenmatte","VMITTEL":2,"BFS_NR":4289,"GEMEINDE":"Zofingen","EINWOHNER":0,"ARBEITSPL":0,"RADIUS":300,"DIDOKNR":72701,"ANGSTUFE":null,"SLOID":"ch:1:sloid:72701","TU":9}},{"type":"Feature","id":512,"geometry":{"type":"Point","coordinates":[7.8389936773252789,47.229636950805336]},"properties":{"OBJECTID":512,"UUID":"{D6754CDB-5A68-E611-B7C2-F04DA23F2F2A}","HSTNAME":"St. Urban, Klinik","VMITTEL":2,"BFS_NR":1139,"GEMEINDE":"Pfaffnau","EINWOHNER":30,"ARBEITSPL":802,"RADIUS":300,"DIDOKNR":72714,"ANGSTUFE":3,"SLOID":"ch:1:sloid:72714","TU":9}},{"type":"Feature","id":513,"geometry":{"type":"Point","coordinates":[7.8403493246801279,47.227284609496074]},"properties":{"OBJECTID":513,"UUID":"{77E8C1D5-5A68-E611-B7C2-F04DA23F2F2A}","HSTNAME":"St. Urban, Birchmatt","VMITTEL":2,"BFS_NR":1139,"GEMEINDE":"Pfaffnau","EINWOHNER":204,"ARBEITSPL":10,"RADIUS":300,"DIDOKNR":72713,"ANGSTUFE":2,"SLOID":"ch:1:sloid:72713","TU":9}},{"type":"Feature","id":514,"geometry":{"type":"Point","coordinates":[7.8968970700622361,47.272839017874666]},"properties":{"OBJECTID":514,"UUID":"{65E8C1D5-5A68-E611-B7C2-F04DA23F2F2A}","HSTNAME":"Vordemwald, Schulhaus","VMITTEL":2,"BFS_NR":4287,"GEMEINDE":"Vordemwald","EINWOHNER":0,"ARBEITSPL":0,"RADIUS":300,"DIDOKNR":72706,"ANGSTUFE":null,"SLOID":"ch:1:sloid:72706","TU":9}},{"type":"Feature","id":515,"geometry":{"type":"Point","coordinates":[7.8360136898800343,47.231994889128863]},"properties":{"OBJECTID":515,"UUID":"{137A4CDB-5A68-E611-B7C2-F04DA23F2F2A}","HSTNAME":"St. Urban, Bahnhof","VMITTEL":2,"BFS_NR":337,"GEMEINDE":"Roggwil (BE)","EINWOHNER":27,"ARBEITSPL":32,"RADIUS":300,"DIDOKNR":72715,"ANGSTUFE":null,"SLOID":"ch:1:sloid:72715","TU":3}},{"type":"Feature","id":516,"geometry":{"type":"Point","coordinates":[7.9299802596092519,47.286284898751525]},"properties":{"OBJECTID":516,"UUID":"{A5794CDB-5A68-E611-B7C2-F04DA23F2F2A}","HSTNAME":"Strengelbach, Hard","VMITTEL":2,"BFS_NR":4285,"GEMEINDE":"Strengelbach","EINWOHNER":0,"ARBEITSPL":0,"RADIUS":300,"DIDOKNR":72718,"ANGSTUFE":null,"SLOID":"ch:1:sloid:72718","TU":9}},{"type":"Feature","id":517,"geometry":{"type":"Point","coordinates":[7.892429738388909,47.263439231271228]},"properties":{"OBJECTID":517,"UUID":"{B9764CDB-5A68-E611-B7C2-F04DA23F2F2A}","HSTNAME":"Vordemwald, Rest. Tannenbaum","VMITTEL":2,"BFS_NR":4287,"GEMEINDE":"Vordemwald","EINWOHNER":0,"ARBEITSPL":0,"RADIUS":300,"DIDOKNR":72707,"ANGSTUFE":null,"SLOID":"ch:1:sloid:72707","TU":9}},{"type":"Feature","id":518,"geometry":{"type":"Point","coordinates":[7.8492529525185875,47.222638949777618]},"properties":{"OBJECTID":518,"UUID":"{F4784CDB-5A68-E611-B7C2-F04DA23F2F2A}","HSTNAME":"St. Urban, Sonnhalden","VMITTEL":2,"BFS_NR":1139,"GEMEINDE":"Pfaffnau","EINWOHNER":2,"ARBEITSPL":7,"RADIUS":300,"DIDOKNR":72712,"ANGSTUFE":2,"SLOID":"ch:1:sloid:72712","TU":9}},{"type":"Feature","id":519,"geometry":{"type":"Point","coordinates":[7.9256822305106951,47.286078244803655]},"properties":{"OBJECTID":519,"UUID":"{197A4CDB-5A68-E611-B7C2-F04DA23F2F2A}","HSTNAME":"Strengelbach, Sägetstrasse","VMITTEL":2,"BFS_NR":4285,"GEMEINDE":"Strengelbach","EINWOHNER":0,"ARBEITSPL":0,"RADIUS":300,"DIDOKNR":72719,"ANGSTUFE":null,"SLOID":"ch:1:sloid:72719","TU":9}},{"type":"Feature","id":520,"geometry":{"type":"Point","coordinates":[7.9366097953506944,47.287021039058722]},"properties":{"OBJECTID":520,"UUID":"{D4E8C1D5-5A68-E611-B7C2-F04DA23F2F2A}","HSTNAME":"Zofingen, Tagblatt","VMITTEL":2,"BFS_NR":4289,"GEMEINDE":"Zofingen","EINWOHNER":0,"ARBEITSPL":0,"RADIUS":300,"DIDOKNR":72716,"ANGSTUFE":null,"SLOID":"ch:1:sloid:72716","TU":9}},{"type":"Feature","id":521,"geometry":{"type":"Point","coordinates":[7.9576606593438823,47.261476929134325]},"properties":{"OBJECTID":521,"UUID":"{E8E7C1D5-5A68-E611-B7C2-F04DA23F2F2A}","HSTNAME":"Brittnau-Wikon, Bahnhof","VMITTEL":2,"BFS_NR":1147,"GEMEINDE":"Wikon","EINWOHNER":0,"ARBEITSPL":0,"RADIUS":300,"DIDOKNR":72727,"ANGSTUFE":2,"SLOID":"ch:1:sloid:72727","TU":9}},{"type":"Feature","id":522,"geometry":{"type":"Point","coordinates":[7.9326847095308208,47.285697697828361]},"properties":{"OBJECTID":522,"UUID":"{D7E7C1D5-5A68-E611-B7C2-F04DA23F2F2A}","HSTNAME":"Strengelbach, Schürliweg","VMITTEL":2,"BFS_NR":4285,"GEMEINDE":"Strengelbach","EINWOHNER":0,"ARBEITSPL":0,"RADIUS":300,"DIDOKNR":72717,"ANGSTUFE":null,"SLOID":"ch:1:sloid:72717","TU":9}},{"type":"Feature","id":523,"geometry":{"type":"Point","coordinates":[7.942734953582903,47.267898712876992]},"properties":{"OBJECTID":523,"UUID":"{8E764CDB-5A68-E611-B7C2-F04DA23F2F2A}","HSTNAME":"Brittnau, Kleinfeld","VMITTEL":2,"BFS_NR":4274,"GEMEINDE":"Brittnau","EINWOHNER":0,"ARBEITSPL":0,"RADIUS":300,"DIDOKNR":72724,"ANGSTUFE":null,"SLOID":"ch:1:sloid:72724","TU":9}},{"type":"Feature","id":524,"geometry":{"type":"Point","coordinates":[7.9625386336545096,47.228314399665891]},"properties":{"OBJECTID":524,"UUID":"{88784CDB-5A68-E611-B7C2-F04DA23F2F2A}","HSTNAME":"Langnau bei Reiden, Oberdorf","VMITTEL":2,"BFS_NR":1140,"GEMEINDE":"Reiden","EINWOHNER":443,"ARBEITSPL":39,"RADIUS":300,"DIDOKNR":72733,"ANGSTUFE":1,"SLOID":"ch:1:sloid:72733","TU":9}},{"type":"Feature","id":525,"geometry":{"type":"Point","coordinates":[7.9444641908141413,47.2621165300501]},"properties":{"OBJECTID":525,"UUID":"{7CE8C1D5-5A68-E611-B7C2-F04DA23F2F2A}","HSTNAME":"Brittnau, Einmündung Zelgli","VMITTEL":2,"BFS_NR":4274,"GEMEINDE":"Brittnau","EINWOHNER":0,"ARBEITSPL":0,"RADIUS":300,"DIDOKNR":72725,"ANGSTUFE":null,"SLOID":"ch:1:sloid:72725","TU":9}},{"type":"Feature","id":526,"geometry":{"type":"Point","coordinates":[7.9298536545525691,47.278262186601118]},"properties":{"OBJECTID":526,"UUID":"{DF784CDB-5A68-E611-B7C2-F04DA23F2F2A}","HSTNAME":"Strengelbach, Gemeindehaus","VMITTEL":2,"BFS_NR":4285,"GEMEINDE":"Strengelbach","EINWOHNER":0,"ARBEITSPL":0,"RADIUS":300,"DIDOKNR":72722,"ANGSTUFE":null,"SLOID":"ch:1:sloid:72722","TU":9}},{"type":"Feature","id":527,"geometry":{"type":"Point","coordinates":[7.9676990538517813,47.246748200671291]},"properties":{"OBJECTID":527,"UUID":"{21E9C1D5-5A68-E611-B7C2-F04DA23F2F2A}","HSTNAME":"Reiden, Friedmattstrasse","VMITTEL":2,"BFS_NR":1140,"GEMEINDE":"Reiden","EINWOHNER":805,"ARBEITSPL":154,"RADIUS":300,"DIDOKNR":72730,"ANGSTUFE":2,"SLOID":"ch:1:sloid:72730","TU":9}},{"type":"Feature","id":528,"geometry":{"type":"Point","coordinates":[7.9278459047447969,47.240843632855153]},"properties":{"OBJECTID":528,"UUID":"{5EE8C1D5-5A68-E611-B7C2-F04DA23F2F2A}","HSTNAME":"Brittnau, Liebigen","VMITTEL":2,"BFS_NR":4274,"GEMEINDE":"Brittnau","EINWOHNER":0,"ARBEITSPL":0,"RADIUS":300,"DIDOKNR":72731,"ANGSTUFE":null,"SLOID":"ch:1:sloid:72731","TU":9}},{"type":"Feature","id":529,"geometry":{"type":"Point","coordinates":[7.9414792656300559,47.27067456389603]},"properties":{"OBJECTID":529,"UUID":"{1D794CDB-5A68-E611-B7C2-F04DA23F2F2A}","HSTNAME":"Brittnau, Nelkenweg","VMITTEL":2,"BFS_NR":4274,"GEMEINDE":"Brittnau","EINWOHNER":0,"ARBEITSPL":0,"RADIUS":300,"DIDOKNR":72723,"ANGSTUFE":null,"SLOID":"ch:1:sloid:72723","TU":9}},{"type":"Feature","id":530,"geometry":{"type":"Point","coordinates":[7.9180408743823349,47.098791947750712]},"properties":{"OBJECTID":530,"UUID":"{17E8C1D5-5A68-E611-B7C2-F04DA23F2F2A}","HSTNAME":"Hofstatt, Schachen","VMITTEL":2,"BFS_NR":1135,"GEMEINDE":"Luthern","EINWOHNER":9,"ARBEITSPL":2,"RADIUS":300,"DIDOKNR":72754,"ANGSTUFE":1,"SLOID":"ch:1:sloid:72754","TU":3}},{"type":"Feature","id":531,"geometry":{"type":"Point","coordinates":[7.9345530228114756,47.291878015234388]},"properties":{"OBJECTID":531,"UUID":"{7AE8C1D5-5A68-E611-B7C2-F04DA23F2F2A}","HSTNAME":"Zofingen, Wässermattenweg","VMITTEL":2,"BFS_NR":4289,"GEMEINDE":"Zofingen","EINWOHNER":0,"ARBEITSPL":0,"RADIUS":300,"DIDOKNR":72742,"ANGSTUFE":null,"SLOID":"ch:1:sloid:72742","TU":9}},{"type":"Feature","id":532,"geometry":{"type":"Point","coordinates":[7.9473104977549287,47.286054899366164]},"properties":{"OBJECTID":532,"UUID":"{B2764CDB-5A68-E611-B7C2-F04DA23F2F2A}","HSTNAME":"Zofingen, Oberer Stadteingang","VMITTEL":2,"BFS_NR":4289,"GEMEINDE":"Zofingen","EINWOHNER":0,"ARBEITSPL":0,"RADIUS":300,"DIDOKNR":72728,"ANGSTUFE":null,"SLOID":"ch:1:sloid:72728","TU":9}},{"type":"Feature","id":533,"geometry":{"type":"Point","coordinates":[7.9128139032667661,47.09311972583005]},"properties":{"OBJECTID":533,"UUID":"{10774CDB-5A68-E611-B7C2-F04DA23F2F2A}","HSTNAME":"Hofstatt, Gyrstock","VMITTEL":2,"BFS_NR":1135,"GEMEINDE":"Luthern","EINWOHNER":8,"ARBEITSPL":1,"RADIUS":300,"DIDOKNR":72755,"ANGSTUFE":1,"SLOID":"ch:1:sloid:72755","TU":3}},{"type":"Feature","id":534,"geometry":{"type":"Point","coordinates":[7.9300245273924999,47.294999509418027]},"properties":{"OBJECTID":534,"UUID":"{CC784CDB-5A68-E611-B7C2-F04DA23F2F2A}","HSTNAME":"Zofingen, Industrie Brühl","VMITTEL":2,"BFS_NR":4285,"GEMEINDE":"Strengelbach","EINWOHNER":0,"ARBEITSPL":0,"RADIUS":300,"DIDOKNR":72743,"ANGSTUFE":null,"SLOID":"ch:1:sloid:72743","TU":9}},{"type":"Feature","id":535,"geometry":{"type":"Point","coordinates":[7.926374113021903,47.28222560556766]},"properties":{"OBJECTID":535,"UUID":"{46774CDB-5A68-E611-B7C2-F04DA23F2F2A}","HSTNAME":"Strengelbach, Hardmattenweg","VMITTEL":2,"BFS_NR":4285,"GEMEINDE":"Strengelbach","EINWOHNER":0,"ARBEITSPL":0,"RADIUS":300,"DIDOKNR":72720,"ANGSTUFE":null,"SLOID":"ch:1:sloid:72720","TU":9}},{"type":"Feature","id":536,"geometry":{"type":"Point","coordinates":[7.8966192498010486,47.116959256437021]},"properties":{"OBJECTID":536,"UUID":"{AD784CDB-5A68-E611-B7C2-F04DA23F2F2A}","HSTNAME":"Ufhusen, Käserei Dorf","VMITTEL":2,"BFS_NR":1145,"GEMEINDE":"Ufhusen","EINWOHNER":436,"ARBEITSPL":92,"RADIUS":300,"DIDOKNR":72752,"ANGSTUFE":1,"SLOID":"ch:1:sloid:72752","TU":3}},{"type":"Feature","id":537,"geometry":{"type":"Point","coordinates":[7.9489699175293476,47.270434803670547]},"properties":{"OBJECTID":537,"UUID":"{9C794CDB-5A68-E611-B7C2-F04DA23F2F2A}","HSTNAME":"Brittnau, Lärchenweg","VMITTEL":2,"BFS_NR":4274,"GEMEINDE":"Brittnau","EINWOHNER":0,"ARBEITSPL":0,"RADIUS":300,"DIDOKNR":72740,"ANGSTUFE":null,"SLOID":"ch:1:sloid:72740","TU":9}},{"type":"Feature","id":538,"geometry":{"type":"Point","coordinates":[7.9712858298514782,47.247460270836385]},"properties":{"OBJECTID":538,"UUID":"{DF794CDB-5A68-E611-B7C2-F04DA23F2F2A}","HSTNAME":"Reiden, Sonne","VMITTEL":2,"BFS_NR":1140,"GEMEINDE":"Reiden","EINWOHNER":1015,"ARBEITSPL":291,"RADIUS":300,"DIDOKNR":72729,"ANGSTUFE":3,"SLOID":"ch:1:sloid:72729","TU":9}},{"type":"Feature","id":539,"geometry":{"type":"Point","coordinates":[7.9196874352158879,47.110541626070443]},"properties":{"OBJECTID":539,"UUID":"{167A4CDB-5A68-E611-B7C2-F04DA23F2F2A}","HSTNAME":"Ufhusen, Ruefswil","VMITTEL":2,"BFS_NR":1145,"GEMEINDE":"Ufhusen","EINWOHNER":32,"ARBEITSPL":17,"RADIUS":300,"DIDOKNR":72753,"ANGSTUFE":1,"SLOID":"ch:1:sloid:72753","TU":3}},{"type":"Feature","id":540,"geometry":{"type":"Point","coordinates":[7.957997215480761,47.278509186302976]},"properties":{"OBJECTID":540,"UUID":"{67794CDB-5A68-E611-B7C2-F04DA23F2F2A}","HSTNAME":"Zofingen, Haldenweg","VMITTEL":2,"BFS_NR":4289,"GEMEINDE":"Zofingen","EINWOHNER":0,"ARBEITSPL":0,"RADIUS":300,"DIDOKNR":72741,"ANGSTUFE":null,"SLOID":"ch:1:sloid:72741","TU":9}},{"type":"Feature","id":541,"geometry":{"type":"Point","coordinates":[7.9183840491743904,47.067937299291785]},"properties":{"OBJECTID":541,"UUID":"{B8754CDB-5A68-E611-B7C2-F04DA23F2F2A}","HSTNAME":"Luthern, Wieden","VMITTEL":2,"BFS_NR":1135,"GEMEINDE":"Luthern","EINWOHNER":17,"ARBEITSPL":9,"RADIUS":300,"DIDOKNR":72758,"ANGSTUFE":1,"SLOID":"ch:1:sloid:72758","TU":3}},{"type":"Feature","id":542,"geometry":{"type":"Point","coordinates":[7.9277448215313449,47.280348913218091]},"properties":{"OBJECTID":542,"UUID":"{93E7C1D5-5A68-E611-B7C2-F04DA23F2F2A}","HSTNAME":"Strengelbach, Seniorenzentrum","VMITTEL":2,"BFS_NR":4285,"GEMEINDE":"Strengelbach","EINWOHNER":0,"ARBEITSPL":0,"RADIUS":300,"DIDOKNR":72721,"ANGSTUFE":null,"SLOID":"ch:1:sloid:72721","TU":9}},{"type":"Feature","id":543,"geometry":{"type":"Point","coordinates":[7.9257808881270995,47.038716871448798]},"properties":{"OBJECTID":543,"UUID":"{D2E8C1D5-5A68-E611-B7C2-F04DA23F2F2A}","HSTNAME":"Luthern Bad, Chrutzi","VMITTEL":2,"BFS_NR":1135,"GEMEINDE":"Luthern","EINWOHNER":21,"ARBEITSPL":6,"RADIUS":300,"DIDOKNR":72759,"ANGSTUFE":1,"SLOID":"ch:1:sloid:72759","TU":3}},{"type":"Feature","id":544,"geometry":{"type":"Point","coordinates":[7.9517487110809641,47.261175896744135]},"properties":{"OBJECTID":544,"UUID":"{95764CDB-5A68-E611-B7C2-F04DA23F2F2A}","HSTNAME":"Brittnau, Abzw. Bahnhof","VMITTEL":2,"BFS_NR":4274,"GEMEINDE":"Brittnau","EINWOHNER":0,"ARBEITSPL":0,"RADIUS":300,"DIDOKNR":72726,"ANGSTUFE":null,"SLOID":"ch:1:sloid:72726","TU":9}},{"type":"Feature","id":545,"geometry":{"type":"Point","coordinates":[7.9129290129611505,47.088261903063383]},"properties":{"OBJECTID":545,"UUID":"{DBE7C1D5-5A68-E611-B7C2-F04DA23F2F2A}","HSTNAME":"Hofstatt, Rüediswil","VMITTEL":2,"BFS_NR":1135,"GEMEINDE":"Luthern","EINWOHNER":32,"ARBEITSPL":31,"RADIUS":300,"DIDOKNR":72756,"ANGSTUFE":1,"SLOID":"ch:1:sloid:72756","TU":3}},{"type":"Feature","id":546,"geometry":{"type":"Point","coordinates":[7.9443581118662561,47.287003906277192]},"properties":{"OBJECTID":546,"UUID":"{C8794CDB-5A68-E611-B7C2-F04DA23F2F2A}","HSTNAME":"Zofingen, Bahnhof","VMITTEL":2,"BFS_NR":4289,"GEMEINDE":"Zofingen","EINWOHNER":0,"ARBEITSPL":0,"RADIUS":300,"DIDOKNR":72745,"ANGSTUFE":null,"SLOID":"ch:1:sloid:72745","TU":9}},{"type":"Feature","id":547,"geometry":{"type":"Point","coordinates":[7.9179294415060486,47.077474030489952]},"properties":{"OBJECTID":547,"UUID":"{ADE7C1D5-5A68-E611-B7C2-F04DA23F2F2A}","HSTNAME":"Hofstatt, Grünenboden","VMITTEL":2,"BFS_NR":1135,"GEMEINDE":"Luthern","EINWOHNER":24,"ARBEITSPL":12,"RADIUS":300,"DIDOKNR":72757,"ANGSTUFE":1,"SLOID":"ch:1:sloid:72757","TU":3}},{"type":"Feature","id":548,"geometry":{"type":"Point","coordinates":[7.9888010863287384,47.171668036617433]},"properties":{"OBJECTID":548,"UUID":"{B5E8C1D5-5A68-E611-B7C2-F04DA23F2F2A}","HSTNAME":"Schötz, St. Mauritz","VMITTEL":2,"BFS_NR":1143,"GEMEINDE":"Schötz","EINWOHNER":1172,"ARBEITSPL":320,"RADIUS":300,"DIDOKNR":72763,"ANGSTUFE":3,"SLOID":"ch:1:sloid:72763","TU":3}},{"type":"Feature","id":549,"geometry":{"type":"Point","coordinates":[7.9262485994817045,47.136599603646133]},"properties":{"OBJECTID":549,"UUID":"{AD774CDB-5A68-E611-B7C2-F04DA23F2F2A}","HSTNAME":"Zell LU, Bahnhof","VMITTEL":2,"BFS_NR":1150,"GEMEINDE":"Zell","EINWOHNER":364,"ARBEITSPL":627,"RADIUS":300,"DIDOKNR":72768,"ANGSTUFE":2,"SLOID":"ch:1:sloid:72768","TU":3}},{"type":"Feature","id":550,"geometry":{"type":"Point","coordinates":[7.9751709410651683,47.188364000341956]},"properties":{"OBJECTID":550,"UUID":"{C5774CDB-5A68-E611-B7C2-F04DA23F2F2A}","HSTNAME":"Nebikon, Käserei","VMITTEL":2,"BFS_NR":1137,"GEMEINDE":"Nebikon","EINWOHNER":555,"ARBEITSPL":230,"RADIUS":300,"DIDOKNR":72761,"ANGSTUFE":3,"SLOID":"ch:1:sloid:72761","TU":3}},{"type":"Feature","id":551,"geometry":{"type":"Point","coordinates":[7.8393808027652883,47.224904377533932]},"properties":{"OBJECTID":551,"UUID":"{EB784CDB-5A68-E611-B7C2-F04DA23F2F2A}","HSTNAME":"St. Urban, Tundwilerweg","VMITTEL":2,"BFS_NR":1139,"GEMEINDE":"Pfaffnau","EINWOHNER":253,"ARBEITSPL":9,"RADIUS":300,"DIDOKNR":72785,"ANGSTUFE":2,"SLOID":"ch:1:sloid:72785","TU":3}},{"type":"Feature","id":552,"geometry":{"type":"Point","coordinates":[7.9226759235053725,47.138017901115703]},"properties":{"OBJECTID":552,"UUID":"{A0764CDB-5A68-E611-B7C2-F04DA23F2F2A}","HSTNAME":"Zell LU, St. Urbanstrasse","VMITTEL":2,"BFS_NR":1150,"GEMEINDE":"Zell","EINWOHNER":806,"ARBEITSPL":337,"RADIUS":300,"DIDOKNR":72769,"ANGSTUFE":2,"SLOID":"ch:1:sloid:72769","TU":3}},{"type":"Feature","id":553,"geometry":{"type":"Point","coordinates":[7.9832744894425023,47.119810975198355]},"properties":{"OBJECTID":553,"UUID":"{0EE9C1D5-5A68-E611-B7C2-F04DA23F2F2A}","HSTNAME":"Willisau, Schlüsselacher","VMITTEL":2,"BFS_NR":1151,"GEMEINDE":"Willisau","EINWOHNER":914,"ARBEITSPL":11,"RADIUS":300,"DIDOKNR":72790,"ANGSTUFE":3,"SLOID":"ch:1:sloid:72790","TU":3}},{"type":"Feature","id":554,"geometry":{"type":"Point","coordinates":[7.8865409340037447,47.170860757579867]},"properties":{"OBJECTID":554,"UUID":"{97764CDB-5A68-E611-B7C2-F04DA23F2F2A}","HSTNAME":"Grossdietwil, Post","VMITTEL":2,"BFS_NR":1131,"GEMEINDE":"Grossdietwil","EINWOHNER":290,"ARBEITSPL":112,"RADIUS":300,"DIDOKNR":72774,"ANGSTUFE":2,"SLOID":"ch:1:sloid:72774","TU":3}},{"type":"Feature","id":555,"geometry":{"type":"Point","coordinates":[7.9488441955579328,47.178328322083871]},"properties":{"OBJECTID":555,"UUID":"{83784CDB-5A68-E611-B7C2-F04DA23F2F2A}","HSTNAME":"Ebersecken, Badachtal","VMITTEL":2,"BFS_NR":1123,"GEMEINDE":"Altishofen","EINWOHNER":21,"ARBEITSPL":13,"RADIUS":300,"DIDOKNR":72766,"ANGSTUFE":1,"SLOID":"ch:1:sloid:72766","TU":3}},{"type":"Feature","id":556,"geometry":{"type":"Point","coordinates":[7.9801832055510795,47.11905198923489]},"properties":{"OBJECTID":556,"UUID":"{A1764CDB-5A68-E611-B7C2-F04DA23F2F2A}","HSTNAME":"Willisau, Zopfmatt","VMITTEL":2,"BFS_NR":1151,"GEMEINDE":"Willisau","EINWOHNER":700,"ARBEITSPL":157,"RADIUS":300,"DIDOKNR":72791,"ANGSTUFE":3,"SLOID":"ch:1:sloid:72791","TU":3}},{"type":"Feature","id":557,"geometry":{"type":"Point","coordinates":[7.8837454933164501,47.174145734783849]},"properties":{"OBJECTID":557,"UUID":"{0E794CDB-5A68-E611-B7C2-F04DA23F2F2A}","HSTNAME":"Grossdietwil, Sandgruebe","VMITTEL":2,"BFS_NR":1131,"GEMEINDE":"Grossdietwil","EINWOHNER":94,"ARBEITSPL":25,"RADIUS":300,"DIDOKNR":72775,"ANGSTUFE":2,"SLOID":"ch:1:sloid:72775","TU":3}},{"type":"Feature","id":558,"geometry":{"type":"Point","coordinates":[7.9070014005405298,47.157538852718801]},"properties":{"OBJECTID":558,"UUID":"{8B784CDB-5A68-E611-B7C2-F04DA23F2F2A}","HSTNAME":"Fischbach LU, Krone","VMITTEL":2,"BFS_NR":1129,"GEMEINDE":"Fischbach","EINWOHNER":98,"ARBEITSPL":32,"RADIUS":300,"DIDOKNR":72772,"ANGSTUFE":2,"SLOID":"ch:1:sloid:72772","TU":3}},{"type":"Feature","id":559,"geometry":{"type":"Point","coordinates":[7.9353091555803799,47.181193885148183]},"properties":{"OBJECTID":559,"UUID":"{8A774CDB-5A68-E611-B7C2-F04DA23F2F2A}","HSTNAME":"Ebersecken, Unterdorf","VMITTEL":2,"BFS_NR":1123,"GEMEINDE":"Altishofen","EINWOHNER":38,"ARBEITSPL":75,"RADIUS":300,"DIDOKNR":72767,"ANGSTUFE":1,"SLOID":"ch:1:sloid:72767","TU":3}},{"type":"Feature","id":560,"geometry":{"type":"Point","coordinates":[7.9971716362104246,47.122107463436869]},"properties":{"OBJECTID":560,"UUID":"{82764CDB-5A68-E611-B7C2-F04DA23F2F2A}","HSTNAME":"Willisau, Bahnhof","VMITTEL":2,"BFS_NR":1151,"GEMEINDE":"Willisau","EINWOHNER":596,"ARBEITSPL":480,"RADIUS":300,"DIDOKNR":72788,"ANGSTUFE":4,"SLOID":"ch:1:sloid:72788","TU":3}},{"type":"Feature","id":561,"geometry":{"type":"Point","coordinates":[8.3361172488326822,47.070984052447251]},"properties":{"OBJECTID":561,"UUID":"{5B794CDB-5A68-E611-B7C2-F04DA23F2F2A}","HSTNAME":"Ebikon, Schlössli","VMITTEL":2,"BFS_NR":1054,"GEMEINDE":"Ebikon","EINWOHNER":143,"ARBEITSPL":4,"RADIUS":300,"DIDOKNR":73060,"ANGSTUFE":3,"SLOID":"ch:1:sloid:73060","TU":11}},{"type":"Feature","id":562,"geometry":{"type":"Point","coordinates":[7.9013760542816334,47.162760665438313]},"properties":{"OBJECTID":562,"UUID":"{F9794CDB-5A68-E611-B7C2-F04DA23F2F2A}","HSTNAME":"Fischbach LU, Reiferswil","VMITTEL":2,"BFS_NR":1129,"GEMEINDE":"Fischbach","EINWOHNER":12,"ARBEITSPL":16,"RADIUS":300,"DIDOKNR":72773,"ANGSTUFE":2,"SLOID":"ch:1:sloid:72773","TU":3}},{"type":"Feature","id":563,"geometry":{"type":"Point","coordinates":[8.3429949603150551,47.071271943396411]},"properties":{"OBJECTID":563,"UUID":"{D8754CDB-5A68-E611-B7C2-F04DA23F2F2A}","HSTNAME":"Ebikon, Bühl","VMITTEL":2,"BFS_NR":1054,"GEMEINDE":"Ebikon","EINWOHNER":50,"ARBEITSPL":31,"RADIUS":300,"DIDOKNR":73061,"ANGSTUFE":3,"SLOID":"ch:1:sloid:73061","TU":11}},{"type":"Feature","id":564,"geometry":{"type":"Point","coordinates":[7.9747713730240415,47.170861687973783]},"properties":{"OBJECTID":564,"UUID":"{E5764CDB-5A68-E611-B7C2-F04DA23F2F2A}","HSTNAME":"Schötz, Feld","VMITTEL":2,"BFS_NR":1143,"GEMEINDE":"Schötz","EINWOHNER":50,"ARBEITSPL":66,"RADIUS":300,"DIDOKNR":72764,"ANGSTUFE":1,"SLOID":"ch:1:sloid:72764","TU":3}},{"type":"Feature","id":565,"geometry":{"type":"Point","coordinates":[7.9637392800350986,47.105779505035905]},"properties":{"OBJECTID":565,"UUID":"{F9E8C1D5-5A68-E611-B7C2-F04DA23F2F2A}","HSTNAME":"Willisau, Breiten","VMITTEL":2,"BFS_NR":1151,"GEMEINDE":"Willisau","EINWOHNER":26,"ARBEITSPL":48,"RADIUS":300,"DIDOKNR":72794,"ANGSTUFE":2,"SLOID":"ch:1:sloid:72794","TU":3}},{"type":"Feature","id":566,"geometry":{"type":"Point","coordinates":[7.8763163885350505,47.183528870424055]},"properties":{"OBJECTID":566,"UUID":"{7F764CDB-5A68-E611-B7C2-F04DA23F2F2A}","HSTNAME":"Altbüron, Halde","VMITTEL":2,"BFS_NR":1122,"GEMEINDE":"Altbüron","EINWOHNER":71,"ARBEITSPL":61,"RADIUS":300,"DIDOKNR":72778,"ANGSTUFE":2,"SLOID":"ch:1:sloid:72778","TU":3}},{"type":"Feature","id":567,"geometry":{"type":"Point","coordinates":[7.9630883571794548,47.102535243609438]},"properties":{"OBJECTID":567,"UUID":"{2D784CDB-5A68-E611-B7C2-F04DA23F2F2A}","HSTNAME":"Willisau, Feldmatt-Kapelle","VMITTEL":2,"BFS_NR":1151,"GEMEINDE":"Willisau","EINWOHNER":24,"ARBEITSPL":14,"RADIUS":300,"DIDOKNR":72795,"ANGSTUFE":2,"SLOID":"ch:1:sloid:72795","TU":3}},{"type":"Feature","id":568,"geometry":{"type":"Point","coordinates":[8.3810709377090706,47.073430661538985]},"properties":{"OBJECTID":568,"UUID":"{EA754CDB-5A68-E611-B7C2-F04DA23F2F2A}","HSTNAME":"Adligenswil, Chliäbnet","VMITTEL":2,"BFS_NR":1051,"GEMEINDE":"Adligenswil","EINWOHNER":280,"ARBEITSPL":90,"RADIUS":300,"DIDOKNR":73066,"ANGSTUFE":3,"SLOID":"ch:1:sloid:73066","TU":3}},{"type":"Feature","id":569,"geometry":{"type":"Point","coordinates":[7.8708734985147171,47.187543131571047]},"properties":{"OBJECTID":569,"UUID":"{037A4CDB-5A68-E611-B7C2-F04DA23F2F2A}","HSTNAME":"Altbüron, Feld","VMITTEL":2,"BFS_NR":1122,"GEMEINDE":"Altbüron","EINWOHNER":13,"ARBEITSPL":6,"RADIUS":300,"DIDOKNR":72779,"ANGSTUFE":2,"SLOID":"ch:1:sloid:72779","TU":3}},{"type":"Feature","id":570,"geometry":{"type":"Point","coordinates":[7.9689793252872203,47.174711362174698]},"properties":{"OBJECTID":570,"UUID":"{B0754CDB-5A68-E611-B7C2-F04DA23F2F2A}","HSTNAME":"Schötz, Gläng","VMITTEL":2,"BFS_NR":1143,"GEMEINDE":"Schötz","EINWOHNER":21,"ARBEITSPL":6,"RADIUS":300,"DIDOKNR":72765,"ANGSTUFE":1,"SLOID":"ch:1:sloid:72765","TU":3}},{"type":"Feature","id":571,"geometry":{"type":"Point","coordinates":[7.9756840002506557,47.117175115355806]},"properties":{"OBJECTID":571,"UUID":"{5D764CDB-5A68-E611-B7C2-F04DA23F2F2A}","HSTNAME":"Käppelimatt b. Willisau","VMITTEL":2,"BFS_NR":1151,"GEMEINDE":"Willisau","EINWOHNER":82,"ARBEITSPL":13,"RADIUS":300,"DIDOKNR":72792,"ANGSTUFE":3,"SLOID":"ch:1:sloid:72792","TU":3}},{"type":"Feature","id":572,"geometry":{"type":"Point","coordinates":[7.8816338566967934,47.17880423095874]},"properties":{"OBJECTID":572,"UUID":"{68774CDB-5A68-E611-B7C2-F04DA23F2F2A}","HSTNAME":"Altbüron, Hiltbrunnen","VMITTEL":2,"BFS_NR":1122,"GEMEINDE":"Altbüron","EINWOHNER":128,"ARBEITSPL":35,"RADIUS":300,"DIDOKNR":72776,"ANGSTUFE":3,"SLOID":"ch:1:sloid:72776","TU":3}},{"type":"Feature","id":573,"geometry":{"type":"Point","coordinates":[8.3678112180223536,47.070363236733677]},"properties":{"OBJECTID":573,"UUID":"{50E8C1D5-5A68-E611-B7C2-F04DA23F2F2A}","HSTNAME":"Adligenswil, Blatte","VMITTEL":2,"BFS_NR":1051,"GEMEINDE":"Adligenswil","EINWOHNER":516,"ARBEITSPL":79,"RADIUS":300,"DIDOKNR":73064,"ANGSTUFE":3,"SLOID":"ch:1:sloid:73064","TU":3}},{"type":"Feature","id":574,"geometry":{"type":"Point","coordinates":[7.9710142310034025,47.111359007197045]},"properties":{"OBJECTID":574,"UUID":"{C4E8C1D5-5A68-E611-B7C2-F04DA23F2F2A}","HSTNAME":"Willisau, Feld","VMITTEL":2,"BFS_NR":1151,"GEMEINDE":"Willisau","EINWOHNER":11,"ARBEITSPL":2,"RADIUS":300,"DIDOKNR":72793,"ANGSTUFE":2,"SLOID":"ch:1:sloid:72793","TU":3}},{"type":"Feature","id":575,"geometry":{"type":"Point","coordinates":[7.9110684007255649,47.149174919269534]},"properties":{"OBJECTID":575,"UUID":"{F8754CDB-5A68-E611-B7C2-F04DA23F2F2A}","HSTNAME":"Fischbach LU, Leimbütz","VMITTEL":2,"BFS_NR":1129,"GEMEINDE":"Fischbach","EINWOHNER":155,"ARBEITSPL":27,"RADIUS":300,"DIDOKNR":72770,"ANGSTUFE":2,"SLOID":"ch:1:sloid:72770","TU":3}},{"type":"Feature","id":576,"geometry":{"type":"Point","coordinates":[8.3782928573821067,47.071186527279792]},"properties":{"OBJECTID":576,"UUID":"{2CE9C1D5-5A68-E611-B7C2-F04DA23F2F2A}","HSTNAME":"Adligenswil, Sagi","VMITTEL":2,"BFS_NR":1051,"GEMEINDE":"Adligenswil","EINWOHNER":445,"ARBEITSPL":226,"RADIUS":300,"DIDOKNR":73065,"ANGSTUFE":3,"SLOID":"ch:1:sloid:73065","TU":3}},{"type":"Feature","id":577,"geometry":{"type":"Point","coordinates":[7.8797522986592359,47.181006199951106]},"properties":{"OBJECTID":577,"UUID":"{C8764CDB-5A68-E611-B7C2-F04DA23F2F2A}","HSTNAME":"Altbüron, Post","VMITTEL":2,"BFS_NR":1122,"GEMEINDE":"Altbüron","EINWOHNER":130,"ARBEITSPL":182,"RADIUS":300,"DIDOKNR":72777,"ANGSTUFE":2,"SLOID":"ch:1:sloid:72777","TU":3}},{"type":"Feature","id":578,"geometry":{"type":"Point","coordinates":[7.9571076808858718,47.084832982940561]},"properties":{"OBJECTID":578,"UUID":"{E5754CDB-5A68-E611-B7C2-F04DA23F2F2A}","HSTNAME":"Hergiswil LU, Dorf","VMITTEL":2,"BFS_NR":1132,"GEMEINDE":"Hergiswil","EINWOHNER":198,"ARBEITSPL":172,"RADIUS":300,"DIDOKNR":72798,"ANGSTUFE":2,"SLOID":"ch:1:sloid:72798","TU":3}},{"type":"Feature","id":579,"geometry":{"type":"Point","coordinates":[7.9093566401613131,47.152438106192186]},"properties":{"OBJECTID":579,"UUID":"{2EE9C1D5-5A68-E611-B7C2-F04DA23F2F2A}","HSTNAME":"Fischbach LU, alte Post","VMITTEL":2,"BFS_NR":1129,"GEMEINDE":"Fischbach","EINWOHNER":214,"ARBEITSPL":17,"RADIUS":300,"DIDOKNR":72771,"ANGSTUFE":2,"SLOID":"ch:1:sloid:72771","TU":3}},{"type":"Feature","id":580,"geometry":{"type":"Point","coordinates":[8.4013276445687648,47.090615231850144]},"properties":{"OBJECTID":580,"UUID":"{56E8C1D5-5A68-E611-B7C2-F04DA23F2F2A}","HSTNAME":"Udligenswil, alte Post","VMITTEL":2,"BFS_NR":1067,"GEMEINDE":"Udligenswil","EINWOHNER":726,"ARBEITSPL":163,"RADIUS":300,"DIDOKNR":73070,"ANGSTUFE":4,"SLOID":"ch:1:sloid:73070","TU":3}},{"type":"Feature","id":581,"geometry":{"type":"Point","coordinates":[7.9522404077604376,47.075760740392326]},"properties":{"OBJECTID":581,"UUID":"{14E8C1D5-5A68-E611-B7C2-F04DA23F2F2A}","HSTNAME":"Hergiswil LU, Luegental","VMITTEL":2,"BFS_NR":1132,"GEMEINDE":"Hergiswil","EINWOHNER":23,"ARBEITSPL":36,"RADIUS":300,"DIDOKNR":72799,"ANGSTUFE":2,"SLOID":"ch:1:sloid:72799","TU":3}},{"type":"Feature","id":582,"geometry":{"type":"Point","coordinates":[8.404773128077462,47.093968660708114]},"properties":{"OBJECTID":582,"UUID":"{E8774CDB-5A68-E611-B7C2-F04DA23F2F2A}","HSTNAME":"Udligenswil, Schützenmatt","VMITTEL":2,"BFS_NR":1067,"GEMEINDE":"Udligenswil","EINWOHNER":232,"ARBEITSPL":29,"RADIUS":300,"DIDOKNR":73071,"ANGSTUFE":3,"SLOID":"ch:1:sloid:73071","TU":3}},{"type":"Feature","id":583,"geometry":{"type":"Point","coordinates":[8.3913345839458522,47.079723888718419]},"properties":{"OBJECTID":583,"UUID":"{44784CDB-5A68-E611-B7C2-F04DA23F2F2A}","HSTNAME":"Udligenswil, Götzentalstrasse","VMITTEL":2,"BFS_NR":1067,"GEMEINDE":"Udligenswil","EINWOHNER":20,"ARBEITSPL":55,"RADIUS":300,"DIDOKNR":73068,"ANGSTUFE":4,"SLOID":"ch:1:sloid:73068","TU":3}},{"type":"Feature","id":584,"geometry":{"type":"Point","coordinates":[7.9599323816713401,47.088211377118654]},"properties":{"OBJECTID":584,"UUID":"{267A4CDB-5A68-E611-B7C2-F04DA23F2F2A}","HSTNAME":"Hergiswil LU, Untere Schmiede","VMITTEL":2,"BFS_NR":1132,"GEMEINDE":"Hergiswil","EINWOHNER":260,"ARBEITSPL":25,"RADIUS":300,"DIDOKNR":72797,"ANGSTUFE":2,"SLOID":"ch:1:sloid:72797","TU":3}},{"type":"Feature","id":585,"geometry":{"type":"Point","coordinates":[8.3985711850359159,47.083792637327313]},"properties":{"OBJECTID":585,"UUID":"{3D7A4CDB-5A68-E611-B7C2-F04DA23F2F2A}","HSTNAME":"Udligenswil, Neuheim","VMITTEL":2,"BFS_NR":1067,"GEMEINDE":"Udligenswil","EINWOHNER":305,"ARBEITSPL":23,"RADIUS":300,"DIDOKNR":73069,"ANGSTUFE":4,"SLOID":"ch:1:sloid:73069","TU":3}},{"type":"Feature","id":586,"geometry":{"type":"Point","coordinates":[7.8573402202673934,47.204962105354817]},"properties":{"OBJECTID":586,"UUID":"{AAE8C1D5-5A68-E611-B7C2-F04DA23F2F2A}","HSTNAME":"St. Urban, Unterberghof","VMITTEL":2,"BFS_NR":1139,"GEMEINDE":"Pfaffnau","EINWOHNER":12,"ARBEITSPL":2,"RADIUS":300,"DIDOKNR":72781,"ANGSTUFE":2,"SLOID":"ch:1:sloid:72781","TU":3}},{"type":"Feature","id":587,"geometry":{"type":"Point","coordinates":[8.3240280136866343,47.067793793117517]},"properties":{"OBJECTID":587,"UUID":"{53764CDB-5A68-E611-B7C2-F04DA23F2F2A}","HSTNAME":"Luzern, Unterlöchli","VMITTEL":3,"BFS_NR":1061,"GEMEINDE":"Luzern","EINWOHNER":492,"ARBEITSPL":177,"RADIUS":300,"DIDOKNR":73058,"ANGSTUFE":5,"SLOID":"ch:1:sloid:73058","TU":11}},{"type":"Feature","id":588,"geometry":{"type":"Point","coordinates":[8.4342281537635539,47.113219749571783]},"properties":{"OBJECTID":588,"UUID":"{EB794CDB-5A68-E611-B7C2-F04DA23F2F2A}","HSTNAME":"Meierskappel, Feissenacher","VMITTEL":2,"BFS_NR":1064,"GEMEINDE":"Meierskappel","EINWOHNER":22,"ARBEITSPL":7,"RADIUS":300,"DIDOKNR":73075,"ANGSTUFE":3,"SLOID":"ch:1:sloid:73075","TU":3}},{"type":"Feature","id":589,"geometry":{"type":"Point","coordinates":[8.3286217983229935,47.069962902978709]},"properties":{"OBJECTID":589,"UUID":"{6D794CDB-5A68-E611-B7C2-F04DA23F2F2A}","HSTNAME":"Ebikon, Schweizerheim","VMITTEL":2,"BFS_NR":1054,"GEMEINDE":"Ebikon","EINWOHNER":85,"ARBEITSPL":26,"RADIUS":300,"DIDOKNR":73059,"ANGSTUFE":3,"SLOID":"ch:1:sloid:73059","TU":11}},{"type":"Feature","id":590,"geometry":{"type":"Point","coordinates":[8.4127418813576647,47.100468178460758]},"properties":{"OBJECTID":590,"UUID":"{057A4CDB-5A68-E611-B7C2-F04DA23F2F2A}","HSTNAME":"Udligenswil, Dreiangel","VMITTEL":2,"BFS_NR":1067,"GEMEINDE":"Udligenswil","EINWOHNER":8,"ARBEITSPL":6,"RADIUS":300,"DIDOKNR":73072,"ANGSTUFE":3,"SLOID":"ch:1:sloid:73072","TU":3}},{"type":"Feature","id":591,"geometry":{"type":"Point","coordinates":[8.4398742095433121,47.119197766541156]},"properties":{"OBJECTID":591,"UUID":"{0C7A4CDB-5A68-E611-B7C2-F04DA23F2F2A}","HSTNAME":"Meierskappel, Käppelihof","VMITTEL":2,"BFS_NR":1064,"GEMEINDE":"Meierskappel","EINWOHNER":292,"ARBEITSPL":28,"RADIUS":300,"DIDOKNR":73076,"ANGSTUFE":3,"SLOID":"ch:1:sloid:73076","TU":3}},{"type":"Feature","id":592,"geometry":{"type":"Point","coordinates":[8.3177540167764317,47.057871082882315]},"properties":{"OBJECTID":592,"UUID":"{77764CDB-5A68-E611-B7C2-F04DA23F2F2A}","HSTNAME":"Luzern, Gärtnerstrasse","VMITTEL":2,"BFS_NR":1061,"GEMEINDE":"Luzern","EINWOHNER":538,"ARBEITSPL":213,"RADIUS":300,"DIDOKNR":73056,"ANGSTUFE":4,"SLOID":"ch:1:sloid:73056","TU":11}},{"type":"Feature","id":593,"geometry":{"type":"Point","coordinates":[8.4205699572390742,47.106374642688969]},"properties":{"OBJECTID":593,"UUID":"{C2E7C1D5-5A68-E611-B7C2-F04DA23F2F2A}","HSTNAME":"Meierskappel, Robmatt","VMITTEL":2,"BFS_NR":1064,"GEMEINDE":"Meierskappel","EINWOHNER":24,"ARBEITSPL":13,"RADIUS":300,"DIDOKNR":73073,"ANGSTUFE":3,"SLOID":"ch:1:sloid:73073","TU":3}},{"type":"Feature","id":594,"geometry":{"type":"Point","coordinates":[8.4432458396355941,47.12470964209254]},"properties":{"OBJECTID":594,"UUID":"{19784CDB-5A68-E611-B7C2-F04DA23F2F2A}","HSTNAME":"Meierskappel, Dorfplatz","VMITTEL":2,"BFS_NR":1064,"GEMEINDE":"Meierskappel","EINWOHNER":696,"ARBEITSPL":99,"RADIUS":300,"DIDOKNR":73077,"ANGSTUFE":3,"SLOID":"ch:1:sloid:73077","TU":3}},{"type":"Feature","id":595,"geometry":{"type":"Point","coordinates":[8.4446718928681896,47.13186665662343]},"properties":{"OBJECTID":595,"UUID":"{45764CDB-5A68-E611-B7C2-F04DA23F2F2A}","HSTNAME":"Rotkreuz, Breitfeld","VMITTEL":2,"BFS_NR":1707,"GEMEINDE":"Risch","EINWOHNER":0,"ARBEITSPL":0,"RADIUS":300,"DIDOKNR":73078,"ANGSTUFE":null,"SLOID":"ch:1:sloid:73078","TU":3}},{"type":"Feature","id":596,"geometry":{"type":"Point","coordinates":[8.3502335323222745,47.07264502329604]},"properties":{"OBJECTID":596,"UUID":"{F9754CDB-5A68-E611-B7C2-F04DA23F2F2A}","HSTNAME":"Adligenswil, Stuben","VMITTEL":2,"BFS_NR":1051,"GEMEINDE":"Adligenswil","EINWOHNER":86,"ARBEITSPL":314,"RADIUS":300,"DIDOKNR":73062,"ANGSTUFE":3,"SLOID":"ch:1:sloid:73062","TU":11}},{"type":"Feature","id":597,"geometry":{"type":"Point","coordinates":[8.4319587281657267,47.136510938642601]},"properties":{"OBJECTID":597,"UUID":"{42764CDB-5A68-E611-B7C2-F04DA23F2F2A}","HSTNAME":"Rotkreuz, Weidstrasse","VMITTEL":2,"BFS_NR":1707,"GEMEINDE":"Risch","EINWOHNER":0,"ARBEITSPL":0,"RADIUS":300,"DIDOKNR":73079,"ANGSTUFE":null,"SLOID":"ch:1:sloid:73079","TU":3}},{"type":"Feature","id":598,"geometry":{"type":"Point","coordinates":[8.3599530011530927,47.073548000152634]},"properties":{"OBJECTID":598,"UUID":"{20E8C1D5-5A68-E611-B7C2-F04DA23F2F2A}","HSTNAME":"Adligenswil, Widspüel","VMITTEL":2,"BFS_NR":1051,"GEMEINDE":"Adligenswil","EINWOHNER":1014,"ARBEITSPL":126,"RADIUS":300,"DIDOKNR":73063,"ANGSTUFE":3,"SLOID":"ch:1:sloid:73063","TU":11}},{"type":"Feature","id":599,"geometry":{"type":"Point","coordinates":[8.4329741867032872,47.139371743967303]},"properties":{"OBJECTID":599,"UUID":"{EA764CDB-5A68-E611-B7C2-F04DA23F2F2A}","HSTNAME":"Rotkreuz, Schulanlagen","VMITTEL":2,"BFS_NR":1707,"GEMEINDE":"Risch","EINWOHNER":0,"ARBEITSPL":0,"RADIUS":300,"DIDOKNR":73080,"ANGSTUFE":null,"SLOID":"ch:1:sloid:73080","TU":3}},{"type":"Feature","id":600,"geometry":{"type":"Point","coordinates":[8.4303098314369844,47.141436736363097]},"properties":{"OBJECTID":600,"UUID":"{7C794CDB-5A68-E611-B7C2-F04DA23F2F2A}","HSTNAME":"Rotkreuz, Bahnhof Süd","VMITTEL":2,"BFS_NR":1707,"GEMEINDE":"Risch","EINWOHNER":0,"ARBEITSPL":0,"RADIUS":300,"DIDOKNR":73081,"ANGSTUFE":null,"SLOID":"ch:1:sloid:73081","TU":3}},{"type":"Feature","id":601,"geometry":{"type":"Point","coordinates":[8.3366167578409343,46.976588918581598]},"properties":{"OBJECTID":601,"UUID":"{7C784CDB-5A68-E611-B7C2-F04DA23F2F2A}","HSTNAME":"Stansstad, Bahnhof","VMITTEL":2,"BFS_NR":1510,"GEMEINDE":"Stansstad","EINWOHNER":0,"ARBEITSPL":0,"RADIUS":300,"DIDOKNR":72928,"ANGSTUFE":null,"SLOID":"ch:1:sloid:72928","TU":3}},{"type":"Feature","id":602,"geometry":{"type":"Point","coordinates":[8.3419516350425837,46.978076289943068]},"properties":{"OBJECTID":602,"UUID":"{D7E8C1D5-5A68-E611-B7C2-F04DA23F2F2A}","HSTNAME":"Stansstad, Bürgenstockstrasse","VMITTEL":2,"BFS_NR":1510,"GEMEINDE":"Stansstad","EINWOHNER":0,"ARBEITSPL":0,"RADIUS":300,"DIDOKNR":72929,"ANGSTUFE":null,"SLOID":"ch:1:sloid:72929","TU":3}},{"type":"Feature","id":603,"geometry":{"type":"Point","coordinates":[8.3747630193804188,46.961764644607072]},"properties":{"OBJECTID":603,"UUID":"{3C7A4CDB-5A68-E611-B7C2-F04DA23F2F2A}","HSTNAME":"Stans, Mettenweg","VMITTEL":2,"BFS_NR":1509,"GEMEINDE":"Stans","EINWOHNER":0,"ARBEITSPL":0,"RADIUS":300,"DIDOKNR":72938,"ANGSTUFE":null,"SLOID":"ch:1:sloid:72938","TU":3}},{"type":"Feature","id":604,"geometry":{"type":"Point","coordinates":[8.343505030444371,46.979782226200562]},"properties":{"OBJECTID":604,"UUID":"{4D784CDB-5A68-E611-B7C2-F04DA23F2F2A}","HSTNAME":"Stansstad, Sommerweid","VMITTEL":2,"BFS_NR":1510,"GEMEINDE":"Stansstad","EINWOHNER":0,"ARBEITSPL":0,"RADIUS":300,"DIDOKNR":72930,"ANGSTUFE":null,"SLOID":"ch:1:sloid:72930","TU":3}},{"type":"Feature","id":605,"geometry":{"type":"Point","coordinates":[8.3814540437995841,46.972414805072233]},"properties":{"OBJECTID":605,"UUID":"{36764CDB-5A68-E611-B7C2-F04DA23F2F2A}","HSTNAME":"Stans, Pilatuswerke","VMITTEL":2,"BFS_NR":1509,"GEMEINDE":"Stans","EINWOHNER":0,"ARBEITSPL":0,"RADIUS":300,"DIDOKNR":72939,"ANGSTUFE":null,"SLOID":"ch:1:sloid:72939","TU":3}},{"type":"Feature","id":606,"geometry":{"type":"Point","coordinates":[8.353487048807402,46.980116829659352]},"properties":{"OBJECTID":606,"UUID":"{9E764CDB-5A68-E611-B7C2-F04DA23F2F2A}","HSTNAME":"Stansstad, Seewli","VMITTEL":2,"BFS_NR":1510,"GEMEINDE":"Stansstad","EINWOHNER":0,"ARBEITSPL":0,"RADIUS":300,"DIDOKNR":72931,"ANGSTUFE":null,"SLOID":"ch:1:sloid:72931","TU":3}},{"type":"Feature","id":607,"geometry":{"type":"Point","coordinates":[8.414701194940287,46.97948617374351]},"properties":{"OBJECTID":607,"UUID":"{AC784CDB-5A68-E611-B7C2-F04DA23F2F2A}","HSTNAME":"Ennetbürgen, Strandbad","VMITTEL":2,"BFS_NR":1505,"GEMEINDE":"Ennetbürgen","EINWOHNER":0,"ARBEITSPL":0,"RADIUS":300,"DIDOKNR":72942,"ANGSTUFE":null,"SLOID":"ch:1:sloid:72942","TU":3}},{"type":"Feature","id":608,"geometry":{"type":"Point","coordinates":[8.4086990867126783,46.983387315254973]},"properties":{"OBJECTID":608,"UUID":"{E3774CDB-5A68-E611-B7C2-F04DA23F2F2A}","HSTNAME":"Ennetbürgen, Oeltrotte","VMITTEL":2,"BFS_NR":1505,"GEMEINDE":"Ennetbürgen","EINWOHNER":0,"ARBEITSPL":0,"RADIUS":300,"DIDOKNR":72941,"ANGSTUFE":null,"SLOID":"ch:1:sloid:72941","TU":3}},{"type":"Feature","id":609,"geometry":{"type":"Point","coordinates":[8.5599184363927474,46.958690489761487]},"properties":{"OBJECTID":609,"UUID":"{BA764CDB-5A68-E611-B7C2-F04DA23F2F2A}","HSTNAME":"Seelisberg, Laui","VMITTEL":2,"BFS_NR":1215,"GEMEINDE":"Seelisberg","EINWOHNER":0,"ARBEITSPL":0,"RADIUS":300,"DIDOKNR":72953,"ANGSTUFE":null,"SLOID":"ch:1:sloid:72953","TU":3}},{"type":"Feature","id":610,"geometry":{"type":"Point","coordinates":[8.4474301030040788,46.971790296051985]},"properties":{"OBJECTID":610,"UUID":"{66794CDB-5A68-E611-B7C2-F04DA23F2F2A}","HSTNAME":"Buochs, Unterfeld","VMITTEL":2,"BFS_NR":1502,"GEMEINDE":"Buochs","EINWOHNER":0,"ARBEITSPL":0,"RADIUS":300,"DIDOKNR":72946,"ANGSTUFE":null,"SLOID":"ch:1:sloid:72946","TU":3}},{"type":"Feature","id":611,"geometry":{"type":"Point","coordinates":[8.5856906127036545,46.975582018503239]},"properties":{"OBJECTID":611,"UUID":"{99E7C1D5-5A68-E611-B7C2-F04DA23F2F2A}","HSTNAME":"Seelisberg, Dorf","VMITTEL":2,"BFS_NR":1215,"GEMEINDE":"Seelisberg","EINWOHNER":0,"ARBEITSPL":0,"RADIUS":300,"DIDOKNR":72958,"ANGSTUFE":null,"SLOID":"ch:1:sloid:72958","TU":3}},{"type":"Feature","id":612,"geometry":{"type":"Point","coordinates":[8.4185940985578505,46.97600756671271]},"properties":{"OBJECTID":612,"UUID":"{76E8C1D5-5A68-E611-B7C2-F04DA23F2F2A}","HSTNAME":"Buochs, Ausserdorf","VMITTEL":2,"BFS_NR":1502,"GEMEINDE":"Buochs","EINWOHNER":0,"ARBEITSPL":0,"RADIUS":300,"DIDOKNR":72943,"ANGSTUFE":null,"SLOID":"ch:1:sloid:72943","TU":3}},{"type":"Feature","id":613,"geometry":{"type":"Point","coordinates":[8.5869715475092825,46.978321999376249]},"properties":{"OBJECTID":613,"UUID":"{F3764CDB-5A68-E611-B7C2-F04DA23F2F2A}","HSTNAME":"Seelisberg, Bahnhof","VMITTEL":2,"BFS_NR":1215,"GEMEINDE":"Seelisberg","EINWOHNER":0,"ARBEITSPL":0,"RADIUS":300,"DIDOKNR":72959,"ANGSTUFE":null,"SLOID":"ch:1:sloid:72959","TU":3}},{"type":"Feature","id":614,"geometry":{"type":"Point","coordinates":[8.1564742086968387,47.203558913946999]},"properties":{"OBJECTID":614,"UUID":"{20764CDB-5A68-E611-B7C2-F04DA23F2F2A}","HSTNAME":"Gunzwil, Hasenhusen","VMITTEL":2,"BFS_NR":1081,"GEMEINDE":"Beromünster","EINWOHNER":19,"ARBEITSPL":81,"RADIUS":300,"DIDOKNR":72971,"ANGSTUFE":3,"SLOID":"ch:1:sloid:72971","TU":3}},{"type":"Feature","id":615,"geometry":{"type":"Point","coordinates":[8.4790695053626894,46.963950932943625]},"properties":{"OBJECTID":615,"UUID":"{4F784CDB-5A68-E611-B7C2-F04DA23F2F2A}","HSTNAME":"Beckenried, Boden","VMITTEL":2,"BFS_NR":1501,"GEMEINDE":"Beckenried","EINWOHNER":0,"ARBEITSPL":0,"RADIUS":300,"DIDOKNR":72947,"ANGSTUFE":null,"SLOID":"ch:1:sloid:72947","TU":3}},{"type":"Feature","id":616,"geometry":{"type":"Point","coordinates":[8.5795152699456043,46.965163193527161]},"properties":{"OBJECTID":616,"UUID":"{19E8C1D5-5A68-E611-B7C2-F04DA23F2F2A}","HSTNAME":"Seelisberg, Schmidig","VMITTEL":2,"BFS_NR":1215,"GEMEINDE":"Seelisberg","EINWOHNER":0,"ARBEITSPL":0,"RADIUS":300,"DIDOKNR":72956,"ANGSTUFE":null,"SLOID":"ch:1:sloid:72956","TU":3}},{"type":"Feature","id":617,"geometry":{"type":"Point","coordinates":[8.3967388235422806,46.979061935606261]},"properties":{"OBJECTID":617,"UUID":"{33764CDB-5A68-E611-B7C2-F04DA23F2F2A}","HSTNAME":"Ennetbürgen, Herdern","VMITTEL":2,"BFS_NR":1505,"GEMEINDE":"Ennetbürgen","EINWOHNER":0,"ARBEITSPL":0,"RADIUS":300,"DIDOKNR":72940,"ANGSTUFE":null,"SLOID":"ch:1:sloid:72940","TU":3}},{"type":"Feature","id":618,"geometry":{"type":"Point","coordinates":[8.5862987989964061,46.970214255977218]},"properties":{"OBJECTID":618,"UUID":"{F7754CDB-5A68-E611-B7C2-F04DA23F2F2A}","HSTNAME":"Seelisberg, Hotel Sonnenberg","VMITTEL":2,"BFS_NR":1215,"GEMEINDE":"Seelisberg","EINWOHNER":0,"ARBEITSPL":0,"RADIUS":300,"DIDOKNR":72957,"ANGSTUFE":null,"SLOID":"ch:1:sloid:72957","TU":3}},{"type":"Feature","id":619,"geometry":{"type":"Point","coordinates":[8.4160374828079245,46.973465577060608]},"properties":{"OBJECTID":619,"UUID":"{C7E7C1D5-5A68-E611-B7C2-F04DA23F2F2A}","HSTNAME":"Buochs, Schürmatt","VMITTEL":2,"BFS_NR":1502,"GEMEINDE":"Buochs","EINWOHNER":0,"ARBEITSPL":0,"RADIUS":300,"DIDOKNR":72944,"ANGSTUFE":null,"SLOID":"ch:1:sloid:72944","TU":3}},{"type":"Feature","id":620,"geometry":{"type":"Point","coordinates":[8.1572607119061615,47.192346145486312]},"properties":{"OBJECTID":620,"UUID":"{E4764CDB-5A68-E611-B7C2-F04DA23F2F2A}","HSTNAME":"Gunzwil, Chommle","VMITTEL":2,"BFS_NR":1081,"GEMEINDE":"Beromünster","EINWOHNER":18,"ARBEITSPL":25,"RADIUS":300,"DIDOKNR":72969,"ANGSTUFE":3,"SLOID":"ch:1:sloid:72969","TU":3}},{"type":"Feature","id":621,"geometry":{"type":"Point","coordinates":[8.1641264786543033,47.214044186906307]},"properties":{"OBJECTID":621,"UUID":"{A3764CDB-5A68-E611-B7C2-F04DA23F2F2A}","HSTNAME":"Gunzwil, Kagiswil","VMITTEL":2,"BFS_NR":1081,"GEMEINDE":"Beromünster","EINWOHNER":28,"ARBEITSPL":14,"RADIUS":300,"DIDOKNR":72974,"ANGSTUFE":3,"SLOID":"ch:1:sloid:72974","TU":3}},{"type":"Feature","id":622,"geometry":{"type":"Point","coordinates":[8.4322788704617242,46.974018649287515]},"properties":{"OBJECTID":622,"UUID":"{00764CDB-5A68-E611-B7C2-F04DA23F2F2A}","HSTNAME":"Buochs, Linden","VMITTEL":2,"BFS_NR":1502,"GEMEINDE":"Buochs","EINWOHNER":0,"ARBEITSPL":0,"RADIUS":300,"DIDOKNR":72945,"ANGSTUFE":null,"SLOID":"ch:1:sloid:72945","TU":3}},{"type":"Feature","id":623,"geometry":{"type":"Point","coordinates":[8.505859470969245,46.958486954875866]},"properties":{"OBJECTID":623,"UUID":"{58774CDB-5A68-E611-B7C2-F04DA23F2F2A}","HSTNAME":"Emmetten, Schöneck","VMITTEL":2,"BFS_NR":1504,"GEMEINDE":"Emmetten","EINWOHNER":0,"ARBEITSPL":0,"RADIUS":300,"DIDOKNR":72950,"ANGSTUFE":null,"SLOID":"ch:1:sloid:72950","TU":3}},{"type":"Feature","id":624,"geometry":{"type":"Point","coordinates":[8.1013569335506261,47.172694376219795]},"properties":{"OBJECTID":624,"UUID":"{87774CDB-5A68-E611-B7C2-F04DA23F2F2A}","HSTNAME":"Sursee, Park","VMITTEL":8,"BFS_NR":1103,"GEMEINDE":"Sursee","EINWOHNER":854,"ARBEITSPL":1505,"RADIUS":300,"DIDOKNR":72961,"ANGSTUFE":5,"SLOID":"ch:1:sloid:72961","TU":3}},{"type":"Feature","id":625,"geometry":{"type":"Point","coordinates":[8.1797169982550866,47.211165483089346]},"properties":{"OBJECTID":625,"UUID":"{B8774CDB-5A68-E611-B7C2-F04DA23F2F2A}","HSTNAME":"Gunzwil, Dorf","VMITTEL":2,"BFS_NR":1081,"GEMEINDE":"Beromünster","EINWOHNER":839,"ARBEITSPL":170,"RADIUS":300,"DIDOKNR":72975,"ANGSTUFE":3,"SLOID":"ch:1:sloid:72975","TU":3}},{"type":"Feature","id":626,"geometry":{"type":"Point","coordinates":[8.1343288493635963,47.182403469073513]},"properties":{"OBJECTID":626,"UUID":"{B8E8C1D5-5A68-E611-B7C2-F04DA23F2F2A}","HSTNAME":"Schenkon, Haldenweid","VMITTEL":2,"BFS_NR":1099,"GEMEINDE":"Schenkon","EINWOHNER":337,"ARBEITSPL":68,"RADIUS":300,"DIDOKNR":72966,"ANGSTUFE":3,"SLOID":"ch:1:sloid:72966","TU":3}},{"type":"Feature","id":627,"geometry":{"type":"Point","coordinates":[8.5356318965634461,46.958439744902428]},"properties":{"OBJECTID":627,"UUID":"{BAE7C1D5-5A68-E611-B7C2-F04DA23F2F2A}","HSTNAME":"Emmetten, Hattig","VMITTEL":2,"BFS_NR":1504,"GEMEINDE":"Emmetten","EINWOHNER":0,"ARBEITSPL":0,"RADIUS":300,"DIDOKNR":72951,"ANGSTUFE":null,"SLOID":"ch:1:sloid:72951","TU":3}},{"type":"Feature","id":628,"geometry":{"type":"Point","coordinates":[8.0743126203294668,47.19690854550354]},"properties":{"OBJECTID":628,"UUID":"{83764CDB-5A68-E611-B7C2-F04DA23F2F2A}","HSTNAME":"Knutwil, alte Post","VMITTEL":8,"BFS_NR":1089,"GEMEINDE":"Knutwil","EINWOHNER":119,"ARBEITSPL":8,"RADIUS":300,"DIDOKNR":72984,"ANGSTUFE":2,"SLOID":"ch:1:sloid:72984","TU":3}},{"type":"Feature","id":629,"geometry":{"type":"Point","coordinates":[8.484983401393043,46.961962970259414]},"properties":{"OBJECTID":629,"UUID":"{EAE7C1D5-5A68-E611-B7C2-F04DA23F2F2A}","HSTNAME":"Beckenried, Fellerwil","VMITTEL":2,"BFS_NR":1501,"GEMEINDE":"Beckenried","EINWOHNER":0,"ARBEITSPL":0,"RADIUS":300,"DIDOKNR":72948,"ANGSTUFE":null,"SLOID":"ch:1:sloid:72948","TU":3}},{"type":"Feature","id":630,"geometry":{"type":"Point","coordinates":[8.1386094341498598,47.182854267908532]},"properties":{"OBJECTID":630,"UUID":"{A6754CDB-5A68-E611-B7C2-F04DA23F2F2A}","HSTNAME":"Schenkon, Tannberg","VMITTEL":2,"BFS_NR":1099,"GEMEINDE":"Schenkon","EINWOHNER":282,"ARBEITSPL":23,"RADIUS":300,"DIDOKNR":72967,"ANGSTUFE":3,"SLOID":"ch:1:sloid:72967","TU":3}},{"type":"Feature","id":631,"geometry":{"type":"Point","coordinates":[8.0334304821220126,47.20184022743905]},"properties":{"OBJECTID":631,"UUID":"{C0774CDB-5A68-E611-B7C2-F04DA23F2F2A}","HSTNAME":"Buchs LU, Wendeplatz","VMITTEL":8,"BFS_NR":1125,"GEMEINDE":"Dagmersellen","EINWOHNER":84,"ARBEITSPL":35,"RADIUS":300,"DIDOKNR":72990,"ANGSTUFE":1,"SLOID":"ch:1:sloid:72990","TU":3}},{"type":"Feature","id":632,"geometry":{"type":"Point","coordinates":[8.5727309405900627,46.963125437368205]},"properties":{"OBJECTID":632,"UUID":"{A7E7C1D5-5A68-E611-B7C2-F04DA23F2F2A}","HSTNAME":"Seelisberg, Geissweg","VMITTEL":2,"BFS_NR":1215,"GEMEINDE":"Seelisberg","EINWOHNER":0,"ARBEITSPL":0,"RADIUS":300,"DIDOKNR":72954,"ANGSTUFE":null,"SLOID":"ch:1:sloid:72954","TU":3}},{"type":"Feature","id":633,"geometry":{"type":"Point","coordinates":[8.1380417422759859,47.172729233693879]},"properties":{"OBJECTID":633,"UUID":"{F4764CDB-5A68-E611-B7C2-F04DA23F2F2A}","HSTNAME":"Schenkon, Dorf","VMITTEL":2,"BFS_NR":1099,"GEMEINDE":"Schenkon","EINWOHNER":598,"ARBEITSPL":114,"RADIUS":300,"DIDOKNR":72964,"ANGSTUFE":3,"SLOID":"ch:1:sloid:72964","TU":3}},{"type":"Feature","id":634,"geometry":{"type":"Point","coordinates":[8.0183443624316038,47.210309381620732]},"properties":{"OBJECTID":634,"UUID":"{31764CDB-5A68-E611-B7C2-F04DA23F2F2A}","HSTNAME":"Uffikon, Kantonsstrasse","VMITTEL":8,"BFS_NR":1125,"GEMEINDE":"Dagmersellen","EINWOHNER":293,"ARBEITSPL":56,"RADIUS":300,"DIDOKNR":72991,"ANGSTUFE":1,"SLOID":"ch:1:sloid:72991","TU":3}},{"type":"Feature","id":635,"geometry":{"type":"Point","coordinates":[8.5773923770001055,46.964203730098362]},"properties":{"OBJECTID":635,"UUID":"{EAE8C1D5-5A68-E611-B7C2-F04DA23F2F2A}","HSTNAME":"Seelisberg, Seeli","VMITTEL":2,"BFS_NR":1215,"GEMEINDE":"Seelisberg","EINWOHNER":0,"ARBEITSPL":0,"RADIUS":300,"DIDOKNR":72955,"ANGSTUFE":null,"SLOID":"ch:1:sloid:72955","TU":3}},{"type":"Feature","id":636,"geometry":{"type":"Point","coordinates":[8.1304036548681982,47.17882008640359]},"properties":{"OBJECTID":636,"UUID":"{5B774CDB-5A68-E611-B7C2-F04DA23F2F2A}","HSTNAME":"Schenkon, Zellfeld","VMITTEL":2,"BFS_NR":1099,"GEMEINDE":"Schenkon","EINWOHNER":334,"ARBEITSPL":210,"RADIUS":300,"DIDOKNR":72965,"ANGSTUFE":4,"SLOID":"ch:1:sloid:72965","TU":3}},{"type":"Feature","id":637,"geometry":{"type":"Point","coordinates":[8.0407211745829237,47.205832098236101]},"properties":{"OBJECTID":637,"UUID":"{74784CDB-5A68-E611-B7C2-F04DA23F2F2A}","HSTNAME":"Buchs LU, Eintracht","VMITTEL":8,"BFS_NR":1125,"GEMEINDE":"Dagmersellen","EINWOHNER":19,"ARBEITSPL":25,"RADIUS":300,"DIDOKNR":72988,"ANGSTUFE":1,"SLOID":"ch:1:sloid:72988","TU":3}},{"type":"Feature","id":638,"geometry":{"type":"Point","coordinates":[8.1845292227315429,47.208840681810145]},"properties":{"OBJECTID":638,"UUID":"{6D784CDB-5A68-E611-B7C2-F04DA23F2F2A}","HSTNAME":"Gunzwil, Linden","VMITTEL":2,"BFS_NR":1081,"GEMEINDE":"Beromünster","EINWOHNER":257,"ARBEITSPL":55,"RADIUS":300,"DIDOKNR":72976,"ANGSTUFE":3,"SLOID":"ch:1:sloid:72976","TU":3}},{"type":"Feature","id":639,"geometry":{"type":"Point","coordinates":[8.5495565815116041,46.9589353373443]},"properties":{"OBJECTID":639,"UUID":"{9F774CDB-5A68-E611-B7C2-F04DA23F2F2A}","HSTNAME":"Emmetten, March","VMITTEL":2,"BFS_NR":1504,"GEMEINDE":"Emmetten","EINWOHNER":0,"ARBEITSPL":0,"RADIUS":300,"DIDOKNR":72952,"ANGSTUFE":null,"SLOID":"ch:1:sloid:72952","TU":3}},{"type":"Feature","id":640,"geometry":{"type":"Point","coordinates":[8.1534170206506271,47.19701152594692]},"properties":{"OBJECTID":640,"UUID":"{95794CDB-5A68-E611-B7C2-F04DA23F2F2A}","HSTNAME":"Gunzwil, Holdern","VMITTEL":2,"BFS_NR":1081,"GEMEINDE":"Beromünster","EINWOHNER":1,"ARBEITSPL":0,"RADIUS":300,"DIDOKNR":72970,"ANGSTUFE":3,"SLOID":"ch:1:sloid:72970","TU":3}},{"type":"Feature","id":641,"geometry":{"type":"Point","coordinates":[8.1096329763380961,47.177323883545185]},"properties":{"OBJECTID":641,"UUID":"{B1774CDB-5A68-E611-B7C2-F04DA23F2F2A}","HSTNAME":"Sursee, Surentalstrasse","VMITTEL":8,"BFS_NR":1103,"GEMEINDE":"Sursee","EINWOHNER":523,"ARBEITSPL":681,"RADIUS":300,"DIDOKNR":72995,"ANGSTUFE":3,"SLOID":"ch:1:sloid:72995","TU":3}},{"type":"Feature","id":642,"geometry":{"type":"Point","coordinates":[8.0743649271023763,47.193535131764811]},"properties":{"OBJECTID":642,"UUID":"{C6794CDB-5A68-E611-B7C2-F04DA23F2F2A}","HSTNAME":"Knutwil, Hofacker","VMITTEL":8,"BFS_NR":1089,"GEMEINDE":"Knutwil","EINWOHNER":136,"ARBEITSPL":76,"RADIUS":300,"DIDOKNR":72983,"ANGSTUFE":2,"SLOID":"ch:1:sloid:72983","TU":3}},{"type":"Feature","id":643,"geometry":{"type":"Point","coordinates":[8.0746081733493646,47.182910675025092]},"properties":{"OBJECTID":643,"UUID":"{7A764CDB-5A68-E611-B7C2-F04DA23F2F2A}","HSTNAME":"St. Erhard, Dorf","VMITTEL":8,"BFS_NR":1089,"GEMEINDE":"Knutwil","EINWOHNER":616,"ARBEITSPL":81,"RADIUS":300,"DIDOKNR":72981,"ANGSTUFE":2,"SLOID":"ch:1:sloid:72981","TU":3}},{"type":"Feature","id":644,"geometry":{"type":"Point","coordinates":[8.1140674201227831,47.232887153006594]},"properties":{"OBJECTID":644,"UUID":"{A1E8C1D5-5A68-E611-B7C2-F04DA23F2F2A}","HSTNAME":"Etzelwil","VMITTEL":7,"BFS_NR":1100,"GEMEINDE":"Schlierbach","EINWOHNER":64,"ARBEITSPL":25,"RADIUS":300,"DIDOKNR":73002,"ANGSTUFE":1,"SLOID":"ch:1:sloid:73002","TU":3}},{"type":"Feature","id":645,"geometry":{"type":"Point","coordinates":[8.1952843886979494,47.116245975051079]},"properties":{"OBJECTID":645,"UUID":"{9FE8C1D5-5A68-E611-B7C2-F04DA23F2F2A}","HSTNAME":"Sempach Station","VMITTEL":8,"BFS_NR":1093,"GEMEINDE":"Neuenkirch","EINWOHNER":796,"ARBEITSPL":282,"RADIUS":300,"DIDOKNR":73008,"ANGSTUFE":4,"SLOID":"ch:1:sloid:73008","TU":3}},{"type":"Feature","id":646,"geometry":{"type":"Point","coordinates":[8.1735078558986345,47.147393775062589]},"properties":{"OBJECTID":646,"UUID":"{E8784CDB-5A68-E611-B7C2-F04DA23F2F2A}","HSTNAME":"Eich, Seematt","VMITTEL":8,"BFS_NR":1084,"GEMEINDE":"Eich","EINWOHNER":58,"ARBEITSPL":55,"RADIUS":300,"DIDOKNR":73003,"ANGSTUFE":3,"SLOID":"ch:1:sloid:73003","TU":3}},{"type":"Feature","id":647,"geometry":{"type":"Point","coordinates":[8.113842816127173,47.225557576503753]},"properties":{"OBJECTID":647,"UUID":"{5CE8C1D5-5A68-E611-B7C2-F04DA23F2F2A}","HSTNAME":"Schlierbach, Oberdorf","VMITTEL":7,"BFS_NR":1100,"GEMEINDE":"Schlierbach","EINWOHNER":191,"ARBEITSPL":38,"RADIUS":300,"DIDOKNR":73000,"ANGSTUFE":1,"SLOID":"ch:1:sloid:73000","TU":3}},{"type":"Feature","id":648,"geometry":{"type":"Point","coordinates":[8.1117112980674406,47.224058889811054]},"properties":{"OBJECTID":648,"UUID":"{FA784CDB-5A68-E611-B7C2-F04DA23F2F2A}","HSTNAME":"Schlierbach, Dorf","VMITTEL":7,"BFS_NR":1100,"GEMEINDE":"Schlierbach","EINWOHNER":536,"ARBEITSPL":52,"RADIUS":300,"DIDOKNR":73001,"ANGSTUFE":1,"SLOID":"ch:1:sloid:73001","TU":3}},{"type":"Feature","id":649,"geometry":{"type":"Point","coordinates":[8.3013200085551286,47.040250010189112]},"properties":{"OBJECTID":649,"UUID":"{C6774CDB-5A68-E611-B7C2-F04DA23F2F2A}","HSTNAME":"Luzern, Eichhof","VMITTEL":9,"BFS_NR":1061,"GEMEINDE":"Luzern","EINWOHNER":452,"ARBEITSPL":695,"RADIUS":300,"DIDOKNR":73043,"ANGSTUFE":5,"SLOID":"ch:1:sloid:73043","TU":11}},{"type":"Feature","id":650,"geometry":{"type":"Point","coordinates":[8.1937503065901574,47.123335346558193]},"properties":{"OBJECTID":650,"UUID":"{36774CDB-5A68-E611-B7C2-F04DA23F2F2A}","HSTNAME":"Sempach Stadt, Seesatz","VMITTEL":8,"BFS_NR":1102,"GEMEINDE":"Sempach","EINWOHNER":280,"ARBEITSPL":481,"RADIUS":300,"DIDOKNR":73006,"ANGSTUFE":4,"SLOID":"ch:1:sloid:73006","TU":3}},{"type":"Feature","id":651,"geometry":{"type":"Point","coordinates":[8.2015930748899741,47.103062140312943]},"properties":{"OBJECTID":651,"UUID":"{F3774CDB-5A68-E611-B7C2-F04DA23F2F2A}","HSTNAME":"Neuenkirch, Klösterli","VMITTEL":8,"BFS_NR":1093,"GEMEINDE":"Neuenkirch","EINWOHNER":828,"ARBEITSPL":192,"RADIUS":300,"DIDOKNR":73040,"ANGSTUFE":3,"SLOID":"ch:1:sloid:73040","TU":3}},{"type":"Feature","id":652,"geometry":{"type":"Point","coordinates":[8.1902508622176811,47.137867618609363]},"properties":{"OBJECTID":652,"UUID":"{AEE7C1D5-5A68-E611-B7C2-F04DA23F2F2A}","HSTNAME":"Sempach Stadt, Meierhöfli","VMITTEL":8,"BFS_NR":1102,"GEMEINDE":"Sempach","EINWOHNER":511,"ARBEITSPL":180,"RADIUS":300,"DIDOKNR":73004,"ANGSTUFE":3,"SLOID":"ch:1:sloid:73004","TU":3}},{"type":"Feature","id":653,"geometry":{"type":"Point","coordinates":[8.1981814417298864,47.105882274851055]},"properties":{"OBJECTID":653,"UUID":"{AD794CDB-5A68-E611-B7C2-F04DA23F2F2A}","HSTNAME":"Neuenkirch, Feldmatt","VMITTEL":8,"BFS_NR":1093,"GEMEINDE":"Neuenkirch","EINWOHNER":674,"ARBEITSPL":68,"RADIUS":300,"DIDOKNR":73041,"ANGSTUFE":3,"SLOID":"ch:1:sloid:73041","TU":3}},{"type":"Feature","id":654,"geometry":{"type":"Point","coordinates":[8.1924599184196971,47.129037816441148]},"properties":{"OBJECTID":654,"UUID":"{AE794CDB-5A68-E611-B7C2-F04DA23F2F2A}","HSTNAME":"Sempach Stadt, Vogelwarte","VMITTEL":8,"BFS_NR":1102,"GEMEINDE":"Sempach","EINWOHNER":703,"ARBEITSPL":98,"RADIUS":300,"DIDOKNR":73005,"ANGSTUFE":4,"SLOID":"ch:1:sloid:73005","TU":3}},{"type":"Feature","id":655,"geometry":{"type":"Point","coordinates":[8.2820395171437369,47.070755127241902]},"properties":{"OBJECTID":655,"UUID":"{D5784CDB-5A68-E611-B7C2-F04DA23F2F2A}","HSTNAME":"Emmenbrücke, Bahnhof","VMITTEL":3,"BFS_NR":1024,"GEMEINDE":"Emmen","EINWOHNER":374,"ARBEITSPL":598,"RADIUS":300,"DIDOKNR":73028,"ANGSTUFE":5,"SLOID":"ch:1:sloid:73028","TU":1}},{"type":"Feature","id":656,"geometry":{"type":"Point","coordinates":[8.2518672352947462,47.031122680109199]},"properties":{"OBJECTID":656,"UUID":"{D0794CDB-5A68-E611-B7C2-F04DA23F2F2A}","HSTNAME":"Obernau, Dorf","VMITTEL":3,"BFS_NR":1059,"GEMEINDE":"Kriens","EINWOHNER":1505,"ARBEITSPL":145,"RADIUS":300,"DIDOKNR":73046,"ANGSTUFE":5,"SLOID":"ch:1:sloid:73046","TU":3}},{"type":"Feature","id":657,"geometry":{"type":"Point","coordinates":[8.246373514782384,47.083074296266574]},"properties":{"OBJECTID":657,"UUID":"{F0E7C1D5-5A68-E611-B7C2-F04DA23F2F2A}","HSTNAME":"Emmenbrücke, Strassenkreuz","VMITTEL":8,"BFS_NR":1024,"GEMEINDE":"Emmen","EINWOHNER":34,"ARBEITSPL":4,"RADIUS":300,"DIDOKNR":73034,"ANGSTUFE":4,"SLOID":"ch:1:sloid:73034","TU":3}},{"type":"Feature","id":658,"geometry":{"type":"Point","coordinates":[8.2483232154057724,47.028179209743655]},"properties":{"OBJECTID":658,"UUID":"{87794CDB-5A68-E611-B7C2-F04DA23F2F2A}","HSTNAME":"Obernau, Feldmatt","VMITTEL":2,"BFS_NR":1059,"GEMEINDE":"Kriens","EINWOHNER":63,"ARBEITSPL":11,"RADIUS":300,"DIDOKNR":73047,"ANGSTUFE":1,"SLOID":"ch:1:sloid:73047","TU":3}},{"type":"Feature","id":659,"geometry":{"type":"Point","coordinates":[8.2342078297992813,47.086802301480745]},"properties":{"OBJECTID":659,"UUID":"{29784CDB-5A68-E611-B7C2-F04DA23F2F2A}","HSTNAME":"Emmenbrücke, Holzhof","VMITTEL":8,"BFS_NR":1024,"GEMEINDE":"Emmen","EINWOHNER":29,"ARBEITSPL":7,"RADIUS":300,"DIDOKNR":73035,"ANGSTUFE":3,"SLOID":"ch:1:sloid:73035","TU":3}},{"type":"Feature","id":660,"geometry":{"type":"Point","coordinates":[8.3039592211757025,47.047779439213365]},"properties":{"OBJECTID":660,"UUID":"{DFE7C1D5-5A68-E611-B7C2-F04DA23F2F2A}","HSTNAME":"Luzern, Pilatusplatz","VMITTEL":9,"BFS_NR":1061,"GEMEINDE":"Luzern","EINWOHNER":752,"ARBEITSPL":2146,"RADIUS":300,"DIDOKNR":73022,"ANGSTUFE":5,"SLOID":"ch:1:sloid:73022","TU":11}},{"type":"Feature","id":661,"geometry":{"type":"Point","coordinates":[8.2661116874148579,47.034277272379207]},"properties":{"OBJECTID":661,"UUID":"{7DE8C1D5-5A68-E611-B7C2-F04DA23F2F2A}","HSTNAME":"Kriens, Feldmühle","VMITTEL":3,"BFS_NR":1059,"GEMEINDE":"Kriens","EINWOHNER":650,"ARBEITSPL":49,"RADIUS":300,"DIDOKNR":73044,"ANGSTUFE":5,"SLOID":"ch:1:sloid:73044","TU":11}},{"type":"Feature","id":662,"geometry":{"type":"Point","coordinates":[8.2645867255401892,47.082209969621296]},"properties":{"OBJECTID":662,"UUID":"{99784CDB-5A68-E611-B7C2-F04DA23F2F2A}","HSTNAME":"Emmenbrücke, Riffig","VMITTEL":2,"BFS_NR":1024,"GEMEINDE":"Emmen","EINWOHNER":610,"ARBEITSPL":80,"RADIUS":300,"DIDOKNR":73032,"ANGSTUFE":4,"SLOID":"ch:1:sloid:73032","TU":3}},{"type":"Feature","id":663,"geometry":{"type":"Point","coordinates":[8.2553877969414433,47.034228128193057]},"properties":{"OBJECTID":663,"UUID":"{A8794CDB-5A68-E611-B7C2-F04DA23F2F2A}","HSTNAME":"Obernau, Stampfeli","VMITTEL":3,"BFS_NR":1059,"GEMEINDE":"Kriens","EINWOHNER":880,"ARBEITSPL":93,"RADIUS":300,"DIDOKNR":73045,"ANGSTUFE":5,"SLOID":"ch:1:sloid:73045","TU":11}},{"type":"Feature","id":664,"geometry":{"type":"Point","coordinates":[8.2027677852587395,47.100445692889501]},"properties":{"OBJECTID":664,"UUID":"{12794CDB-5A68-E611-B7C2-F04DA23F2F2A}","HSTNAME":"Neuenkirch, Kirche","VMITTEL":8,"BFS_NR":1093,"GEMEINDE":"Neuenkirch","EINWOHNER":802,"ARBEITSPL":265,"RADIUS":300,"DIDOKNR":73039,"ANGSTUFE":3,"SLOID":"ch:1:sloid:73039","TU":3}},{"type":"Feature","id":665,"geometry":{"type":"Point","coordinates":[8.2356037011960428,47.022115289880027]},"properties":{"OBJECTID":665,"UUID":"{35794CDB-5A68-E611-B7C2-F04DA23F2F2A}","HSTNAME":"Hergiswald, Kirche","VMITTEL":2,"BFS_NR":1059,"GEMEINDE":"Kriens","EINWOHNER":7,"ARBEITSPL":21,"RADIUS":300,"DIDOKNR":73050,"ANGSTUFE":1,"SLOID":"ch:1:sloid:73050","TU":3}},{"type":"Feature","id":666,"geometry":{"type":"Point","coordinates":[8.2272645122977508,47.089305897219475]},"properties":{"OBJECTID":666,"UUID":"{397A4CDB-5A68-E611-B7C2-F04DA23F2F2A}","HSTNAME":"Emmenbrücke, Geisselermoos","VMITTEL":8,"BFS_NR":1024,"GEMEINDE":"Emmen","EINWOHNER":24,"ARBEITSPL":17,"RADIUS":300,"DIDOKNR":73036,"ANGSTUFE":3,"SLOID":"ch:1:sloid:73036","TU":3}},{"type":"Feature","id":667,"geometry":{"type":"Point","coordinates":[8.2213976897922159,47.092512375106793]},"properties":{"OBJECTID":667,"UUID":"{88764CDB-5A68-E611-B7C2-F04DA23F2F2A}","HSTNAME":"Neuenkirch, Weierhüsli","VMITTEL":8,"BFS_NR":1093,"GEMEINDE":"Neuenkirch","EINWOHNER":41,"ARBEITSPL":13,"RADIUS":300,"DIDOKNR":73037,"ANGSTUFE":3,"SLOID":"ch:1:sloid:73037","TU":3}},{"type":"Feature","id":668,"geometry":{"type":"Point","coordinates":[8.2440451442405429,47.025878566515701]},"properties":{"OBJECTID":668,"UUID":"{CBE8C1D5-5A68-E611-B7C2-F04DA23F2F2A}","HSTNAME":"Obernau, Oberrodel","VMITTEL":2,"BFS_NR":1059,"GEMEINDE":"Kriens","EINWOHNER":21,"ARBEITSPL":2,"RADIUS":300,"DIDOKNR":73048,"ANGSTUFE":1,"SLOID":"ch:1:sloid:73048","TU":3}},{"type":"Feature","id":669,"geometry":{"type":"Point","coordinates":[8.2358402987671582,47.018560416341813]},"properties":{"OBJECTID":669,"UUID":"{93764CDB-5A68-E611-B7C2-F04DA23F2F2A}","HSTNAME":"Obernau, Schiessstand Stalden","VMITTEL":2,"BFS_NR":1059,"GEMEINDE":"Kriens","EINWOHNER":0,"ARBEITSPL":0,"RADIUS":300,"DIDOKNR":73049,"ANGSTUFE":1,"SLOID":"ch:1:sloid:73049","TU":3}},{"type":"Feature","id":670,"geometry":{"type":"Point","coordinates":[8.3088911791385627,47.053256441703979]},"properties":{"OBJECTID":670,"UUID":"{067A4CDB-5A68-E611-B7C2-F04DA23F2F2A}","HSTNAME":"Luzern, Schwanenplatz","VMITTEL":9,"BFS_NR":1061,"GEMEINDE":"Luzern","EINWOHNER":698,"ARBEITSPL":3687,"RADIUS":300,"DIDOKNR":73054,"ANGSTUFE":5,"SLOID":"ch:1:sloid:73054","TU":3}},{"type":"Feature","id":671,"geometry":{"type":"Point","coordinates":[8.2195031349751062,47.006753668921419]},"properties":{"OBJECTID":671,"UUID":"{087A4CDB-5A68-E611-B7C2-F04DA23F2F2A}","HSTNAME":"Eigenthal, Talboden","VMITTEL":2,"BFS_NR":1066,"GEMEINDE":"Schwarzenberg","EINWOHNER":78,"ARBEITSPL":19,"RADIUS":300,"DIDOKNR":73053,"ANGSTUFE":2,"SLOID":"ch:1:sloid:73053","TU":3}},{"type":"Feature","id":672,"geometry":{"type":"Point","coordinates":[7.9975710917979761,47.127262305107671]},"properties":{"OBJECTID":672,"UUID":"{A7754CDB-5A68-E611-B7C2-F04DA23F2F2A}","HSTNAME":"Willisau, Feldli","VMITTEL":2,"BFS_NR":1151,"GEMEINDE":"Willisau","EINWOHNER":98,"ARBEITSPL":301,"RADIUS":300,"DIDOKNR":73246,"ANGSTUFE":4,"SLOID":"ch:1:sloid:73246","TU":3}},{"type":"Feature","id":673,"geometry":{"type":"Point","coordinates":[7.7847118883207624,47.213765921866425]},"properties":{"OBJECTID":673,"UUID":"{97774CDB-5A68-E611-B7C2-F04DA23F2F2A}","HSTNAME":"Langenthal, Wiesenstrasse","VMITTEL":2,"BFS_NR":329,"GEMEINDE":"Langenthal","EINWOHNER":0,"ARBEITSPL":0,"RADIUS":300,"DIDOKNR":76926,"ANGSTUFE":null,"SLOID":"ch:1:sloid:76926","TU":5}},{"type":"Feature","id":674,"geometry":{"type":"Point","coordinates":[7.7898885096220987,47.212041274986824]},"properties":{"OBJECTID":674,"UUID":"{82784CDB-5A68-E611-B7C2-F04DA23F2F2A}","HSTNAME":"Langenthal, Tell/Kantonalbank","VMITTEL":2,"BFS_NR":329,"GEMEINDE":"Langenthal","EINWOHNER":0,"ARBEITSPL":0,"RADIUS":300,"DIDOKNR":76927,"ANGSTUFE":null,"SLOID":"ch:1:sloid:76927","TU":5}},{"type":"Feature","id":675,"geometry":{"type":"Point","coordinates":[7.817943408159306,47.199557624963639]},"properties":{"OBJECTID":675,"UUID":"{15E8C1D5-5A68-E611-B7C2-F04DA23F2F2A}","HSTNAME":"Obersteckholz, Post","VMITTEL":2,"BFS_NR":329,"GEMEINDE":"Langenthal","EINWOHNER":0,"ARBEITSPL":0,"RADIUS":300,"DIDOKNR":76930,"ANGSTUFE":null,"SLOID":"ch:1:sloid:76930","TU":5}},{"type":"Feature","id":676,"geometry":{"type":"Point","coordinates":[7.7928054434691836,47.209990546536986]},"properties":{"OBJECTID":676,"UUID":"{F5774CDB-5A68-E611-B7C2-F04DA23F2F2A}","HSTNAME":"Langenthal, Rössli","VMITTEL":2,"BFS_NR":329,"GEMEINDE":"Langenthal","EINWOHNER":0,"ARBEITSPL":0,"RADIUS":300,"DIDOKNR":76928,"ANGSTUFE":null,"SLOID":"ch:1:sloid:76928","TU":5}},{"type":"Feature","id":677,"geometry":{"type":"Point","coordinates":[7.7960293887758958,47.204529772299026]},"properties":{"OBJECTID":677,"UUID":"{FCE8C1D5-5A68-E611-B7C2-F04DA23F2F2A}","HSTNAME":"Langenthal, Neuhof","VMITTEL":2,"BFS_NR":329,"GEMEINDE":"Langenthal","EINWOHNER":0,"ARBEITSPL":0,"RADIUS":300,"DIDOKNR":76929,"ANGSTUFE":null,"SLOID":"ch:1:sloid:76929","TU":5}},{"type":"Feature","id":678,"geometry":{"type":"Point","coordinates":[7.8486142330834703,47.187507518980937]},"properties":{"OBJECTID":678,"UUID":"{DB764CDB-5A68-E611-B7C2-F04DA23F2F2A}","HSTNAME":"Melchnau, Unterdorf","VMITTEL":2,"BFS_NR":333,"GEMEINDE":"Melchnau","EINWOHNER":0,"ARBEITSPL":0,"RADIUS":300,"DIDOKNR":76934,"ANGSTUFE":null,"SLOID":"ch:1:sloid:76934","TU":5}},{"type":"Feature","id":679,"geometry":{"type":"Point","coordinates":[7.8504144663401902,47.183111614767093]},"properties":{"OBJECTID":679,"UUID":"{06784CDB-5A68-E611-B7C2-F04DA23F2F2A}","HSTNAME":"Melchnau, Fabrik","VMITTEL":2,"BFS_NR":333,"GEMEINDE":"Melchnau","EINWOHNER":0,"ARBEITSPL":0,"RADIUS":300,"DIDOKNR":76935,"ANGSTUFE":null,"SLOID":"ch:1:sloid:76935","TU":5}},{"type":"Feature","id":680,"geometry":{"type":"Point","coordinates":[7.842201115799206,47.194429177409624]},"properties":{"OBJECTID":680,"UUID":"{2E764CDB-5A68-E611-B7C2-F04DA23F2F2A}","HSTNAME":"Melchnau, Rotwald","VMITTEL":2,"BFS_NR":325,"GEMEINDE":"Busswil bei Melchnau","EINWOHNER":0,"ARBEITSPL":0,"RADIUS":300,"DIDOKNR":76932,"ANGSTUFE":null,"SLOID":"ch:1:sloid:76932","TU":5}},{"type":"Feature","id":681,"geometry":{"type":"Point","coordinates":[7.8549446314817768,47.17864288382227]},"properties":{"OBJECTID":681,"UUID":"{C7754CDB-5A68-E611-B7C2-F04DA23F2F2A}","HSTNAME":"Melchnau, Oberdorf","VMITTEL":2,"BFS_NR":333,"GEMEINDE":"Melchnau","EINWOHNER":0,"ARBEITSPL":0,"RADIUS":300,"DIDOKNR":76936,"ANGSTUFE":null,"SLOID":"ch:1:sloid:76936","TU":5}},{"type":"Feature","id":682,"geometry":{"type":"Point","coordinates":[7.7831555383771907,47.216028261135882]},"properties":{"OBJECTID":682,"UUID":"{D2E7C1D5-5A68-E611-B7C2-F04DA23F2F2A}","HSTNAME":"Langenthal, Bahnhof","VMITTEL":2,"BFS_NR":329,"GEMEINDE":"Langenthal","EINWOHNER":0,"ARBEITSPL":0,"RADIUS":300,"DIDOKNR":76937,"ANGSTUFE":null,"SLOID":"ch:1:sloid:76937","TU":5}},{"type":"Feature","id":683,"geometry":{"type":"Point","coordinates":[8.3262699140827454,47.072882107729029]},"properties":{"OBJECTID":683,"UUID":"{58E8C1D5-5A68-E611-B7C2-F04DA23F2F2A}","HSTNAME":"Ebikon, Falken","VMITTEL":2,"BFS_NR":1054,"GEMEINDE":"Ebikon","EINWOHNER":237,"ARBEITSPL":114,"RADIUS":300,"DIDOKNR":77154,"ANGSTUFE":5,"SLOID":"ch:1:sloid:77154","TU":11}},{"type":"Feature","id":684,"geometry":{"type":"Point","coordinates":[8.3295046217505142,47.074798369284828]},"properties":{"OBJECTID":684,"UUID":"{8E794CDB-5A68-E611-B7C2-F04DA23F2F2A}","HSTNAME":"Ebikon, Schachenweid","VMITTEL":2,"BFS_NR":1054,"GEMEINDE":"Ebikon","EINWOHNER":752,"ARBEITSPL":158,"RADIUS":300,"DIDOKNR":77155,"ANGSTUFE":5,"SLOID":"ch:1:sloid:77155","TU":11}},{"type":"Feature","id":685,"geometry":{"type":"Point","coordinates":[8.3204099446267819,47.069719571508564]},"properties":{"OBJECTID":685,"UUID":"{13764CDB-5A68-E611-B7C2-F04DA23F2F2A}","HSTNAME":"Ebikon, St. Klemens","VMITTEL":2,"BFS_NR":1054,"GEMEINDE":"Ebikon","EINWOHNER":602,"ARBEITSPL":97,"RADIUS":300,"DIDOKNR":77152,"ANGSTUFE":5,"SLOID":"ch:1:sloid:77152","TU":11}},{"type":"Feature","id":686,"geometry":{"type":"Point","coordinates":[8.3235557754656426,47.071374121264071]},"properties":{"OBJECTID":686,"UUID":"{93774CDB-5A68-E611-B7C2-F04DA23F2F2A}","HSTNAME":"Ebikon, Hünenberg","VMITTEL":2,"BFS_NR":1054,"GEMEINDE":"Ebikon","EINWOHNER":457,"ARBEITSPL":86,"RADIUS":300,"DIDOKNR":77153,"ANGSTUFE":5,"SLOID":"ch:1:sloid:77153","TU":11}},{"type":"Feature","id":687,"geometry":{"type":"Point","coordinates":[8.3429771275456339,47.082705426205941]},"properties":{"OBJECTID":687,"UUID":"{26E8C1D5-5A68-E611-B7C2-F04DA23F2F2A}","HSTNAME":"Ebikon, Hofmatt","VMITTEL":2,"BFS_NR":1054,"GEMEINDE":"Ebikon","EINWOHNER":1011,"ARBEITSPL":761,"RADIUS":300,"DIDOKNR":77159,"ANGSTUFE":5,"SLOID":"ch:1:sloid:77159","TU":11}},{"type":"Feature","id":688,"geometry":{"type":"Point","coordinates":[8.3330628782023108,47.076892107883914]},"properties":{"OBJECTID":688,"UUID":"{C8774CDB-5A68-E611-B7C2-F04DA23F2F2A}","HSTNAME":"Ebikon, Schmiedhof","VMITTEL":2,"BFS_NR":1054,"GEMEINDE":"Ebikon","EINWOHNER":953,"ARBEITSPL":135,"RADIUS":300,"DIDOKNR":77156,"ANGSTUFE":5,"SLOID":"ch:1:sloid:77156","TU":11}},{"type":"Feature","id":689,"geometry":{"type":"Point","coordinates":[8.3372647207099799,47.079411138156594]},"properties":{"OBJECTID":689,"UUID":"{3CE8C1D5-5A68-E611-B7C2-F04DA23F2F2A}","HSTNAME":"Ebikon, Löwen","VMITTEL":2,"BFS_NR":1054,"GEMEINDE":"Ebikon","EINWOHNER":368,"ARBEITSPL":121,"RADIUS":300,"DIDOKNR":77157,"ANGSTUFE":5,"SLOID":"ch:1:sloid:77157","TU":11}},{"type":"Feature","id":690,"geometry":{"type":"Point","coordinates":[8.3618456301268065,47.110054708722551]},"properties":{"OBJECTID":690,"UUID":"{EF764CDB-5A68-E611-B7C2-F04DA23F2F2A}","HSTNAME":"Perlen, Dorf","VMITTEL":2,"BFS_NR":1065,"GEMEINDE":"Root","EINWOHNER":194,"ARBEITSPL":82,"RADIUS":300,"DIDOKNR":77171,"ANGSTUFE":4,"SLOID":"ch:1:sloid:77171","TU":11}},{"type":"Feature","id":691,"geometry":{"type":"Point","coordinates":[8.3488276885810393,47.099482951314272]},"properties":{"OBJECTID":691,"UUID":"{D1794CDB-5A68-E611-B7C2-F04DA23F2F2A}","HSTNAME":"Buchrain, Eichmatt","VMITTEL":2,"BFS_NR":1052,"GEMEINDE":"Buchrain","EINWOHNER":671,"ARBEITSPL":92,"RADIUS":300,"DIDOKNR":77163,"ANGSTUFE":4,"SLOID":"ch:1:sloid:77163","TU":11}},{"type":"Feature","id":692,"geometry":{"type":"Point","coordinates":[8.3471467065673188,47.122036850118477]},"properties":{"OBJECTID":692,"UUID":"{3B764CDB-5A68-E611-B7C2-F04DA23F2F2A}","HSTNAME":"Inwil, Pannerhof","VMITTEL":2,"BFS_NR":1033,"GEMEINDE":"Inwil","EINWOHNER":647,"ARBEITSPL":341,"RADIUS":300,"DIDOKNR":77168,"ANGSTUFE":3,"SLOID":"ch:1:sloid:77168","TU":2}},{"type":"Feature","id":693,"geometry":{"type":"Point","coordinates":[8.3426087945204301,47.084291538977588]},"properties":{"OBJECTID":693,"UUID":"{8CE8C1D5-5A68-E611-B7C2-F04DA23F2F2A}","HSTNAME":"Ebikon, Bahnhof","VMITTEL":2,"BFS_NR":1054,"GEMEINDE":"Ebikon","EINWOHNER":1004,"ARBEITSPL":155,"RADIUS":300,"DIDOKNR":77161,"ANGSTUFE":5,"SLOID":"ch:1:sloid:77161","TU":11}},{"type":"Feature","id":694,"geometry":{"type":"Point","coordinates":[8.343360739489837,47.047178828466976]},"properties":{"OBJECTID":694,"UUID":"{D5794CDB-5A68-E611-B7C2-F04DA23F2F2A}","HSTNAME":"Luzern, Hotel Seeburg","VMITTEL":8,"BFS_NR":1061,"GEMEINDE":"Luzern","EINWOHNER":238,"ARBEITSPL":114,"RADIUS":300,"DIDOKNR":77187,"ANGSTUFE":4,"SLOID":"ch:1:sloid:77187","TU":11}},{"type":"Feature","id":695,"geometry":{"type":"Point","coordinates":[8.3504655111781947,47.122676243937434]},"properties":{"OBJECTID":695,"UUID":"{9A774CDB-5A68-E611-B7C2-F04DA23F2F2A}","HSTNAME":"Inwil, Dorf","VMITTEL":2,"BFS_NR":1033,"GEMEINDE":"Inwil","EINWOHNER":925,"ARBEITSPL":187,"RADIUS":300,"DIDOKNR":77169,"ANGSTUFE":2,"SLOID":"ch:1:sloid:77169","TU":2}},{"type":"Feature","id":696,"geometry":{"type":"Point","coordinates":[8.3269058667301383,47.055394389943778]},"properties":{"OBJECTID":696,"UUID":"{70764CDB-5A68-E611-B7C2-F04DA23F2F2A}","HSTNAME":"Luzern, Dietschiberg","VMITTEL":3,"BFS_NR":1061,"GEMEINDE":"Luzern","EINWOHNER":363,"ARBEITSPL":52,"RADIUS":300,"DIDOKNR":77184,"ANGSTUFE":5,"SLOID":"ch:1:sloid:77184","TU":11}},{"type":"Feature","id":697,"geometry":{"type":"Point","coordinates":[8.3586274016640587,47.092479662694117]},"properties":{"OBJECTID":697,"UUID":"{12774CDB-5A68-E611-B7C2-F04DA23F2F2A}","HSTNAME":"Ebikon, Fildern","VMITTEL":2,"BFS_NR":1054,"GEMEINDE":"Ebikon","EINWOHNER":1316,"ARBEITSPL":744,"RADIUS":300,"DIDOKNR":77174,"ANGSTUFE":5,"SLOID":"ch:1:sloid:77174","TU":11}},{"type":"Feature","id":698,"geometry":{"type":"Point","coordinates":[8.3351629844801192,47.054070844285889]},"properties":{"OBJECTID":698,"UUID":"{7E794CDB-5A68-E611-B7C2-F04DA23F2F2A}","HSTNAME":"Luzern, Verkehrshaus/Lido","VMITTEL":9,"BFS_NR":1061,"GEMEINDE":"Luzern","EINWOHNER":197,"ARBEITSPL":475,"RADIUS":300,"DIDOKNR":77185,"ANGSTUFE":5,"SLOID":"ch:1:sloid:77185","TU":11}},{"type":"Feature","id":699,"geometry":{"type":"Point","coordinates":[8.3598446469374714,47.041857342440942]},"properties":{"OBJECTID":699,"UUID":"{46764CDB-5A68-E611-B7C2-F04DA23F2F2A}","HSTNAME":"Meggen, Lerchenbühl","VMITTEL":8,"BFS_NR":1063,"GEMEINDE":"Meggen","EINWOHNER":504,"ARBEITSPL":35,"RADIUS":300,"DIDOKNR":77190,"ANGSTUFE":4,"SLOID":"ch:1:sloid:77190","TU":11}},{"type":"Feature","id":700,"geometry":{"type":"Point","coordinates":[8.3649423695452434,47.111784467885442]},"properties":{"OBJECTID":700,"UUID":"{69784CDB-5A68-E611-B7C2-F04DA23F2F2A}","HSTNAME":"Perlen, Fabrik","VMITTEL":2,"BFS_NR":1065,"GEMEINDE":"Root","EINWOHNER":8,"ARBEITSPL":554,"RADIUS":300,"DIDOKNR":77172,"ANGSTUFE":4,"SLOID":"ch:1:sloid:77172","TU":11}},{"type":"Feature","id":701,"geometry":{"type":"Point","coordinates":[8.3499315385054356,47.10290839647444]},"properties":{"OBJECTID":701,"UUID":"{4A764CDB-5A68-E611-B7C2-F04DA23F2F2A}","HSTNAME":"Buchrain, Reussbrücke","VMITTEL":2,"BFS_NR":1052,"GEMEINDE":"Buchrain","EINWOHNER":245,"ARBEITSPL":67,"RADIUS":300,"DIDOKNR":77164,"ANGSTUFE":4,"SLOID":"ch:1:sloid:77164","TU":11}},{"type":"Feature","id":702,"geometry":{"type":"Point","coordinates":[8.3632962204928987,47.043700688733679]},"properties":{"OBJECTID":702,"UUID":"{0E774CDB-5A68-E611-B7C2-F04DA23F2F2A}","HSTNAME":"Meggen, Rosenhalde","VMITTEL":8,"BFS_NR":1063,"GEMEINDE":"Meggen","EINWOHNER":671,"ARBEITSPL":125,"RADIUS":300,"DIDOKNR":77191,"ANGSTUFE":4,"SLOID":"ch:1:sloid:77191","TU":11}},{"type":"Feature","id":703,"geometry":{"type":"Point","coordinates":[8.3524139255481735,47.088558817508719]},"properties":{"OBJECTID":703,"UUID":"{48794CDB-5A68-E611-B7C2-F04DA23F2F2A}","HSTNAME":"Ebikon, Schindler","VMITTEL":2,"BFS_NR":1054,"GEMEINDE":"Ebikon","EINWOHNER":528,"ARBEITSPL":68,"RADIUS":300,"DIDOKNR":77173,"ANGSTUFE":5,"SLOID":"ch:1:sloid:77173","TU":11}},{"type":"Feature","id":704,"geometry":{"type":"Point","coordinates":[8.3847109780586244,47.11002142400811]},"properties":{"OBJECTID":704,"UUID":"{44794CDB-5A68-E611-B7C2-F04DA23F2F2A}","HSTNAME":"Root, Ronmatt","VMITTEL":2,"BFS_NR":1065,"GEMEINDE":"Root","EINWOHNER":731,"ARBEITSPL":171,"RADIUS":300,"DIDOKNR":77178,"ANGSTUFE":4,"SLOID":"ch:1:sloid:77178","TU":11}},{"type":"Feature","id":705,"geometry":{"type":"Point","coordinates":[8.3506183451907869,47.042831636320763]},"properties":{"OBJECTID":705,"UUID":"{3D794CDB-5A68-E611-B7C2-F04DA23F2F2A}","HSTNAME":"Luzern, Hermitage","VMITTEL":8,"BFS_NR":1061,"GEMEINDE":"Luzern","EINWOHNER":141,"ARBEITSPL":94,"RADIUS":300,"DIDOKNR":77189,"ANGSTUFE":4,"SLOID":"ch:1:sloid:77189","TU":11}},{"type":"Feature","id":706,"geometry":{"type":"Point","coordinates":[8.3555268281538719,47.107307680366645]},"properties":{"OBJECTID":706,"UUID":"{FDE7C1D5-5A68-E611-B7C2-F04DA23F2F2A}","HSTNAME":"Perlen, Haslirain","VMITTEL":2,"BFS_NR":1052,"GEMEINDE":"Buchrain","EINWOHNER":449,"ARBEITSPL":322,"RADIUS":300,"DIDOKNR":77170,"ANGSTUFE":4,"SLOID":"ch:1:sloid:77170","TU":11}},{"type":"Feature","id":707,"geometry":{"type":"Point","coordinates":[8.3883603336123702,47.113250097759462]},"properties":{"OBJECTID":707,"UUID":"{3A7A4CDB-5A68-E611-B7C2-F04DA23F2F2A}","HSTNAME":"Root, Dorf","VMITTEL":2,"BFS_NR":1065,"GEMEINDE":"Root","EINWOHNER":1081,"ARBEITSPL":123,"RADIUS":300,"DIDOKNR":77179,"ANGSTUFE":5,"SLOID":"ch:1:sloid:77179","TU":11}},{"type":"Feature","id":708,"geometry":{"type":"Point","coordinates":[8.3753403752214339,47.046886467954373]},"properties":{"OBJECTID":708,"UUID":"{14764CDB-5A68-E611-B7C2-F04DA23F2F2A}","HSTNAME":"Meggen, Kapelle","VMITTEL":8,"BFS_NR":1063,"GEMEINDE":"Meggen","EINWOHNER":298,"ARBEITSPL":295,"RADIUS":300,"DIDOKNR":77194,"ANGSTUFE":4,"SLOID":"ch:1:sloid:77194","TU":11}},{"type":"Feature","id":709,"geometry":{"type":"Point","coordinates":[8.3643368619147918,47.095751912223022]},"properties":{"OBJECTID":709,"UUID":"{16E8C1D5-5A68-E611-B7C2-F04DA23F2F2A}","HSTNAME":"Dierikon, Migros","VMITTEL":2,"BFS_NR":1053,"GEMEINDE":"Dierikon","EINWOHNER":662,"ARBEITSPL":2821,"RADIUS":300,"DIDOKNR":77176,"ANGSTUFE":4,"SLOID":"ch:1:sloid:77176","TU":11}},{"type":"Feature","id":710,"geometry":{"type":"Point","coordinates":[8.3799948347351716,47.049637053276903]},"properties":{"OBJECTID":710,"UUID":"{7B774CDB-5A68-E611-B7C2-F04DA23F2F2A}","HSTNAME":"Meggen, Huob","VMITTEL":8,"BFS_NR":1063,"GEMEINDE":"Meggen","EINWOHNER":509,"ARBEITSPL":330,"RADIUS":300,"DIDOKNR":77195,"ANGSTUFE":4,"SLOID":"ch:1:sloid:77195","TU":11}},{"type":"Feature","id":711,"geometry":{"type":"Point","coordinates":[8.367739870658383,47.044748058055184]},"properties":{"OBJECTID":711,"UUID":"{B3774CDB-5A68-E611-B7C2-F04DA23F2F2A}","HSTNAME":"Meggen, Balm","VMITTEL":8,"BFS_NR":1063,"GEMEINDE":"Meggen","EINWOHNER":385,"ARBEITSPL":291,"RADIUS":300,"DIDOKNR":77192,"ANGSTUFE":4,"SLOID":"ch:1:sloid:77192","TU":11}},{"type":"Feature","id":712,"geometry":{"type":"Point","coordinates":[8.3761089997483182,47.103236986061518]},"properties":{"OBJECTID":712,"UUID":"{EC794CDB-5A68-E611-B7C2-F04DA23F2F2A}","HSTNAME":"Root D4, Oberfeld","VMITTEL":2,"BFS_NR":1065,"GEMEINDE":"Root","EINWOHNER":144,"ARBEITSPL":1046,"RADIUS":300,"DIDOKNR":77177,"ANGSTUFE":4,"SLOID":"ch:1:sloid:77177","TU":11}},{"type":"Feature","id":713,"geometry":{"type":"Point","coordinates":[8.3723653236477187,47.04582151251104]},"properties":{"OBJECTID":713,"UUID":"{E8794CDB-5A68-E611-B7C2-F04DA23F2F2A}","HSTNAME":"Meggen, Schlössli","VMITTEL":8,"BFS_NR":1063,"GEMEINDE":"Meggen","EINWOHNER":306,"ARBEITSPL":162,"RADIUS":300,"DIDOKNR":77193,"ANGSTUFE":4,"SLOID":"ch:1:sloid:77193","TU":11}},{"type":"Feature","id":714,"geometry":{"type":"Point","coordinates":[8.3841391608464786,47.05368749331452]},"properties":{"OBJECTID":714,"UUID":"{DC774CDB-5A68-E611-B7C2-F04DA23F2F2A}","HSTNAME":"Meggen, Böschenacher","VMITTEL":7,"BFS_NR":1063,"GEMEINDE":"Meggen","EINWOHNER":186,"ARBEITSPL":64,"RADIUS":300,"DIDOKNR":77198,"ANGSTUFE":3,"SLOID":"ch:1:sloid:77198","TU":11}},{"type":"Feature","id":715,"geometry":{"type":"Point","coordinates":[8.3835188883659839,47.057067403154278]},"properties":{"OBJECTID":715,"UUID":"{10784CDB-5A68-E611-B7C2-F04DA23F2F2A}","HSTNAME":"Meggen, Obermattstrasse","VMITTEL":7,"BFS_NR":1063,"GEMEINDE":"Meggen","EINWOHNER":653,"ARBEITSPL":55,"RADIUS":300,"DIDOKNR":77199,"ANGSTUFE":4,"SLOID":"ch:1:sloid:77199","TU":11}},{"type":"Feature","id":716,"geometry":{"type":"Point","coordinates":[8.3185006145054388,47.055324818652792]},"properties":{"OBJECTID":716,"UUID":"{3B784CDB-5A68-E611-B7C2-F04DA23F2F2A}","HSTNAME":"Luzern, Casino-Palace","VMITTEL":9,"BFS_NR":1061,"GEMEINDE":"Luzern","EINWOHNER":330,"ARBEITSPL":664,"RADIUS":300,"DIDOKNR":77183,"ANGSTUFE":5,"SLOID":"ch:1:sloid:77183","TU":11}},{"type":"Feature","id":717,"geometry":{"type":"Point","coordinates":[8.3857457182739843,47.061939051099102]},"properties":{"OBJECTID":717,"UUID":"{DE784CDB-5A68-E611-B7C2-F04DA23F2F2A}","HSTNAME":"Meggen, Tschädigen","VMITTEL":7,"BFS_NR":1063,"GEMEINDE":"Meggen","EINWOHNER":242,"ARBEITSPL":30,"RADIUS":300,"DIDOKNR":77200,"ANGSTUFE":4,"SLOID":"ch:1:sloid:77200","TU":11}},{"type":"Feature","id":718,"geometry":{"type":"Point","coordinates":[8.3923065259747602,47.118048509252048]},"properties":{"OBJECTID":718,"UUID":"{4E774CDB-5A68-E611-B7C2-F04DA23F2F2A}","HSTNAME":"Root, Schlosshof","VMITTEL":2,"BFS_NR":1065,"GEMEINDE":"Root","EINWOHNER":1235,"ARBEITSPL":355,"RADIUS":300,"DIDOKNR":77181,"ANGSTUFE":5,"SLOID":"ch:1:sloid:77181","TU":11}},{"type":"Feature","id":719,"geometry":{"type":"Point","coordinates":[8.3831982256531905,47.051427867501886]},"properties":{"OBJECTID":719,"UUID":"{15784CDB-5A68-E611-B7C2-F04DA23F2F2A}","HSTNAME":"Meggen, Kreuz","VMITTEL":8,"BFS_NR":1063,"GEMEINDE":"Meggen","EINWOHNER":269,"ARBEITSPL":359,"RADIUS":300,"DIDOKNR":77196,"ANGSTUFE":4,"SLOID":"ch:1:sloid:77196","TU":11}},{"type":"Feature","id":720,"geometry":{"type":"Point","coordinates":[8.4412261882354969,47.081340305931256]},"properties":{"OBJECTID":720,"UUID":"{17794CDB-5A68-E611-B7C2-F04DA23F2F2A}","HSTNAME":"Küssnacht am Rigi, Hauptplatz","VMITTEL":2,"BFS_NR":1331,"GEMEINDE":"Küssnacht (SZ)","EINWOHNER":0,"ARBEITSPL":0,"RADIUS":300,"DIDOKNR":77206,"ANGSTUFE":null,"SLOID":"ch:1:sloid:77206","TU":7}},{"type":"Feature","id":721,"geometry":{"type":"Point","coordinates":[8.391388565832866,47.055345277181949]},"properties":{"OBJECTID":721,"UUID":"{D7794CDB-5A68-E611-B7C2-F04DA23F2F2A}","HSTNAME":"Meggen, Gottlieben","VMITTEL":8,"BFS_NR":1063,"GEMEINDE":"Meggen","EINWOHNER":378,"ARBEITSPL":80,"RADIUS":300,"DIDOKNR":77197,"ANGSTUFE":3,"SLOID":"ch:1:sloid:77197","TU":11}},{"type":"Feature","id":722,"geometry":{"type":"Point","coordinates":[8.3405760429227715,47.051140871975925]},"properties":{"OBJECTID":722,"UUID":"{237A4CDB-5A68-E611-B7C2-F04DA23F2F2A}","HSTNAME":"Luzern, Seefeldstrasse","VMITTEL":8,"BFS_NR":1061,"GEMEINDE":"Luzern","EINWOHNER":549,"ARBEITSPL":89,"RADIUS":300,"DIDOKNR":77186,"ANGSTUFE":4,"SLOID":"ch:1:sloid:77186","TU":11}},{"type":"Feature","id":723,"geometry":{"type":"Point","coordinates":[8.4332485075190071,47.083164827080907]},"properties":{"OBJECTID":723,"UUID":"{42774CDB-5A68-E611-B7C2-F04DA23F2F2A}","HSTNAME":"Küssnacht am Rigi, Bahnhof","VMITTEL":2,"BFS_NR":1331,"GEMEINDE":"Küssnacht (SZ)","EINWOHNER":0,"ARBEITSPL":0,"RADIUS":300,"DIDOKNR":77205,"ANGSTUFE":null,"SLOID":"ch:1:sloid:77205","TU":7}},{"type":"Feature","id":724,"geometry":{"type":"Point","coordinates":[8.4336354240551721,47.06504781200983]},"properties":{"OBJECTID":724,"UUID":"{F6784CDB-5A68-E611-B7C2-F04DA23F2F2A}","HSTNAME":"Küssnacht am Rigi, Eichholtern","VMITTEL":2,"BFS_NR":1331,"GEMEINDE":"Küssnacht (SZ)","EINWOHNER":13,"ARBEITSPL":0,"RADIUS":300,"DIDOKNR":77210,"ANGSTUFE":null,"SLOID":"ch:1:sloid:77210","TU":7}},{"type":"Feature","id":725,"geometry":{"type":"Point","coordinates":[8.4457280471441898,47.029934369526352]},"properties":{"OBJECTID":725,"UUID":"{B3784CDB-5A68-E611-B7C2-F04DA23F2F2A}","HSTNAME":"Weggis, Acher","VMITTEL":2,"BFS_NR":1069,"GEMEINDE":"Weggis","EINWOHNER":131,"ARBEITSPL":8,"RADIUS":300,"DIDOKNR":77216,"ANGSTUFE":3,"SLOID":"ch:1:sloid:77216","TU":7}},{"type":"Feature","id":726,"geometry":{"type":"Point","coordinates":[8.425757199039559,47.046907913123555]},"properties":{"OBJECTID":726,"UUID":"{8C784CDB-5A68-E611-B7C2-F04DA23F2F2A}","HSTNAME":"Weggis, Langenzihl","VMITTEL":2,"BFS_NR":1069,"GEMEINDE":"Weggis","EINWOHNER":34,"ARBEITSPL":8,"RADIUS":300,"DIDOKNR":77211,"ANGSTUFE":3,"SLOID":"ch:1:sloid:77211","TU":7}},{"type":"Feature","id":727,"geometry":{"type":"Point","coordinates":[8.2708207688869084,47.097832257028998]},"properties":{"OBJECTID":727,"UUID":"{DBE8C1D5-5A68-E611-B7C2-F04DA23F2F2A}","HSTNAME":"Rothenburg, Eschenbachstrasse","VMITTEL":2,"BFS_NR":1040,"GEMEINDE":"Rothenburg","EINWOHNER":1185,"ARBEITSPL":227,"RADIUS":300,"DIDOKNR":77238,"ANGSTUFE":5,"SLOID":"ch:1:sloid:77238","TU":1}},{"type":"Feature","id":728,"geometry":{"type":"Point","coordinates":[8.4386659898791692,47.073791192711383]},"properties":{"OBJECTID":728,"UUID":"{9C764CDB-5A68-E611-B7C2-F04DA23F2F2A}","HSTNAME":"Küssnacht am Rigi, Honegg","VMITTEL":2,"BFS_NR":1331,"GEMEINDE":"Küssnacht (SZ)","EINWOHNER":0,"ARBEITSPL":0,"RADIUS":300,"DIDOKNR":77208,"ANGSTUFE":null,"SLOID":"ch:1:sloid:77208","TU":7}},{"type":"Feature","id":729,"geometry":{"type":"Point","coordinates":[8.2203035099120267,47.161140012455157]},"properties":{"OBJECTID":729,"UUID":"{D9E8C1D5-5A68-E611-B7C2-F04DA23F2F2A}","HSTNAME":"Neudorf, Gormund","VMITTEL":2,"BFS_NR":1081,"GEMEINDE":"Beromünster","EINWOHNER":16,"ARBEITSPL":7,"RADIUS":300,"DIDOKNR":77249,"ANGSTUFE":3,"SLOID":"ch:1:sloid:77249","TU":1}},{"type":"Feature","id":730,"geometry":{"type":"Point","coordinates":[8.4555273677227714,47.023716091184447]},"properties":{"OBJECTID":730,"UUID":"{F2E7C1D5-5A68-E611-B7C2-F04DA23F2F2A}","HSTNAME":"Weggis, Riedsort","VMITTEL":2,"BFS_NR":1069,"GEMEINDE":"Weggis","EINWOHNER":22,"ARBEITSPL":1,"RADIUS":300,"DIDOKNR":77217,"ANGSTUFE":3,"SLOID":"ch:1:sloid:77217","TU":7}},{"type":"Feature","id":731,"geometry":{"type":"Point","coordinates":[8.2639353929240986,47.10151604462277]},"properties":{"OBJECTID":731,"UUID":"{18774CDB-5A68-E611-B7C2-F04DA23F2F2A}","HSTNAME":"Rothenburg, Bertiswil","VMITTEL":2,"BFS_NR":1040,"GEMEINDE":"Rothenburg","EINWOHNER":505,"ARBEITSPL":35,"RADIUS":300,"DIDOKNR":77239,"ANGSTUFE":4,"SLOID":"ch:1:sloid:77239","TU":1}},{"type":"Feature","id":732,"geometry":{"type":"Point","coordinates":[8.4375790278517915,47.070573012180965]},"properties":{"OBJECTID":732,"UUID":"{A7794CDB-5A68-E611-B7C2-F04DA23F2F2A}","HSTNAME":"Küssnacht am Rigi, Breitfeld","VMITTEL":2,"BFS_NR":1331,"GEMEINDE":"Küssnacht (SZ)","EINWOHNER":0,"ARBEITSPL":0,"RADIUS":300,"DIDOKNR":77209,"ANGSTUFE":null,"SLOID":"ch:1:sloid:77209","TU":7}},{"type":"Feature","id":733,"geometry":{"type":"Point","coordinates":[8.2005495568919997,47.204403629747866]},"properties":{"OBJECTID":733,"UUID":"{15764CDB-5A68-E611-B7C2-F04DA23F2F2A}","HSTNAME":"Beromünster, Mooskapelle","VMITTEL":2,"BFS_NR":1081,"GEMEINDE":"Beromünster","EINWOHNER":788,"ARBEITSPL":103,"RADIUS":300,"DIDOKNR":77254,"ANGSTUFE":3,"SLOID":"ch:1:sloid:77254","TU":1}},{"type":"Feature","id":734,"geometry":{"type":"Point","coordinates":[8.2727920718623729,47.087860802136888]},"properties":{"OBJECTID":734,"UUID":"{F9784CDB-5A68-E611-B7C2-F04DA23F2F2A}","HSTNAME":"Emmenbrücke, Bösfeld","VMITTEL":2,"BFS_NR":1024,"GEMEINDE":"Emmen","EINWOHNER":1263,"ARBEITSPL":201,"RADIUS":300,"DIDOKNR":77236,"ANGSTUFE":5,"SLOID":"ch:1:sloid:77236","TU":1}},{"type":"Feature","id":735,"geometry":{"type":"Point","coordinates":[8.1923928542995927,47.206551848930786]},"properties":{"OBJECTID":735,"UUID":"{D2764CDB-5A68-E611-B7C2-F04DA23F2F2A}","HSTNAME":"Beromünster, Flecken","VMITTEL":2,"BFS_NR":1081,"GEMEINDE":"Beromünster","EINWOHNER":824,"ARBEITSPL":434,"RADIUS":300,"DIDOKNR":77255,"ANGSTUFE":3,"SLOID":"ch:1:sloid:77255","TU":1}},{"type":"Feature","id":736,"geometry":{"type":"Point","coordinates":[8.4846327826880952,47.006211471746248]},"properties":{"OBJECTID":736,"UUID":"{2B764CDB-5A68-E611-B7C2-F04DA23F2F2A}","HSTNAME":"Vitznau, Unteraltdorf","VMITTEL":2,"BFS_NR":1068,"GEMEINDE":"Vitznau","EINWOHNER":178,"ARBEITSPL":27,"RADIUS":300,"DIDOKNR":77222,"ANGSTUFE":3,"SLOID":"ch:1:sloid:77222","TU":7}},{"type":"Feature","id":737,"geometry":{"type":"Point","coordinates":[8.2736063794466741,47.091461284280236]},"properties":{"OBJECTID":737,"UUID":"{0B774CDB-5A68-E611-B7C2-F04DA23F2F2A}","HSTNAME":"Emmenbrücke Kapf, Bahnhof","VMITTEL":2,"BFS_NR":1024,"GEMEINDE":"Emmen","EINWOHNER":880,"ARBEITSPL":65,"RADIUS":300,"DIDOKNR":77237,"ANGSTUFE":5,"SLOID":"ch:1:sloid:77237","TU":1}},{"type":"Feature","id":738,"geometry":{"type":"Point","coordinates":[8.440121260316511,47.030794706147873]},"properties":{"OBJECTID":738,"UUID":"{01784CDB-5A68-E611-B7C2-F04DA23F2F2A}","HSTNAME":"Weggis, Felsberg","VMITTEL":2,"BFS_NR":1069,"GEMEINDE":"Weggis","EINWOHNER":106,"ARBEITSPL":13,"RADIUS":300,"DIDOKNR":77215,"ANGSTUFE":0,"SLOID":"ch:1:sloid:77215","TU":7}},{"type":"Feature","id":739,"geometry":{"type":"Point","coordinates":[8.2086527804056626,47.183648484382921]},"properties":{"OBJECTID":739,"UUID":"{E7794CDB-5A68-E611-B7C2-F04DA23F2F2A}","HSTNAME":"Neudorf, Paradisli","VMITTEL":2,"BFS_NR":1081,"GEMEINDE":"Beromünster","EINWOHNER":71,"ARBEITSPL":25,"RADIUS":300,"DIDOKNR":77252,"ANGSTUFE":3,"SLOID":"ch:1:sloid:77252","TU":1}},{"type":"Feature","id":740,"geometry":{"type":"Point","coordinates":[8.253916598242343,47.092412232710558]},"properties":{"OBJECTID":740,"UUID":"{59E8C1D5-5A68-E611-B7C2-F04DA23F2F2A}","HSTNAME":"Rothenburg, Buzibach","VMITTEL":2,"BFS_NR":1040,"GEMEINDE":"Rothenburg","EINWOHNER":76,"ARBEITSPL":1633,"RADIUS":300,"DIDOKNR":77242,"ANGSTUFE":4,"SLOID":"ch:1:sloid:77242","TU":1}},{"type":"Feature","id":741,"geometry":{"type":"Point","coordinates":[8.2058145721688653,47.191826032789578]},"properties":{"OBJECTID":741,"UUID":"{32E9C1D5-5A68-E611-B7C2-F04DA23F2F2A}","HSTNAME":"Beromünster, Flugplatz","VMITTEL":2,"BFS_NR":1081,"GEMEINDE":"Beromünster","EINWOHNER":6,"ARBEITSPL":30,"RADIUS":300,"DIDOKNR":77253,"ANGSTUFE":3,"SLOID":"ch:1:sloid:77253","TU":1}},{"type":"Feature","id":742,"geometry":{"type":"Point","coordinates":[8.423565309924852,47.035539792146281]},"properties":{"OBJECTID":742,"UUID":"{91E8C1D5-5A68-E611-B7C2-F04DA23F2F2A}","HSTNAME":"Weggis, Zopf","VMITTEL":2,"BFS_NR":1069,"GEMEINDE":"Weggis","EINWOHNER":365,"ARBEITSPL":134,"RADIUS":300,"DIDOKNR":77212,"ANGSTUFE":3,"SLOID":"ch:1:sloid:77212","TU":7}},{"type":"Feature","id":743,"geometry":{"type":"Point","coordinates":[8.4803837515401277,46.999907668885058]},"properties":{"OBJECTID":743,"UUID":"{217A4CDB-5A68-E611-B7C2-F04DA23F2F2A}","HSTNAME":"Vitznau, Floralpina","VMITTEL":2,"BFS_NR":1068,"GEMEINDE":"Vitznau","EINWOHNER":28,"ARBEITSPL":32,"RADIUS":300,"DIDOKNR":77223,"ANGSTUFE":3,"SLOID":"ch:1:sloid:77223","TU":7}},{"type":"Feature","id":744,"geometry":{"type":"Point","coordinates":[8.2624327159871331,47.100161661221122]},"properties":{"OBJECTID":744,"UUID":"{B4754CDB-5A68-E611-B7C2-F04DA23F2F2A}","HSTNAME":"Rothenburg, Mauritiusring","VMITTEL":2,"BFS_NR":1040,"GEMEINDE":"Rothenburg","EINWOHNER":187,"ARBEITSPL":20,"RADIUS":300,"DIDOKNR":77240,"ANGSTUFE":4,"SLOID":"ch:1:sloid:77240","TU":1}},{"type":"Feature","id":745,"geometry":{"type":"Point","coordinates":[8.2576015606183955,47.129973998633893]},"properties":{"OBJECTID":745,"UUID":"{D7774CDB-5A68-E611-B7C2-F04DA23F2F2A}","HSTNAME":"Rain, Dorf","VMITTEL":2,"BFS_NR":1037,"GEMEINDE":"Rain","EINWOHNER":766,"ARBEITSPL":217,"RADIUS":300,"DIDOKNR":77258,"ANGSTUFE":3,"SLOID":"ch:1:sloid:77258","TU":1}},{"type":"Feature","id":746,"geometry":{"type":"Point","coordinates":[8.4265499943339162,47.033404438918033]},"properties":{"OBJECTID":746,"UUID":"{19794CDB-5A68-E611-B7C2-F04DA23F2F2A}","HSTNAME":"Weggis, Neubüel","VMITTEL":2,"BFS_NR":1069,"GEMEINDE":"Weggis","EINWOHNER":547,"ARBEITSPL":203,"RADIUS":300,"DIDOKNR":77213,"ANGSTUFE":3,"SLOID":"ch:1:sloid:77213","TU":7}},{"type":"Feature","id":747,"geometry":{"type":"Point","coordinates":[8.2614124391079073,47.096784558204959]},"properties":{"OBJECTID":747,"UUID":"{6A794CDB-5A68-E611-B7C2-F04DA23F2F2A}","HSTNAME":"Rothenburg, Eichenring","VMITTEL":2,"BFS_NR":1040,"GEMEINDE":"Rothenburg","EINWOHNER":686,"ARBEITSPL":37,"RADIUS":300,"DIDOKNR":77241,"ANGSTUFE":4,"SLOID":"ch:1:sloid:77241","TU":1}},{"type":"Feature","id":748,"geometry":{"type":"Point","coordinates":[8.4806352795840407,47.01443164026535]},"properties":{"OBJECTID":748,"UUID":"{85E8C1D5-5A68-E611-B7C2-F04DA23F2F2A}","HSTNAME":"Vitznau, Park Hotel","VMITTEL":2,"BFS_NR":1068,"GEMEINDE":"Vitznau","EINWOHNER":290,"ARBEITSPL":204,"RADIUS":300,"DIDOKNR":77220,"ANGSTUFE":3,"SLOID":"ch:1:sloid:77220","TU":7}},{"type":"Feature","id":749,"geometry":{"type":"Point","coordinates":[8.251832867160557,47.126969215038386]},"properties":{"OBJECTID":749,"UUID":"{5DE8C1D5-5A68-E611-B7C2-F04DA23F2F2A}","HSTNAME":"Rain, Rüti","VMITTEL":2,"BFS_NR":1037,"GEMEINDE":"Rain","EINWOHNER":992,"ARBEITSPL":126,"RADIUS":300,"DIDOKNR":77257,"ANGSTUFE":3,"SLOID":"ch:1:sloid:77257","TU":1}},{"type":"Feature","id":750,"geometry":{"type":"Point","coordinates":[8.4701788899409749,47.020200928133171]},"properties":{"OBJECTID":750,"UUID":"{7B784CDB-5A68-E611-B7C2-F04DA23F2F2A}","HSTNAME":"Vitznau, Unterwilen","VMITTEL":2,"BFS_NR":1068,"GEMEINDE":"Vitznau","EINWOHNER":78,"ARBEITSPL":15,"RADIUS":300,"DIDOKNR":77219,"ANGSTUFE":3,"SLOID":"ch:1:sloid:77219","TU":7}},{"type":"Feature","id":751,"geometry":{"type":"Point","coordinates":[8.2563832833822168,47.109917733135234]},"properties":{"OBJECTID":751,"UUID":"{D6784CDB-5A68-E611-B7C2-F04DA23F2F2A}","HSTNAME":"Rothenburg, Wegscheiden","VMITTEL":2,"BFS_NR":1040,"GEMEINDE":"Rothenburg","EINWOHNER":38,"ARBEITSPL":17,"RADIUS":300,"DIDOKNR":77244,"ANGSTUFE":4,"SLOID":"ch:1:sloid:77244","TU":1}},{"type":"Feature","id":752,"geometry":{"type":"Point","coordinates":[8.2409949909974429,47.180387260690829]},"properties":{"OBJECTID":752,"UUID":"{20774CDB-5A68-E611-B7C2-F04DA23F2F2A}","HSTNAME":"Römerswil LU, Ludigen","VMITTEL":2,"BFS_NR":1039,"GEMEINDE":"Römerswil","EINWOHNER":33,"ARBEITSPL":7,"RADIUS":300,"DIDOKNR":77263,"ANGSTUFE":2,"SLOID":"ch:1:sloid:77263","TU":4}},{"type":"Feature","id":753,"geometry":{"type":"Point","coordinates":[8.4833571752157866,47.009347780506623]},"properties":{"OBJECTID":753,"UUID":"{48764CDB-5A68-E611-B7C2-F04DA23F2F2A}","HSTNAME":"Vitznau, Station","VMITTEL":2,"BFS_NR":1068,"GEMEINDE":"Vitznau","EINWOHNER":603,"ARBEITSPL":297,"RADIUS":300,"DIDOKNR":77221,"ANGSTUFE":3,"SLOID":"ch:1:sloid:77221","TU":7}},{"type":"Feature","id":754,"geometry":{"type":"Point","coordinates":[8.2465899085653476,47.117534076156822]},"properties":{"OBJECTID":754,"UUID":"{7A794CDB-5A68-E611-B7C2-F04DA23F2F2A}","HSTNAME":"Rothenburg, Süesstannen","VMITTEL":2,"BFS_NR":1040,"GEMEINDE":"Rothenburg","EINWOHNER":11,"ARBEITSPL":4,"RADIUS":300,"DIDOKNR":77245,"ANGSTUFE":4,"SLOID":"ch:1:sloid:77245","TU":1}},{"type":"Feature","id":755,"geometry":{"type":"Point","coordinates":[8.2090831136204923,47.176881236577913]},"properties":{"OBJECTID":755,"UUID":"{65794CDB-5A68-E611-B7C2-F04DA23F2F2A}","HSTNAME":"Neudorf, Dorf","VMITTEL":2,"BFS_NR":1081,"GEMEINDE":"Beromünster","EINWOHNER":739,"ARBEITSPL":100,"RADIUS":300,"DIDOKNR":77250,"ANGSTUFE":3,"SLOID":"ch:1:sloid:77250","TU":1}},{"type":"Feature","id":756,"geometry":{"type":"Point","coordinates":[8.251982243915883,47.155906053976963]},"properties":{"OBJECTID":756,"UUID":"{56764CDB-5A68-E611-B7C2-F04DA23F2F2A}","HSTNAME":"Römerswil LU, Williswil","VMITTEL":2,"BFS_NR":1039,"GEMEINDE":"Römerswil","EINWOHNER":22,"ARBEITSPL":13,"RADIUS":300,"DIDOKNR":77261,"ANGSTUFE":2,"SLOID":"ch:1:sloid:77261","TU":4}},{"type":"Feature","id":757,"geometry":{"type":"Point","coordinates":[8.20916839377605,47.180055962833343]},"properties":{"OBJECTID":757,"UUID":"{DD754CDB-5A68-E611-B7C2-F04DA23F2F2A}","HSTNAME":"Neudorf, Post","VMITTEL":2,"BFS_NR":1081,"GEMEINDE":"Beromünster","EINWOHNER":345,"ARBEITSPL":184,"RADIUS":300,"DIDOKNR":77251,"ANGSTUFE":3,"SLOID":"ch:1:sloid:77251","TU":1}},{"type":"Feature","id":758,"geometry":{"type":"Point","coordinates":[8.2304486693500483,47.197883934826812]},"properties":{"OBJECTID":758,"UUID":"{87764CDB-5A68-E611-B7C2-F04DA23F2F2A}","HSTNAME":"Herlisberg, Dorfplatz","VMITTEL":2,"BFS_NR":1039,"GEMEINDE":"Römerswil","EINWOHNER":40,"ARBEITSPL":18,"RADIUS":300,"DIDOKNR":77266,"ANGSTUFE":2,"SLOID":"ch:1:sloid:77266","TU":4}},{"type":"Feature","id":759,"geometry":{"type":"Point","coordinates":[8.2238143364165115,47.202651807663081]},"properties":{"OBJECTID":759,"UUID":"{B7784CDB-5A68-E611-B7C2-F04DA23F2F2A}","HSTNAME":"Beromünster, Waldhus","VMITTEL":2,"BFS_NR":1081,"GEMEINDE":"Beromünster","EINWOHNER":10,"ARBEITSPL":7,"RADIUS":300,"DIDOKNR":77267,"ANGSTUFE":2,"SLOID":"ch:1:sloid:77267","TU":4}},{"type":"Feature","id":760,"geometry":{"type":"Point","coordinates":[8.2876480567120847,47.07323255128248]},"properties":{"OBJECTID":760,"UUID":"{24764CDB-5A68-E611-B7C2-F04DA23F2F2A}","HSTNAME":"Emmenbrücke, Emmen Center","VMITTEL":2,"BFS_NR":1024,"GEMEINDE":"Emmen","EINWOHNER":927,"ARBEITSPL":890,"RADIUS":300,"DIDOKNR":77271,"ANGSTUFE":5,"SLOID":"ch:1:sloid:77271","TU":1}},{"type":"Feature","id":761,"geometry":{"type":"Point","coordinates":[8.236239899080827,47.188866788733939]},"properties":{"OBJECTID":761,"UUID":"{A7764CDB-5A68-E611-B7C2-F04DA23F2F2A}","HSTNAME":"Herlisberg, Oberreinach","VMITTEL":2,"BFS_NR":1039,"GEMEINDE":"Römerswil","EINWOHNER":103,"ARBEITSPL":46,"RADIUS":300,"DIDOKNR":77264,"ANGSTUFE":2,"SLOID":"ch:1:sloid:77264","TU":4}},{"type":"Feature","id":762,"geometry":{"type":"Point","coordinates":[8.209896285181447,47.209510172822107]},"properties":{"OBJECTID":762,"UUID":"{30794CDB-5A68-E611-B7C2-F04DA23F2F2A}","HSTNAME":"Beromünster, Witwil","VMITTEL":2,"BFS_NR":1081,"GEMEINDE":"Beromünster","EINWOHNER":30,"ARBEITSPL":11,"RADIUS":300,"DIDOKNR":77268,"ANGSTUFE":2,"SLOID":"ch:1:sloid:77268","TU":4}},{"type":"Feature","id":763,"geometry":{"type":"Point","coordinates":[8.2853629866514176,47.07110849012399]},"properties":{"OBJECTID":763,"UUID":"{F0764CDB-5A68-E611-B7C2-F04DA23F2F2A}","HSTNAME":"Emmenbrücke, Marienkirche","VMITTEL":2,"BFS_NR":1024,"GEMEINDE":"Emmen","EINWOHNER":757,"ARBEITSPL":235,"RADIUS":300,"DIDOKNR":77269,"ANGSTUFE":4,"SLOID":"ch:1:sloid:77269","TU":1}},{"type":"Feature","id":764,"geometry":{"type":"Point","coordinates":[8.5039645278339169,46.992371534765482]},"properties":{"OBJECTID":764,"UUID":"{C9E8C1D5-5A68-E611-B7C2-F04DA23F2F2A}","HSTNAME":"Gersau, Förstli","VMITTEL":2,"BFS_NR":1311,"GEMEINDE":"Gersau","EINWOHNER":0,"ARBEITSPL":0,"RADIUS":300,"DIDOKNR":77224,"ANGSTUFE":null,"SLOID":"ch:1:sloid:77224","TU":7}},{"type":"Feature","id":765,"geometry":{"type":"Point","coordinates":[8.2310790404296785,47.195001147641662]},"properties":{"OBJECTID":765,"UUID":"{1C784CDB-5A68-E611-B7C2-F04DA23F2F2A}","HSTNAME":"Herlisberg, Steinhus","VMITTEL":2,"BFS_NR":1039,"GEMEINDE":"Römerswil","EINWOHNER":27,"ARBEITSPL":7,"RADIUS":300,"DIDOKNR":77265,"ANGSTUFE":2,"SLOID":"ch:1:sloid:77265","TU":4}},{"type":"Feature","id":766,"geometry":{"type":"Point","coordinates":[8.5234130536396915,46.992506336905308]},"properties":{"OBJECTID":766,"UUID":"{0A794CDB-5A68-E611-B7C2-F04DA23F2F2A}","HSTNAME":"Gersau, Wehri","VMITTEL":2,"BFS_NR":1311,"GEMEINDE":"Gersau","EINWOHNER":0,"ARBEITSPL":0,"RADIUS":300,"DIDOKNR":77225,"ANGSTUFE":null,"SLOID":"ch:1:sloid:77225","TU":7}},{"type":"Feature","id":767,"geometry":{"type":"Point","coordinates":[8.2901205740835255,47.073405755675878]},"properties":{"OBJECTID":767,"UUID":"{A1774CDB-5A68-E611-B7C2-F04DA23F2F2A}","HSTNAME":"Emmen, Fichtenstrasse","VMITTEL":2,"BFS_NR":1024,"GEMEINDE":"Emmen","EINWOHNER":657,"ARBEITSPL":103,"RADIUS":300,"DIDOKNR":77273,"ANGSTUFE":5,"SLOID":"ch:1:sloid:77273","TU":1}},{"type":"Feature","id":768,"geometry":{"type":"Point","coordinates":[8.2903902839084953,47.085324159556279]},"properties":{"OBJECTID":768,"UUID":"{BE784CDB-5A68-E611-B7C2-F04DA23F2F2A}","HSTNAME":"Emmen, Kasernenstrasse","VMITTEL":2,"BFS_NR":1024,"GEMEINDE":"Emmen","EINWOHNER":947,"ARBEITSPL":309,"RADIUS":300,"DIDOKNR":77278,"ANGSTUFE":4,"SLOID":"ch:1:sloid:77278","TU":1}},{"type":"Feature","id":769,"geometry":{"type":"Point","coordinates":[8.2841198276647017,47.082074360406516]},"properties":{"OBJECTID":769,"UUID":"{D9764CDB-5A68-E611-B7C2-F04DA23F2F2A}","HSTNAME":"Emmen, Rüeggisingen","VMITTEL":2,"BFS_NR":1024,"GEMEINDE":"Emmen","EINWOHNER":227,"ARBEITSPL":141,"RADIUS":300,"DIDOKNR":77276,"ANGSTUFE":5,"SLOID":"ch:1:sloid:77276","TU":1}},{"type":"Feature","id":770,"geometry":{"type":"Point","coordinates":[8.2870795834367375,47.083905383257481]},"properties":{"OBJECTID":770,"UUID":"{9B784CDB-5A68-E611-B7C2-F04DA23F2F2A}","HSTNAME":"Emmen, Abendweg","VMITTEL":2,"BFS_NR":1024,"GEMEINDE":"Emmen","EINWOHNER":835,"ARBEITSPL":34,"RADIUS":300,"DIDOKNR":77277,"ANGSTUFE":4,"SLOID":"ch:1:sloid:77277","TU":1}},{"type":"Feature","id":771,"geometry":{"type":"Point","coordinates":[8.0626129146935419,46.993672097789613]},"properties":{"OBJECTID":771,"UUID":"{7EE8C1D5-5A68-E611-B7C2-F04DA23F2F2A}","HSTNAME":"Entlebuch, Bahnhof","VMITTEL":2,"BFS_NR":1002,"GEMEINDE":"Entlebuch","EINWOHNER":221,"ARBEITSPL":306,"RADIUS":300,"DIDOKNR":77051,"ANGSTUFE":2,"SLOID":"ch:1:sloid:77051","TU":3}},{"type":"Feature","id":772,"geometry":{"type":"Point","coordinates":[8.2756774248389373,47.077323373350154]},"properties":{"OBJECTID":772,"UUID":"{387A4CDB-5A68-E611-B7C2-F04DA23F2F2A}","HSTNAME":"Emmenbrücke, Sonnenplatz","VMITTEL":3,"BFS_NR":1024,"GEMEINDE":"Emmen","EINWOHNER":747,"ARBEITSPL":590,"RADIUS":300,"DIDOKNR":77234,"ANGSTUFE":5,"SLOID":"ch:1:sloid:77234","TU":1}},{"type":"Feature","id":773,"geometry":{"type":"Point","coordinates":[8.0686790033036395,46.982916436295277]},"properties":{"OBJECTID":773,"UUID":"{F7774CDB-5A68-E611-B7C2-F04DA23F2F2A}","HSTNAME":"Entlebuch, Spüelen","VMITTEL":2,"BFS_NR":1002,"GEMEINDE":"Entlebuch","EINWOHNER":9,"ARBEITSPL":5,"RADIUS":300,"DIDOKNR":77054,"ANGSTUFE":1,"SLOID":"ch:1:sloid:77054","TU":3}},{"type":"Feature","id":774,"geometry":{"type":"Point","coordinates":[8.2716601951765956,47.081395360126642]},"properties":{"OBJECTID":774,"UUID":"{27784CDB-5A68-E611-B7C2-F04DA23F2F2A}","HSTNAME":"Emmenbrücke, Sprengi","VMITTEL":3,"BFS_NR":1024,"GEMEINDE":"Emmen","EINWOHNER":1169,"ARBEITSPL":430,"RADIUS":300,"DIDOKNR":77235,"ANGSTUFE":5,"SLOID":"ch:1:sloid:77235","TU":1}},{"type":"Feature","id":775,"geometry":{"type":"Point","coordinates":[8.0746964713491618,46.980472462764475]},"properties":{"OBJECTID":775,"UUID":"{0D764CDB-5A68-E611-B7C2-F04DA23F2F2A}","HSTNAME":"Entlebuch, Unteregg","VMITTEL":2,"BFS_NR":1002,"GEMEINDE":"Entlebuch","EINWOHNER":12,"ARBEITSPL":7,"RADIUS":300,"DIDOKNR":77055,"ANGSTUFE":1,"SLOID":"ch:1:sloid:77055","TU":3}},{"type":"Feature","id":776,"geometry":{"type":"Point","coordinates":[8.1219469832296518,46.961760022246708]},"properties":{"OBJECTID":776,"UUID":"{0FE8C1D5-5A68-E611-B7C2-F04DA23F2F2A}","HSTNAME":"Finsterwald LU, Schwändeli","VMITTEL":2,"BFS_NR":1002,"GEMEINDE":"Entlebuch","EINWOHNER":6,"ARBEITSPL":0,"RADIUS":300,"DIDOKNR":77061,"ANGSTUFE":1,"SLOID":"ch:1:sloid:77061","TU":3}},{"type":"Feature","id":777,"geometry":{"type":"Point","coordinates":[8.0777191505066259,47.022437136671741]},"properties":{"OBJECTID":777,"UUID":"{BF794CDB-5A68-E611-B7C2-F04DA23F2F2A}","HSTNAME":"Ebnet (Entlebuch), Schulhaus","VMITTEL":2,"BFS_NR":1002,"GEMEINDE":"Entlebuch","EINWOHNER":183,"ARBEITSPL":69,"RADIUS":300,"DIDOKNR":77067,"ANGSTUFE":1,"SLOID":"ch:1:sloid:77067","TU":3}},{"type":"Feature","id":778,"geometry":{"type":"Point","coordinates":[8.0668032695726222,46.99112153200258]},"properties":{"OBJECTID":778,"UUID":"{40E8C1D5-5A68-E611-B7C2-F04DA23F2F2A}","HSTNAME":"Entlebuch, Marktplatz","VMITTEL":2,"BFS_NR":1002,"GEMEINDE":"Entlebuch","EINWOHNER":460,"ARBEITSPL":360,"RADIUS":300,"DIDOKNR":77053,"ANGSTUFE":1,"SLOID":"ch:1:sloid:77053","TU":3}},{"type":"Feature","id":779,"geometry":{"type":"Point","coordinates":[8.1033109902834628,46.973077904107491]},"properties":{"OBJECTID":779,"UUID":"{C6784CDB-5A68-E611-B7C2-F04DA23F2F2A}","HSTNAME":"Finsterwald LU, Kirche","VMITTEL":2,"BFS_NR":1002,"GEMEINDE":"Entlebuch","EINWOHNER":161,"ARBEITSPL":18,"RADIUS":300,"DIDOKNR":77058,"ANGSTUFE":1,"SLOID":"ch:1:sloid:77058","TU":3}},{"type":"Feature","id":780,"geometry":{"type":"Point","coordinates":[8.2674643557893823,47.227487433711893]},"properties":{"OBJECTID":780,"UUID":"{11774CDB-5A68-E611-B7C2-F04DA23F2F2A}","HSTNAME":"Hitzkirch, Schönegg","VMITTEL":2,"BFS_NR":1030,"GEMEINDE":"Hitzkirch","EINWOHNER":112,"ARBEITSPL":3,"RADIUS":300,"DIDOKNR":77076,"ANGSTUFE":2,"SLOID":"ch:1:sloid:77076","TU":4}},{"type":"Feature","id":781,"geometry":{"type":"Point","coordinates":[8.2628015841836255,47.224822340559946]},"properties":{"OBJECTID":781,"UUID":"{17774CDB-5A68-E611-B7C2-F04DA23F2F2A}","HSTNAME":"Hitzkirch, Dorf","VMITTEL":2,"BFS_NR":1030,"GEMEINDE":"Hitzkirch","EINWOHNER":617,"ARBEITSPL":679,"RADIUS":300,"DIDOKNR":77070,"ANGSTUFE":3,"SLOID":"ch:1:sloid:77070","TU":4}},{"type":"Feature","id":782,"geometry":{"type":"Point","coordinates":[8.2737981851508575,47.231426543899381]},"properties":{"OBJECTID":782,"UUID":"{ED794CDB-5A68-E611-B7C2-F04DA23F2F2A}","HSTNAME":"Hämikon, Stockmatt","VMITTEL":2,"BFS_NR":1030,"GEMEINDE":"Hitzkirch","EINWOHNER":17,"ARBEITSPL":38,"RADIUS":300,"DIDOKNR":77077,"ANGSTUFE":2,"SLOID":"ch:1:sloid:77077","TU":4}},{"type":"Feature","id":783,"geometry":{"type":"Point","coordinates":[8.1046582224611878,46.968320484184119]},"properties":{"OBJECTID":783,"UUID":"{AA784CDB-5A68-E611-B7C2-F04DA23F2F2A}","HSTNAME":"Finsterwald LU, Lippern","VMITTEL":2,"BFS_NR":1002,"GEMEINDE":"Entlebuch","EINWOHNER":13,"ARBEITSPL":1,"RADIUS":300,"DIDOKNR":77059,"ANGSTUFE":1,"SLOID":"ch:1:sloid:77059","TU":3}},{"type":"Feature","id":784,"geometry":{"type":"Point","coordinates":[8.2750115880553778,47.237237589290935]},"properties":{"OBJECTID":784,"UUID":"{54784CDB-5A68-E611-B7C2-F04DA23F2F2A}","HSTNAME":"Hämikon, Schulhaus","VMITTEL":2,"BFS_NR":1030,"GEMEINDE":"Hitzkirch","EINWOHNER":327,"ARBEITSPL":87,"RADIUS":300,"DIDOKNR":77071,"ANGSTUFE":2,"SLOID":"ch:1:sloid:77071","TU":4}},{"type":"Feature","id":785,"geometry":{"type":"Point","coordinates":[8.0844356359043612,46.977161708076878]},"properties":{"OBJECTID":785,"UUID":"{33774CDB-5A68-E611-B7C2-F04DA23F2F2A}","HSTNAME":"Finsterwald LU, Erlengraben","VMITTEL":2,"BFS_NR":1002,"GEMEINDE":"Entlebuch","EINWOHNER":30,"ARBEITSPL":43,"RADIUS":300,"DIDOKNR":77056,"ANGSTUFE":1,"SLOID":"ch:1:sloid:77056","TU":3}},{"type":"Feature","id":786,"geometry":{"type":"Point","coordinates":[8.2617592993585873,47.157113861942975]},"properties":{"OBJECTID":786,"UUID":"{30784CDB-5A68-E611-B7C2-F04DA23F2F2A}","HSTNAME":"Römerswil LU, Gosperdingen","VMITTEL":2,"BFS_NR":1039,"GEMEINDE":"Römerswil","EINWOHNER":16,"ARBEITSPL":7,"RADIUS":300,"DIDOKNR":77098,"ANGSTUFE":2,"SLOID":"ch:1:sloid:77098","TU":4}},{"type":"Feature","id":787,"geometry":{"type":"Point","coordinates":[8.2865354726945899,47.238520638411394]},"properties":{"OBJECTID":787,"UUID":"{BB764CDB-5A68-E611-B7C2-F04DA23F2F2A}","HSTNAME":"Müswangen, Sonnmatt","VMITTEL":2,"BFS_NR":1030,"GEMEINDE":"Hitzkirch","EINWOHNER":112,"ARBEITSPL":32,"RADIUS":300,"DIDOKNR":77080,"ANGSTUFE":2,"SLOID":"ch:1:sloid:77080","TU":4}},{"type":"Feature","id":788,"geometry":{"type":"Point","coordinates":[8.093823171655556,46.974211943498375]},"properties":{"OBJECTID":788,"UUID":"{0C784CDB-5A68-E611-B7C2-F04DA23F2F2A}","HSTNAME":"Finsterwald LU, Chilenwald","VMITTEL":2,"BFS_NR":1002,"GEMEINDE":"Entlebuch","EINWOHNER":1,"ARBEITSPL":0,"RADIUS":300,"DIDOKNR":77057,"ANGSTUFE":1,"SLOID":"ch:1:sloid:77057","TU":3}},{"type":"Feature","id":789,"geometry":{"type":"Point","coordinates":[8.2523482210395152,47.222503945395609]},"properties":{"OBJECTID":789,"UUID":"{38E8C1D5-5A68-E611-B7C2-F04DA23F2F2A}","HSTNAME":"Hitzkirch, Bahnhof","VMITTEL":2,"BFS_NR":1030,"GEMEINDE":"Hitzkirch","EINWOHNER":152,"ARBEITSPL":166,"RADIUS":300,"DIDOKNR":77069,"ANGSTUFE":3,"SLOID":"ch:1:sloid:77069","TU":4}},{"type":"Feature","id":790,"geometry":{"type":"Point","coordinates":[8.2572372761849682,47.154609450567463]},"properties":{"OBJECTID":790,"UUID":"{94764CDB-5A68-E611-B7C2-F04DA23F2F2A}","HSTNAME":"Römerswil LU, Ludiswil","VMITTEL":2,"BFS_NR":1039,"GEMEINDE":"Römerswil","EINWOHNER":13,"ARBEITSPL":22,"RADIUS":300,"DIDOKNR":77099,"ANGSTUFE":2,"SLOID":"ch:1:sloid:77099","TU":4}},{"type":"Feature","id":791,"geometry":{"type":"Point","coordinates":[8.2616814530070481,47.229255949661258]},"properties":{"OBJECTID":791,"UUID":"{A3E8C1D5-5A68-E611-B7C2-F04DA23F2F2A}","HSTNAME":"Hitzkirch, Bleulikon","VMITTEL":2,"BFS_NR":1030,"GEMEINDE":"Hitzkirch","EINWOHNER":143,"ARBEITSPL":24,"RADIUS":300,"DIDOKNR":77075,"ANGSTUFE":2,"SLOID":"ch:1:sloid:77075","TU":4}},{"type":"Feature","id":792,"geometry":{"type":"Point","coordinates":[8.2691009608771235,47.158572320300316]},"properties":{"OBJECTID":792,"UUID":"{01E8C1D5-5A68-E611-B7C2-F04DA23F2F2A}","HSTNAME":"Römerswil LU, Eiholdern","VMITTEL":2,"BFS_NR":1039,"GEMEINDE":"Römerswil","EINWOHNER":10,"ARBEITSPL":15,"RADIUS":300,"DIDOKNR":77096,"ANGSTUFE":2,"SLOID":"ch:1:sloid:77096","TU":4}},{"type":"Feature","id":793,"geometry":{"type":"Point","coordinates":[8.2959408667792687,47.195795858452847]},"properties":{"OBJECTID":793,"UUID":"{0DE9C1D5-5A68-E611-B7C2-F04DA23F2F2A}","HSTNAME":"Kleinwangen, Post","VMITTEL":2,"BFS_NR":1032,"GEMEINDE":"Hohenrain","EINWOHNER":88,"ARBEITSPL":64,"RADIUS":300,"DIDOKNR":77084,"ANGSTUFE":1,"SLOID":"ch:1:sloid:77084","TU":4}},{"type":"Feature","id":794,"geometry":{"type":"Point","coordinates":[8.2886296576971983,47.238154401474794]},"properties":{"OBJECTID":794,"UUID":"{7B794CDB-5A68-E611-B7C2-F04DA23F2F2A}","HSTNAME":"Müswangen, Dorf","VMITTEL":2,"BFS_NR":1030,"GEMEINDE":"Hitzkirch","EINWOHNER":405,"ARBEITSPL":70,"RADIUS":300,"DIDOKNR":77072,"ANGSTUFE":2,"SLOID":"ch:1:sloid:77072","TU":4}},{"type":"Feature","id":795,"geometry":{"type":"Point","coordinates":[8.2640917973554995,47.159570856510463]},"properties":{"OBJECTID":795,"UUID":"{2FE8C1D5-5A68-E611-B7C2-F04DA23F2F2A}","HSTNAME":"Römerswil LU, Gehren","VMITTEL":2,"BFS_NR":1039,"GEMEINDE":"Römerswil","EINWOHNER":6,"ARBEITSPL":3,"RADIUS":300,"DIDOKNR":77097,"ANGSTUFE":2,"SLOID":"ch:1:sloid:77097","TU":4}},{"type":"Feature","id":796,"geometry":{"type":"Point","coordinates":[8.2582940461138818,47.223640152505524]},"properties":{"OBJECTID":796,"UUID":"{FE764CDB-5A68-E611-B7C2-F04DA23F2F2A}","HSTNAME":"Hitzkirch, Friedhof","VMITTEL":2,"BFS_NR":1030,"GEMEINDE":"Hitzkirch","EINWOHNER":792,"ARBEITSPL":231,"RADIUS":300,"DIDOKNR":77073,"ANGSTUFE":3,"SLOID":"ch:1:sloid:77073","TU":4}},{"type":"Feature","id":797,"geometry":{"type":"Point","coordinates":[8.3003134570207262,47.198524760398435]},"properties":{"OBJECTID":797,"UUID":"{24E8C1D5-5A68-E611-B7C2-F04DA23F2F2A}","HSTNAME":"Kleinwangen, Oberdorf","VMITTEL":2,"BFS_NR":1032,"GEMEINDE":"Hohenrain","EINWOHNER":60,"ARBEITSPL":11,"RADIUS":300,"DIDOKNR":77090,"ANGSTUFE":1,"SLOID":"ch:1:sloid:77090","TU":4}},{"type":"Feature","id":798,"geometry":{"type":"Point","coordinates":[8.2800609193386698,47.239179760254267]},"properties":{"OBJECTID":798,"UUID":"{22E9C1D5-5A68-E611-B7C2-F04DA23F2F2A}","HSTNAME":"Hämikon, Oberdorf","VMITTEL":2,"BFS_NR":1030,"GEMEINDE":"Hitzkirch","EINWOHNER":91,"ARBEITSPL":12,"RADIUS":300,"DIDOKNR":77078,"ANGSTUFE":2,"SLOID":"ch:1:sloid:77078","TU":4}},{"type":"Feature","id":799,"geometry":{"type":"Point","coordinates":[8.2457647480903074,47.168606153538953]},"properties":{"OBJECTID":799,"UUID":"{E3794CDB-5A68-E611-B7C2-F04DA23F2F2A}","HSTNAME":"Römerswil LU, Dorf","VMITTEL":2,"BFS_NR":1039,"GEMEINDE":"Römerswil","EINWOHNER":515,"ARBEITSPL":113,"RADIUS":300,"DIDOKNR":77102,"ANGSTUFE":2,"SLOID":"ch:1:sloid:77102","TU":4}},{"type":"Feature","id":800,"geometry":{"type":"Point","coordinates":[8.2891577940043888,47.166755475823841]},"properties":{"OBJECTID":800,"UUID":"{1C774CDB-5A68-E611-B7C2-F04DA23F2F2A}","HSTNAME":"Hochdorf, Bahnhof","VMITTEL":2,"BFS_NR":1031,"GEMEINDE":"Hochdorf","EINWOHNER":279,"ARBEITSPL":589,"RADIUS":300,"DIDOKNR":77091,"ANGSTUFE":4,"SLOID":"ch:1:sloid:77091","TU":4}},{"type":"Feature","id":801,"geometry":{"type":"Point","coordinates":[8.2961944887163011,47.241255651312301]},"properties":{"OBJECTID":801,"UUID":"{8E774CDB-5A68-E611-B7C2-F04DA23F2F2A}","HSTNAME":"Hämikon, Berg","VMITTEL":2,"BFS_NR":1030,"GEMEINDE":"Hitzkirch","EINWOHNER":14,"ARBEITSPL":10,"RADIUS":300,"DIDOKNR":77079,"ANGSTUFE":2,"SLOID":"ch:1:sloid:77079","TU":4}},{"type":"Feature","id":802,"geometry":{"type":"Point","coordinates":[8.2512747828412927,47.161425151179188]},"properties":{"OBJECTID":802,"UUID":"{E2E7C1D5-5A68-E611-B7C2-F04DA23F2F2A}","HSTNAME":"Römerswil LU, Mur","VMITTEL":2,"BFS_NR":1039,"GEMEINDE":"Römerswil","EINWOHNER":6,"ARBEITSPL":8,"RADIUS":300,"DIDOKNR":77101,"ANGSTUFE":2,"SLOID":"ch:1:sloid:77101","TU":4}},{"type":"Feature","id":803,"geometry":{"type":"Point","coordinates":[8.2762298661343543,47.161579051262258]},"properties":{"OBJECTID":803,"UUID":"{C7E8C1D5-5A68-E611-B7C2-F04DA23F2F2A}","HSTNAME":"Römerswil LU, Niffel","VMITTEL":2,"BFS_NR":1039,"GEMEINDE":"Römerswil","EINWOHNER":98,"ARBEITSPL":103,"RADIUS":300,"DIDOKNR":77094,"ANGSTUFE":1,"SLOID":"ch:1:sloid:77094","TU":4}},{"type":"Feature","id":804,"geometry":{"type":"Point","coordinates":[8.3147759329638742,47.180658953840748]},"properties":{"OBJECTID":804,"UUID":"{39784CDB-5A68-E611-B7C2-F04DA23F2F2A}","HSTNAME":"Hohenrain, Landschau","VMITTEL":2,"BFS_NR":1032,"GEMEINDE":"Hohenrain","EINWOHNER":191,"ARBEITSPL":42,"RADIUS":300,"DIDOKNR":77114,"ANGSTUFE":1,"SLOID":"ch:1:sloid:77114","TU":4}},{"type":"Feature","id":805,"geometry":{"type":"Point","coordinates":[8.2731129811930515,47.157913625626776]},"properties":{"OBJECTID":805,"UUID":"{59764CDB-5A68-E611-B7C2-F04DA23F2F2A}","HSTNAME":"Römerswil LU, Rehag","VMITTEL":2,"BFS_NR":1039,"GEMEINDE":"Römerswil","EINWOHNER":10,"ARBEITSPL":14,"RADIUS":300,"DIDOKNR":77095,"ANGSTUFE":2,"SLOID":"ch:1:sloid:77095","TU":4}},{"type":"Feature","id":806,"geometry":{"type":"Point","coordinates":[8.321505031423305,47.172691664264576]},"properties":{"OBJECTID":806,"UUID":"{A9794CDB-5A68-E611-B7C2-F04DA23F2F2A}","HSTNAME":"Hohenrain, Oberebersol","VMITTEL":2,"BFS_NR":1032,"GEMEINDE":"Hohenrain","EINWOHNER":100,"ARBEITSPL":17,"RADIUS":300,"DIDOKNR":77115,"ANGSTUFE":1,"SLOID":"ch:1:sloid:77115","TU":4}},{"type":"Feature","id":807,"geometry":{"type":"Point","coordinates":[8.2813853856487309,47.164015117615342]},"properties":{"OBJECTID":807,"UUID":"{0F7A4CDB-5A68-E611-B7C2-F04DA23F2F2A}","HSTNAME":"Hochdorf, Industriestrasse","VMITTEL":2,"BFS_NR":1039,"GEMEINDE":"Römerswil","EINWOHNER":33,"ARBEITSPL":635,"RADIUS":300,"DIDOKNR":77092,"ANGSTUFE":3,"SLOID":"ch:1:sloid:77092","TU":4}},{"type":"Feature","id":808,"geometry":{"type":"Point","coordinates":[8.3155846065133439,47.179285510531329]},"properties":{"OBJECTID":808,"UUID":"{C1754CDB-5A68-E611-B7C2-F04DA23F2F2A}","HSTNAME":"Hohenrain, Kreuz","VMITTEL":2,"BFS_NR":1032,"GEMEINDE":"Hohenrain","EINWOHNER":158,"ARBEITSPL":30,"RADIUS":300,"DIDOKNR":77104,"ANGSTUFE":1,"SLOID":"ch:1:sloid:77104","TU":4}},{"type":"Feature","id":809,"geometry":{"type":"Point","coordinates":[8.3140494650549783,47.184640399893048]},"properties":{"OBJECTID":809,"UUID":"{B9754CDB-5A68-E611-B7C2-F04DA23F2F2A}","HSTNAME":"Hohenrain, Günikon","VMITTEL":2,"BFS_NR":1032,"GEMEINDE":"Hohenrain","EINWOHNER":232,"ARBEITSPL":44,"RADIUS":300,"DIDOKNR":77113,"ANGSTUFE":1,"SLOID":"ch:1:sloid:77113","TU":4}},{"type":"Feature","id":810,"geometry":{"type":"Point","coordinates":[8.293782207650974,47.194498604762408]},"properties":{"OBJECTID":810,"UUID":"{E2754CDB-5A68-E611-B7C2-F04DA23F2F2A}","HSTNAME":"Kleinwangen, Schmiede","VMITTEL":2,"BFS_NR":1032,"GEMEINDE":"Hohenrain","EINWOHNER":161,"ARBEITSPL":48,"RADIUS":300,"DIDOKNR":77110,"ANGSTUFE":1,"SLOID":"ch:1:sloid:77110","TU":4}},{"type":"Feature","id":811,"geometry":{"type":"Point","coordinates":[8.3954063014226517,47.141111681897954]},"properties":{"OBJECTID":811,"UUID":"{45774CDB-5A68-E611-B7C2-F04DA23F2F2A}","HSTNAME":"Dietwil, Wannenmatt","VMITTEL":2,"BFS_NR":4231,"GEMEINDE":"Dietwil","EINWOHNER":0,"ARBEITSPL":0,"RADIUS":300,"DIDOKNR":77141,"ANGSTUFE":null,"SLOID":"ch:1:sloid:77141","TU":4}},{"type":"Feature","id":812,"geometry":{"type":"Point","coordinates":[8.3274317038317083,47.164973024776138]},"properties":{"OBJECTID":812,"UUID":"{4C794CDB-5A68-E611-B7C2-F04DA23F2F2A}","HSTNAME":"Hohenrain, Ottenhusen","VMITTEL":2,"BFS_NR":1032,"GEMEINDE":"Hohenrain","EINWOHNER":282,"ARBEITSPL":24,"RADIUS":300,"DIDOKNR":77116,"ANGSTUFE":1,"SLOID":"ch:1:sloid:77116","TU":4}},{"type":"Feature","id":813,"geometry":{"type":"Point","coordinates":[8.3974880385879622,47.188158504351648]},"properties":{"OBJECTID":813,"UUID":"{CB754CDB-5A68-E611-B7C2-F04DA23F2F2A}","HSTNAME":"Sins, Bahnhof","VMITTEL":2,"BFS_NR":4239,"GEMEINDE":"Sins","EINWOHNER":0,"ARBEITSPL":0,"RADIUS":300,"DIDOKNR":77128,"ANGSTUFE":null,"SLOID":"ch:1:sloid:77128","TU":4}},{"type":"Feature","id":814,"geometry":{"type":"Point","coordinates":[8.308960713921266,47.022925814538155]},"properties":{"OBJECTID":814,"UUID":"{F4E8C1D5-5A68-E611-B7C2-F04DA23F2F2A}","HSTNAME":"Horw, Wegscheide","VMITTEL":8,"BFS_NR":1058,"GEMEINDE":"Horw","EINWOHNER":1402,"ARBEITSPL":332,"RADIUS":300,"DIDOKNR":77147,"ANGSTUFE":5,"SLOID":"ch:1:sloid:77147","TU":11}},{"type":"Feature","id":815,"geometry":{"type":"Point","coordinates":[8.3274841401565798,47.03709286009974]},"properties":{"OBJECTID":815,"UUID":"{75E8C1D5-5A68-E611-B7C2-F04DA23F2F2A}","HSTNAME":"Luzern, Schönbühl","VMITTEL":3,"BFS_NR":1061,"GEMEINDE":"Luzern","EINWOHNER":1649,"ARBEITSPL":240,"RADIUS":300,"DIDOKNR":77144,"ANGSTUFE":5,"SLOID":"ch:1:sloid:77144","TU":11}},{"type":"Feature","id":816,"geometry":{"type":"Point","coordinates":[8.3100936287315488,47.06326835662589]},"properties":{"OBJECTID":816,"UUID":"{7D774CDB-5A68-E611-B7C2-F04DA23F2F2A}","HSTNAME":"Luzern, Weggismatt","VMITTEL":3,"BFS_NR":1061,"GEMEINDE":"Luzern","EINWOHNER":1369,"ARBEITSPL":348,"RADIUS":300,"DIDOKNR":77150,"ANGSTUFE":5,"SLOID":"ch:1:sloid:77150","TU":11}},{"type":"Feature","id":817,"geometry":{"type":"Point","coordinates":[8.3146188577461491,47.067270826599028]},"properties":{"OBJECTID":817,"UUID":"{E2784CDB-5A68-E611-B7C2-F04DA23F2F2A}","HSTNAME":"Luzern, Maihof","VMITTEL":3,"BFS_NR":1061,"GEMEINDE":"Luzern","EINWOHNER":738,"ARBEITSPL":610,"RADIUS":300,"DIDOKNR":77151,"ANGSTUFE":5,"SLOID":"ch:1:sloid:77151","TU":11}},{"type":"Feature","id":818,"geometry":{"type":"Point","coordinates":[8.2881522325513952,47.191490892830629]},"properties":{"OBJECTID":818,"UUID":"{6F794CDB-5A68-E611-B7C2-F04DA23F2F2A}","HSTNAME":"Kleinwangen, Ferren","VMITTEL":2,"BFS_NR":1032,"GEMEINDE":"Hohenrain","EINWOHNER":93,"ARBEITSPL":37,"RADIUS":300,"DIDOKNR":77109,"ANGSTUFE":1,"SLOID":"ch:1:sloid:77109","TU":4}},{"type":"Feature","id":819,"geometry":{"type":"Point","coordinates":[8.3007109468496569,47.013530710257584]},"properties":{"OBJECTID":819,"UUID":"{D8794CDB-5A68-E611-B7C2-F04DA23F2F2A}","HSTNAME":"Horw, Spitz","VMITTEL":2,"BFS_NR":1058,"GEMEINDE":"Horw","EINWOHNER":395,"ARBEITSPL":85,"RADIUS":300,"DIDOKNR":77148,"ANGSTUFE":3,"SLOID":"ch:1:sloid:77148","TU":11}},{"type":"Feature","id":820,"geometry":{"type":"Point","coordinates":[8.3106571495533395,47.056634367316256]},"properties":{"OBJECTID":820,"UUID":"{09794CDB-5A68-E611-B7C2-F04DA23F2F2A}","HSTNAME":"Luzern, Löwenplatz","VMITTEL":3,"BFS_NR":1061,"GEMEINDE":"Luzern","EINWOHNER":791,"ARBEITSPL":2718,"RADIUS":300,"DIDOKNR":77149,"ANGSTUFE":5,"SLOID":"ch:1:sloid:77149","TU":11}},{"type":"Feature","id":821,"geometry":{"type":"Point","coordinates":[8.3962169937976316,47.190867700128258]},"properties":{"OBJECTID":821,"UUID":"{F8784CDB-5A68-E611-B7C2-F04DA23F2F2A}","HSTNAME":"Sins, Büel","VMITTEL":2,"BFS_NR":4239,"GEMEINDE":"Sins","EINWOHNER":0,"ARBEITSPL":0,"RADIUS":300,"DIDOKNR":77127,"ANGSTUFE":null,"SLOID":"ch:1:sloid:77127","TU":4}},{"type":"Feature","id":822,"geometry":{"type":"Point","coordinates":[8.3944116277495038,47.165155830787477]},"properties":{"OBJECTID":822,"UUID":"{71784CDB-5A68-E611-B7C2-F04DA23F2F2A}","HSTNAME":"Oberrüti, Dorf","VMITTEL":2,"BFS_NR":4237,"GEMEINDE":"Oberrüti","EINWOHNER":0,"ARBEITSPL":0,"RADIUS":300,"DIDOKNR":77138,"ANGSTUFE":null,"SLOID":"ch:1:sloid:77138","TU":4}},{"type":"Feature","id":823,"geometry":{"type":"Point","coordinates":[8.3928310492447711,47.149741747609639]},"properties":{"OBJECTID":823,"UUID":"{E2E8C1D5-5A68-E611-B7C2-F04DA23F2F2A}","HSTNAME":"Dietwil, Zubestrasse","VMITTEL":2,"BFS_NR":4231,"GEMEINDE":"Dietwil","EINWOHNER":0,"ARBEITSPL":0,"RADIUS":300,"DIDOKNR":77139,"ANGSTUFE":null,"SLOID":"ch:1:sloid:77139","TU":4}},{"type":"Feature","id":824,"geometry":{"type":"Point","coordinates":[8.6353161884345724,47.009801060026199]},"properties":{"OBJECTID":824,"UUID":"{29E9C1D5-5A68-E611-B7C2-F04DA23F2F2A}","HSTNAME":"Ibach, Diesel","VMITTEL":2,"BFS_NR":1372,"GEMEINDE":"Schwyz","EINWOHNER":0,"ARBEITSPL":0,"RADIUS":300,"DIDOKNR":77433,"ANGSTUFE":null,"SLOID":"ch:1:sloid:77433","TU":7}},{"type":"Feature","id":825,"geometry":{"type":"Point","coordinates":[8.6021414048847475,46.995747609000716]},"properties":{"OBJECTID":825,"UUID":"{4D794CDB-5A68-E611-B7C2-F04DA23F2F2A}","HSTNAME":"Brunnen, Hafenstrasse","VMITTEL":2,"BFS_NR":1364,"GEMEINDE":"Ingenbohl","EINWOHNER":0,"ARBEITSPL":0,"RADIUS":300,"DIDOKNR":77438,"ANGSTUFE":null,"SLOID":"ch:1:sloid:77438","TU":7}},{"type":"Feature","id":826,"geometry":{"type":"Point","coordinates":[8.5997968025642049,46.9970158797518]},"properties":{"OBJECTID":826,"UUID":"{03764CDB-5A68-E611-B7C2-F04DA23F2F2A}","HSTNAME":"Brunnen, Heideweg","VMITTEL":2,"BFS_NR":1364,"GEMEINDE":"Ingenbohl","EINWOHNER":0,"ARBEITSPL":0,"RADIUS":300,"DIDOKNR":77439,"ANGSTUFE":null,"SLOID":"ch:1:sloid:77439","TU":7}},{"type":"Feature","id":827,"geometry":{"type":"Point","coordinates":[8.6073157013242323,46.996666648846869]},"properties":{"OBJECTID":827,"UUID":"{16794CDB-5A68-E611-B7C2-F04DA23F2F2A}","HSTNAME":"Brunnen, Kantonalbank","VMITTEL":2,"BFS_NR":1364,"GEMEINDE":"Ingenbohl","EINWOHNER":0,"ARBEITSPL":0,"RADIUS":300,"DIDOKNR":77436,"ANGSTUFE":null,"SLOID":"ch:1:sloid:77436","TU":7}},{"type":"Feature","id":828,"geometry":{"type":"Point","coordinates":[8.3963851974910746,47.133925126137626]},"properties":{"OBJECTID":828,"UUID":"{64E8C1D5-5A68-E611-B7C2-F04DA23F2F2A}","HSTNAME":"Inwil, Körbligen","VMITTEL":2,"BFS_NR":1033,"GEMEINDE":"Inwil","EINWOHNER":22,"ARBEITSPL":36,"RADIUS":300,"DIDOKNR":77142,"ANGSTUFE":2,"SLOID":"ch:1:sloid:77142","TU":4}},{"type":"Feature","id":829,"geometry":{"type":"Point","coordinates":[8.395109118884184,47.121521931365905]},"properties":{"OBJECTID":829,"UUID":"{43774CDB-5A68-E611-B7C2-F04DA23F2F2A}","HSTNAME":"Gisikon-Root, Bahnhof","VMITTEL":2,"BFS_NR":1065,"GEMEINDE":"Root","EINWOHNER":280,"ARBEITSPL":50,"RADIUS":300,"DIDOKNR":77143,"ANGSTUFE":5,"SLOID":"ch:1:sloid:77143","TU":4}},{"type":"Feature","id":830,"geometry":{"type":"Point","coordinates":[8.5924845158013952,47.000648970834213]},"properties":{"OBJECTID":830,"UUID":"{28E8C1D5-5A68-E611-B7C2-F04DA23F2F2A}","HSTNAME":"Brunnen, Seilbahn Urmiberg","VMITTEL":2,"BFS_NR":1364,"GEMEINDE":"Ingenbohl","EINWOHNER":0,"ARBEITSPL":0,"RADIUS":300,"DIDOKNR":77442,"ANGSTUFE":null,"SLOID":"ch:1:sloid:77442","TU":7}},{"type":"Feature","id":831,"geometry":{"type":"Point","coordinates":[8.3922800282409682,47.147677358698516]},"properties":{"OBJECTID":831,"UUID":"{32794CDB-5A68-E611-B7C2-F04DA23F2F2A}","HSTNAME":"Dietwil, Kirchenplatz","VMITTEL":2,"BFS_NR":4231,"GEMEINDE":"Dietwil","EINWOHNER":0,"ARBEITSPL":0,"RADIUS":300,"DIDOKNR":77140,"ANGSTUFE":null,"SLOID":"ch:1:sloid:77140","TU":4}},{"type":"Feature","id":832,"geometry":{"type":"Point","coordinates":[8.5889541367935092,47.000998175875878]},"properties":{"OBJECTID":832,"UUID":"{37E8C1D5-5A68-E611-B7C2-F04DA23F2F2A}","HSTNAME":"Brunnen, Schiller","VMITTEL":2,"BFS_NR":1364,"GEMEINDE":"Ingenbohl","EINWOHNER":0,"ARBEITSPL":0,"RADIUS":300,"DIDOKNR":77443,"ANGSTUFE":null,"SLOID":"ch:1:sloid:77443","TU":7}},{"type":"Feature","id":833,"geometry":{"type":"Point","coordinates":[8.5980900028998377,46.997934897559475]},"properties":{"OBJECTID":833,"UUID":"{32784CDB-5A68-E611-B7C2-F04DA23F2F2A}","HSTNAME":"Brunnen, Sportplatzweg","VMITTEL":2,"BFS_NR":1364,"GEMEINDE":"Ingenbohl","EINWOHNER":0,"ARBEITSPL":0,"RADIUS":300,"DIDOKNR":77440,"ANGSTUFE":null,"SLOID":"ch:1:sloid:77440","TU":7}},{"type":"Feature","id":834,"geometry":{"type":"Point","coordinates":[8.6483148107783183,47.01569946686589]},"properties":{"OBJECTID":834,"UUID":"{68764CDB-5A68-E611-B7C2-F04DA23F2F2A}","HSTNAME":"Ibach, Mythen Center","VMITTEL":2,"BFS_NR":1372,"GEMEINDE":"Schwyz","EINWOHNER":0,"ARBEITSPL":0,"RADIUS":300,"DIDOKNR":77430,"ANGSTUFE":null,"SLOID":"ch:1:sloid:77430","TU":7}},{"type":"Feature","id":835,"geometry":{"type":"Point","coordinates":[8.5942351681743698,47.000073517544138]},"properties":{"OBJECTID":835,"UUID":"{BCE8C1D5-5A68-E611-B7C2-F04DA23F2F2A}","HSTNAME":"Brunnen, Hopfräben","VMITTEL":2,"BFS_NR":1364,"GEMEINDE":"Ingenbohl","EINWOHNER":0,"ARBEITSPL":0,"RADIUS":300,"DIDOKNR":77441,"ANGSTUFE":null,"SLOID":"ch:1:sloid:77441","TU":7}},{"type":"Feature","id":836,"geometry":{"type":"Point","coordinates":[8.6514605042454686,47.018617447816773]},"properties":{"OBJECTID":836,"UUID":"{1E794CDB-5A68-E611-B7C2-F04DA23F2F2A}","HSTNAME":"Schwyz, Lücken","VMITTEL":2,"BFS_NR":1372,"GEMEINDE":"Schwyz","EINWOHNER":0,"ARBEITSPL":0,"RADIUS":300,"DIDOKNR":77431,"ANGSTUFE":null,"SLOID":"ch:1:sloid:77431","TU":7}},{"type":"Feature","id":837,"geometry":{"type":"Point","coordinates":[8.5776712965329196,46.999932174698195]},"properties":{"OBJECTID":837,"UUID":"{85774CDB-5A68-E611-B7C2-F04DA23F2F2A}","HSTNAME":"Brunnen, Fallenbach","VMITTEL":2,"BFS_NR":1364,"GEMEINDE":"Ingenbohl","EINWOHNER":0,"ARBEITSPL":0,"RADIUS":300,"DIDOKNR":77444,"ANGSTUFE":null,"SLOID":"ch:1:sloid:77444","TU":7}},{"type":"Feature","id":838,"geometry":{"type":"Point","coordinates":[8.5479550269276245,46.989136185422723]},"properties":{"OBJECTID":838,"UUID":"{E4E7C1D5-5A68-E611-B7C2-F04DA23F2F2A}","HSTNAME":"Gersau, Kindli-Strandbad","VMITTEL":2,"BFS_NR":1311,"GEMEINDE":"Gersau","EINWOHNER":0,"ARBEITSPL":0,"RADIUS":300,"DIDOKNR":77445,"ANGSTUFE":null,"SLOID":"ch:1:sloid:77445","TU":7}},{"type":"Feature","id":839,"geometry":{"type":"Point","coordinates":[8.6266833790563702,47.006860800524578]},"properties":{"OBJECTID":839,"UUID":"{4DE8C1D5-5A68-E611-B7C2-F04DA23F2F2A}","HSTNAME":"Ingenbohl, Fuchsenen","VMITTEL":2,"BFS_NR":1364,"GEMEINDE":"Ingenbohl","EINWOHNER":0,"ARBEITSPL":0,"RADIUS":300,"DIDOKNR":77434,"ANGSTUFE":null,"SLOID":"ch:1:sloid:77434","TU":7}},{"type":"Feature","id":840,"geometry":{"type":"Point","coordinates":[8.6182032821846253,47.003001464705598]},"properties":{"OBJECTID":840,"UUID":"{60E8C1D5-5A68-E611-B7C2-F04DA23F2F2A}","HSTNAME":"Ingenbohl, Gätzli","VMITTEL":2,"BFS_NR":1364,"GEMEINDE":"Ingenbohl","EINWOHNER":0,"ARBEITSPL":0,"RADIUS":300,"DIDOKNR":77435,"ANGSTUFE":null,"SLOID":"ch:1:sloid:77435","TU":7}},{"type":"Feature","id":841,"geometry":{"type":"Point","coordinates":[8.6517343682314642,47.01967609609197]},"properties":{"OBJECTID":841,"UUID":"{2E794CDB-5A68-E611-B7C2-F04DA23F2F2A}","HSTNAME":"Schwyz, Steisteg","VMITTEL":2,"BFS_NR":1372,"GEMEINDE":"Schwyz","EINWOHNER":0,"ARBEITSPL":0,"RADIUS":300,"DIDOKNR":77432,"ANGSTUFE":null,"SLOID":"ch:1:sloid:77432","TU":7}},{"type":"Feature","id":842,"geometry":{"type":"Point","coordinates":[8.168022752259386,47.067991366599976]},"properties":{"OBJECTID":842,"UUID":"{A4E8C1D5-5A68-E611-B7C2-F04DA23F2F2A}","HSTNAME":"Ruswil, Ziswil","VMITTEL":2,"BFS_NR":1098,"GEMEINDE":"Ruswil","EINWOHNER":28,"ARBEITSPL":19,"RADIUS":300,"DIDOKNR":77290,"ANGSTUFE":3,"SLOID":"ch:1:sloid:77290","TU":2}},{"type":"Feature","id":843,"geometry":{"type":"Point","coordinates":[8.1564400155207597,47.071149714344301]},"properties":{"OBJECTID":843,"UUID":"{72E8C1D5-5A68-E611-B7C2-F04DA23F2F2A}","HSTNAME":"Ruswil, Schlatt","VMITTEL":2,"BFS_NR":1098,"GEMEINDE":"Ruswil","EINWOHNER":12,"ARBEITSPL":3,"RADIUS":300,"DIDOKNR":77291,"ANGSTUFE":3,"SLOID":"ch:1:sloid:77291","TU":2}},{"type":"Feature","id":844,"geometry":{"type":"Point","coordinates":[8.1966524581261524,47.070432698731544]},"properties":{"OBJECTID":844,"UUID":"{7D764CDB-5A68-E611-B7C2-F04DA23F2F2A}","HSTNAME":"Hellbühl, Post","VMITTEL":2,"BFS_NR":1093,"GEMEINDE":"Neuenkirch","EINWOHNER":504,"ARBEITSPL":112,"RADIUS":300,"DIDOKNR":77288,"ANGSTUFE":3,"SLOID":"ch:1:sloid:77288","TU":2}},{"type":"Feature","id":845,"geometry":{"type":"Point","coordinates":[8.041023058241441,47.135327512556422]},"properties":{"OBJECTID":845,"UUID":"{E1784CDB-5A68-E611-B7C2-F04DA23F2F2A}","HSTNAME":"Grosswangen, Schutz","VMITTEL":2,"BFS_NR":1086,"GEMEINDE":"Grosswangen","EINWOHNER":207,"ARBEITSPL":133,"RADIUS":300,"DIDOKNR":77304,"ANGSTUFE":3,"SLOID":"ch:1:sloid:77304","TU":2}},{"type":"Feature","id":846,"geometry":{"type":"Point","coordinates":[8.1851529119147841,47.066244182525026]},"properties":{"OBJECTID":846,"UUID":"{6D774CDB-5A68-E611-B7C2-F04DA23F2F2A}","HSTNAME":"Hellbühl, Mittler Büel","VMITTEL":2,"BFS_NR":1098,"GEMEINDE":"Ruswil","EINWOHNER":38,"ARBEITSPL":11,"RADIUS":300,"DIDOKNR":77289,"ANGSTUFE":3,"SLOID":"ch:1:sloid:77289","TU":2}},{"type":"Feature","id":847,"geometry":{"type":"Point","coordinates":[8.0362713073735268,47.13712432209627]},"properties":{"OBJECTID":847,"UUID":"{D1E7C1D5-5A68-E611-B7C2-F04DA23F2F2A}","HSTNAME":"Grosswangen, Hauelen","VMITTEL":2,"BFS_NR":1086,"GEMEINDE":"Grosswangen","EINWOHNER":186,"ARBEITSPL":25,"RADIUS":300,"DIDOKNR":77305,"ANGSTUFE":3,"SLOID":"ch:1:sloid:77305","TU":2}},{"type":"Feature","id":848,"geometry":{"type":"Point","coordinates":[8.1207805105399586,47.085192694655838]},"properties":{"OBJECTID":848,"UUID":"{3C794CDB-5A68-E611-B7C2-F04DA23F2F2A}","HSTNAME":"Ruswil, Sonnhöfli","VMITTEL":2,"BFS_NR":1098,"GEMEINDE":"Ruswil","EINWOHNER":630,"ARBEITSPL":47,"RADIUS":300,"DIDOKNR":77294,"ANGSTUFE":4,"SLOID":"ch:1:sloid:77294","TU":2}},{"type":"Feature","id":849,"geometry":{"type":"Point","coordinates":[8.1131439847041946,47.088476046627697]},"properties":{"OBJECTID":849,"UUID":"{337A4CDB-5A68-E611-B7C2-F04DA23F2F2A}","HSTNAME":"Rüediswil","VMITTEL":2,"BFS_NR":1098,"GEMEINDE":"Ruswil","EINWOHNER":1170,"ARBEITSPL":147,"RADIUS":300,"DIDOKNR":77295,"ANGSTUFE":4,"SLOID":"ch:1:sloid:77295","TU":2}},{"type":"Feature","id":850,"geometry":{"type":"Point","coordinates":[8.1472971466208044,47.073716161195001]},"properties":{"OBJECTID":850,"UUID":"{16E9C1D5-5A68-E611-B7C2-F04DA23F2F2A}","HSTNAME":"Ruswil, Moos","VMITTEL":2,"BFS_NR":1098,"GEMEINDE":"Ruswil","EINWOHNER":24,"ARBEITSPL":18,"RADIUS":300,"DIDOKNR":77292,"ANGSTUFE":3,"SLOID":"ch:1:sloid:77292","TU":2}},{"type":"Feature","id":851,"geometry":{"type":"Point","coordinates":[8.2241307360090996,47.076778788230158]},"properties":{"OBJECTID":851,"UUID":"{3BE8C1D5-5A68-E611-B7C2-F04DA23F2F2A}","HSTNAME":"Stächenrain","VMITTEL":2,"BFS_NR":1061,"GEMEINDE":"Luzern","EINWOHNER":29,"ARBEITSPL":13,"RADIUS":300,"DIDOKNR":77286,"ANGSTUFE":3,"SLOID":"ch:1:sloid:77286","TU":2}},{"type":"Feature","id":852,"geometry":{"type":"Point","coordinates":[8.1354145354922185,47.07830447006846]},"properties":{"OBJECTID":852,"UUID":"{18794CDB-5A68-E611-B7C2-F04DA23F2F2A}","HSTNAME":"Ruswil, Neumüli","VMITTEL":2,"BFS_NR":1098,"GEMEINDE":"Ruswil","EINWOHNER":103,"ARBEITSPL":541,"RADIUS":300,"DIDOKNR":77293,"ANGSTUFE":3,"SLOID":"ch:1:sloid:77293","TU":2}},{"type":"Feature","id":853,"geometry":{"type":"Point","coordinates":[8.2086360360184685,47.075192532950098]},"properties":{"OBJECTID":853,"UUID":"{0C774CDB-5A68-E611-B7C2-F04DA23F2F2A}","HSTNAME":"Hellbühl, Moosschür","VMITTEL":2,"BFS_NR":1093,"GEMEINDE":"Neuenkirch","EINWOHNER":20,"ARBEITSPL":17,"RADIUS":300,"DIDOKNR":77287,"ANGSTUFE":3,"SLOID":"ch:1:sloid:77287","TU":2}},{"type":"Feature","id":854,"geometry":{"type":"Point","coordinates":[8.0852040498337789,47.107661470119901]},"properties":{"OBJECTID":854,"UUID":"{017A4CDB-5A68-E611-B7C2-F04DA23F2F2A}","HSTNAME":"Buttisholz, Guglern","VMITTEL":2,"BFS_NR":1083,"GEMEINDE":"Buttisholz","EINWOHNER":214,"ARBEITSPL":107,"RADIUS":300,"DIDOKNR":77298,"ANGSTUFE":4,"SLOID":"ch:1:sloid:77298","TU":2}},{"type":"Feature","id":855,"geometry":{"type":"Point","coordinates":[8.0940862723940192,47.114312611138658]},"properties":{"OBJECTID":855,"UUID":"{7A774CDB-5A68-E611-B7C2-F04DA23F2F2A}","HSTNAME":"Buttisholz, Dorf","VMITTEL":2,"BFS_NR":1083,"GEMEINDE":"Buttisholz","EINWOHNER":720,"ARBEITSPL":307,"RADIUS":300,"DIDOKNR":77299,"ANGSTUFE":4,"SLOID":"ch:1:sloid:77299","TU":2}},{"type":"Feature","id":856,"geometry":{"type":"Point","coordinates":[8.0981307748359903,47.093906331310279]},"properties":{"OBJECTID":856,"UUID":"{2CE8C1D5-5A68-E611-B7C2-F04DA23F2F2A}","HSTNAME":"Ruswil, Soppenstig","VMITTEL":2,"BFS_NR":1098,"GEMEINDE":"Ruswil","EINWOHNER":33,"ARBEITSPL":16,"RADIUS":300,"DIDOKNR":77296,"ANGSTUFE":4,"SLOID":"ch:1:sloid:77296","TU":2}},{"type":"Feature","id":857,"geometry":{"type":"Point","coordinates":[8.0900903470708396,47.09885456911384]},"properties":{"OBJECTID":857,"UUID":"{07794CDB-5A68-E611-B7C2-F04DA23F2F2A}","HSTNAME":"Buttisholz, Stalten","VMITTEL":2,"BFS_NR":1083,"GEMEINDE":"Buttisholz","EINWOHNER":14,"ARBEITSPL":16,"RADIUS":300,"DIDOKNR":77297,"ANGSTUFE":4,"SLOID":"ch:1:sloid:77297","TU":2}},{"type":"Feature","id":858,"geometry":{"type":"Point","coordinates":[8.0737296541967574,47.166688452944399]},"properties":{"OBJECTID":858,"UUID":"{D5764CDB-5A68-E611-B7C2-F04DA23F2F2A}","HSTNAME":"Mauensee, Schloss","VMITTEL":2,"BFS_NR":1091,"GEMEINDE":"Mauensee","EINWOHNER":55,"ARBEITSPL":11,"RADIUS":300,"DIDOKNR":77320,"ANGSTUFE":3,"SLOID":"ch:1:sloid:77320","TU":2}},{"type":"Feature","id":859,"geometry":{"type":"Point","coordinates":[8.0814234017052442,47.165944139829634]},"properties":{"OBJECTID":859,"UUID":"{F8E7C1D5-5A68-E611-B7C2-F04DA23F2F2A}","HSTNAME":"Mauensee, Breiten","VMITTEL":2,"BFS_NR":1095,"GEMEINDE":"Oberkirch","EINWOHNER":67,"ARBEITSPL":14,"RADIUS":300,"DIDOKNR":77319,"ANGSTUFE":3,"SLOID":"ch:1:sloid:77319","TU":2}},{"type":"Feature","id":860,"geometry":{"type":"Point","coordinates":[8.0467368189774469,47.164900247558833]},"properties":{"OBJECTID":860,"UUID":"{4A774CDB-5A68-E611-B7C2-F04DA23F2F2A}","HSTNAME":"Kottwil, Seewagen","VMITTEL":2,"BFS_NR":1128,"GEMEINDE":"Ettiswil","EINWOHNER":21,"ARBEITSPL":2,"RADIUS":300,"DIDOKNR":77321,"ANGSTUFE":3,"SLOID":"ch:1:sloid:77321","TU":2}},{"type":"Feature","id":861,"geometry":{"type":"Point","coordinates":[8.0480843539753195,47.133806138485468]},"properties":{"OBJECTID":861,"UUID":"{55E8C1D5-5A68-E611-B7C2-F04DA23F2F2A}","HSTNAME":"Grosswangen, Post","VMITTEL":2,"BFS_NR":1086,"GEMEINDE":"Grosswangen","EINWOHNER":792,"ARBEITSPL":288,"RADIUS":300,"DIDOKNR":77303,"ANGSTUFE":3,"SLOID":"ch:1:sloid:77303","TU":2}},{"type":"Feature","id":862,"geometry":{"type":"Point","coordinates":[8.1153481071303126,47.160856385930046]},"properties":{"OBJECTID":862,"UUID":"{B2774CDB-5A68-E611-B7C2-F04DA23F2F2A}","HSTNAME":"Oberkirch LU, Zum gold. Wagen","VMITTEL":2,"BFS_NR":1095,"GEMEINDE":"Oberkirch","EINWOHNER":1001,"ARBEITSPL":126,"RADIUS":300,"DIDOKNR":77326,"ANGSTUFE":3,"SLOID":"ch:1:sloid:77326","TU":2}},{"type":"Feature","id":863,"geometry":{"type":"Point","coordinates":[8.0810523986739291,47.116329108474595]},"properties":{"OBJECTID":863,"UUID":"{2F764CDB-5A68-E611-B7C2-F04DA23F2F2A}","HSTNAME":"Buttisholz, Allmend","VMITTEL":2,"BFS_NR":1083,"GEMEINDE":"Buttisholz","EINWOHNER":120,"ARBEITSPL":16,"RADIUS":300,"DIDOKNR":77300,"ANGSTUFE":3,"SLOID":"ch:1:sloid:77300","TU":2}},{"type":"Feature","id":864,"geometry":{"type":"Point","coordinates":[8.0664012990531635,47.123237325394101]},"properties":{"OBJECTID":864,"UUID":"{B3794CDB-5A68-E611-B7C2-F04DA23F2F2A}","HSTNAME":"Grosswangen, Rot","VMITTEL":2,"BFS_NR":1086,"GEMEINDE":"Grosswangen","EINWOHNER":53,"ARBEITSPL":19,"RADIUS":300,"DIDOKNR":77301,"ANGSTUFE":3,"SLOID":"ch:1:sloid:77301","TU":2}},{"type":"Feature","id":865,"geometry":{"type":"Point","coordinates":[8.0449370078347915,47.162031325343946]},"properties":{"OBJECTID":865,"UUID":"{DC754CDB-5A68-E611-B7C2-F04DA23F2F2A}","HSTNAME":"Kottwil, Dorf","VMITTEL":2,"BFS_NR":1128,"GEMEINDE":"Ettiswil","EINWOHNER":355,"ARBEITSPL":42,"RADIUS":300,"DIDOKNR":77322,"ANGSTUFE":3,"SLOID":"ch:1:sloid:77322","TU":2}},{"type":"Feature","id":866,"geometry":{"type":"Point","coordinates":[8.1155150320848026,47.155117188991113]},"properties":{"OBJECTID":866,"UUID":"{18784CDB-5A68-E611-B7C2-F04DA23F2F2A}","HSTNAME":"Oberkirch LU, Dorf","VMITTEL":2,"BFS_NR":1095,"GEMEINDE":"Oberkirch","EINWOHNER":521,"ARBEITSPL":143,"RADIUS":300,"DIDOKNR":77327,"ANGSTUFE":4,"SLOID":"ch:1:sloid:77327","TU":2}},{"type":"Feature","id":867,"geometry":{"type":"Point","coordinates":[8.1027652816404014,47.070357047185901]},"properties":{"OBJECTID":867,"UUID":"{B8784CDB-5A68-E611-B7C2-F04DA23F2F2A}","HSTNAME":"Ruswil, Althus","VMITTEL":2,"BFS_NR":1098,"GEMEINDE":"Ruswil","EINWOHNER":55,"ARBEITSPL":10,"RADIUS":300,"DIDOKNR":77336,"ANGSTUFE":2,"SLOID":"ch:1:sloid:77336","TU":2}},{"type":"Feature","id":868,"geometry":{"type":"Point","coordinates":[8.1141505829394251,47.165244037911016]},"properties":{"OBJECTID":868,"UUID":"{79764CDB-5A68-E611-B7C2-F04DA23F2F2A}","HSTNAME":"Oberkirch LU, Feldhöfli","VMITTEL":2,"BFS_NR":1095,"GEMEINDE":"Oberkirch","EINWOHNER":942,"ARBEITSPL":50,"RADIUS":300,"DIDOKNR":77325,"ANGSTUFE":3,"SLOID":"ch:1:sloid:77325","TU":2}},{"type":"Feature","id":869,"geometry":{"type":"Point","coordinates":[8.0913586854530557,47.058044887090375]},"properties":{"OBJECTID":869,"UUID":"{227A4CDB-5A68-E611-B7C2-F04DA23F2F2A}","HSTNAME":"Wolhusen, Hohrüti/Höchweid","VMITTEL":2,"BFS_NR":1098,"GEMEINDE":"Ruswil","EINWOHNER":316,"ARBEITSPL":55,"RADIUS":300,"DIDOKNR":77337,"ANGSTUFE":2,"SLOID":"ch:1:sloid:77337","TU":2}},{"type":"Feature","id":870,"geometry":{"type":"Point","coordinates":[8.135072134379115,47.136100991885485]},"properties":{"OBJECTID":870,"UUID":"{94E8C1D5-5A68-E611-B7C2-F04DA23F2F2A}","HSTNAME":"Nottwil, Abzw. Bahnhof","VMITTEL":2,"BFS_NR":1094,"GEMEINDE":"Nottwil","EINWOHNER":1001,"ARBEITSPL":298,"RADIUS":300,"DIDOKNR":77330,"ANGSTUFE":3,"SLOID":"ch:1:sloid:77330","TU":2}},{"type":"Feature","id":871,"geometry":{"type":"Point","coordinates":[8.1291727908219809,47.13556085923792]},"properties":{"OBJECTID":871,"UUID":"{D9774CDB-5A68-E611-B7C2-F04DA23F2F2A}","HSTNAME":"Nottwil, Rüteli","VMITTEL":2,"BFS_NR":1094,"GEMEINDE":"Nottwil","EINWOHNER":703,"ARBEITSPL":31,"RADIUS":300,"DIDOKNR":77331,"ANGSTUFE":2,"SLOID":"ch:1:sloid:77331","TU":2}},{"type":"Feature","id":872,"geometry":{"type":"Point","coordinates":[8.2408817549372664,47.257323321567924]},"properties":{"OBJECTID":872,"UUID":"{92774CDB-5A68-E611-B7C2-F04DA23F2F2A}","HSTNAME":"Aesch LU, Kreuz","VMITTEL":2,"BFS_NR":1021,"GEMEINDE":"Aesch","EINWOHNER":506,"ARBEITSPL":145,"RADIUS":300,"DIDOKNR":77349,"ANGSTUFE":2,"SLOID":"ch:1:sloid:77349","TU":4}},{"type":"Feature","id":873,"geometry":{"type":"Point","coordinates":[8.2415907139900551,47.254386005082068]},"properties":{"OBJECTID":873,"UUID":"{1B794CDB-5A68-E611-B7C2-F04DA23F2F2A}","HSTNAME":"Aesch LU, Vorderdorf","VMITTEL":2,"BFS_NR":1021,"GEMEINDE":"Aesch","EINWOHNER":316,"ARBEITSPL":98,"RADIUS":300,"DIDOKNR":77342,"ANGSTUFE":2,"SLOID":"ch:1:sloid:77342","TU":4}},{"type":"Feature","id":874,"geometry":{"type":"Point","coordinates":[8.1150564619577814,47.152384693462778]},"properties":{"OBJECTID":874,"UUID":"{37751E6B-27A4-E711-B61F-F04DA23FCE90}","HSTNAME":"Oberkirch LU, Länggasse","VMITTEL":2,"BFS_NR":1095,"GEMEINDE":"Oberkirch","EINWOHNER":204,"ARBEITSPL":515,"RADIUS":300,"DIDOKNR":77328,"ANGSTUFE":4,"SLOID":"ch:1:sloid:77328","TU":2}},{"type":"Feature","id":875,"geometry":{"type":"Point","coordinates":[8.2443317102580327,47.260933256016855]},"properties":{"OBJECTID":875,"UUID":"{0CE8C1D5-5A68-E611-B7C2-F04DA23F2F2A}","HSTNAME":"Aesch LU, Berg","VMITTEL":2,"BFS_NR":1021,"GEMEINDE":"Aesch","EINWOHNER":194,"ARBEITSPL":9,"RADIUS":300,"DIDOKNR":77355,"ANGSTUFE":2,"SLOID":"ch:1:sloid:77355","TU":4}},{"type":"Feature","id":876,"geometry":{"type":"Point","coordinates":[8.1294483272469993,47.141594977472721]},"properties":{"OBJECTID":876,"UUID":"{BA754CDB-5A68-E611-B7C2-F04DA23F2F2A}","HSTNAME":"Nottwil, SPZ","VMITTEL":2,"BFS_NR":1094,"GEMEINDE":"Nottwil","EINWOHNER":71,"ARBEITSPL":1665,"RADIUS":300,"DIDOKNR":77329,"ANGSTUFE":3,"SLOID":"ch:1:sloid:77329","TU":2}},{"type":"Feature","id":877,"geometry":{"type":"Point","coordinates":[8.1042818402230878,47.119363326539059]},"properties":{"OBJECTID":877,"UUID":"{74E8C1D5-5A68-E611-B7C2-F04DA23F2F2A}","HSTNAME":"Buttisholz, Fürti","VMITTEL":2,"BFS_NR":1083,"GEMEINDE":"Buttisholz","EINWOHNER":187,"ARBEITSPL":20,"RADIUS":300,"DIDOKNR":77334,"ANGSTUFE":2,"SLOID":"ch:1:sloid:77334","TU":2}},{"type":"Feature","id":878,"geometry":{"type":"Point","coordinates":[8.1141360839413856,47.080455444148228]},"properties":{"OBJECTID":878,"UUID":"{A1784CDB-5A68-E611-B7C2-F04DA23F2F2A}","HSTNAME":"Ruswil, Freieck","VMITTEL":2,"BFS_NR":1098,"GEMEINDE":"Ruswil","EINWOHNER":27,"ARBEITSPL":91,"RADIUS":300,"DIDOKNR":77335,"ANGSTUFE":2,"SLOID":"ch:1:sloid:77335","TU":2}},{"type":"Feature","id":879,"geometry":{"type":"Point","coordinates":[8.1191237180072093,47.134172511357654]},"properties":{"OBJECTID":879,"UUID":"{9EE7C1D5-5A68-E611-B7C2-F04DA23F2F2A}","HSTNAME":"Nottwil, Büel","VMITTEL":2,"BFS_NR":1094,"GEMEINDE":"Nottwil","EINWOHNER":43,"ARBEITSPL":10,"RADIUS":300,"DIDOKNR":77332,"ANGSTUFE":2,"SLOID":"ch:1:sloid:77332","TU":2}},{"type":"Feature","id":880,"geometry":{"type":"Point","coordinates":[8.2562786303518507,47.26885473029769]},"properties":{"OBJECTID":880,"UUID":"{67784CDB-5A68-E611-B7C2-F04DA23F2F2A}","HSTNAME":"Schongau, Gmeinwärch","VMITTEL":2,"BFS_NR":1041,"GEMEINDE":"Schongau","EINWOHNER":2,"ARBEITSPL":2,"RADIUS":300,"DIDOKNR":77356,"ANGSTUFE":2,"SLOID":"ch:1:sloid:77356","TU":4}},{"type":"Feature","id":881,"geometry":{"type":"Point","coordinates":[8.1124643107951755,47.12661977778339]},"properties":{"OBJECTID":881,"UUID":"{E3E7C1D5-5A68-E611-B7C2-F04DA23F2F2A}","HSTNAME":"Buttisholz, Gattwil","VMITTEL":2,"BFS_NR":1083,"GEMEINDE":"Buttisholz","EINWOHNER":19,"ARBEITSPL":8,"RADIUS":300,"DIDOKNR":77333,"ANGSTUFE":2,"SLOID":"ch:1:sloid:77333","TU":2}},{"type":"Feature","id":882,"geometry":{"type":"Point","coordinates":[8.2776375393178423,47.272434247477484]},"properties":{"OBJECTID":882,"UUID":"{5E794CDB-5A68-E611-B7C2-F04DA23F2F2A}","HSTNAME":"Schongau, Oberschongau","VMITTEL":2,"BFS_NR":1041,"GEMEINDE":"Schongau","EINWOHNER":111,"ARBEITSPL":30,"RADIUS":300,"DIDOKNR":77346,"ANGSTUFE":1,"SLOID":"ch:1:sloid:77346","TU":4}},{"type":"Feature","id":883,"geometry":{"type":"Point","coordinates":[8.266647821782966,47.268555865385991]},"properties":{"OBJECTID":883,"UUID":"{A6774CDB-5A68-E611-B7C2-F04DA23F2F2A}","HSTNAME":"Schongau, Mettmen","VMITTEL":2,"BFS_NR":1041,"GEMEINDE":"Schongau","EINWOHNER":214,"ARBEITSPL":44,"RADIUS":300,"DIDOKNR":77347,"ANGSTUFE":1,"SLOID":"ch:1:sloid:77347","TU":4}},{"type":"Feature","id":884,"geometry":{"type":"Point","coordinates":[8.25095927324986,47.238848848377067]},"properties":{"OBJECTID":884,"UUID":"{95E8C1D5-5A68-E611-B7C2-F04DA23F2F2A}","HSTNAME":"Altwis, Dorf","VMITTEL":2,"BFS_NR":1030,"GEMEINDE":"Hitzkirch","EINWOHNER":362,"ARBEITSPL":90,"RADIUS":300,"DIDOKNR":77350,"ANGSTUFE":2,"SLOID":"ch:1:sloid:77350","TU":4}},{"type":"Feature","id":885,"geometry":{"type":"Point","coordinates":[8.2615715501851366,47.226405280160883]},"properties":{"OBJECTID":885,"UUID":"{4EE8C1D5-5A68-E611-B7C2-F04DA23F2F2A}","HSTNAME":"Hitzkirch, Schulhaus","VMITTEL":2,"BFS_NR":1030,"GEMEINDE":"Hitzkirch","EINWOHNER":297,"ARBEITSPL":145,"RADIUS":300,"DIDOKNR":77351,"ANGSTUFE":2,"SLOID":"ch:1:sloid:77351","TU":4}},{"type":"Feature","id":886,"geometry":{"type":"Point","coordinates":[8.393562780239785,47.193723290180763]},"properties":{"OBJECTID":886,"UUID":"{E1E8C1D5-5A68-E611-B7C2-F04DA23F2F2A}","HSTNAME":"Sins, Schulstrasse","VMITTEL":2,"BFS_NR":4239,"GEMEINDE":"Sins","EINWOHNER":0,"ARBEITSPL":0,"RADIUS":300,"DIDOKNR":77594,"ANGSTUFE":null,"SLOID":"ch:1:sloid:77594","TU":4}},{"type":"Feature","id":887,"geometry":{"type":"Point","coordinates":[7.8893644286576912,47.169383576181708]},"properties":{"OBJECTID":887,"UUID":"{79794CDB-5A68-E611-B7C2-F04DA23F2F2A}","HSTNAME":"Grossdietwil, Schönegg","VMITTEL":2,"BFS_NR":1131,"GEMEINDE":"Grossdietwil","EINWOHNER":299,"ARBEITSPL":17,"RADIUS":300,"DIDOKNR":77646,"ANGSTUFE":2,"SLOID":"ch:1:sloid:77646","TU":3}},{"type":"Feature","id":888,"geometry":{"type":"Point","coordinates":[8.1658140392529805,46.878847607662152]},"properties":{"OBJECTID":888,"UUID":"{75784CDB-5A68-E611-B7C2-F04DA23F2F2A}","HSTNAME":"Stalden OW, Abzw. Stockenmatt","VMITTEL":2,"BFS_NR":1407,"GEMEINDE":"Sarnen","EINWOHNER":0,"ARBEITSPL":0,"RADIUS":300,"DIDOKNR":77654,"ANGSTUFE":null,"SLOID":"ch:1:sloid:77654","TU":3}},{"type":"Feature","id":889,"geometry":{"type":"Point","coordinates":[8.3817711965023207,46.992724647532093]},"properties":{"OBJECTID":889,"UUID":"{8D764CDB-5A68-E611-B7C2-F04DA23F2F2A}","HSTNAME":"Obbürgen, Moos","VMITTEL":2,"BFS_NR":1510,"GEMEINDE":"Stansstad","EINWOHNER":0,"ARBEITSPL":0,"RADIUS":300,"DIDOKNR":79242,"ANGSTUFE":null,"SLOID":"ch:1:sloid:79242","TU":3}},{"type":"Feature","id":890,"geometry":{"type":"Point","coordinates":[8.3890799683630721,46.995632917217911]},"properties":{"OBJECTID":890,"UUID":"{86E8C1D5-5A68-E611-B7C2-F04DA23F2F2A}","HSTNAME":"Obbürgen, Abzw. Trogen","VMITTEL":2,"BFS_NR":1505,"GEMEINDE":"Ennetbürgen","EINWOHNER":0,"ARBEITSPL":0,"RADIUS":300,"DIDOKNR":79244,"ANGSTUFE":null,"SLOID":"ch:1:sloid:79244","TU":3}},{"type":"Feature","id":891,"geometry":{"type":"Point","coordinates":[8.3867588672435804,46.996722621477936]},"properties":{"OBJECTID":891,"UUID":"{97E7C1D5-5A68-E611-B7C2-F04DA23F2F2A}","HSTNAME":"Bürgenstock, Ost","VMITTEL":2,"BFS_NR":1505,"GEMEINDE":"Ennetbürgen","EINWOHNER":0,"ARBEITSPL":0,"RADIUS":300,"DIDOKNR":79228,"ANGSTUFE":null,"SLOID":"ch:1:sloid:79228","TU":3}},{"type":"Feature","id":892,"geometry":{"type":"Point","coordinates":[7.9610728377146387,47.235067166131088]},"properties":{"OBJECTID":892,"UUID":"{68794CDB-5A68-E611-B7C2-F04DA23F2F2A}","HSTNAME":"Langnau bei Reiden, Feld","VMITTEL":2,"BFS_NR":1140,"GEMEINDE":"Reiden","EINWOHNER":111,"ARBEITSPL":16,"RADIUS":300,"DIDOKNR":79699,"ANGSTUFE":1,"SLOID":"ch:1:sloid:79699","TU":9}},{"type":"Feature","id":893,"geometry":{"type":"Point","coordinates":[8.0751629020951636,47.014301544268065]},"properties":{"OBJECTID":893,"UUID":"{D9754CDB-5A68-E611-B7C2-F04DA23F2F2A}","HSTNAME":"Entlebuch, Zeug","VMITTEL":2,"BFS_NR":1002,"GEMEINDE":"Entlebuch","EINWOHNER":47,"ARBEITSPL":26,"RADIUS":300,"DIDOKNR":79702,"ANGSTUFE":1,"SLOID":"ch:1:sloid:79702","TU":3}},{"type":"Feature","id":894,"geometry":{"type":"Point","coordinates":[8.1106469238733361,46.965937732383999]},"properties":{"OBJECTID":894,"UUID":"{EA784CDB-5A68-E611-B7C2-F04DA23F2F2A}","HSTNAME":"Finsterwald LU, Entlematt","VMITTEL":2,"BFS_NR":1002,"GEMEINDE":"Entlebuch","EINWOHNER":8,"ARBEITSPL":2,"RADIUS":300,"DIDOKNR":79700,"ANGSTUFE":1,"SLOID":"ch:1:sloid:79700","TU":3}},{"type":"Feature","id":895,"geometry":{"type":"Point","coordinates":[8.0558071203271968,46.970015015980046]},"properties":{"OBJECTID":895,"UUID":"{13794CDB-5A68-E611-B7C2-F04DA23F2F2A}","HSTNAME":"Hasle LU, Büelweid","VMITTEL":2,"BFS_NR":1005,"GEMEINDE":"Hasle","EINWOHNER":13,"ARBEITSPL":3,"RADIUS":300,"DIDOKNR":79706,"ANGSTUFE":1,"SLOID":"ch:1:sloid:79706","TU":3}},{"type":"Feature","id":896,"geometry":{"type":"Point","coordinates":[8.0540157898998839,46.966210581080595]},"properties":{"OBJECTID":896,"UUID":"{70794CDB-5A68-E611-B7C2-F04DA23F2F2A}","HSTNAME":"Hasle LU, Haldenegg","VMITTEL":2,"BFS_NR":1005,"GEMEINDE":"Hasle","EINWOHNER":21,"ARBEITSPL":3,"RADIUS":300,"DIDOKNR":79707,"ANGSTUFE":1,"SLOID":"ch:1:sloid:79707","TU":3}},{"type":"Feature","id":897,"geometry":{"type":"Point","coordinates":[8.0569924496124052,46.975954602516317]},"properties":{"OBJECTID":897,"UUID":"{CEE7C1D5-5A68-E611-B7C2-F04DA23F2F2A}","HSTNAME":"Hasle LU, Hofstatt","VMITTEL":2,"BFS_NR":1005,"GEMEINDE":"Hasle","EINWOHNER":17,"ARBEITSPL":8,"RADIUS":300,"DIDOKNR":79705,"ANGSTUFE":1,"SLOID":"ch:1:sloid:79705","TU":3}},{"type":"Feature","id":898,"geometry":{"type":"Point","coordinates":[8.3949081521963045,46.907982999757621]},"properties":{"OBJECTID":898,"UUID":"{58764CDB-5A68-E611-B7C2-F04DA23F2F2A}","HSTNAME":"Wolfenschiessen, Bahnhof","VMITTEL":2,"BFS_NR":1511,"GEMEINDE":"Wolfenschiessen","EINWOHNER":0,"ARBEITSPL":0,"RADIUS":300,"DIDOKNR":80003,"ANGSTUFE":null,"SLOID":"ch:1:sloid:80003","TU":3}},{"type":"Feature","id":899,"geometry":{"type":"Point","coordinates":[8.0548487581958828,46.963219627269837]},"properties":{"OBJECTID":899,"UUID":"{CCE8C1D5-5A68-E611-B7C2-F04DA23F2F2A}","HSTNAME":"Hasle LU, Hohwald","VMITTEL":2,"BFS_NR":1005,"GEMEINDE":"Hasle","EINWOHNER":15,"ARBEITSPL":9,"RADIUS":300,"DIDOKNR":79708,"ANGSTUFE":1,"SLOID":"ch:1:sloid:79708","TU":3}},{"type":"Feature","id":900,"geometry":{"type":"Point","coordinates":[8.052791591223615,46.960271164354289]},"properties":{"OBJECTID":900,"UUID":"{A2774CDB-5A68-E611-B7C2-F04DA23F2F2A}","HSTNAME":"Hasle LU, Sandboden","VMITTEL":2,"BFS_NR":1005,"GEMEINDE":"Hasle","EINWOHNER":16,"ARBEITSPL":1,"RADIUS":300,"DIDOKNR":79709,"ANGSTUFE":1,"SLOID":"ch:1:sloid:79709","TU":3}},{"type":"Feature","id":901,"geometry":{"type":"Point","coordinates":[8.1803120833483334,47.143644090012721]},"properties":{"OBJECTID":901,"UUID":"{05764CDB-5A68-E611-B7C2-F04DA23F2F2A}","HSTNAME":"Sempach Stadt, Seemätteli","VMITTEL":8,"BFS_NR":1102,"GEMEINDE":"Sempach","EINWOHNER":25,"ARBEITSPL":79,"RADIUS":300,"DIDOKNR":80010,"ANGSTUFE":3,"SLOID":"ch:1:sloid:80010","TU":3}},{"type":"Feature","id":902,"geometry":{"type":"Point","coordinates":[8.2549513868278286,46.874927255223817]},"properties":{"OBJECTID":902,"UUID":"{5D774CDB-5A68-E611-B7C2-F04DA23F2F2A}","HSTNAME":"Flüeli-Ranft, Allmend","VMITTEL":2,"BFS_NR":1406,"GEMEINDE":"Sachseln","EINWOHNER":0,"ARBEITSPL":0,"RADIUS":300,"DIDOKNR":80011,"ANGSTUFE":null,"SLOID":"ch:1:sloid:80011","TU":3}},{"type":"Feature","id":903,"geometry":{"type":"Point","coordinates":[8.1622681033271984,46.850263809012525]},"properties":{"OBJECTID":903,"UUID":"{06764CDB-5A68-E611-B7C2-F04DA23F2F2A}","HSTNAME":"Grossteil, Rüti","VMITTEL":2,"BFS_NR":1403,"GEMEINDE":"Giswil","EINWOHNER":0,"ARBEITSPL":0,"RADIUS":300,"DIDOKNR":80014,"ANGSTUFE":null,"SLOID":"ch:1:sloid:80014","TU":3}},{"type":"Feature","id":904,"geometry":{"type":"Point","coordinates":[8.2431356311892259,46.892732529455458]},"properties":{"OBJECTID":904,"UUID":"{39E8C1D5-5A68-E611-B7C2-F04DA23F2F2A}","HSTNAME":"Sarnen, Kantonsschule","VMITTEL":2,"BFS_NR":1407,"GEMEINDE":"Sarnen","EINWOHNER":0,"ARBEITSPL":0,"RADIUS":300,"DIDOKNR":80012,"ANGSTUFE":null,"SLOID":"ch:1:sloid:80012","TU":3}},{"type":"Feature","id":905,"geometry":{"type":"Point","coordinates":[7.8612704059830838,47.201232906892777]},"properties":{"OBJECTID":905,"UUID":"{89E8C1D5-5A68-E611-B7C2-F04DA23F2F2A}","HSTNAME":"Altbüron, Ludligen","VMITTEL":2,"BFS_NR":1139,"GEMEINDE":"Pfaffnau","EINWOHNER":7,"ARBEITSPL":4,"RADIUS":300,"DIDOKNR":80018,"ANGSTUFE":2,"SLOID":"ch:1:sloid:80018","TU":3}},{"type":"Feature","id":906,"geometry":{"type":"Point","coordinates":[7.9562095022377903,47.083190919571926]},"properties":{"OBJECTID":906,"UUID":"{10794CDB-5A68-E611-B7C2-F04DA23F2F2A}","HSTNAME":"Hergiswil LU, Vordere Säge","VMITTEL":2,"BFS_NR":1132,"GEMEINDE":"Hergiswil","EINWOHNER":473,"ARBEITSPL":216,"RADIUS":300,"DIDOKNR":80016,"ANGSTUFE":2,"SLOID":"ch:1:sloid:80016","TU":3}},{"type":"Feature","id":907,"geometry":{"type":"Point","coordinates":[8.1537346871242971,47.219794011894706]},"properties":{"OBJECTID":907,"UUID":"{62764CDB-5A68-E611-B7C2-F04DA23F2F2A}","HSTNAME":"Rickenbach LU, Dorf","VMITTEL":2,"BFS_NR":1097,"GEMEINDE":"Rickenbach","EINWOHNER":872,"ARBEITSPL":355,"RADIUS":300,"DIDOKNR":79848,"ANGSTUFE":3,"SLOID":"ch:1:sloid:79848","TU":3}},{"type":"Feature","id":908,"geometry":{"type":"Point","coordinates":[8.3858933583529467,46.99461576991493]},"properties":{"OBJECTID":908,"UUID":"{73E8C1D5-5A68-E611-B7C2-F04DA23F2F2A}","HSTNAME":"Obbürgen, Unter-Misli","VMITTEL":2,"BFS_NR":1505,"GEMEINDE":"Ennetbürgen","EINWOHNER":0,"ARBEITSPL":0,"RADIUS":300,"DIDOKNR":79842,"ANGSTUFE":null,"SLOID":"ch:1:sloid:79842","TU":3}},{"type":"Feature","id":909,"geometry":{"type":"Point","coordinates":[8.3701431035597285,46.987836031674618]},"properties":{"OBJECTID":909,"UUID":"{24E9C1D5-5A68-E611-B7C2-F04DA23F2F2A}","HSTNAME":"Obbürgen, Grabacher","VMITTEL":2,"BFS_NR":1510,"GEMEINDE":"Stansstad","EINWOHNER":0,"ARBEITSPL":0,"RADIUS":300,"DIDOKNR":79841,"ANGSTUFE":null,"SLOID":"ch:1:sloid:79841","TU":3}},{"type":"Feature","id":910,"geometry":{"type":"Point","coordinates":[7.8927693033036848,47.224067893125891]},"properties":{"OBJECTID":910,"UUID":"{E2764CDB-5A68-E611-B7C2-F04DA23F2F2A}","HSTNAME":"Pfaffnau, Steinacher","VMITTEL":2,"BFS_NR":1139,"GEMEINDE":"Pfaffnau","EINWOHNER":57,"ARBEITSPL":14,"RADIUS":300,"DIDOKNR":79864,"ANGSTUFE":2,"SLOID":"ch:1:sloid:79864","TU":9}},{"type":"Feature","id":911,"geometry":{"type":"Point","coordinates":[8.2269222232959009,46.883291840799643]},"properties":{"OBJECTID":911,"UUID":"{EEE8C1D5-5A68-E611-B7C2-F04DA23F2F2A}","HSTNAME":"Wilen (Sarnen), Bodenmattli","VMITTEL":2,"BFS_NR":1407,"GEMEINDE":"Sarnen","EINWOHNER":0,"ARBEITSPL":0,"RADIUS":300,"DIDOKNR":79960,"ANGSTUFE":null,"SLOID":"ch:1:sloid:79960","TU":3}},{"type":"Feature","id":912,"geometry":{"type":"Point","coordinates":[8.3312506534288833,46.952639196192351]},"properties":{"OBJECTID":912,"UUID":"{22E8C1D5-5A68-E611-B7C2-F04DA23F2F2A}","HSTNAME":"Ennetmoos, Riedmatthof","VMITTEL":2,"BFS_NR":1506,"GEMEINDE":"Ennetmoos","EINWOHNER":0,"ARBEITSPL":0,"RADIUS":300,"DIDOKNR":79966,"ANGSTUFE":null,"SLOID":"ch:1:sloid:79966","TU":3}},{"type":"Feature","id":913,"geometry":{"type":"Point","coordinates":[8.439909115880079,47.133050664110414]},"properties":{"OBJECTID":913,"UUID":"{DDE8C1D5-5A68-E611-B7C2-F04DA23F2F2A}","HSTNAME":"Rotkreuz, Ibikon","VMITTEL":2,"BFS_NR":1707,"GEMEINDE":"Risch","EINWOHNER":0,"ARBEITSPL":0,"RADIUS":300,"DIDOKNR":80236,"ANGSTUFE":null,"SLOID":"ch:1:sloid:80236","TU":3}},{"type":"Feature","id":914,"geometry":{"type":"Point","coordinates":[7.9375226402650831,47.289931369613186]},"properties":{"OBJECTID":914,"UUID":"{7F784CDB-5A68-E611-B7C2-F04DA23F2F2A}","HSTNAME":"Zofingen, Untere Brühlstrasse","VMITTEL":2,"BFS_NR":4289,"GEMEINDE":"Zofingen","EINWOHNER":0,"ARBEITSPL":0,"RADIUS":300,"DIDOKNR":80333,"ANGSTUFE":null,"SLOID":"ch:1:sloid:80333","TU":9}},{"type":"Feature","id":915,"geometry":{"type":"Point","coordinates":[8.2867212321680253,46.829807021345083]},"properties":{"OBJECTID":915,"UUID":"{CC764CDB-5A68-E611-B7C2-F04DA23F2F2A}","HSTNAME":"Melchtal, Plätzli","VMITTEL":2,"BFS_NR":1404,"GEMEINDE":"Kerns","EINWOHNER":0,"ARBEITSPL":0,"RADIUS":300,"DIDOKNR":80102,"ANGSTUFE":null,"SLOID":"ch:1:sloid:80102","TU":3}},{"type":"Feature","id":916,"geometry":{"type":"Point","coordinates":[8.2769943126744714,47.034146142155066]},"properties":{"OBJECTID":916,"UUID":"{D3794CDB-5A68-E611-B7C2-F04DA23F2F2A}","HSTNAME":"Kriens, Busschleife","VMITTEL":3,"BFS_NR":1059,"GEMEINDE":"Kriens","EINWOHNER":672,"ARBEITSPL":424,"RADIUS":300,"DIDOKNR":80573,"ANGSTUFE":5,"SLOID":"ch:1:sloid:80573","TU":11}},{"type":"Feature","id":917,"geometry":{"type":"Point","coordinates":[7.9474419219084211,47.259845757779807]},"properties":{"OBJECTID":917,"UUID":"{58794CDB-5A68-E611-B7C2-F04DA23F2F2A}","HSTNAME":"Brittnau, Post","VMITTEL":2,"BFS_NR":4274,"GEMEINDE":"Brittnau","EINWOHNER":0,"ARBEITSPL":0,"RADIUS":300,"DIDOKNR":80586,"ANGSTUFE":null,"SLOID":"ch:1:sloid:80586","TU":9}},{"type":"Feature","id":918,"geometry":{"type":"Point","coordinates":[8.3385045158247415,46.978652131399038]},"properties":{"OBJECTID":918,"UUID":"{4B784CDB-5A68-E611-B7C2-F04DA23F2F2A}","HSTNAME":"Stansstad, Schule","VMITTEL":2,"BFS_NR":1510,"GEMEINDE":"Stansstad","EINWOHNER":0,"ARBEITSPL":0,"RADIUS":300,"DIDOKNR":80597,"ANGSTUFE":null,"SLOID":"ch:1:sloid:80597","TU":3}},{"type":"Feature","id":919,"geometry":{"type":"Point","coordinates":[7.8516229668501571,47.211521943984685]},"properties":{"OBJECTID":919,"UUID":"{AC754CDB-5A68-E611-B7C2-F04DA23F2F2A}","HSTNAME":"St. Urban, Chlisonnhalde","VMITTEL":2,"BFS_NR":1139,"GEMEINDE":"Pfaffnau","EINWOHNER":2,"ARBEITSPL":2,"RADIUS":300,"DIDOKNR":80401,"ANGSTUFE":2,"SLOID":"ch:1:sloid:80401","TU":3}},{"type":"Feature","id":920,"geometry":{"type":"Point","coordinates":[8.1808058618743651,47.258247382413252]},"properties":{"OBJECTID":920,"UUID":"{3F794CDB-5A68-E611-B7C2-F04DA23F2F2A}","HSTNAME":"Reinach AG, Hochhaus","VMITTEL":2,"BFS_NR":4141,"GEMEINDE":"Reinach (AG)","EINWOHNER":0,"ARBEITSPL":0,"RADIUS":300,"DIDOKNR":80821,"ANGSTUFE":null,"SLOID":"ch:1:sloid:80821","TU":3}},{"type":"Feature","id":921,"geometry":{"type":"Point","coordinates":[8.1891715550846644,47.240536066584383]},"properties":{"OBJECTID":921,"UUID":"{3D764CDB-5A68-E611-B7C2-F04DA23F2F2A}","HSTNAME":"Menziken, Bahnhof","VMITTEL":2,"BFS_NR":4139,"GEMEINDE":"Menziken","EINWOHNER":0,"ARBEITSPL":0,"RADIUS":300,"DIDOKNR":80824,"ANGSTUFE":null,"SLOID":"ch:1:sloid:80824","TU":3}},{"type":"Feature","id":922,"geometry":{"type":"Point","coordinates":[8.1843209543400217,47.249769428281056]},"properties":{"OBJECTID":922,"UUID":"{42794CDB-5A68-E611-B7C2-F04DA23F2F2A}","HSTNAME":"Reinach AG, Bahnhof","VMITTEL":2,"BFS_NR":4141,"GEMEINDE":"Reinach (AG)","EINWOHNER":0,"ARBEITSPL":0,"RADIUS":300,"DIDOKNR":80825,"ANGSTUFE":null,"SLOID":"ch:1:sloid:80825","TU":3}},{"type":"Feature","id":923,"geometry":{"type":"Point","coordinates":[8.2021586885035145,47.267615651314173]},"properties":{"OBJECTID":923,"UUID":"{F4754CDB-5A68-E611-B7C2-F04DA23F2F2A}","HSTNAME":"Beinwil am See, Bahnhof","VMITTEL":2,"BFS_NR":4131,"GEMEINDE":"Beinwil am See","EINWOHNER":0,"ARBEITSPL":0,"RADIUS":300,"DIDOKNR":80822,"ANGSTUFE":null,"SLOID":"ch:1:sloid:80822","TU":3}},{"type":"Feature","id":924,"geometry":{"type":"Point","coordinates":[8.1973669900197024,47.216798449063333]},"properties":{"OBJECTID":924,"UUID":"{60764CDB-5A68-E611-B7C2-F04DA23F2F2A}","HSTNAME":"Beromünster, Winon","VMITTEL":2,"BFS_NR":1081,"GEMEINDE":"Beromünster","EINWOHNER":22,"ARBEITSPL":12,"RADIUS":300,"DIDOKNR":80832,"ANGSTUFE":2,"SLOID":"ch:1:sloid:80832","TU":3}},{"type":"Feature","id":925,"geometry":{"type":"Point","coordinates":[8.2113099064332662,47.232438167549063]},"properties":{"OBJECTID":925,"UUID":"{61784CDB-5A68-E611-B7C2-F04DA23F2F2A}","HSTNAME":"Schwarzenbach LU, Löwen","VMITTEL":2,"BFS_NR":1081,"GEMEINDE":"Beromünster","EINWOHNER":190,"ARBEITSPL":67,"RADIUS":300,"DIDOKNR":80823,"ANGSTUFE":2,"SLOID":"ch:1:sloid:80823","TU":3}},{"type":"Feature","id":926,"geometry":{"type":"Point","coordinates":[8.4668251184583525,46.97025960773675]},"properties":{"OBJECTID":926,"UUID":"{76774CDB-5A68-E611-B7C2-F04DA23F2F2A}","HSTNAME":"Beckenried, Hungacher","VMITTEL":2,"BFS_NR":1501,"GEMEINDE":"Beckenried","EINWOHNER":0,"ARBEITSPL":0,"RADIUS":300,"DIDOKNR":80610,"ANGSTUFE":null,"SLOID":"ch:1:sloid:80610","TU":3}},{"type":"Feature","id":927,"geometry":{"type":"Point","coordinates":[7.8822299249470662,47.209366434628038]},"properties":{"OBJECTID":927,"UUID":"{1D784CDB-5A68-E611-B7C2-F04DA23F2F2A}","HSTNAME":"Roggliswil, Netzelen","VMITTEL":2,"BFS_NR":1142,"GEMEINDE":"Roggliswil","EINWOHNER":79,"ARBEITSPL":28,"RADIUS":300,"DIDOKNR":80732,"ANGSTUFE":2,"SLOID":"ch:1:sloid:80732","TU":9}},{"type":"Feature","id":928,"geometry":{"type":"Point","coordinates":[8.0443211646076609,47.258010569572853]},"properties":{"OBJECTID":928,"UUID":"{E4754CDB-5A68-E611-B7C2-F04DA23F2F2A}","HSTNAME":"Attelwil, Schule","VMITTEL":2,"BFS_NR":4281,"GEMEINDE":"Reitnau","EINWOHNER":0,"ARBEITSPL":0,"RADIUS":300,"DIDOKNR":81055,"ANGSTUFE":null,"SLOID":"ch:1:sloid:81055","TU":3}},{"type":"Feature","id":929,"geometry":{"type":"Point","coordinates":[8.1892733612687554,47.245905421821121]},"properties":{"OBJECTID":929,"UUID":"{FAE8C1D5-5A68-E611-B7C2-F04DA23F2F2A}","HSTNAME":"Menziken, Spital","VMITTEL":2,"BFS_NR":4139,"GEMEINDE":"Menziken","EINWOHNER":0,"ARBEITSPL":0,"RADIUS":300,"DIDOKNR":81079,"ANGSTUFE":null,"SLOID":"ch:1:sloid:81079","TU":3}},{"type":"Feature","id":930,"geometry":{"type":"Point","coordinates":[7.9105098396533,47.123172677064936]},"properties":{"OBJECTID":930,"UUID":"{44E8C1D5-5A68-E611-B7C2-F04DA23F2F2A}","HSTNAME":"Hüswil, Stoos","VMITTEL":2,"BFS_NR":1150,"GEMEINDE":"Zell","EINWOHNER":14,"ARBEITSPL":38,"RADIUS":300,"DIDOKNR":81080,"ANGSTUFE":1,"SLOID":"ch:1:sloid:81080","TU":3}},{"type":"Feature","id":931,"geometry":{"type":"Point","coordinates":[8.0913444312477836,47.172652625008823]},"properties":{"OBJECTID":931,"UUID":"{B7754CDB-5A68-E611-B7C2-F04DA23F2F2A}","HSTNAME":"Sursee, Waldegg","VMITTEL":8,"BFS_NR":1091,"GEMEINDE":"Mauensee","EINWOHNER":752,"ARBEITSPL":37,"RADIUS":300,"DIDOKNR":81081,"ANGSTUFE":2,"SLOID":"ch:1:sloid:81081","TU":3}},{"type":"Feature","id":932,"geometry":{"type":"Point","coordinates":[8.1271028736196271,47.17758955211567]},"properties":{"OBJECTID":932,"UUID":"{71774CDB-5A68-E611-B7C2-F04DA23F2F2A}","HSTNAME":"Schenkon, Zellburg","VMITTEL":2,"BFS_NR":1099,"GEMEINDE":"Schenkon","EINWOHNER":466,"ARBEITSPL":361,"RADIUS":300,"DIDOKNR":81086,"ANGSTUFE":4,"SLOID":"ch:1:sloid:81086","TU":3}},{"type":"Feature","id":933,"geometry":{"type":"Point","coordinates":[8.1184538416117817,47.17383602015056]},"properties":{"OBJECTID":933,"UUID":"{F5764CDB-5A68-E611-B7C2-F04DA23F2F2A}","HSTNAME":"Sursee, Mariazell","VMITTEL":2,"BFS_NR":1103,"GEMEINDE":"Sursee","EINWOHNER":1013,"ARBEITSPL":120,"RADIUS":300,"DIDOKNR":81085,"ANGSTUFE":4,"SLOID":"ch:1:sloid:81085","TU":3}},{"type":"Feature","id":934,"geometry":{"type":"Point","coordinates":[7.9568504110312084,47.285040682324954]},"properties":{"OBJECTID":934,"UUID":"{0D794CDB-5A68-E611-B7C2-F04DA23F2F2A}","HSTNAME":"Zofingen, Heitereplatz","VMITTEL":2,"BFS_NR":4289,"GEMEINDE":"Zofingen","EINWOHNER":0,"ARBEITSPL":0,"RADIUS":300,"DIDOKNR":81099,"ANGSTUFE":null,"SLOID":"ch:1:sloid:81099","TU":9}},{"type":"Feature","id":935,"geometry":{"type":"Point","coordinates":[8.3784463196433698,46.963506678570589]},"properties":{"OBJECTID":935,"UUID":"{14774CDB-5A68-E611-B7C2-F04DA23F2F2A}","HSTNAME":"Stans, Breiten","VMITTEL":2,"BFS_NR":1509,"GEMEINDE":"Stans","EINWOHNER":0,"ARBEITSPL":0,"RADIUS":300,"DIDOKNR":80943,"ANGSTUFE":null,"SLOID":"ch:1:sloid:80943","TU":3}},{"type":"Feature","id":936,"geometry":{"type":"Point","coordinates":[7.9124568939367164,46.887147567042618]},"properties":{"OBJECTID":936,"UUID":"{C5E7C1D5-5A68-E611-B7C2-F04DA23F2F2A}","HSTNAME":"Wiggen, Wittenmoos","VMITTEL":2,"BFS_NR":1010,"GEMEINDE":"Escholzmatt-Marbach","EINWOHNER":23,"ARBEITSPL":10,"RADIUS":300,"DIDOKNR":80947,"ANGSTUFE":2,"SLOID":"ch:1:sloid:80947","TU":3}},{"type":"Feature","id":937,"geometry":{"type":"Point","coordinates":[7.8866484263384713,46.842975800343901]},"properties":{"OBJECTID":937,"UUID":"{1CE9C1D5-5A68-E611-B7C2-F04DA23F2F2A}","HSTNAME":"Marbach LU, Laui","VMITTEL":2,"BFS_NR":1010,"GEMEINDE":"Escholzmatt-Marbach","EINWOHNER":12,"ARBEITSPL":6,"RADIUS":300,"DIDOKNR":80950,"ANGSTUFE":2,"SLOID":"ch:1:sloid:80950","TU":3}},{"type":"Feature","id":938,"geometry":{"type":"Point","coordinates":[7.9124238527078292,46.878916879009694]},"properties":{"OBJECTID":938,"UUID":"{AB784CDB-5A68-E611-B7C2-F04DA23F2F2A}","HSTNAME":"Wiggen, Schächli","VMITTEL":2,"BFS_NR":1010,"GEMEINDE":"Escholzmatt-Marbach","EINWOHNER":16,"ARBEITSPL":9,"RADIUS":300,"DIDOKNR":80948,"ANGSTUFE":2,"SLOID":"ch:1:sloid:80948","TU":3}},{"type":"Feature","id":939,"geometry":{"type":"Point","coordinates":[7.9061958990493411,46.86571016163802]},"properties":{"OBJECTID":939,"UUID":"{34794CDB-5A68-E611-B7C2-F04DA23F2F2A}","HSTNAME":"Marbach LU, Geissenmoos","VMITTEL":2,"BFS_NR":1010,"GEMEINDE":"Escholzmatt-Marbach","EINWOHNER":18,"ARBEITSPL":38,"RADIUS":300,"DIDOKNR":80949,"ANGSTUFE":2,"SLOID":"ch:1:sloid:80949","TU":3}},{"type":"Feature","id":940,"geometry":{"type":"Point","coordinates":[7.9361361858064443,46.915157912595284]},"properties":{"OBJECTID":940,"UUID":"{D4764CDB-5A68-E611-B7C2-F04DA23F2F2A}","HSTNAME":"Escholzmatt, Bahnhof","VMITTEL":2,"BFS_NR":1010,"GEMEINDE":"Escholzmatt-Marbach","EINWOHNER":609,"ARBEITSPL":323,"RADIUS":300,"DIDOKNR":81293,"ANGSTUFE":2,"SLOID":"ch:1:sloid:81293","TU":3}},{"type":"Feature","id":941,"geometry":{"type":"Point","coordinates":[8.4049300896492518,46.970438178533435]},"properties":{"OBJECTID":941,"UUID":"{66774CDB-5A68-E611-B7C2-F04DA23F2F2A}","HSTNAME":"Buochs, Fadenbrücke","VMITTEL":2,"BFS_NR":1502,"GEMEINDE":"Buochs","EINWOHNER":0,"ARBEITSPL":0,"RADIUS":300,"DIDOKNR":81322,"ANGSTUFE":null,"SLOID":"ch:1:sloid:81322","TU":3}},{"type":"Feature","id":942,"geometry":{"type":"Point","coordinates":[8.1109567180316304,47.172431833460145]},"properties":{"OBJECTID":942,"UUID":"{8C774CDB-5A68-E611-B7C2-F04DA23F2F2A}","HSTNAME":"Sursee, Altstadt","VMITTEL":2,"BFS_NR":1103,"GEMEINDE":"Sursee","EINWOHNER":558,"ARBEITSPL":581,"RADIUS":300,"DIDOKNR":81323,"ANGSTUFE":4,"SLOID":"ch:1:sloid:81323","TU":3}},{"type":"Feature","id":943,"geometry":{"type":"Point","coordinates":[8.1945912670869188,47.111015271046377]},"properties":{"OBJECTID":943,"UUID":"{D0764CDB-5A68-E611-B7C2-F04DA23F2F2A}","HSTNAME":"Neuenkirch, Lippenrüti","VMITTEL":8,"BFS_NR":1093,"GEMEINDE":"Neuenkirch","EINWOHNER":145,"ARBEITSPL":135,"RADIUS":300,"DIDOKNR":81320,"ANGSTUFE":3,"SLOID":"ch:1:sloid:81320","TU":3}},{"type":"Feature","id":944,"geometry":{"type":"Point","coordinates":[8.2639148826117861,46.93591705836748]},"properties":{"OBJECTID":944,"UUID":"{E0E7C1D5-5A68-E611-B7C2-F04DA23F2F2A}","HSTNAME":"Alpnach Dorf, untere Feldstr.","VMITTEL":2,"BFS_NR":1401,"GEMEINDE":"Alpnach","EINWOHNER":0,"ARBEITSPL":0,"RADIUS":300,"DIDOKNR":81326,"ANGSTUFE":null,"SLOID":"ch:1:sloid:81326","TU":3}},{"type":"Feature","id":945,"geometry":{"type":"Point","coordinates":[8.3608026011443801,46.962174660243306]},"properties":{"OBJECTID":945,"UUID":"{8F774CDB-5A68-E611-B7C2-F04DA23F2F2A}","HSTNAME":"Stans, Kantonalbank","VMITTEL":2,"BFS_NR":1509,"GEMEINDE":"Stans","EINWOHNER":0,"ARBEITSPL":0,"RADIUS":300,"DIDOKNR":81333,"ANGSTUFE":null,"SLOID":"ch:1:sloid:81333","TU":3}},{"type":"Feature","id":946,"geometry":{"type":"Point","coordinates":[8.06040956829038,47.267900226494383]},"properties":{"OBJECTID":946,"UUID":"{E5794CDB-5A68-E611-B7C2-F04DA23F2F2A}","HSTNAME":"Moosleerau, Unterdorf","VMITTEL":2,"BFS_NR":4277,"GEMEINDE":"Moosleerau","EINWOHNER":0,"ARBEITSPL":0,"RADIUS":300,"DIDOKNR":81347,"ANGSTUFE":null,"SLOID":"ch:1:sloid:81347","TU":3}},{"type":"Feature","id":947,"geometry":{"type":"Point","coordinates":[8.1771199132236738,47.01539103136205]},"properties":{"OBJECTID":947,"UUID":"{F4794CDB-5A68-E611-B7C2-F04DA23F2F2A}","HSTNAME":"Schwarzenberg LU, Fabrikli","VMITTEL":2,"BFS_NR":1066,"GEMEINDE":"Schwarzenberg","EINWOHNER":65,"ARBEITSPL":5,"RADIUS":300,"DIDOKNR":81158,"ANGSTUFE":2,"SLOID":"ch:1:sloid:81158","TU":3}},{"type":"Feature","id":948,"geometry":{"type":"Point","coordinates":[8.2693580722133646,46.938009708325033]},"properties":{"OBJECTID":948,"UUID":"{7E774CDB-5A68-E611-B7C2-F04DA23F2F2A}","HSTNAME":"Alpnach Dorf, Hofmättelikreuz","VMITTEL":2,"BFS_NR":1401,"GEMEINDE":"Alpnach","EINWOHNER":0,"ARBEITSPL":0,"RADIUS":300,"DIDOKNR":81164,"ANGSTUFE":null,"SLOID":"ch:1:sloid:81164","TU":3}},{"type":"Feature","id":949,"geometry":{"type":"Point","coordinates":[8.1897394081017065,47.015839877045075]},"properties":{"OBJECTID":949,"UUID":"{E9E8C1D5-5A68-E611-B7C2-F04DA23F2F2A}","HSTNAME":"Schwarzenberg LU, Lifelen","VMITTEL":2,"BFS_NR":1066,"GEMEINDE":"Schwarzenberg","EINWOHNER":216,"ARBEITSPL":34,"RADIUS":300,"DIDOKNR":81159,"ANGSTUFE":1,"SLOID":"ch:1:sloid:81159","TU":3}},{"type":"Feature","id":950,"geometry":{"type":"Point","coordinates":[8.2545664204532265,46.933474207094811]},"properties":{"OBJECTID":950,"UUID":"{87784CDB-5A68-E611-B7C2-F04DA23F2F2A}","HSTNAME":"Alpnach Dorf, Schoried","VMITTEL":2,"BFS_NR":1401,"GEMEINDE":"Alpnach","EINWOHNER":0,"ARBEITSPL":0,"RADIUS":300,"DIDOKNR":81160,"ANGSTUFE":null,"SLOID":"ch:1:sloid:81160","TU":3}},{"type":"Feature","id":951,"geometry":{"type":"Point","coordinates":[8.3821551794615932,47.049745260510107]},"properties":{"OBJECTID":951,"UUID":"{6A8EEB0F-0065-EF11-AEF8-00505692A170}","HSTNAME":"Meggen, Bahnhof","VMITTEL":2,"BFS_NR":1063,"GEMEINDE":"Meggen","EINWOHNER":98,"ARBEITSPL":131,"RADIUS":300,"DIDOKNR":81161,"ANGSTUFE":0,"SLOID":"ch:1:sloid:81161","TU":11}},{"type":"Feature","id":952,"geometry":{"type":"Point","coordinates":[8.3971099373941325,46.940196849263373]},"properties":{"OBJECTID":952,"UUID":"{05E8C1D5-5A68-E611-B7C2-F04DA23F2F2A}","HSTNAME":"Büren NW, Kirchenplatz","VMITTEL":2,"BFS_NR":1508,"GEMEINDE":"Oberdorf (NW)","EINWOHNER":0,"ARBEITSPL":0,"RADIUS":300,"DIDOKNR":81505,"ANGSTUFE":null,"SLOID":"ch:1:sloid:81505","TU":3}},{"type":"Feature","id":953,"geometry":{"type":"Point","coordinates":[8.3967346638168809,46.938301860966931]},"properties":{"OBJECTID":953,"UUID":"{E7784CDB-5A68-E611-B7C2-F04DA23F2F2A}","HSTNAME":"Büren NW, Mühleplatz","VMITTEL":2,"BFS_NR":1508,"GEMEINDE":"Oberdorf (NW)","EINWOHNER":0,"ARBEITSPL":0,"RADIUS":300,"DIDOKNR":81522,"ANGSTUFE":null,"SLOID":"ch:1:sloid:81522","TU":3}},{"type":"Feature","id":954,"geometry":{"type":"Point","coordinates":[8.3764849762227716,46.956533004239525]},"properties":{"OBJECTID":954,"UUID":"{3E764CDB-5A68-E611-B7C2-F04DA23F2F2A}","HSTNAME":"Oberdorf NW, Wilrank","VMITTEL":2,"BFS_NR":1508,"GEMEINDE":"Oberdorf (NW)","EINWOHNER":0,"ARBEITSPL":0,"RADIUS":300,"DIDOKNR":81520,"ANGSTUFE":null,"SLOID":"ch:1:sloid:81520","TU":3}},{"type":"Feature","id":955,"geometry":{"type":"Point","coordinates":[8.3867332610171292,46.958040951763856]},"properties":{"OBJECTID":955,"UUID":"{9E784CDB-5A68-E611-B7C2-F04DA23F2F2A}","HSTNAME":"Oberdorf NW, Kaserne","VMITTEL":2,"BFS_NR":1508,"GEMEINDE":"Oberdorf (NW)","EINWOHNER":0,"ARBEITSPL":0,"RADIUS":300,"DIDOKNR":81521,"ANGSTUFE":null,"SLOID":"ch:1:sloid:81521","TU":3}},{"type":"Feature","id":956,"geometry":{"type":"Point","coordinates":[8.3848217445924593,46.956185616994475]},"properties":{"OBJECTID":956,"UUID":"{FFE8C1D5-5A68-E611-B7C2-F04DA23F2F2A}","HSTNAME":"Oberdorf NW, Schulhaus","VMITTEL":2,"BFS_NR":1508,"GEMEINDE":"Oberdorf (NW)","EINWOHNER":0,"ARBEITSPL":0,"RADIUS":300,"DIDOKNR":81504,"ANGSTUFE":null,"SLOID":"ch:1:sloid:81504","TU":3}},{"type":"Feature","id":957,"geometry":{"type":"Point","coordinates":[8.3714552474772184,46.95666400612582]},"properties":{"OBJECTID":957,"UUID":"{C2E8C1D5-5A68-E611-B7C2-F04DA23F2F2A}","HSTNAME":"Stans, Engelbergstrasse","VMITTEL":2,"BFS_NR":1509,"GEMEINDE":"Stans","EINWOHNER":0,"ARBEITSPL":0,"RADIUS":300,"DIDOKNR":81519,"ANGSTUFE":null,"SLOID":"ch:1:sloid:81519","TU":3}},{"type":"Feature","id":958,"geometry":{"type":"Point","coordinates":[8.0676692994846757,47.030282593395256]},"properties":{"OBJECTID":958,"UUID":"{C5754CDB-5A68-E611-B7C2-F04DA23F2F2A}","HSTNAME":"Chappelbodenbrücke","VMITTEL":2,"BFS_NR":1002,"GEMEINDE":"Entlebuch","EINWOHNER":8,"ARBEITSPL":5,"RADIUS":300,"DIDOKNR":81591,"ANGSTUFE":1,"SLOID":"ch:1:sloid:81591","TU":3}},{"type":"Feature","id":959,"geometry":{"type":"Point","coordinates":[7.846844091546739,47.218401977259951]},"properties":{"OBJECTID":959,"UUID":"{54794CDB-5A68-E611-B7C2-F04DA23F2F2A}","HSTNAME":"St. Urban, Sonnhaldenhof","VMITTEL":2,"BFS_NR":1139,"GEMEINDE":"Pfaffnau","EINWOHNER":5,"ARBEITSPL":0,"RADIUS":300,"DIDOKNR":81594,"ANGSTUFE":2,"SLOID":"ch:1:sloid:81594","TU":3}},{"type":"Feature","id":960,"geometry":{"type":"Point","coordinates":[8.3804494704271839,46.957094220754065]},"properties":{"OBJECTID":960,"UUID":"{99774CDB-5A68-E611-B7C2-F04DA23F2F2A}","HSTNAME":"Oberdorf NW, Schulhausstrasse","VMITTEL":2,"BFS_NR":1508,"GEMEINDE":"Oberdorf (NW)","EINWOHNER":0,"ARBEITSPL":0,"RADIUS":300,"DIDOKNR":81584,"ANGSTUFE":null,"SLOID":"ch:1:sloid:81584","TU":3}},{"type":"Feature","id":961,"geometry":{"type":"Point","coordinates":[8.252274636283456,46.896581100635714]},"properties":{"OBJECTID":961,"UUID":"{B4784CDB-5A68-E611-B7C2-F04DA23F2F2A}","HSTNAME":"Sarnen, Kernserstrasse","VMITTEL":2,"BFS_NR":1407,"GEMEINDE":"Sarnen","EINWOHNER":0,"ARBEITSPL":0,"RADIUS":300,"DIDOKNR":81466,"ANGSTUFE":null,"SLOID":"ch:1:sloid:81466","TU":3}},{"type":"Feature","id":962,"geometry":{"type":"Point","coordinates":[8.2118911955241956,46.872662457889227]},"properties":{"OBJECTID":962,"UUID":"{89764CDB-5A68-E611-B7C2-F04DA23F2F2A}","HSTNAME":"Oberwilen, Mätteli","VMITTEL":2,"BFS_NR":1407,"GEMEINDE":"Sarnen","EINWOHNER":0,"ARBEITSPL":0,"RADIUS":300,"DIDOKNR":81468,"ANGSTUFE":null,"SLOID":"ch:1:sloid:81468","TU":3}},{"type":"Feature","id":963,"geometry":{"type":"Point","coordinates":[8.0949748645337536,47.171813436157755]},"properties":{"OBJECTID":963,"UUID":"{45784CDB-5A68-E611-B7C2-F04DA23F2F2A}","HSTNAME":"Sursee, Kotten","VMITTEL":8,"BFS_NR":1103,"GEMEINDE":"Sursee","EINWOHNER":756,"ARBEITSPL":546,"RADIUS":300,"DIDOKNR":81445,"ANGSTUFE":4,"SLOID":"ch:1:sloid:81445","TU":3}},{"type":"Feature","id":964,"geometry":{"type":"Point","coordinates":[8.1136789556758622,47.169681397283604]},"properties":{"OBJECTID":964,"UUID":"{C7794CDB-5A68-E611-B7C2-F04DA23F2F2A}","HSTNAME":"Sursee, Frieslirain","VMITTEL":8,"BFS_NR":1103,"GEMEINDE":"Sursee","EINWOHNER":591,"ARBEITSPL":91,"RADIUS":300,"DIDOKNR":81469,"ANGSTUFE":4,"SLOID":"ch:1:sloid:81469","TU":3}},{"type":"Feature","id":965,"geometry":{"type":"Point","coordinates":[7.9945572723886658,47.123867769064049]},"properties":{"OBJECTID":965,"UUID":"{9D794CDB-5A68-E611-B7C2-F04DA23F2F2A}","HSTNAME":"Willisau, Chrüzhof","VMITTEL":2,"BFS_NR":1151,"GEMEINDE":"Willisau","EINWOHNER":454,"ARBEITSPL":345,"RADIUS":300,"DIDOKNR":81502,"ANGSTUFE":3,"SLOID":"ch:1:sloid:81502","TU":3}},{"type":"Feature","id":966,"geometry":{"type":"Point","coordinates":[7.931196979477722,46.907632092762391]},"properties":{"OBJECTID":966,"UUID":"{E1754CDB-5A68-E611-B7C2-F04DA23F2F2A}","HSTNAME":"Escholzmatt, Riedgasse","VMITTEL":2,"BFS_NR":1010,"GEMEINDE":"Escholzmatt-Marbach","EINWOHNER":176,"ARBEITSPL":87,"RADIUS":300,"DIDOKNR":81814,"ANGSTUFE":2,"SLOID":"ch:1:sloid:81814","TU":3}},{"type":"Feature","id":967,"geometry":{"type":"Point","coordinates":[8.2891529865433835,47.03514991639063]},"properties":{"OBJECTID":967,"UUID":"{7D794CDB-5A68-E611-B7C2-F04DA23F2F2A}","HSTNAME":"Kriens, Alpenstrasse","VMITTEL":3,"BFS_NR":1059,"GEMEINDE":"Kriens","EINWOHNER":702,"ARBEITSPL":390,"RADIUS":300,"DIDOKNR":81812,"ANGSTUFE":5,"SLOID":"ch:1:sloid:81812","TU":11}},{"type":"Feature","id":968,"geometry":{"type":"Point","coordinates":[7.9212866731583071,46.900271025673142]},"properties":{"OBJECTID":968,"UUID":"{BB784CDB-5A68-E611-B7C2-F04DA23F2F2A}","HSTNAME":"Wiggen, Unterbach","VMITTEL":2,"BFS_NR":1010,"GEMEINDE":"Escholzmatt-Marbach","EINWOHNER":33,"ARBEITSPL":12,"RADIUS":300,"DIDOKNR":81813,"ANGSTUFE":2,"SLOID":"ch:1:sloid:81813","TU":3}},{"type":"Feature","id":969,"geometry":{"type":"Point","coordinates":[8.2779052158045161,46.880617513115375]},"properties":{"OBJECTID":969,"UUID":"{D3784CDB-5A68-E611-B7C2-F04DA23F2F2A}","HSTNAME":"St. Niklausen OW, Haueti","VMITTEL":2,"BFS_NR":1404,"GEMEINDE":"Kerns","EINWOHNER":0,"ARBEITSPL":0,"RADIUS":300,"DIDOKNR":81862,"ANGSTUFE":null,"SLOID":"ch:1:sloid:81862","TU":3}},{"type":"Feature","id":970,"geometry":{"type":"Point","coordinates":[8.3170284583493945,47.153116085132588]},"properties":{"OBJECTID":970,"UUID":"{FC794CDB-5A68-E611-B7C2-F04DA23F2F2A}","HSTNAME":"Ballwil, Hochdorfstrasse","VMITTEL":2,"BFS_NR":1023,"GEMEINDE":"Ballwil","EINWOHNER":939,"ARBEITSPL":285,"RADIUS":300,"DIDOKNR":82044,"ANGSTUFE":2,"SLOID":"ch:1:sloid:82044","TU":3}},{"type":"Feature","id":971,"geometry":{"type":"Point","coordinates":[8.3214966971027486,47.131402997428559]},"properties":{"OBJECTID":971,"UUID":"{1C764CDB-5A68-E611-B7C2-F04DA23F2F2A}","HSTNAME":"Eschenbach LU, Luzernstrasse","VMITTEL":2,"BFS_NR":1026,"GEMEINDE":"Eschenbach","EINWOHNER":731,"ARBEITSPL":465,"RADIUS":300,"DIDOKNR":82045,"ANGSTUFE":2,"SLOID":"ch:1:sloid:82045","TU":3}},{"type":"Feature","id":972,"geometry":{"type":"Point","coordinates":[8.3074160562897266,46.948360453090224]},"properties":{"OBJECTID":972,"UUID":"{A0794CDB-5A68-E611-B7C2-F04DA23F2F2A}","HSTNAME":"Ennetmoos, Mueterschwandenberg","VMITTEL":2,"BFS_NR":1506,"GEMEINDE":"Ennetmoos","EINWOHNER":0,"ARBEITSPL":0,"RADIUS":300,"DIDOKNR":82115,"ANGSTUFE":null,"SLOID":"ch:1:sloid:82115","TU":3}},{"type":"Feature","id":973,"geometry":{"type":"Point","coordinates":[8.2488228201812994,47.088292384693844]},"properties":{"OBJECTID":973,"UUID":"{B5754CDB-5A68-E611-B7C2-F04DA23F2F2A}","HSTNAME":"Rothenburg Station, Bhf. West","VMITTEL":8,"BFS_NR":1040,"GEMEINDE":"Rothenburg","EINWOHNER":42,"ARBEITSPL":209,"RADIUS":300,"DIDOKNR":82118,"ANGSTUFE":3,"SLOID":"ch:1:sloid:82118","TU":3}},{"type":"Feature","id":974,"geometry":{"type":"Point","coordinates":[8.2412269702890022,47.133394410301541]},"properties":{"OBJECTID":974,"UUID":"{AF774CDB-5A68-E611-B7C2-F04DA23F2F2A}","HSTNAME":"Hildisrieden, Hapfern","VMITTEL":2,"BFS_NR":1037,"GEMEINDE":"Rain","EINWOHNER":20,"ARBEITSPL":3,"RADIUS":300,"DIDOKNR":82111,"ANGSTUFE":3,"SLOID":"ch:1:sloid:82111","TU":1}},{"type":"Feature","id":975,"geometry":{"type":"Point","coordinates":[8.3035027244535016,46.943541353132765]},"properties":{"OBJECTID":975,"UUID":"{6E774CDB-5A68-E611-B7C2-F04DA23F2F2A}","HSTNAME":"Ennetmoos, Abz. Vorsässstrasse","VMITTEL":2,"BFS_NR":1506,"GEMEINDE":"Ennetmoos","EINWOHNER":0,"ARBEITSPL":0,"RADIUS":300,"DIDOKNR":82122,"ANGSTUFE":null,"SLOID":"ch:1:sloid:82122","TU":3}},{"type":"Feature","id":976,"geometry":{"type":"Point","coordinates":[8.3001892367146581,46.940867592402597]},"properties":{"OBJECTID":976,"UUID":"{DA784CDB-5A68-E611-B7C2-F04DA23F2F2A}","HSTNAME":"Ennetmoos, Abzw. Rütli","VMITTEL":2,"BFS_NR":1506,"GEMEINDE":"Ennetmoos","EINWOHNER":0,"ARBEITSPL":0,"RADIUS":300,"DIDOKNR":82120,"ANGSTUFE":null,"SLOID":"ch:1:sloid:82120","TU":3}},{"type":"Feature","id":977,"geometry":{"type":"Point","coordinates":[8.2983944606841256,46.936230278214595]},"properties":{"OBJECTID":977,"UUID":"{09E8C1D5-5A68-E611-B7C2-F04DA23F2F2A}","HSTNAME":"Ennetmoos, Ebnet","VMITTEL":2,"BFS_NR":1506,"GEMEINDE":"Ennetmoos","EINWOHNER":0,"ARBEITSPL":0,"RADIUS":300,"DIDOKNR":82121,"ANGSTUFE":null,"SLOID":"ch:1:sloid:82121","TU":3}},{"type":"Feature","id":978,"geometry":{"type":"Point","coordinates":[7.9926051819938122,47.121160668006659]},"properties":{"OBJECTID":978,"UUID":"{61E8C1D5-5A68-E611-B7C2-F04DA23F2F2A}","HSTNAME":"Willisau, Postplatz","VMITTEL":2,"BFS_NR":1151,"GEMEINDE":"Willisau","EINWOHNER":325,"ARBEITSPL":367,"RADIUS":300,"DIDOKNR":81975,"ANGSTUFE":2,"SLOID":"ch:1:sloid:81975","TU":3}},{"type":"Feature","id":979,"geometry":{"type":"Point","coordinates":[8.3127228383046461,47.055773082396371]},"properties":{"OBJECTID":979,"UUID":"{DB774CDB-5A68-E611-B7C2-F04DA23F2F2A}","HSTNAME":"Luzern, Wey","VMITTEL":3,"BFS_NR":1061,"GEMEINDE":"Luzern","EINWOHNER":349,"ARBEITSPL":521,"RADIUS":300,"DIDOKNR":81978,"ANGSTUFE":5,"SLOID":"ch:1:sloid:81978","TU":11}},{"type":"Feature","id":980,"geometry":{"type":"Point","coordinates":[7.9777569404965689,47.206692554694882]},"properties":{"OBJECTID":980,"UUID":"{1EE9C1D5-5A68-E611-B7C2-F04DA23F2F2A}","HSTNAME":"Dagmersellen, Industriepark","VMITTEL":2,"BFS_NR":1123,"GEMEINDE":"Altishofen","EINWOHNER":3,"ARBEITSPL":529,"RADIUS":300,"DIDOKNR":81976,"ANGSTUFE":3,"SLOID":"ch:1:sloid:81976","TU":3}},{"type":"Feature","id":981,"geometry":{"type":"Point","coordinates":[8.05725242187855,46.981413412949685]},"properties":{"OBJECTID":981,"UUID":"{EA774CDB-5A68-E611-B7C2-F04DA23F2F2A}","HSTNAME":"Hasle LU, Ussercher","VMITTEL":2,"BFS_NR":1005,"GEMEINDE":"Hasle","EINWOHNER":233,"ARBEITSPL":117,"RADIUS":300,"DIDOKNR":82390,"ANGSTUFE":1,"SLOID":"ch:1:sloid:82390","TU":3}},{"type":"Feature","id":982,"geometry":{"type":"Point","coordinates":[8.1597325570567403,47.224973746499579]},"properties":{"OBJECTID":982,"UUID":"{CF764CDB-5A68-E611-B7C2-F04DA23F2F2A}","HSTNAME":"Rickenbach LU, Rüchlig","VMITTEL":2,"BFS_NR":1097,"GEMEINDE":"Rickenbach","EINWOHNER":160,"ARBEITSPL":20,"RADIUS":300,"DIDOKNR":82547,"ANGSTUFE":1,"SLOID":"ch:1:sloid:82547","TU":3}},{"type":"Feature","id":983,"geometry":{"type":"Point","coordinates":[8.0596918164374571,46.984359721859626]},"properties":{"OBJECTID":983,"UUID":"{A9764CDB-5A68-E611-B7C2-F04DA23F2F2A}","HSTNAME":"Hasle LU, Farbschachen","VMITTEL":2,"BFS_NR":1005,"GEMEINDE":"Hasle","EINWOHNER":202,"ARBEITSPL":31,"RADIUS":300,"DIDOKNR":82261,"ANGSTUFE":1,"SLOID":"ch:1:sloid:82261","TU":3}},{"type":"Feature","id":984,"geometry":{"type":"Point","coordinates":[8.179378118463946,47.235310353854196]},"properties":{"OBJECTID":984,"UUID":"{EBE7C1D5-5A68-E611-B7C2-F04DA23F2F2A}","HSTNAME":"Burg AG, Rössligasse","VMITTEL":2,"BFS_NR":4139,"GEMEINDE":"Menziken","EINWOHNER":0,"ARBEITSPL":0,"RADIUS":300,"DIDOKNR":82550,"ANGSTUFE":null,"SLOID":"ch:1:sloid:82550","TU":3}},{"type":"Feature","id":985,"geometry":{"type":"Point","coordinates":[8.106525505855176,47.178853121378609]},"properties":{"OBJECTID":985,"UUID":"{BEE7C1D5-5A68-E611-B7C2-F04DA23F2F2A}","HSTNAME":"Sursee, Sappeurstrasse","VMITTEL":8,"BFS_NR":1103,"GEMEINDE":"Sursee","EINWOHNER":13,"ARBEITSPL":1102,"RADIUS":300,"DIDOKNR":82560,"ANGSTUFE":3,"SLOID":"ch:1:sloid:82560","TU":3}},{"type":"Feature","id":986,"geometry":{"type":"Point","coordinates":[8.182974081502115,47.238426446634691]},"properties":{"OBJECTID":986,"UUID":"{F3754CDB-5A68-E611-B7C2-F04DA23F2F2A}","HSTNAME":"Burg AG, Hinterdorf","VMITTEL":2,"BFS_NR":4139,"GEMEINDE":"Menziken","EINWOHNER":0,"ARBEITSPL":0,"RADIUS":300,"DIDOKNR":82548,"ANGSTUFE":null,"SLOID":"ch:1:sloid:82548","TU":3}},{"type":"Feature","id":987,"geometry":{"type":"Point","coordinates":[8.1951171914811596,47.263083622059007]},"properties":{"OBJECTID":987,"UUID":"{0EE8C1D5-5A68-E611-B7C2-F04DA23F2F2A}","HSTNAME":"Reinach AG, Beinwiler Höhe","VMITTEL":2,"BFS_NR":4141,"GEMEINDE":"Reinach (AG)","EINWOHNER":0,"ARBEITSPL":0,"RADIUS":300,"DIDOKNR":82549,"ANGSTUFE":null,"SLOID":"ch:1:sloid:82549","TU":3}},{"type":"Feature","id":988,"geometry":{"type":"Point","coordinates":[8.099317516200097,47.176322114761589]},"properties":{"OBJECTID":988,"UUID":"{BBE8C1D5-5A68-E611-B7C2-F04DA23F2F2A}","HSTNAME":"Sursee, Münchrüti","VMITTEL":8,"BFS_NR":1103,"GEMEINDE":"Sursee","EINWOHNER":216,"ARBEITSPL":1819,"RADIUS":300,"DIDOKNR":82564,"ANGSTUFE":3,"SLOID":"ch:1:sloid:82564","TU":3}},{"type":"Feature","id":989,"geometry":{"type":"Point","coordinates":[8.1075652991852003,47.183938291170257]},"properties":{"OBJECTID":989,"UUID":"{2A784CDB-5A68-E611-B7C2-F04DA23F2F2A}","HSTNAME":"Sursee, Chommlibach","VMITTEL":8,"BFS_NR":1103,"GEMEINDE":"Sursee","EINWOHNER":30,"ARBEITSPL":1856,"RADIUS":300,"DIDOKNR":82565,"ANGSTUFE":3,"SLOID":"ch:1:sloid:82565","TU":3}},{"type":"Feature","id":990,"geometry":{"type":"Point","coordinates":[8.2982582510565379,47.165077710217275]},"properties":{"OBJECTID":990,"UUID":"{23794CDB-5A68-E611-B7C2-F04DA23F2F2A}","HSTNAME":"Hochdorf, Schönau","VMITTEL":2,"BFS_NR":1031,"GEMEINDE":"Hochdorf","EINWOHNER":1002,"ARBEITSPL":134,"RADIUS":300,"DIDOKNR":82591,"ANGSTUFE":2,"SLOID":"ch:1:sloid:82591","TU":3}},{"type":"Feature","id":991,"geometry":{"type":"Point","coordinates":[8.0203959278261205,47.185320077078657]},"properties":{"OBJECTID":991,"UUID":"{D8E8C1D5-5A68-E611-B7C2-F04DA23F2F2A}","HSTNAME":"Wauwil, Zentrum","VMITTEL":2,"BFS_NR":1146,"GEMEINDE":"Wauwil","EINWOHNER":914,"ARBEITSPL":272,"RADIUS":300,"DIDOKNR":82442,"ANGSTUFE":0,"SLOID":"ch:1:sloid:82442","TU":3}},{"type":"Feature","id":992,"geometry":{"type":"Point","coordinates":[8.0308961518044573,47.186309984640793]},"properties":{"OBJECTID":992,"UUID":"{A3E7C1D5-5A68-E611-B7C2-F04DA23F2F2A}","HSTNAME":"Wauwil, Sackmatt","VMITTEL":2,"BFS_NR":1146,"GEMEINDE":"Wauwil","EINWOHNER":481,"ARBEITSPL":312,"RADIUS":300,"DIDOKNR":82443,"ANGSTUFE":0,"SLOID":"ch:1:sloid:82443","TU":3}},{"type":"Feature","id":993,"geometry":{"type":"Point","coordinates":[8.2777298901611402,46.955202454181318]},"properties":{"OBJECTID":993,"UUID":"{79E8C1D5-5A68-E611-B7C2-F04DA23F2F2A}","HSTNAME":"Alpnachstad, Bahnhof","VMITTEL":2,"BFS_NR":1401,"GEMEINDE":"Alpnach","EINWOHNER":0,"ARBEITSPL":0,"RADIUS":300,"DIDOKNR":82458,"ANGSTUFE":null,"SLOID":"ch:1:sloid:82458","TU":3}},{"type":"Feature","id":994,"geometry":{"type":"Point","coordinates":[8.2223217097301653,46.860186387534178]},"properties":{"OBJECTID":994,"UUID":"{CF754CDB-5A68-E611-B7C2-F04DA23F2F2A}","HSTNAME":"Ewil Maxon, Bahnhof","VMITTEL":2,"BFS_NR":1406,"GEMEINDE":"Sachseln","EINWOHNER":0,"ARBEITSPL":0,"RADIUS":300,"DIDOKNR":82459,"ANGSTUFE":null,"SLOID":"ch:1:sloid:82459","TU":3}},{"type":"Feature","id":995,"geometry":{"type":"Point","coordinates":[8.1755009479212912,46.81308993068496]},"properties":{"OBJECTID":995,"UUID":"{2E774CDB-5A68-E611-B7C2-F04DA23F2F2A}","HSTNAME":"Kaiserstuhl OW, Bahnhof","VMITTEL":2,"BFS_NR":1405,"GEMEINDE":"Lungern","EINWOHNER":0,"ARBEITSPL":0,"RADIUS":300,"DIDOKNR":82460,"ANGSTUFE":null,"SLOID":"ch:1:sloid:82460","TU":3}},{"type":"Feature","id":996,"geometry":{"type":"Point","coordinates":[8.1607952705139333,46.854833931348132]},"properties":{"OBJECTID":996,"UUID":"{53774CDB-5A68-E611-B7C2-F04DA23F2F2A}","HSTNAME":"Grossteil, Haltenrain","VMITTEL":2,"BFS_NR":1403,"GEMEINDE":"Giswil","EINWOHNER":0,"ARBEITSPL":0,"RADIUS":300,"DIDOKNR":82883,"ANGSTUFE":null,"SLOID":"ch:1:sloid:82883","TU":3}},{"type":"Feature","id":997,"geometry":{"type":"Point","coordinates":[8.4001357246543051,46.909630457680485]},"properties":{"OBJECTID":997,"UUID":"{17E9C1D5-5A68-E611-B7C2-F04DA23F2F2A}","HSTNAME":"Wolfenschiessen, Zelgli","VMITTEL":2,"BFS_NR":1511,"GEMEINDE":"Wolfenschiessen","EINWOHNER":0,"ARBEITSPL":0,"RADIUS":300,"DIDOKNR":82717,"ANGSTUFE":null,"SLOID":"ch:1:sloid:82717","TU":3}},{"type":"Feature","id":998,"geometry":{"type":"Point","coordinates":[8.0755744278391788,47.236398411996966]},"properties":{"OBJECTID":998,"UUID":"{9FE7C1D5-5A68-E611-B7C2-F04DA23F2F2A}","HSTNAME":"Triengen, Forum","VMITTEL":8,"BFS_NR":1104,"GEMEINDE":"Triengen","EINWOHNER":743,"ARBEITSPL":316,"RADIUS":300,"DIDOKNR":82760,"ANGSTUFE":4,"SLOID":"ch:1:sloid:82760","TU":3}},{"type":"Feature","id":999,"geometry":{"type":"Point","coordinates":[8.0749681861259663,47.189888822338297]},"properties":{"OBJECTID":999,"UUID":"{BA794CDB-5A68-E611-B7C2-F04DA23F2F2A}","HSTNAME":"St. Erhard, Heidenacher","VMITTEL":8,"BFS_NR":1089,"GEMEINDE":"Knutwil","EINWOHNER":84,"ARBEITSPL":11,"RADIUS":300,"DIDOKNR":82754,"ANGSTUFE":1,"SLOID":"ch:1:sloid:82754","TU":3}},{"type":"Feature","id":1000,"geometry":{"type":"Point","coordinates":[8.0723462065047453,47.199132147614193]},"properties":{"OBJECTID":1000,"UUID":"{57784CDB-5A68-E611-B7C2-F04DA23F2F2A}","HSTNAME":"Knutwil, Dorf","VMITTEL":8,"BFS_NR":1089,"GEMEINDE":"Knutwil","EINWOHNER":317,"ARBEITSPL":124,"RADIUS":300,"DIDOKNR":82755,"ANGSTUFE":2,"SLOID":"ch:1:sloid:82755","TU":3}}]}