{"type":"FeatureCollection","features":[{"type":"Feature","id":1,"geometry":{"type":"Point","coordinates":[7.9076996479129207,47.351934759271721]},"properties":{"OBJECTID":1,"UUID":"{18764CDB-5A68-E611-B7C2-F04DA23F2F2A}","HSTNAME":"Olten","VMITTEL":1,"BFS_NR":2581,"GEMEINDE":"Olten","EINWOHNER":0,"ARBEITSPL":0,"RADIUS":1000,"DIDOKNR":218,"ANGSTUFE":null,"SLOID":"ch:1:sloid:218","TU":6}},{"type":"Feature","id":2,"geometry":{"type":"Point","coordinates":[7.9570408485077673,47.262666154960449]},"properties":{"OBJECTID":2,"UUID":"{8EE8C1D5-5A68-E611-B7C2-F04DA23F2F2A}","HSTNAME":"Brittnau-Wikon","VMITTEL":1,"BFS_NR":1147,"GEMEINDE":"Wikon","EINWOHNER":1053,"ARBEITSPL":765,"RADIUS":1000,"DIDOKNR":2002,"ANGSTUFE":2,"SLOID":"ch:1:sloid:2002","TU":6}},{"type":"Feature","id":3,"geometry":{"type":"Point","coordinates":[7.9774494815989172,47.192380620974468]},"properties":{"OBJECTID":3,"UUID":"{4F764CDB-5A68-E611-B7C2-F04DA23F2F2A}","HSTNAME":"Nebikon","VMITTEL":1,"BFS_NR":1137,"GEMEINDE":"Nebikon","EINWOHNER":3372,"ARBEITSPL":3192,"RADIUS":1000,"DIDOKNR":2005,"ANGSTUFE":3,"SLOID":"ch:1:sloid:2005","TU":6}},{"type":"Feature","id":4,"geometry":{"type":"Point","coordinates":[7.9790259224656248,47.217557940812775]},"properties":{"OBJECTID":4,"UUID":"{DD764CDB-5A68-E611-B7C2-F04DA23F2F2A}","HSTNAME":"Dagmersellen","VMITTEL":1,"BFS_NR":1125,"GEMEINDE":"Dagmersellen","EINWOHNER":3141,"ARBEITSPL":2266,"RADIUS":1000,"DIDOKNR":2004,"ANGSTUFE":3,"SLOID":"ch:1:sloid:2004","TU":6}},{"type":"Feature","id":5,"geometry":{"type":"Point","coordinates":[7.9431176739781124,47.288052535393767]},"properties":{"OBJECTID":5,"UUID":"{ACE8C1D5-5A68-E611-B7C2-F04DA23F2F2A}","HSTNAME":"Zofingen","VMITTEL":1,"BFS_NR":4289,"GEMEINDE":"Zofingen","EINWOHNER":0,"ARBEITSPL":0,"RADIUS":1000,"DIDOKNR":2001,"ANGSTUFE":null,"SLOID":"ch:1:sloid:2001","TU":6}},{"type":"Feature","id":6,"geometry":{"type":"Point","coordinates":[7.9082226067192822,47.320268469494955]},"properties":{"OBJECTID":6,"UUID":"{E0764CDB-5A68-E611-B7C2-F04DA23F2F2A}","HSTNAME":"Aarburg-Oftringen","VMITTEL":1,"BFS_NR":4271,"GEMEINDE":"Aarburg","EINWOHNER":0,"ARBEITSPL":0,"RADIUS":1000,"DIDOKNR":2000,"ANGSTUFE":null,"SLOID":"ch:1:sloid:2000","TU":6}},{"type":"Feature","id":7,"geometry":{"type":"Point","coordinates":[8.097893864664309,47.170795040927885]},"properties":{"OBJECTID":7,"UUID":"{4B774CDB-5A68-E611-B7C2-F04DA23F2F2A}","HSTNAME":"Sursee","VMITTEL":1,"BFS_NR":1103,"GEMEINDE":"Sursee","EINWOHNER":7934,"ARBEITSPL":10204,"RADIUS":1000,"DIDOKNR":2007,"ANGSTUFE":4,"SLOID":"ch:1:sloid:2007","TU":6}},{"type":"Feature","id":8,"geometry":{"type":"Point","coordinates":[7.968774385627647,47.241468372117275]},"properties":{"OBJECTID":8,"UUID":"{CF774CDB-5A68-E611-B7C2-F04DA23F2F2A}","HSTNAME":"Reiden","VMITTEL":1,"BFS_NR":1140,"GEMEINDE":"Reiden","EINWOHNER":4499,"ARBEITSPL":2638,"RADIUS":1000,"DIDOKNR":2003,"ANGSTUFE":3,"SLOID":"ch:1:sloid:2003","TU":6}},{"type":"Feature","id":9,"geometry":{"type":"Point","coordinates":[8.0190200593529983,47.183858974751018]},"properties":{"OBJECTID":9,"UUID":"{96E8C1D5-5A68-E611-B7C2-F04DA23F2F2A}","HSTNAME":"Wauwil","VMITTEL":1,"BFS_NR":1146,"GEMEINDE":"Wauwil","EINWOHNER":3443,"ARBEITSPL":962,"RADIUS":1000,"DIDOKNR":2006,"ANGSTUFE":3,"SLOID":"ch:1:sloid:2006","TU":6}},{"type":"Feature","id":10,"geometry":{"type":"Point","coordinates":[8.1959790581945597,47.116053211608417]},"properties":{"OBJECTID":10,"UUID":"{9D774CDB-5A68-E611-B7C2-F04DA23F2F2A}","HSTNAME":"Sempach-Neuenkirch","VMITTEL":1,"BFS_NR":1093,"GEMEINDE":"Neuenkirch","EINWOHNER":1593,"ARBEITSPL":1695,"RADIUS":1000,"DIDOKNR":2009,"ANGSTUFE":3,"SLOID":"ch:1:sloid:2009","TU":6}},{"type":"Feature","id":11,"geometry":{"type":"Point","coordinates":[8.1386010248474197,47.138811747699812]},"properties":{"OBJECTID":11,"UUID":"{F5E7C1D5-5A68-E611-B7C2-F04DA23F2F2A}","HSTNAME":"Nottwil","VMITTEL":1,"BFS_NR":1094,"GEMEINDE":"Nottwil","EINWOHNER":2914,"ARBEITSPL":2815,"RADIUS":1000,"DIDOKNR":2008,"ANGSTUFE":3,"SLOID":"ch:1:sloid:2008","TU":6}},{"type":"Feature","id":12,"geometry":{"type":"Point","coordinates":[8.114234459651346,47.155237622368226]},"properties":{"OBJECTID":12,"UUID":"{26E9C1D5-5A68-E611-B7C2-F04DA23F2F2A}","HSTNAME":"Oberkirch LU","VMITTEL":1,"BFS_NR":1095,"GEMEINDE":"Oberkirch","EINWOHNER":3423,"ARBEITSPL":1083,"RADIUS":1000,"DIDOKNR":2011,"ANGSTUFE":3,"SLOID":"ch:1:sloid:2011","TU":6}},{"type":"Feature","id":13,"geometry":{"type":"Point","coordinates":[8.0745815347139249,47.180081911855488]},"properties":{"OBJECTID":13,"UUID":"{E6764CDB-5A68-E611-B7C2-F04DA23F2F2A}","HSTNAME":"St. Erhard-Knutwil","VMITTEL":1,"BFS_NR":1089,"GEMEINDE":"Knutwil","EINWOHNER":1602,"ARBEITSPL":407,"RADIUS":1000,"DIDOKNR":2010,"ANGSTUFE":2,"SLOID":"ch:1:sloid:2010","TU":6}},{"type":"Feature","id":14,"geometry":{"type":"Point","coordinates":[8.2731905924684899,47.090909978774143]},"properties":{"OBJECTID":14,"UUID":"{B5794CDB-5A68-E611-B7C2-F04DA23F2F2A}","HSTNAME":"Emmenbrücke Kapf","VMITTEL":1,"BFS_NR":1024,"GEMEINDE":"Emmen","EINWOHNER":9310,"ARBEITSPL":1562,"RADIUS":1000,"DIDOKNR":2012,"ANGSTUFE":3,"SLOID":"ch:1:sloid:2012","TU":6}},{"type":"Feature","id":15,"geometry":{"type":"Point","coordinates":[8.1833928440429595,47.254507091631652]},"properties":{"OBJECTID":15,"UUID":"{22794CDB-5A68-E611-B7C2-F04DA23F2F2A}","HSTNAME":"Reinach AG Mitte","VMITTEL":1,"BFS_NR":4141,"GEMEINDE":"Reinach (AG)","EINWOHNER":0,"ARBEITSPL":0,"RADIUS":1000,"DIDOKNR":2176,"ANGSTUFE":null,"SLOID":"ch:1:sloid:2176","TU":9}},{"type":"Feature","id":16,"geometry":{"type":"Point","coordinates":[8.5232715373892631,47.19536403756797]},"properties":{"OBJECTID":16,"UUID":"{56784CDB-5A68-E611-B7C2-F04DA23F2F2A}","HSTNAME":"Baar","VMITTEL":1,"BFS_NR":1701,"GEMEINDE":"Baar","EINWOHNER":0,"ARBEITSPL":0,"RADIUS":1000,"DIDOKNR":2206,"ANGSTUFE":null,"SLOID":"ch:1:sloid:2206","TU":6}},{"type":"Feature","id":17,"geometry":{"type":"Point","coordinates":[8.181654454885269,47.257066590574972]},"properties":{"OBJECTID":17,"UUID":"{FD794CDB-5A68-E611-B7C2-F04DA23F2F2A}","HSTNAME":"Reinach AG Nord","VMITTEL":1,"BFS_NR":4141,"GEMEINDE":"Reinach (AG)","EINWOHNER":0,"ARBEITSPL":0,"RADIUS":1000,"DIDOKNR":2167,"ANGSTUFE":null,"SLOID":"ch:1:sloid:2167","TU":9}},{"type":"Feature","id":18,"geometry":{"type":"Point","coordinates":[8.1893187776447842,47.240922217185087]},"properties":{"OBJECTID":18,"UUID":"{C9991636-BDED-EA11-A2C2-662325A903D8}","HSTNAME":"Menziken","VMITTEL":1,"BFS_NR":4139,"GEMEINDE":"Menziken","EINWOHNER":0,"ARBEITSPL":0,"RADIUS":1000,"DIDOKNR":2169,"ANGSTUFE":null,"SLOID":"ch:1:sloid:2169","TU":9}},{"type":"Feature","id":19,"geometry":{"type":"Point","coordinates":[8.3947885266504034,47.121327667758905]},"properties":{"OBJECTID":19,"UUID":"{FD764CDB-5A68-E611-B7C2-F04DA23F2F2A}","HSTNAME":"Gisikon-Root","VMITTEL":1,"BFS_NR":1065,"GEMEINDE":"Root","EINWOHNER":4461,"ARBEITSPL":1518,"RADIUS":1000,"DIDOKNR":2201,"ANGSTUFE":3,"SLOID":"ch:1:sloid:2201","TU":6}},{"type":"Feature","id":20,"geometry":{"type":"Point","coordinates":[8.1845346612979011,47.250062334715359]},"properties":{"OBJECTID":20,"UUID":"{E6754CDB-5A68-E611-B7C2-F04DA23F2F2A}","HSTNAME":"Reinach AG","VMITTEL":1,"BFS_NR":4141,"GEMEINDE":"Reinach (AG)","EINWOHNER":0,"ARBEITSPL":0,"RADIUS":1000,"DIDOKNR":2168,"ANGSTUFE":null,"SLOID":"ch:1:sloid:2168","TU":9}},{"type":"Feature","id":21,"geometry":{"type":"Point","coordinates":[8.3423582561704617,47.084262718076879]},"properties":{"OBJECTID":21,"UUID":"{C2764CDB-5A68-E611-B7C2-F04DA23F2F2A}","HSTNAME":"Ebikon","VMITTEL":1,"BFS_NR":1054,"GEMEINDE":"Ebikon","EINWOHNER":7641,"ARBEITSPL":3389,"RADIUS":1000,"DIDOKNR":2200,"ANGSTUFE":3,"SLOID":"ch:1:sloid:2200","TU":6}},{"type":"Feature","id":22,"geometry":{"type":"Point","coordinates":[8.457504763732393,47.178243877408327]},"properties":{"OBJECTID":22,"UUID":"{62794CDB-5A68-E611-B7C2-F04DA23F2F2A}","HSTNAME":"Cham","VMITTEL":1,"BFS_NR":1702,"GEMEINDE":"Cham","EINWOHNER":0,"ARBEITSPL":0,"RADIUS":1000,"DIDOKNR":2203,"ANGSTUFE":null,"SLOID":"ch:1:sloid:2203","TU":6}},{"type":"Feature","id":23,"geometry":{"type":"Point","coordinates":[8.4304952639038611,47.141764167223563]},"properties":{"OBJECTID":23,"UUID":"{F1E7C1D5-5A68-E611-B7C2-F04DA23F2F2A}","HSTNAME":"Rotkreuz","VMITTEL":1,"BFS_NR":1707,"GEMEINDE":"Risch","EINWOHNER":0,"ARBEITSPL":0,"RADIUS":1000,"DIDOKNR":2202,"ANGSTUFE":null,"SLOID":"ch:1:sloid:2202","TU":6}},{"type":"Feature","id":24,"geometry":{"type":"Point","coordinates":[8.5150493409648416,47.173706977684965]},"properties":{"OBJECTID":24,"UUID":"{56774CDB-5A68-E611-B7C2-F04DA23F2F2A}","HSTNAME":"Zug","VMITTEL":1,"BFS_NR":1711,"GEMEINDE":"Zug","EINWOHNER":0,"ARBEITSPL":0,"RADIUS":1000,"DIDOKNR":2204,"ANGSTUFE":null,"SLOID":"ch:1:sloid:2204","TU":6}},{"type":"Feature","id":25,"geometry":{"type":"Point","coordinates":[8.486645706225632,47.180237577757843]},"properties":{"OBJECTID":25,"UUID":"{43794CDB-5A68-E611-B7C2-F04DA23F2F2A}","HSTNAME":"Zug Chollermüli","VMITTEL":1,"BFS_NR":1711,"GEMEINDE":"Zug","EINWOHNER":0,"ARBEITSPL":0,"RADIUS":1000,"DIDOKNR":2230,"ANGSTUFE":null,"SLOID":"ch:1:sloid:2230","TU":6}},{"type":"Feature","id":26,"geometry":{"type":"Point","coordinates":[8.3197100918216282,47.107899342859092]},"properties":{"OBJECTID":26,"UUID":"{1A7A4CDB-5A68-E611-B7C2-F04DA23F2F2A}","HSTNAME":"Waldibrücke","VMITTEL":1,"BFS_NR":1024,"GEMEINDE":"Emmen","EINWOHNER":381,"ARBEITSPL":763,"RADIUS":1000,"DIDOKNR":2017,"ANGSTUFE":3,"SLOID":"ch:1:sloid:2017","TU":6}},{"type":"Feature","id":27,"geometry":{"type":"Point","coordinates":[8.2423144235753387,47.229690615754123]},"properties":{"OBJECTID":27,"UUID":"{F8794CDB-5A68-E611-B7C2-F04DA23F2F2A}","HSTNAME":"Ermensee","VMITTEL":1,"BFS_NR":1025,"GEMEINDE":"Ermensee","EINWOHNER":857,"ARBEITSPL":271,"RADIUS":1000,"DIDOKNR":2019,"ANGSTUFE":3,"SLOID":"ch:1:sloid:2019","TU":6}},{"type":"Feature","id":28,"geometry":{"type":"Point","coordinates":[8.2241596513097921,47.244292314951956]},"properties":{"OBJECTID":28,"UUID":"{F8774CDB-5A68-E611-B7C2-F04DA23F2F2A}","HSTNAME":"Mosen","VMITTEL":1,"BFS_NR":1030,"GEMEINDE":"Hitzkirch","EINWOHNER":332,"ARBEITSPL":205,"RADIUS":1000,"DIDOKNR":2029,"ANGSTUFE":3,"SLOID":"ch:1:sloid:2029","TU":6}},{"type":"Feature","id":29,"geometry":{"type":"Point","coordinates":[8.2825653680056899,47.070601499666843]},"properties":{"OBJECTID":29,"UUID":"{96784CDB-5A68-E611-B7C2-F04DA23F2F2A}","HSTNAME":"Emmenbrücke","VMITTEL":1,"BFS_NR":1024,"GEMEINDE":"Emmen","EINWOHNER":10256,"ARBEITSPL":7094,"RADIUS":1000,"DIDOKNR":2021,"ANGSTUFE":4,"SLOID":"ch:1:sloid:2021","TU":6}},{"type":"Feature","id":30,"geometry":{"type":"Point","coordinates":[8.276820079539938,47.078314178254935]},"properties":{"OBJECTID":30,"UUID":"{D5754CDB-5A68-E611-B7C2-F04DA23F2F2A}","HSTNAME":"Emmenbrücke Gersag","VMITTEL":1,"BFS_NR":1024,"GEMEINDE":"Emmen","EINWOHNER":10569,"ARBEITSPL":4382,"RADIUS":1000,"DIDOKNR":2028,"ANGSTUFE":4,"SLOID":"ch:1:sloid:2028","TU":6}},{"type":"Feature","id":31,"geometry":{"type":"Point","coordinates":[8.1602531017088431,47.353156565669593]},"properties":{"OBJECTID":31,"UUID":"{5C67E0BE-49BC-EE11-AEE7-00505692A170}","HSTNAME":"Seon Nord","VMITTEL":1,"BFS_NR":4209,"GEMEINDE":"Seon","EINWOHNER":0,"ARBEITSPL":0,"RADIUS":1000,"DIDOKNR":2043,"ANGSTUFE":null,"SLOID":"ch:1:sloid:2043","TU":6}},{"type":"Feature","id":32,"geometry":{"type":"Point","coordinates":[8.2987336350906347,47.164569323416771]},"properties":{"OBJECTID":32,"UUID":"{9A784CDB-5A68-E611-B7C2-F04DA23F2F2A}","HSTNAME":"Hochdorf Schönau","VMITTEL":1,"BFS_NR":1031,"GEMEINDE":"Hochdorf","EINWOHNER":4430,"ARBEITSPL":698,"RADIUS":1000,"DIDOKNR":2042,"ANGSTUFE":3,"SLOID":"ch:1:sloid:2042","TU":6}},{"type":"Feature","id":33,"geometry":{"type":"Point","coordinates":[8.2475614453821304,47.089183674533217]},"properties":{"OBJECTID":33,"UUID":"{14794CDB-5A68-E611-B7C2-F04DA23F2F2A}","HSTNAME":"Rothenburg Station","VMITTEL":1,"BFS_NR":1040,"GEMEINDE":"Rothenburg","EINWOHNER":275,"ARBEITSPL":5949,"RADIUS":1000,"DIDOKNR":2020,"ANGSTUFE":3,"SLOID":"ch:1:sloid:2020","TU":6}},{"type":"Feature","id":34,"geometry":{"type":"Point","coordinates":[8.1759494553292491,47.328638756622155]},"properties":{"OBJECTID":34,"UUID":"{D7754CDB-5A68-E611-B7C2-F04DA23F2F2A}","HSTNAME":"Hallwil","VMITTEL":1,"BFS_NR":4197,"GEMEINDE":"Hallwil","EINWOHNER":0,"ARBEITSPL":0,"RADIUS":1000,"DIDOKNR":2031,"ANGSTUFE":null,"SLOID":"ch:1:sloid:2031","TU":6}},{"type":"Feature","id":35,"geometry":{"type":"Point","coordinates":[8.3168988020522754,47.153767655310062]},"properties":{"OBJECTID":35,"UUID":"{27E9C1D5-5A68-E611-B7C2-F04DA23F2F2A}","HSTNAME":"Ballwil","VMITTEL":1,"BFS_NR":1023,"GEMEINDE":"Ballwil","EINWOHNER":2357,"ARBEITSPL":632,"RADIUS":1000,"DIDOKNR":2023,"ANGSTUFE":3,"SLOID":"ch:1:sloid:2023","TU":6}},{"type":"Feature","id":36,"geometry":{"type":"Point","coordinates":[8.1588073897799642,47.346148956523663]},"properties":{"OBJECTID":36,"UUID":"{A4764CDB-5A68-E611-B7C2-F04DA23F2F2A}","HSTNAME":"Seon","VMITTEL":1,"BFS_NR":4209,"GEMEINDE":"Seon","EINWOHNER":0,"ARBEITSPL":0,"RADIUS":1000,"DIDOKNR":2030,"ANGSTUFE":null,"SLOID":"ch:1:sloid:2030","TU":6}},{"type":"Feature","id":37,"geometry":{"type":"Point","coordinates":[8.322790731804643,47.13239599982775]},"properties":{"OBJECTID":37,"UUID":"{AF794CDB-5A68-E611-B7C2-F04DA23F2F2A}","HSTNAME":"Eschenbach LU","VMITTEL":1,"BFS_NR":1026,"GEMEINDE":"Eschenbach (LU)","EINWOHNER":3295,"ARBEITSPL":1044,"RADIUS":1000,"DIDOKNR":2022,"ANGSTUFE":3,"SLOID":"ch:1:sloid:2022","TU":6}},{"type":"Feature","id":38,"geometry":{"type":"Point","coordinates":[8.1990173318867221,47.287856600451903]},"properties":{"OBJECTID":38,"UUID":"{B4764CDB-5A68-E611-B7C2-F04DA23F2F2A}","HSTNAME":"Birrwil","VMITTEL":1,"BFS_NR":4132,"GEMEINDE":"Birrwil","EINWOHNER":0,"ARBEITSPL":0,"RADIUS":1000,"DIDOKNR":2033,"ANGSTUFE":null,"SLOID":"ch:1:sloid:2033","TU":6}},{"type":"Feature","id":39,"geometry":{"type":"Point","coordinates":[8.280231508343201,47.185688959165496]},"properties":{"OBJECTID":39,"UUID":"{98E8C1D5-5A68-E611-B7C2-F04DA23F2F2A}","HSTNAME":"Baldegg","VMITTEL":1,"BFS_NR":1031,"GEMEINDE":"Hochdorf","EINWOHNER":570,"ARBEITSPL":368,"RADIUS":1000,"DIDOKNR":2025,"ANGSTUFE":3,"SLOID":"ch:1:sloid:2025","TU":6}},{"type":"Feature","id":40,"geometry":{"type":"Point","coordinates":[8.2886996243149831,47.166975188716606]},"properties":{"OBJECTID":40,"UUID":"{6C784CDB-5A68-E611-B7C2-F04DA23F2F2A}","HSTNAME":"Hochdorf","VMITTEL":1,"BFS_NR":1031,"GEMEINDE":"Hochdorf","EINWOHNER":4233,"ARBEITSPL":3728,"RADIUS":1000,"DIDOKNR":2024,"ANGSTUFE":3,"SLOID":"ch:1:sloid:2024","TU":6}},{"type":"Feature","id":41,"geometry":{"type":"Point","coordinates":[8.184560549260679,47.315038736596016]},"properties":{"OBJECTID":41,"UUID":"{EE794CDB-5A68-E611-B7C2-F04DA23F2F2A}","HSTNAME":"Boniswil","VMITTEL":1,"BFS_NR":4192,"GEMEINDE":"Boniswil","EINWOHNER":0,"ARBEITSPL":0,"RADIUS":1000,"DIDOKNR":2032,"ANGSTUFE":null,"SLOID":"ch:1:sloid:2032","TU":6}},{"type":"Feature","id":42,"geometry":{"type":"Point","coordinates":[8.2520010256296228,47.222672734803488]},"properties":{"OBJECTID":42,"UUID":"{CA794CDB-5A68-E611-B7C2-F04DA23F2F2A}","HSTNAME":"Hitzkirch","VMITTEL":1,"BFS_NR":1030,"GEMEINDE":"Hitzkirch","EINWOHNER":2353,"ARBEITSPL":1964,"RADIUS":1000,"DIDOKNR":2027,"ANGSTUFE":3,"SLOID":"ch:1:sloid:2027","TU":6}},{"type":"Feature","id":43,"geometry":{"type":"Point","coordinates":[8.2648249243543503,47.213559038772296]},"properties":{"OBJECTID":43,"UUID":"{B5784CDB-5A68-E611-B7C2-F04DA23F2F2A}","HSTNAME":"Gelfingen","VMITTEL":1,"BFS_NR":1030,"GEMEINDE":"Hitzkirch","EINWOHNER":1201,"ARBEITSPL":196,"RADIUS":1000,"DIDOKNR":2026,"ANGSTUFE":3,"SLOID":"ch:1:sloid:2026","TU":6}},{"type":"Feature","id":44,"geometry":{"type":"Point","coordinates":[8.2022355445373574,47.267219858873375]},"properties":{"OBJECTID":44,"UUID":"{8BE8C1D5-5A68-E611-B7C2-F04DA23F2F2A}","HSTNAME":"Beinwil am See","VMITTEL":1,"BFS_NR":4131,"GEMEINDE":"Beinwil am See","EINWOHNER":0,"ARBEITSPL":0,"RADIUS":1000,"DIDOKNR":2034,"ANGSTUFE":null,"SLOID":"ch:1:sloid:2034","TU":6}},{"type":"Feature","id":45,"geometry":{"type":"Point","coordinates":[8.1894655505869505,47.207864129758867]},"properties":{"OBJECTID":45,"UUID":"{38794CDB-5A68-E611-B7C2-F04DA23F2F2A}","HSTNAME":"Beromünster, Post","VMITTEL":2,"BFS_NR":1081,"GEMEINDE":"Beromünster","EINWOHNER":233,"ARBEITSPL":316,"RADIUS":300,"DIDOKNR":2038,"ANGSTUFE":4,"SLOID":"ch:1:sloid:2038","TU":3}},{"type":"Feature","id":46,"geometry":{"type":"Point","coordinates":[8.3177449533886847,47.180690289993372]},"properties":{"OBJECTID":46,"UUID":"{8B774CDB-5A68-E611-B7C2-F04DA23F2F2A}","HSTNAME":"Hohenrain, Post","VMITTEL":2,"BFS_NR":1032,"GEMEINDE":"Hohenrain","EINWOHNER":154,"ARBEITSPL":310,"RADIUS":300,"DIDOKNR":2087,"ANGSTUFE":1,"SLOID":"ch:1:sloid:2087","TU":4}},{"type":"Feature","id":47,"geometry":{"type":"Point","coordinates":[8.094852929107331,47.213524062396978]},"properties":{"OBJECTID":47,"UUID":"{03E9C1D5-5A68-E611-B7C2-F04DA23F2F2A}","HSTNAME":"Büron, Dorf","VMITTEL":8,"BFS_NR":1082,"GEMEINDE":"Büron","EINWOHNER":1276,"ARBEITSPL":253,"RADIUS":300,"DIDOKNR":2086,"ANGSTUFE":4,"SLOID":"ch:1:sloid:2086","TU":3}},{"type":"Feature","id":48,"geometry":{"type":"Point","coordinates":[8.1087702331678901,47.197981542269844]},"properties":{"OBJECTID":48,"UUID":"{1FE8C1D5-5A68-E611-B7C2-F04DA23F2F2A}","HSTNAME":"Geuensee, Chäppelimatt","VMITTEL":8,"BFS_NR":1085,"GEMEINDE":"Geuensee","EINWOHNER":818,"ARBEITSPL":175,"RADIUS":300,"DIDOKNR":2092,"ANGSTUFE":4,"SLOID":"ch:1:sloid:2092","TU":3}},{"type":"Feature","id":49,"geometry":{"type":"Point","coordinates":[8.051086416066493,47.238465001473017]},"properties":{"OBJECTID":49,"UUID":"{0F784CDB-5A68-E611-B7C2-F04DA23F2F2A}","HSTNAME":"Winikon, Post","VMITTEL":8,"BFS_NR":1104,"GEMEINDE":"Triengen","EINWOHNER":283,"ARBEITSPL":199,"RADIUS":300,"DIDOKNR":2095,"ANGSTUFE":3,"SLOID":"ch:1:sloid:2095","TU":3}},{"type":"Feature","id":50,"geometry":{"type":"Point","coordinates":[8.0393781602022631,47.291955739055417]},"properties":{"OBJECTID":50,"UUID":"{E5E7C1D5-5A68-E611-B7C2-F04DA23F2F2A}","HSTNAME":"Wittwil, Käserei","VMITTEL":2,"BFS_NR":4284,"GEMEINDE":"Staffelbach","EINWOHNER":0,"ARBEITSPL":0,"RADIUS":300,"DIDOKNR":2089,"ANGSTUFE":null,"SLOID":"ch:1:sloid:2089","TU":3}},{"type":"Feature","id":51,"geometry":{"type":"Point","coordinates":[7.9787713447456907,47.356390087528389]},"properties":{"OBJECTID":51,"UUID":"{02F8FEEB-2C52-E911-816A-F04DA23FCE90}","HSTNAME":"Däniken SO","VMITTEL":1,"BFS_NR":2572,"GEMEINDE":"Däniken","EINWOHNER":0,"ARBEITSPL":0,"RADIUS":1000,"DIDOKNR":2111,"ANGSTUFE":null,"SLOID":"ch:1:sloid:2111","TU":6}},{"type":"Feature","id":52,"geometry":{"type":"Point","coordinates":[8.0646131582027021,47.269145762040722]},"properties":{"OBJECTID":52,"UUID":"{307A4CDB-5A68-E611-B7C2-F04DA23F2F2A}","HSTNAME":"Moosleerau, Abzw.","VMITTEL":2,"BFS_NR":4277,"GEMEINDE":"Moosleerau","EINWOHNER":0,"ARBEITSPL":0,"RADIUS":300,"DIDOKNR":2097,"ANGSTUFE":null,"SLOID":"ch:1:sloid:2097","TU":3}},{"type":"Feature","id":53,"geometry":{"type":"Point","coordinates":[8.0419911583145716,47.285690758233009]},"properties":{"OBJECTID":53,"UUID":"{08764CDB-5A68-E611-B7C2-F04DA23F2F2A}","HSTNAME":"Staffelbach, Gemeindehaus","VMITTEL":2,"BFS_NR":4284,"GEMEINDE":"Staffelbach","EINWOHNER":0,"ARBEITSPL":0,"RADIUS":300,"DIDOKNR":2088,"ANGSTUFE":null,"SLOID":"ch:1:sloid:2088","TU":3}},{"type":"Feature","id":54,"geometry":{"type":"Point","coordinates":[7.9465013311573154,47.354276137223195]},"properties":{"OBJECTID":54,"UUID":"{519A8D2F-2D52-E911-816A-F04DA23FCE90}","HSTNAME":"Dulliken","VMITTEL":1,"BFS_NR":2573,"GEMEINDE":"Dulliken","EINWOHNER":0,"ARBEITSPL":0,"RADIUS":1000,"DIDOKNR":2110,"ANGSTUFE":null,"SLOID":"ch:1:sloid:2110","TU":6}},{"type":"Feature","id":55,"geometry":{"type":"Point","coordinates":[8.0447110084097346,47.260931839382792]},"properties":{"OBJECTID":55,"UUID":"{77794CDB-5A68-E611-B7C2-F04DA23F2F2A}","HSTNAME":"Attelwil, alte Post","VMITTEL":2,"BFS_NR":4281,"GEMEINDE":"Reitnau","EINWOHNER":0,"ARBEITSPL":0,"RADIUS":300,"DIDOKNR":2096,"ANGSTUFE":null,"SLOID":"ch:1:sloid:2096","TU":3}},{"type":"Feature","id":56,"geometry":{"type":"Point","coordinates":[8.0889591754954324,47.220627517516014]},"properties":{"OBJECTID":56,"UUID":"{E3764CDB-5A68-E611-B7C2-F04DA23F2F2A}","HSTNAME":"Büron, Triengenacker","VMITTEL":8,"BFS_NR":1082,"GEMEINDE":"Büron","EINWOHNER":26,"ARBEITSPL":34,"RADIUS":300,"DIDOKNR":2090,"ANGSTUFE":3,"SLOID":"ch:1:sloid:2090","TU":3}},{"type":"Feature","id":57,"geometry":{"type":"Point","coordinates":[8.2717140938751488,47.09379950842056]},"properties":{"OBJECTID":57,"UUID":"{9BE7C1D5-5A68-E611-B7C2-F04DA23F2F2A}","HSTNAME":"Rothenburg, Flecken","VMITTEL":2,"BFS_NR":1040,"GEMEINDE":"Rothenburg","EINWOHNER":1097,"ARBEITSPL":497,"RADIUS":300,"DIDOKNR":2098,"ANGSTUFE":5,"SLOID":"ch:1:sloid:2098","TU":1}},{"type":"Feature","id":58,"geometry":{"type":"Point","coordinates":[8.0512737187006724,47.3913595141697]},"properties":{"OBJECTID":58,"UUID":"{1F683722-2C52-E911-816A-F04DA23FCE90}","HSTNAME":"Aarau","VMITTEL":1,"BFS_NR":4001,"GEMEINDE":"Aarau","EINWOHNER":0,"ARBEITSPL":0,"RADIUS":1000,"DIDOKNR":2113,"ANGSTUFE":null,"SLOID":"ch:1:sloid:2113","TU":6}},{"type":"Feature","id":59,"geometry":{"type":"Point","coordinates":[8.0001583987445457,47.371423870608581]},"properties":{"OBJECTID":59,"UUID":"{27A2A7A0-2C52-E911-816A-F04DA23FCE90}","HSTNAME":"Schönenwerd SO","VMITTEL":1,"BFS_NR":2583,"GEMEINDE":"Schönenwerd","EINWOHNER":0,"ARBEITSPL":0,"RADIUS":1000,"DIDOKNR":2112,"ANGSTUFE":null,"SLOID":"ch:1:sloid:2112","TU":6}},{"type":"Feature","id":60,"geometry":{"type":"Point","coordinates":[8.1703928893451163,47.391199755440319]},"properties":{"OBJECTID":60,"UUID":"{4D764CDB-5A68-E611-B7C2-F04DA23F2F2A}","HSTNAME":"Lenzburg","VMITTEL":1,"BFS_NR":4201,"GEMEINDE":"Lenzburg","EINWOHNER":0,"ARBEITSPL":0,"RADIUS":1000,"DIDOKNR":2119,"ANGSTUFE":null,"SLOID":"ch:1:sloid:2119","TU":6}},{"type":"Feature","id":61,"geometry":{"type":"Point","coordinates":[8.4499085379458254,47.16915942018376]},"properties":{"OBJECTID":61,"UUID":"{E7E8C1D5-5A68-E611-B7C2-F04DA23F2F2A}","HSTNAME":"Hünenberg Chämleten","VMITTEL":1,"BFS_NR":1703,"GEMEINDE":"Hünenberg","EINWOHNER":0,"ARBEITSPL":0,"RADIUS":1000,"DIDOKNR":2306,"ANGSTUFE":null,"SLOID":"ch:1:sloid:2306","TU":6}},{"type":"Feature","id":62,"geometry":{"type":"Point","coordinates":[7.8954056078421297,47.269966632010387]},"properties":{"OBJECTID":62,"UUID":"{0DE8C1D5-5A68-E611-B7C2-F04DA23F2F2A}","HSTNAME":"Vordemwald, Chratzernstrasse","VMITTEL":2,"BFS_NR":4287,"GEMEINDE":"Vordemwald","EINWOHNER":0,"ARBEITSPL":0,"RADIUS":300,"DIDOKNR":2351,"ANGSTUFE":null,"SLOID":"ch:1:sloid:2351","TU":9}},{"type":"Feature","id":63,"geometry":{"type":"Point","coordinates":[7.9017229766818202,47.275368080376303]},"properties":{"OBJECTID":63,"UUID":"{A8E7C1D5-5A68-E611-B7C2-F04DA23F2F2A}","HSTNAME":"Vordemwald, Post","VMITTEL":2,"BFS_NR":4287,"GEMEINDE":"Vordemwald","EINWOHNER":0,"ARBEITSPL":0,"RADIUS":300,"DIDOKNR":2350,"ANGSTUFE":null,"SLOID":"ch:1:sloid:2350","TU":9}},{"type":"Feature","id":64,"geometry":{"type":"Point","coordinates":[7.9429048520380636,47.259464853462205]},"properties":{"OBJECTID":64,"UUID":"{6A764CDB-5A68-E611-B7C2-F04DA23F2F2A}","HSTNAME":"Brittnau, Ausserdorf","VMITTEL":2,"BFS_NR":4274,"GEMEINDE":"Brittnau","EINWOHNER":0,"ARBEITSPL":0,"RADIUS":300,"DIDOKNR":2353,"ANGSTUFE":null,"SLOID":"ch:1:sloid:2353","TU":9}},{"type":"Feature","id":65,"geometry":{"type":"Point","coordinates":[7.9698419299788581,47.252369087259481]},"properties":{"OBJECTID":65,"UUID":"{0D784CDB-5A68-E611-B7C2-F04DA23F2F2A}","HSTNAME":"Reiden, Unterdorf","VMITTEL":2,"BFS_NR":1140,"GEMEINDE":"Reiden","EINWOHNER":423,"ARBEITSPL":106,"RADIUS":300,"DIDOKNR":2352,"ANGSTUFE":3,"SLOID":"ch:1:sloid:2352","TU":9}},{"type":"Feature","id":66,"geometry":{"type":"Point","coordinates":[7.9509446689203793,47.265514933243274]},"properties":{"OBJECTID":66,"UUID":"{CE794CDB-5A68-E611-B7C2-F04DA23F2F2A}","HSTNAME":"Brittnau, Bifang","VMITTEL":2,"BFS_NR":4274,"GEMEINDE":"Brittnau","EINWOHNER":0,"ARBEITSPL":0,"RADIUS":300,"DIDOKNR":2355,"ANGSTUFE":null,"SLOID":"ch:1:sloid:2355","TU":9}},{"type":"Feature","id":67,"geometry":{"type":"Point","coordinates":[7.9468767906345894,47.2596508647379]},"properties":{"OBJECTID":67,"UUID":"{78E8C1D5-5A68-E611-B7C2-F04DA23F2F2A}","HSTNAME":"Brittnau, Schulhaus","VMITTEL":2,"BFS_NR":4274,"GEMEINDE":"Brittnau","EINWOHNER":0,"ARBEITSPL":0,"RADIUS":300,"DIDOKNR":2354,"ANGSTUFE":null,"SLOID":"ch:1:sloid:2354","TU":9}},{"type":"Feature","id":68,"geometry":{"type":"Point","coordinates":[7.9210979734342155,47.277588535119449]},"properties":{"OBJECTID":68,"UUID":"{E4E8C1D5-5A68-E611-B7C2-F04DA23F2F2A}","HSTNAME":"Strengelbach, Schleipfen","VMITTEL":2,"BFS_NR":4285,"GEMEINDE":"Strengelbach","EINWOHNER":0,"ARBEITSPL":0,"RADIUS":300,"DIDOKNR":2356,"ANGSTUFE":null,"SLOID":"ch:1:sloid:2356","TU":9}},{"type":"Feature","id":69,"geometry":{"type":"Point","coordinates":[7.9728625650398746,47.301365062340082]},"properties":{"OBJECTID":69,"UUID":"{E3784CDB-5A68-E611-B7C2-F04DA23F2F2A}","HSTNAME":"Mühlethal, Weiher","VMITTEL":2,"BFS_NR":4289,"GEMEINDE":"Zofingen","EINWOHNER":0,"ARBEITSPL":0,"RADIUS":300,"DIDOKNR":2371,"ANGSTUFE":null,"SLOID":"ch:1:sloid:2371","TU":9}},{"type":"Feature","id":70,"geometry":{"type":"Point","coordinates":[7.9591278178923188,47.245545916553603]},"properties":{"OBJECTID":70,"UUID":"{E6784CDB-5A68-E611-B7C2-F04DA23F2F2A}","HSTNAME":"Reiden, Mehlsecken","VMITTEL":2,"BFS_NR":1140,"GEMEINDE":"Reiden","EINWOHNER":77,"ARBEITSPL":1632,"RADIUS":300,"DIDOKNR":2395,"ANGSTUFE":2,"SLOID":"ch:1:sloid:2395","TU":9}},{"type":"Feature","id":71,"geometry":{"type":"Point","coordinates":[7.9484638914396699,47.274187836088991]},"properties":{"OBJECTID":71,"UUID":"{15E9C1D5-5A68-E611-B7C2-F04DA23F2F2A}","HSTNAME":"Brittnau, Abzw. Hard","VMITTEL":2,"BFS_NR":4274,"GEMEINDE":"Brittnau","EINWOHNER":0,"ARBEITSPL":0,"RADIUS":300,"DIDOKNR":2359,"ANGSTUFE":null,"SLOID":"ch:1:sloid:2359","TU":9}},{"type":"Feature","id":72,"geometry":{"type":"Point","coordinates":[7.9090029996288926,47.233834128792715]},"properties":{"OBJECTID":72,"UUID":"{0AE8C1D5-5A68-E611-B7C2-F04DA23F2F2A}","HSTNAME":"Pfaffnau, Brunnmatt","VMITTEL":2,"BFS_NR":1139,"GEMEINDE":"Pfaffnau","EINWOHNER":25,"ARBEITSPL":344,"RADIUS":300,"DIDOKNR":2394,"ANGSTUFE":2,"SLOID":"ch:1:sloid:2394","TU":9}},{"type":"Feature","id":73,"geometry":{"type":"Point","coordinates":[7.9576753905775313,47.2973260859848]},"properties":{"OBJECTID":73,"UUID":"{A2E8C1D5-5A68-E611-B7C2-F04DA23F2F2A}","HSTNAME":"Zofingen, JHCO","VMITTEL":2,"BFS_NR":4289,"GEMEINDE":"Zofingen","EINWOHNER":0,"ARBEITSPL":0,"RADIUS":300,"DIDOKNR":2370,"ANGSTUFE":null,"SLOID":"ch:1:sloid:2370","TU":9}},{"type":"Feature","id":74,"geometry":{"type":"Point","coordinates":[7.9470391536645062,47.27862850963475]},"properties":{"OBJECTID":74,"UUID":"{75774CDB-5A68-E611-B7C2-F04DA23F2F2A}","HSTNAME":"Zofingen, Altachen","VMITTEL":2,"BFS_NR":4289,"GEMEINDE":"Zofingen","EINWOHNER":0,"ARBEITSPL":0,"RADIUS":300,"DIDOKNR":2358,"ANGSTUFE":null,"SLOID":"ch:1:sloid:2358","TU":9}},{"type":"Feature","id":75,"geometry":{"type":"Point","coordinates":[7.9455545512505434,47.246119068631089]},"properties":{"OBJECTID":75,"UUID":"{CDE7C1D5-5A68-E611-B7C2-F04DA23F2F2A}","HSTNAME":"Brittnau, Grod","VMITTEL":2,"BFS_NR":4274,"GEMEINDE":"Brittnau","EINWOHNER":0,"ARBEITSPL":0,"RADIUS":300,"DIDOKNR":2397,"ANGSTUFE":null,"SLOID":"ch:1:sloid:2397","TU":9}},{"type":"Feature","id":76,"geometry":{"type":"Point","coordinates":[7.9706807470494452,47.262322428880928]},"properties":{"OBJECTID":76,"UUID":"{10E9C1D5-5A68-E611-B7C2-F04DA23F2F2A}","HSTNAME":"Wikon, Schlossberg","VMITTEL":2,"BFS_NR":1147,"GEMEINDE":"Wikon","EINWOHNER":231,"ARBEITSPL":26,"RADIUS":300,"DIDOKNR":2380,"ANGSTUFE":2,"SLOID":"ch:1:sloid:2380","TU":9}},{"type":"Feature","id":77,"geometry":{"type":"Point","coordinates":[7.9469490912496656,47.219119503536092]},"properties":{"OBJECTID":77,"UUID":"{ED764CDB-5A68-E611-B7C2-F04DA23F2F2A}","HSTNAME":"Richenthal, Kirche","VMITTEL":2,"BFS_NR":1140,"GEMEINDE":"Reiden","EINWOHNER":219,"ARBEITSPL":8,"RADIUS":300,"DIDOKNR":2399,"ANGSTUFE":1,"SLOID":"ch:1:sloid:2399","TU":9}},{"type":"Feature","id":78,"geometry":{"type":"Point","coordinates":[7.9589635622002879,47.280871881362586]},"properties":{"OBJECTID":78,"UUID":"{AA764CDB-5A68-E611-B7C2-F04DA23F2F2A}","HSTNAME":"Zofingen, Bergli Friedhof","VMITTEL":2,"BFS_NR":4289,"GEMEINDE":"Zofingen","EINWOHNER":0,"ARBEITSPL":0,"RADIUS":300,"DIDOKNR":2375,"ANGSTUFE":null,"SLOID":"ch:1:sloid:2375","TU":9}},{"type":"Feature","id":79,"geometry":{"type":"Point","coordinates":[7.9649061881599259,47.263617172706354]},"properties":{"OBJECTID":79,"UUID":"{09774CDB-5A68-E611-B7C2-F04DA23F2F2A}","HSTNAME":"Wikon, Kreuzung","VMITTEL":2,"BFS_NR":1147,"GEMEINDE":"Wikon","EINWOHNER":321,"ARBEITSPL":75,"RADIUS":300,"DIDOKNR":2398,"ANGSTUFE":3,"SLOID":"ch:1:sloid:2398","TU":9}},{"type":"Feature","id":80,"geometry":{"type":"Point","coordinates":[7.9618882746612138,47.268479062964474]},"properties":{"OBJECTID":80,"UUID":"{9F764CDB-5A68-E611-B7C2-F04DA23F2F2A}","HSTNAME":"Wikon, Hotel Adelboden","VMITTEL":2,"BFS_NR":1147,"GEMEINDE":"Wikon","EINWOHNER":401,"ARBEITSPL":53,"RADIUS":300,"DIDOKNR":2374,"ANGSTUFE":3,"SLOID":"ch:1:sloid:2374","TU":9}},{"type":"Feature","id":81,"geometry":{"type":"Point","coordinates":[7.9636771851292707,47.298585185142414]},"properties":{"OBJECTID":81,"UUID":"{C8784CDB-5A68-E611-B7C2-F04DA23F2F2A}","HSTNAME":"Zofingen, Bethge","VMITTEL":2,"BFS_NR":4289,"GEMEINDE":"Zofingen","EINWOHNER":0,"ARBEITSPL":0,"RADIUS":300,"DIDOKNR":2385,"ANGSTUFE":null,"SLOID":"ch:1:sloid:2385","TU":9}},{"type":"Feature","id":82,"geometry":{"type":"Point","coordinates":[7.9517822279491766,47.278436620443181]},"properties":{"OBJECTID":82,"UUID":"{86764CDB-5A68-E611-B7C2-F04DA23F2F2A}","HSTNAME":"Zofingen, Riedtalstrasse","VMITTEL":2,"BFS_NR":4289,"GEMEINDE":"Zofingen","EINWOHNER":0,"ARBEITSPL":0,"RADIUS":300,"DIDOKNR":2384,"ANGSTUFE":null,"SLOID":"ch:1:sloid:2384","TU":9}},{"type":"Feature","id":83,"geometry":{"type":"Point","coordinates":[7.9844030216888706,47.303148310236793]},"properties":{"OBJECTID":83,"UUID":"{47784CDB-5A68-E611-B7C2-F04DA23F2F2A}","HSTNAME":"Mühlethal, Linden","VMITTEL":2,"BFS_NR":4289,"GEMEINDE":"Zofingen","EINWOHNER":0,"ARBEITSPL":0,"RADIUS":300,"DIDOKNR":2367,"ANGSTUFE":null,"SLOID":"ch:1:sloid:2367","TU":9}},{"type":"Feature","id":84,"geometry":{"type":"Point","coordinates":[7.933195894002993,47.293799697414627]},"properties":{"OBJECTID":84,"UUID":"{22764CDB-5A68-E611-B7C2-F04DA23F2F2A}","HSTNAME":"Zofingen, Bleiche","VMITTEL":2,"BFS_NR":4289,"GEMEINDE":"Zofingen","EINWOHNER":0,"ARBEITSPL":0,"RADIUS":300,"DIDOKNR":2387,"ANGSTUFE":null,"SLOID":"ch:1:sloid:2387","TU":9}},{"type":"Feature","id":85,"geometry":{"type":"Point","coordinates":[7.8947550948208702,47.260982234238469]},"properties":{"OBJECTID":85,"UUID":"{CCE7C1D5-5A68-E611-B7C2-F04DA23F2F2A}","HSTNAME":"Vordemwald, Pflegeheim Sennhof","VMITTEL":2,"BFS_NR":4287,"GEMEINDE":"Vordemwald","EINWOHNER":0,"ARBEITSPL":0,"RADIUS":300,"DIDOKNR":2366,"ANGSTUFE":null,"SLOID":"ch:1:sloid:2366","TU":9}},{"type":"Feature","id":86,"geometry":{"type":"Point","coordinates":[7.9487197266261873,47.282248630261734]},"properties":{"OBJECTID":86,"UUID":"{B0E8C1D5-5A68-E611-B7C2-F04DA23F2F2A}","HSTNAME":"Zofingen, Römerbad","VMITTEL":2,"BFS_NR":4289,"GEMEINDE":"Zofingen","EINWOHNER":0,"ARBEITSPL":0,"RADIUS":300,"DIDOKNR":2386,"ANGSTUFE":null,"SLOID":"ch:1:sloid:2386","TU":9}},{"type":"Feature","id":87,"geometry":{"type":"Point","coordinates":[7.9476753712713775,47.29547273547626]},"properties":{"OBJECTID":87,"UUID":"{9BE8C1D5-5A68-E611-B7C2-F04DA23F2F2A}","HSTNAME":"Zofingen, Spital","VMITTEL":2,"BFS_NR":4289,"GEMEINDE":"Zofingen","EINWOHNER":0,"ARBEITSPL":0,"RADIUS":300,"DIDOKNR":2369,"ANGSTUFE":null,"SLOID":"ch:1:sloid:2369","TU":9}},{"type":"Feature","id":88,"geometry":{"type":"Point","coordinates":[7.9425703221674615,47.215039952402748]},"properties":{"OBJECTID":88,"UUID":"{43764CDB-5A68-E611-B7C2-F04DA23F2F2A}","HSTNAME":"Richenthal, Post","VMITTEL":2,"BFS_NR":1140,"GEMEINDE":"Reiden","EINWOHNER":182,"ARBEITSPL":45,"RADIUS":300,"DIDOKNR":2389,"ANGSTUFE":1,"SLOID":"ch:1:sloid:2389","TU":9}},{"type":"Feature","id":89,"geometry":{"type":"Point","coordinates":[7.9614669589630349,47.230801845041242]},"properties":{"OBJECTID":89,"UUID":"{6A774CDB-5A68-E611-B7C2-F04DA23F2F2A}","HSTNAME":"Langnau bei Reiden, Käserei","VMITTEL":2,"BFS_NR":1140,"GEMEINDE":"Reiden","EINWOHNER":340,"ARBEITSPL":53,"RADIUS":300,"DIDOKNR":2390,"ANGSTUFE":1,"SLOID":"ch:1:sloid:2390","TU":9}},{"type":"Feature","id":90,"geometry":{"type":"Point","coordinates":[7.9320763675998665,47.275644245792371]},"properties":{"OBJECTID":90,"UUID":"{20784CDB-5A68-E611-B7C2-F04DA23F2F2A}","HSTNAME":"Strengelbach, Burgherr","VMITTEL":2,"BFS_NR":4285,"GEMEINDE":"Strengelbach","EINWOHNER":0,"ARBEITSPL":0,"RADIUS":300,"DIDOKNR":2393,"ANGSTUFE":null,"SLOID":"ch:1:sloid:2393","TU":9}},{"type":"Feature","id":91,"geometry":{"type":"Point","coordinates":[8.0629794996078061,47.276359456060042]},"properties":{"OBJECTID":91,"UUID":"{6AE8C1D5-5A68-E611-B7C2-F04DA23F2F2A}","HSTNAME":"Kirchleerau, Abzw./Bank","VMITTEL":2,"BFS_NR":4275,"GEMEINDE":"Kirchleerau","EINWOHNER":0,"ARBEITSPL":0,"RADIUS":300,"DIDOKNR":2748,"ANGSTUFE":null,"SLOID":"ch:1:sloid:2748","TU":3}},{"type":"Feature","id":92,"geometry":{"type":"Point","coordinates":[8.0531867438595039,46.979897048207405]},"properties":{"OBJECTID":92,"UUID":"{2D794CDB-5A68-E611-B7C2-F04DA23F2F2A}","HSTNAME":"Hasle LU, Dorf","VMITTEL":2,"BFS_NR":1005,"GEMEINDE":"Hasle","EINWOHNER":120,"ARBEITSPL":62,"RADIUS":300,"DIDOKNR":2745,"ANGSTUFE":1,"SLOID":"ch:1:sloid:2745","TU":3}},{"type":"Feature","id":93,"geometry":{"type":"Point","coordinates":[8.2056354106532776,47.0983126917207]},"properties":{"OBJECTID":93,"UUID":"{05E9C1D5-5A68-E611-B7C2-F04DA23F2F2A}","HSTNAME":"Neuenkirch, Post","VMITTEL":8,"BFS_NR":1093,"GEMEINDE":"Neuenkirch","EINWOHNER":499,"ARBEITSPL":182,"RADIUS":300,"DIDOKNR":2754,"ANGSTUFE":3,"SLOID":"ch:1:sloid:2754","TU":3}},{"type":"Feature","id":94,"geometry":{"type":"Point","coordinates":[8.2292415778572128,47.148980194375774]},"properties":{"OBJECTID":94,"UUID":"{F5784CDB-5A68-E611-B7C2-F04DA23F2F2A}","HSTNAME":"Hildisrieden, Post","VMITTEL":2,"BFS_NR":1088,"GEMEINDE":"Hildisrieden","EINWOHNER":418,"ARBEITSPL":122,"RADIUS":300,"DIDOKNR":2749,"ANGSTUFE":3,"SLOID":"ch:1:sloid:2749","TU":1}},{"type":"Feature","id":95,"geometry":{"type":"Point","coordinates":[8.0214767626886463,46.953732988117153]},"properties":{"OBJECTID":95,"UUID":"{06754A9A-2BC9-E711-85C0-F04DA23FCE90}","HSTNAME":"Schüpfheim, Moosmättili","VMITTEL":2,"BFS_NR":1008,"GEMEINDE":"Schüpfheim","EINWOHNER":473,"ARBEITSPL":296,"RADIUS":300,"DIDOKNR":2536,"ANGSTUFE":1,"SLOID":"ch:1:sloid:2536","TU":3}},{"type":"Feature","id":96,"geometry":{"type":"Point","coordinates":[8.1917589681970036,47.134493533344035]},"properties":{"OBJECTID":96,"UUID":"{60794CDB-5A68-E611-B7C2-F04DA23F2F2A}","HSTNAME":"Sempach Stadt, Luzernertor","VMITTEL":8,"BFS_NR":1102,"GEMEINDE":"Sempach","EINWOHNER":422,"ARBEITSPL":456,"RADIUS":300,"DIDOKNR":2756,"ANGSTUFE":4,"SLOID":"ch:1:sloid:2756","TU":3}},{"type":"Feature","id":97,"geometry":{"type":"Point","coordinates":[8.1447328441350031,47.185974160151687]},"properties":{"OBJECTID":97,"UUID":"{65764CDB-5A68-E611-B7C2-F04DA23F2F2A}","HSTNAME":"Schenkon, Tann","VMITTEL":2,"BFS_NR":1099,"GEMEINDE":"Schenkon","EINWOHNER":36,"ARBEITSPL":13,"RADIUS":300,"DIDOKNR":2552,"ANGSTUFE":3,"SLOID":"ch:1:sloid:2552","TU":3}},{"type":"Feature","id":98,"geometry":{"type":"Point","coordinates":[8.1331919845133864,47.177148203253488]},"properties":{"OBJECTID":98,"UUID":"{39774CDB-5A68-E611-B7C2-F04DA23F2F2A}","HSTNAME":"Schenkon, Zentrum","VMITTEL":2,"BFS_NR":1099,"GEMEINDE":"Schenkon","EINWOHNER":391,"ARBEITSPL":121,"RADIUS":300,"DIDOKNR":2551,"ANGSTUFE":3,"SLOID":"ch:1:sloid:2551","TU":3}},{"type":"Feature","id":99,"geometry":{"type":"Point","coordinates":[8.1174394733918014,47.168741786378988]},"properties":{"OBJECTID":99,"UUID":"{93794CDB-5A68-E611-B7C2-F04DA23F2F2A}","HSTNAME":"Sursee, Spital","VMITTEL":8,"BFS_NR":1103,"GEMEINDE":"Sursee","EINWOHNER":378,"ARBEITSPL":765,"RADIUS":300,"DIDOKNR":2550,"ANGSTUFE":4,"SLOID":"ch:1:sloid:2550","TU":3}},{"type":"Feature","id":100,"geometry":{"type":"Point","coordinates":[7.9394806321256128,47.208278002300851]},"properties":{"OBJECTID":100,"UUID":"{CAE7C1D5-5A68-E611-B7C2-F04DA23F2F2A}","HSTNAME":"Richenthal, Kurhaus","VMITTEL":2,"BFS_NR":1140,"GEMEINDE":"Reiden","EINWOHNER":142,"ARBEITSPL":28,"RADIUS":300,"DIDOKNR":2579,"ANGSTUFE":1,"SLOID":"ch:1:sloid:2579","TU":9}},{"type":"Feature","id":101,"geometry":{"type":"Point","coordinates":[7.9515017729070925,47.221653875426796]},"properties":{"OBJECTID":101,"UUID":"{6FE8C1D5-5A68-E611-B7C2-F04DA23F2F2A}","HSTNAME":"Langnau bei Reiden, Lupfen","VMITTEL":2,"BFS_NR":1140,"GEMEINDE":"Reiden","EINWOHNER":55,"ARBEITSPL":37,"RADIUS":300,"DIDOKNR":2578,"ANGSTUFE":1,"SLOID":"ch:1:sloid:2578","TU":9}},{"type":"Feature","id":102,"geometry":{"type":"Point","coordinates":[7.9444108828967313,47.29140350703512]},"properties":{"OBJECTID":102,"UUID":"{F4774CDB-5A68-E611-B7C2-F04DA23F2F2A}","HSTNAME":"Zofingen, Bifangstrasse","VMITTEL":2,"BFS_NR":4289,"GEMEINDE":"Zofingen","EINWOHNER":0,"ARBEITSPL":0,"RADIUS":300,"DIDOKNR":2581,"ANGSTUFE":null,"SLOID":"ch:1:sloid:2581","TU":9}},{"type":"Feature","id":103,"geometry":{"type":"Point","coordinates":[7.979237769106323,47.301647788721247]},"properties":{"OBJECTID":103,"UUID":"{84784CDB-5A68-E611-B7C2-F04DA23F2F2A}","HSTNAME":"Mühlethal, Milchhüsli","VMITTEL":2,"BFS_NR":4289,"GEMEINDE":"Zofingen","EINWOHNER":0,"ARBEITSPL":0,"RADIUS":300,"DIDOKNR":2582,"ANGSTUFE":null,"SLOID":"ch:1:sloid:2582","TU":9}},{"type":"Feature","id":104,"geometry":{"type":"Point","coordinates":[8.1680545717328812,47.150684733245932]},"properties":{"OBJECTID":104,"UUID":"{CD794CDB-5A68-E611-B7C2-F04DA23F2F2A}","HSTNAME":"Eich, Dorf","VMITTEL":8,"BFS_NR":1084,"GEMEINDE":"Eich","EINWOHNER":468,"ARBEITSPL":181,"RADIUS":300,"DIDOKNR":2959,"ANGSTUFE":3,"SLOID":"ch:1:sloid:2959","TU":3}},{"type":"Feature","id":105,"geometry":{"type":"Point","coordinates":[8.1172568692327474,47.17202607304273]},"properties":{"OBJECTID":105,"UUID":"{FD784CDB-5A68-E611-B7C2-F04DA23F2F2A}","HSTNAME":"Sursee, Sonnhalde","VMITTEL":2,"BFS_NR":1103,"GEMEINDE":"Sursee","EINWOHNER":619,"ARBEITSPL":284,"RADIUS":300,"DIDOKNR":2994,"ANGSTUFE":3,"SLOID":"ch:1:sloid:2994","TU":3}},{"type":"Feature","id":106,"geometry":{"type":"Point","coordinates":[8.4297736720121232,47.178709701030073]},"properties":{"OBJECTID":106,"UUID":"{9798F864-6A49-ED11-AEC8-00505692A170}","HSTNAME":"Hünenberg, Moos","VMITTEL":2,"BFS_NR":1703,"GEMEINDE":"Hünenberg","EINWOHNER":0,"ARBEITSPL":0,"RADIUS":300,"DIDOKNR":2794,"ANGSTUFE":null,"SLOID":"ch:1:sloid:2794","TU":4}},{"type":"Feature","id":107,"geometry":{"type":"Point","coordinates":[8.4730157397937571,47.183906410410572]},"properties":{"OBJECTID":107,"UUID":"{73764CDB-5A68-E611-B7C2-F04DA23F2F2A}","HSTNAME":"Cham, Alpenblick","VMITTEL":2,"BFS_NR":1702,"GEMEINDE":"Cham","EINWOHNER":0,"ARBEITSPL":0,"RADIUS":1000,"DIDOKNR":2850,"ANGSTUFE":null,"SLOID":"ch:1:sloid:2850","TU":4}},{"type":"Feature","id":108,"geometry":{"type":"Point","coordinates":[8.4494105605837042,47.174113138953516]},"properties":{"OBJECTID":108,"UUID":"{5683C45C-6B49-ED11-AEC8-00505692A170}","HSTNAME":"Hünenberg, Zythus","VMITTEL":2,"BFS_NR":1703,"GEMEINDE":"Hünenberg","EINWOHNER":0,"ARBEITSPL":0,"RADIUS":300,"DIDOKNR":2862,"ANGSTUFE":null,"SLOID":"ch:1:sloid:2862","TU":4}},{"type":"Feature","id":109,"geometry":{"type":"Point","coordinates":[8.0456573560569087,47.251185459308907]},"properties":{"OBJECTID":109,"UUID":"{27764CDB-5A68-E611-B7C2-F04DA23F2F2A}","HSTNAME":"Reitnau, Unterdorf","VMITTEL":2,"BFS_NR":4281,"GEMEINDE":"Reitnau","EINWOHNER":0,"ARBEITSPL":0,"RADIUS":300,"DIDOKNR":2887,"ANGSTUFE":null,"SLOID":"ch:1:sloid:2887","TU":3}},{"type":"Feature","id":110,"geometry":{"type":"Point","coordinates":[8.0647282657885082,47.272203374196962]},"properties":{"OBJECTID":110,"UUID":"{A8774CDB-5A68-E611-B7C2-F04DA23F2F2A}","HSTNAME":"Kirchleerau-Moosleerau, Post","VMITTEL":2,"BFS_NR":4275,"GEMEINDE":"Kirchleerau","EINWOHNER":0,"ARBEITSPL":0,"RADIUS":300,"DIDOKNR":2886,"ANGSTUFE":null,"SLOID":"ch:1:sloid:2886","TU":3}},{"type":"Feature","id":111,"geometry":{"type":"Point","coordinates":[7.9286420318097237,47.278735060046969]},"properties":{"OBJECTID":111,"UUID":"{F1774CDB-5A68-E611-B7C2-F04DA23F2F2A}","HSTNAME":"Strengelbach, Kreuzplatz","VMITTEL":2,"BFS_NR":4285,"GEMEINDE":"Strengelbach","EINWOHNER":0,"ARBEITSPL":0,"RADIUS":300,"DIDOKNR":2891,"ANGSTUFE":null,"SLOID":"ch:1:sloid:2891","TU":9}},{"type":"Feature","id":112,"geometry":{"type":"Point","coordinates":[7.9690867797114038,47.241497850856327]},"properties":{"OBJECTID":112,"UUID":"{8C794CDB-5A68-E611-B7C2-F04DA23F2F2A}","HSTNAME":"Reiden, Bahnhof","VMITTEL":2,"BFS_NR":1140,"GEMEINDE":"Reiden","EINWOHNER":470,"ARBEITSPL":465,"RADIUS":300,"DIDOKNR":2898,"ANGSTUFE":3,"SLOID":"ch:1:sloid:2898","TU":9}},{"type":"Feature","id":113,"geometry":{"type":"Point","coordinates":[8.6746732981162218,47.105794651850793]},"properties":{"OBJECTID":113,"UUID":"{8FE8C1D5-5A68-E611-B7C2-F04DA23F2F2A}","HSTNAME":"Rothenthurm","VMITTEL":1,"BFS_NR":1370,"GEMEINDE":"Rothenthurm","EINWOHNER":0,"ARBEITSPL":0,"RADIUS":1000,"DIDOKNR":3282,"ANGSTUFE":null,"SLOID":"ch:1:sloid:3282","TU":13}},{"type":"Feature","id":114,"geometry":{"type":"Point","coordinates":[8.3101832069428099,47.05017782808563]},"properties":{"OBJECTID":114,"UUID":"{C6754CDB-5A68-E611-B7C2-F04DA23F2F2A}","HSTNAME":"Luzern","VMITTEL":1,"BFS_NR":1061,"GEMEINDE":"Luzern","EINWOHNER":19375,"ARBEITSPL":49326,"RADIUS":1000,"DIDOKNR":5000,"ANGSTUFE":5,"SLOID":"ch:1:sloid:5000","TU":6}},{"type":"Feature","id":115,"geometry":{"type":"Point","coordinates":[8.4626720362450847,47.091618659103801]},"properties":{"OBJECTID":115,"UUID":"{FF774CDB-5A68-E611-B7C2-F04DA23F2F2A}","HSTNAME":"Immensee","VMITTEL":1,"BFS_NR":1331,"GEMEINDE":"Küssnacht (SZ)","EINWOHNER":0,"ARBEITSPL":0,"RADIUS":1000,"DIDOKNR":5003,"ANGSTUFE":null,"SLOID":"ch:1:sloid:5003","TU":6}},{"type":"Feature","id":116,"geometry":{"type":"Point","coordinates":[8.4335174573193026,47.083594155220872]},"properties":{"OBJECTID":116,"UUID":"{B1754CDB-5A68-E611-B7C2-F04DA23F2F2A}","HSTNAME":"Küssnacht am Rigi","VMITTEL":1,"BFS_NR":1331,"GEMEINDE":"Küssnacht (SZ)","EINWOHNER":0,"ARBEITSPL":0,"RADIUS":1000,"DIDOKNR":5002,"ANGSTUFE":null,"SLOID":"ch:1:sloid:5002","TU":6}},{"type":"Feature","id":117,"geometry":{"type":"Point","coordinates":[8.6074493142584814,47.047668639262056]},"properties":{"OBJECTID":117,"UUID":"{CC774CDB-5A68-E611-B7C2-F04DA23F2F2A}","HSTNAME":"Steinen","VMITTEL":1,"BFS_NR":1373,"GEMEINDE":"Steinen","EINWOHNER":0,"ARBEITSPL":0,"RADIUS":1000,"DIDOKNR":5005,"ANGSTUFE":null,"SLOID":"ch:1:sloid:5005","TU":6}},{"type":"Feature","id":118,"geometry":{"type":"Point","coordinates":[8.5494463006699615,47.049044883414552]},"properties":{"OBJECTID":118,"UUID":"{91784CDB-5A68-E611-B7C2-F04DA23F2F2A}","HSTNAME":"Arth-Goldau","VMITTEL":1,"BFS_NR":1362,"GEMEINDE":"Arth","EINWOHNER":0,"ARBEITSPL":0,"RADIUS":1000,"DIDOKNR":5004,"ANGSTUFE":null,"SLOID":"ch:1:sloid:5004","TU":6}},{"type":"Feature","id":119,"geometry":{"type":"Point","coordinates":[8.3743930568409084,47.045194446650378]},"properties":{"OBJECTID":119,"UUID":"{34E8C1D5-5A68-E611-B7C2-F04DA23F2F2A}","HSTNAME":"Meggen Zentrum","VMITTEL":1,"BFS_NR":1063,"GEMEINDE":"Meggen","EINWOHNER":3561,"ARBEITSPL":1391,"RADIUS":1000,"DIDOKNR":5018,"ANGSTUFE":3,"SLOID":"ch:1:sloid:5018","TU":6}},{"type":"Feature","id":120,"geometry":{"type":"Point","coordinates":[8.6100676610124616,46.999174913141147]},"properties":{"OBJECTID":120,"UUID":"{E6794CDB-5A68-E611-B7C2-F04DA23F2F2A}","HSTNAME":"Brunnen","VMITTEL":1,"BFS_NR":1364,"GEMEINDE":"Ingenbohl","EINWOHNER":0,"ARBEITSPL":0,"RADIUS":1000,"DIDOKNR":5007,"ANGSTUFE":null,"SLOID":"ch:1:sloid:5007","TU":6}},{"type":"Feature","id":121,"geometry":{"type":"Point","coordinates":[8.6321517083889674,47.02639719104311]},"properties":{"OBJECTID":121,"UUID":"{88774CDB-5A68-E611-B7C2-F04DA23F2F2A}","HSTNAME":"Schwyz","VMITTEL":1,"BFS_NR":1372,"GEMEINDE":"Schwyz","EINWOHNER":0,"ARBEITSPL":0,"RADIUS":1000,"DIDOKNR":5006,"ANGSTUFE":null,"SLOID":"ch:1:sloid:5006","TU":6}},{"type":"Feature","id":122,"geometry":{"type":"Point","coordinates":[8.3830614438771338,47.050147795802737]},"properties":{"OBJECTID":122,"UUID":"{57E8C1D5-5A68-E611-B7C2-F04DA23F2F2A}","HSTNAME":"Meggen","VMITTEL":1,"BFS_NR":1063,"GEMEINDE":"Meggen","EINWOHNER":2142,"ARBEITSPL":978,"RADIUS":1000,"DIDOKNR":5001,"ANGSTUFE":2,"SLOID":"ch:1:sloid:5001","TU":6}},{"type":"Feature","id":123,"geometry":{"type":"Point","coordinates":[8.4090581469385963,47.067659984384669]},"properties":{"OBJECTID":123,"UUID":"{F6764CDB-5A68-E611-B7C2-F04DA23F2F2A}","HSTNAME":"Merlischachen","VMITTEL":1,"BFS_NR":1331,"GEMEINDE":"Küssnacht (SZ)","EINWOHNER":0,"ARBEITSPL":0,"RADIUS":1000,"DIDOKNR":5011,"ANGSTUFE":null,"SLOID":"ch:1:sloid:5011","TU":6}},{"type":"Feature","id":124,"geometry":{"type":"Point","coordinates":[8.4852356658173278,47.055175935788682]},"properties":{"OBJECTID":124,"UUID":"{31E8C1D5-5A68-E611-B7C2-F04DA23F2F2A}","HSTNAME":"Rigi Kulm","VMITTEL":6,"BFS_NR":1362,"GEMEINDE":"Arth","EINWOHNER":0,"ARBEITSPL":0,"RADIUS":1000,"DIDOKNR":5069,"ANGSTUFE":null,"SLOID":"ch:1:sloid:5069","TU":15}},{"type":"Feature","id":125,"geometry":{"type":"Point","coordinates":[8.4742422333811032,47.053683362370776]},"properties":{"OBJECTID":125,"UUID":"{C6764CDB-5A68-E611-B7C2-F04DA23F2F2A}","HSTNAME":"Rigi Staffel","VMITTEL":6,"BFS_NR":1362,"GEMEINDE":"Arth","EINWOHNER":0,"ARBEITSPL":0,"RADIUS":1000,"DIDOKNR":5068,"ANGSTUFE":null,"SLOID":"ch:1:sloid:5068","TU":15}},{"type":"Feature","id":126,"geometry":{"type":"Point","coordinates":[8.4831314839462557,47.026210575992742]},"properties":{"OBJECTID":126,"UUID":"{2A774CDB-5A68-E611-B7C2-F04DA23F2F2A}","HSTNAME":"Grubisbalm","VMITTEL":6,"BFS_NR":1068,"GEMEINDE":"Vitznau","EINWOHNER":25,"ARBEITSPL":13,"RADIUS":1000,"DIDOKNR":5071,"ANGSTUFE":1,"SLOID":"ch:1:sloid:5071","TU":15}},{"type":"Feature","id":127,"geometry":{"type":"Point","coordinates":[8.5692720487887346,46.997352854740747]},"properties":{"OBJECTID":127,"UUID":"{9DE7C1D5-5A68-E611-B7C2-F04DA23F2F2A}","HSTNAME":"Brunnen, Seeschlössli","VMITTEL":2,"BFS_NR":1364,"GEMEINDE":"Ingenbohl","EINWOHNER":0,"ARBEITSPL":0,"RADIUS":300,"DIDOKNR":5082,"ANGSTUFE":null,"SLOID":"ch:1:sloid:5082","TU":7}},{"type":"Feature","id":128,"geometry":{"type":"Point","coordinates":[8.4826753224813576,47.009527412481894]},"properties":{"OBJECTID":128,"UUID":"{83794CDB-5A68-E611-B7C2-F04DA23F2F2A}","HSTNAME":"Vitznau RB","VMITTEL":6,"BFS_NR":1068,"GEMEINDE":"Vitznau","EINWOHNER":1086,"ARBEITSPL":457,"RADIUS":1000,"DIDOKNR":5070,"ANGSTUFE":1,"SLOID":"ch:1:sloid:5070","TU":15}},{"type":"Feature","id":129,"geometry":{"type":"Point","coordinates":[8.4759226028216528,47.036441241846106]},"properties":{"OBJECTID":129,"UUID":"{E3754CDB-5A68-E611-B7C2-F04DA23F2F2A}","HSTNAME":"Romiti Felsentor","VMITTEL":6,"BFS_NR":1069,"GEMEINDE":"Weggis","EINWOHNER":14,"ARBEITSPL":15,"RADIUS":1000,"DIDOKNR":5073,"ANGSTUFE":1,"SLOID":"ch:1:sloid:5073","TU":15}},{"type":"Feature","id":130,"geometry":{"type":"Point","coordinates":[8.6454222358057269,47.013494531181593]},"properties":{"OBJECTID":130,"UUID":"{9EE8C1D5-5A68-E611-B7C2-F04DA23F2F2A}","HSTNAME":"Ibach, Kirche","VMITTEL":2,"BFS_NR":1372,"GEMEINDE":"Schwyz","EINWOHNER":0,"ARBEITSPL":0,"RADIUS":300,"DIDOKNR":5084,"ANGSTUFE":null,"SLOID":"ch:1:sloid:5084","TU":7}},{"type":"Feature","id":131,"geometry":{"type":"Point","coordinates":[8.4797328107772199,47.030046697152684]},"properties":{"OBJECTID":131,"UUID":"{C1E8C1D5-5A68-E611-B7C2-F04DA23F2F2A}","HSTNAME":"Freibergen","VMITTEL":6,"BFS_NR":1068,"GEMEINDE":"Vitznau","EINWOHNER":11,"ARBEITSPL":3,"RADIUS":1000,"DIDOKNR":5072,"ANGSTUFE":1,"SLOID":"ch:1:sloid:5072","TU":15}},{"type":"Feature","id":132,"geometry":{"type":"Point","coordinates":[8.4645004470962597,47.048094484198593]},"properties":{"OBJECTID":132,"UUID":"{EF784CDB-5A68-E611-B7C2-F04DA23F2F2A}","HSTNAME":"Rigi Staffelhöhe","VMITTEL":6,"BFS_NR":1069,"GEMEINDE":"Weggis","EINWOHNER":22,"ARBEITSPL":18,"RADIUS":1000,"DIDOKNR":5075,"ANGSTUFE":1,"SLOID":"ch:1:sloid:5075","TU":15}},{"type":"Feature","id":133,"geometry":{"type":"Point","coordinates":[8.466698993377598,47.044008724631801]},"properties":{"OBJECTID":133,"UUID":"{9B794CDB-5A68-E611-B7C2-F04DA23F2F2A}","HSTNAME":"Rigi Kaltbad-First","VMITTEL":6,"BFS_NR":1069,"GEMEINDE":"Weggis","EINWOHNER":67,"ARBEITSPL":31,"RADIUS":1000,"DIDOKNR":5074,"ANGSTUFE":1,"SLOID":"ch:1:sloid:5074","TU":15}},{"type":"Feature","id":134,"geometry":{"type":"Point","coordinates":[8.4824687002208297,47.01919084927534]},"properties":{"OBJECTID":134,"UUID":"{FEE7C1D5-5A68-E611-B7C2-F04DA23F2F2A}","HSTNAME":"Mittlerschwanden","VMITTEL":6,"BFS_NR":1068,"GEMEINDE":"Vitznau","EINWOHNER":342,"ARBEITSPL":252,"RADIUS":1000,"DIDOKNR":5079,"ANGSTUFE":1,"SLOID":"ch:1:sloid:5079","TU":15}},{"type":"Feature","id":135,"geometry":{"type":"Point","coordinates":[8.6513215742787644,47.021200806144854]},"properties":{"OBJECTID":135,"UUID":"{01764CDB-5A68-E611-B7C2-F04DA23F2F2A}","HSTNAME":"Schwyz, Zentrum","VMITTEL":2,"BFS_NR":1372,"GEMEINDE":"Schwyz","EINWOHNER":0,"ARBEITSPL":0,"RADIUS":300,"DIDOKNR":5095,"ANGSTUFE":null,"SLOID":"ch:1:sloid:5095","TU":7}},{"type":"Feature","id":136,"geometry":{"type":"Point","coordinates":[8.6207487276746146,46.949254014570222]},"properties":{"OBJECTID":136,"UUID":"{6B784CDB-5A68-E611-B7C2-F04DA23F2F2A}","HSTNAME":"Sisikon","VMITTEL":1,"BFS_NR":1217,"GEMEINDE":"Sisikon","EINWOHNER":0,"ARBEITSPL":0,"RADIUS":1000,"DIDOKNR":5111,"ANGSTUFE":null,"SLOID":"ch:1:sloid:5111","TU":6}},{"type":"Feature","id":137,"geometry":{"type":"Point","coordinates":[8.6158496962654478,47.001782346876354]},"properties":{"OBJECTID":137,"UUID":"{B6E7C1D5-5A68-E611-B7C2-F04DA23F2F2A}","HSTNAME":"Ingenbohl, Klosterstrasse","VMITTEL":2,"BFS_NR":1364,"GEMEINDE":"Ingenbohl","EINWOHNER":0,"ARBEITSPL":0,"RADIUS":300,"DIDOKNR":5097,"ANGSTUFE":null,"SLOID":"ch:1:sloid:5097","TU":7}},{"type":"Feature","id":138,"geometry":{"type":"Point","coordinates":[8.6420625364560149,47.010793360903428]},"properties":{"OBJECTID":138,"UUID":"{FF764CDB-5A68-E611-B7C2-F04DA23F2F2A}","HSTNAME":"Ibach, Erlen","VMITTEL":2,"BFS_NR":1372,"GEMEINDE":"Schwyz","EINWOHNER":0,"ARBEITSPL":0,"RADIUS":300,"DIDOKNR":5096,"ANGSTUFE":null,"SLOID":"ch:1:sloid:5096","TU":7}},{"type":"Feature","id":139,"geometry":{"type":"Point","coordinates":[8.6057436495694368,46.994467054574798]},"properties":{"OBJECTID":139,"UUID":"{6F784CDB-5A68-E611-B7C2-F04DA23F2F2A}","HSTNAME":"Brunnen, See/Schiffstation","VMITTEL":2,"BFS_NR":1364,"GEMEINDE":"Ingenbohl","EINWOHNER":0,"ARBEITSPL":0,"RADIUS":300,"DIDOKNR":5099,"ANGSTUFE":null,"SLOID":"ch:1:sloid:5099","TU":7}},{"type":"Feature","id":140,"geometry":{"type":"Point","coordinates":[8.6315754174428001,46.875738713277293]},"properties":{"OBJECTID":140,"UUID":"{F5E8C1D5-5A68-E611-B7C2-F04DA23F2F2A}","HSTNAME":"Altdorf UR","VMITTEL":1,"BFS_NR":1201,"GEMEINDE":"Altdorf (UR)","EINWOHNER":0,"ARBEITSPL":0,"RADIUS":1000,"DIDOKNR":5113,"ANGSTUFE":null,"SLOID":"ch:1:sloid:5113","TU":6}},{"type":"Feature","id":141,"geometry":{"type":"Point","coordinates":[8.6101274281222775,46.999607469156544]},"properties":{"OBJECTID":141,"UUID":"{FD754CDB-5A68-E611-B7C2-F04DA23F2F2A}","HSTNAME":"Brunnen, Bahnhof","VMITTEL":2,"BFS_NR":1364,"GEMEINDE":"Ingenbohl","EINWOHNER":0,"ARBEITSPL":0,"RADIUS":300,"DIDOKNR":5098,"ANGSTUFE":null,"SLOID":"ch:1:sloid:5098","TU":7}},{"type":"Feature","id":142,"geometry":{"type":"Point","coordinates":[8.624302653092041,46.901730165457799]},"properties":{"OBJECTID":142,"UUID":"{2EE8C1D5-5A68-E611-B7C2-F04DA23F2F2A}","HSTNAME":"Flüelen","VMITTEL":1,"BFS_NR":1207,"GEMEINDE":"Flüelen","EINWOHNER":0,"ARBEITSPL":0,"RADIUS":1000,"DIDOKNR":5112,"ANGSTUFE":null,"SLOID":"ch:1:sloid:5112","TU":6}},{"type":"Feature","id":143,"geometry":{"type":"Point","coordinates":[8.6504546402263056,46.820339408860484]},"properties":{"OBJECTID":143,"UUID":"{F0E8C1D5-5A68-E611-B7C2-F04DA23F2F2A}","HSTNAME":"Erstfeld","VMITTEL":1,"BFS_NR":1206,"GEMEINDE":"Erstfeld","EINWOHNER":0,"ARBEITSPL":0,"RADIUS":1000,"DIDOKNR":5114,"ANGSTUFE":null,"SLOID":"ch:1:sloid:5114","TU":6}},{"type":"Feature","id":144,"geometry":{"type":"Point","coordinates":[8.2685699906130807,47.080031217124336]},"properties":{"OBJECTID":144,"UUID":"{88794CDB-5A68-E611-B7C2-F04DA23F2F2A}","HSTNAME":"Emmenbrücke, Riffigrain","VMITTEL":2,"BFS_NR":1024,"GEMEINDE":"Emmen","EINWOHNER":746,"ARBEITSPL":68,"RADIUS":300,"DIDOKNR":5447,"ANGSTUFE":2,"SLOID":"ch:1:sloid:5447","TU":1}},{"type":"Feature","id":145,"geometry":{"type":"Point","coordinates":[8.3786269659541421,47.105240584191186]},"properties":{"OBJECTID":145,"UUID":"{88488817-6F54-E911-816A-F04DA23FCE90}","HSTNAME":"Root, Wiesstrasse","VMITTEL":2,"BFS_NR":1065,"GEMEINDE":"Root","EINWOHNER":512,"ARBEITSPL":289,"RADIUS":300,"DIDOKNR":5431,"ANGSTUFE":4,"SLOID":"ch:1:sloid:5431","TU":11}},{"type":"Feature","id":146,"geometry":{"type":"Point","coordinates":[8.3767239783020777,47.115114646536263]},"properties":{"OBJECTID":146,"UUID":"{FBE0BE7E-9C50-E911-816A-F04DA23FCE90}","HSTNAME":"Perlen, Holzplatz","VMITTEL":2,"BFS_NR":1065,"GEMEINDE":"Root","EINWOHNER":3,"ARBEITSPL":60,"RADIUS":300,"DIDOKNR":5430,"ANGSTUFE":3,"SLOID":"ch:1:sloid:5430","TU":11}},{"type":"Feature","id":147,"geometry":{"type":"Point","coordinates":[8.4876062062459869,46.993933991401924]},"properties":{"OBJECTID":147,"UUID":"{FB754CDB-5A68-E611-B7C2-F04DA23F2F2A}","HSTNAME":"Gersau, Rotschuo","VMITTEL":2,"BFS_NR":1311,"GEMEINDE":"Gersau","EINWOHNER":0,"ARBEITSPL":0,"RADIUS":300,"DIDOKNR":5666,"ANGSTUFE":null,"SLOID":"ch:1:sloid:5666","TU":7}},{"type":"Feature","id":148,"geometry":{"type":"Point","coordinates":[8.431111158165816,47.056327477113832]},"properties":{"OBJECTID":148,"UUID":"{2BE9C1D5-5A68-E611-B7C2-F04DA23F2F2A}","HSTNAME":"Greppen, Oberhaus","VMITTEL":2,"BFS_NR":1056,"GEMEINDE":"Greppen","EINWOHNER":678,"ARBEITSPL":84,"RADIUS":300,"DIDOKNR":5669,"ANGSTUFE":3,"SLOID":"ch:1:sloid:5669","TU":7}},{"type":"Feature","id":149,"geometry":{"type":"Point","coordinates":[8.5261798646234421,46.990809032518534]},"properties":{"OBJECTID":149,"UUID":"{B9784CDB-5A68-E611-B7C2-F04DA23F2F2A}","HSTNAME":"Gersau, Schiffstation","VMITTEL":2,"BFS_NR":1311,"GEMEINDE":"Gersau","EINWOHNER":0,"ARBEITSPL":0,"RADIUS":300,"DIDOKNR":5671,"ANGSTUFE":null,"SLOID":"ch:1:sloid:5671","TU":7}},{"type":"Feature","id":150,"geometry":{"type":"Point","coordinates":[8.4333462137704878,47.031654539962176]},"properties":{"OBJECTID":150,"UUID":"{A3794CDB-5A68-E611-B7C2-F04DA23F2F2A}","HSTNAME":"Weggis, Schiffstation","VMITTEL":2,"BFS_NR":1069,"GEMEINDE":"Weggis","EINWOHNER":20,"ARBEITSPL":36,"RADIUS":300,"DIDOKNR":5670,"ANGSTUFE":1,"SLOID":"ch:1:sloid:5670","TU":7}},{"type":"Feature","id":151,"geometry":{"type":"Point","coordinates":[8.4515381074790579,47.091371005068765]},"properties":{"OBJECTID":151,"UUID":"{1B784CDB-5A68-E611-B7C2-F04DA23F2F2A}","HSTNAME":"Immensee, Hohle Gasse","VMITTEL":2,"BFS_NR":1331,"GEMEINDE":"Küssnacht (SZ)","EINWOHNER":0,"ARBEITSPL":0,"RADIUS":300,"DIDOKNR":5672,"ANGSTUFE":null,"SLOID":"ch:1:sloid:5672","TU":4}},{"type":"Feature","id":152,"geometry":{"type":"Point","coordinates":[8.2194057009056003,47.023566941030197]},"properties":{"OBJECTID":152,"UUID":"{94794CDB-5A68-E611-B7C2-F04DA23F2F2A}","HSTNAME":"Holderkäppeli","VMITTEL":2,"BFS_NR":1059,"GEMEINDE":"Kriens","EINWOHNER":0,"ARBEITSPL":0,"RADIUS":300,"DIDOKNR":5663,"ANGSTUFE":2,"SLOID":"ch:1:sloid:5663","TU":3}},{"type":"Feature","id":153,"geometry":{"type":"Point","coordinates":[8.4395643048047706,47.076134346242256]},"properties":{"OBJECTID":153,"UUID":"{4AE8C1D5-5A68-E611-B7C2-F04DA23F2F2A}","HSTNAME":"Küssnacht am Rigi, Seilbahn","VMITTEL":2,"BFS_NR":1331,"GEMEINDE":"Küssnacht (SZ)","EINWOHNER":0,"ARBEITSPL":0,"RADIUS":300,"DIDOKNR":5665,"ANGSTUFE":null,"SLOID":"ch:1:sloid:5665","TU":7}},{"type":"Feature","id":154,"geometry":{"type":"Point","coordinates":[8.644006193911288,46.881773330707844]},"properties":{"OBJECTID":154,"UUID":"{F2794CDB-5A68-E611-B7C2-F04DA23F2F2A}","HSTNAME":"Altdorf UR, Telldenkmal","VMITTEL":2,"BFS_NR":1201,"GEMEINDE":"Altdorf (UR)","EINWOHNER":0,"ARBEITSPL":0,"RADIUS":300,"DIDOKNR":5892,"ANGSTUFE":null,"SLOID":"ch:1:sloid:5892","TU":8}},{"type":"Feature","id":155,"geometry":{"type":"Point","coordinates":[8.3991910003639916,47.088249278495915]},"properties":{"OBJECTID":155,"UUID":"{2DE9C1D5-5A68-E611-B7C2-F04DA23F2F2A}","HSTNAME":"Udligenswil, Frohsinn","VMITTEL":2,"BFS_NR":1067,"GEMEINDE":"Udligenswil","EINWOHNER":572,"ARBEITSPL":118,"RADIUS":300,"DIDOKNR":5895,"ANGSTUFE":4,"SLOID":"ch:1:sloid:5895","TU":3}},{"type":"Feature","id":156,"geometry":{"type":"Point","coordinates":[8.2780200013406411,47.059576187549681]},"properties":{"OBJECTID":156,"UUID":"{FF0EF048-A350-E911-816A-F04DA23FCE90}","HSTNAME":"Luzern, Waldstrasse","VMITTEL":2,"BFS_NR":1061,"GEMEINDE":"Luzern","EINWOHNER":1233,"ARBEITSPL":33,"RADIUS":300,"DIDOKNR":5927,"ANGSTUFE":3,"SLOID":"ch:1:sloid:5927","TU":1}},{"type":"Feature","id":157,"geometry":{"type":"Point","coordinates":[8.2800242027175113,47.06142591792608]},"properties":{"OBJECTID":157,"UUID":"{5F216D21-6B51-E911-816A-F04DA23FCE90}","HSTNAME":"Luzern, Eichenstrasse","VMITTEL":2,"BFS_NR":1061,"GEMEINDE":"Luzern","EINWOHNER":484,"ARBEITSPL":47,"RADIUS":300,"DIDOKNR":5928,"ANGSTUFE":3,"SLOID":"ch:1:sloid:5928","TU":1}},{"type":"Feature","id":158,"geometry":{"type":"Point","coordinates":[8.3209747721475953,46.942085787968601]},"properties":{"OBJECTID":158,"UUID":"{C1774CDB-5A68-E611-B7C2-F04DA23F2F2A}","HSTNAME":"Ennetmoos, Rohren","VMITTEL":2,"BFS_NR":1506,"GEMEINDE":"Ennetmoos","EINWOHNER":0,"ARBEITSPL":0,"RADIUS":300,"DIDOKNR":6666,"ANGSTUFE":null,"SLOID":"ch:1:sloid:6666","TU":3}},{"type":"Feature","id":159,"geometry":{"type":"Point","coordinates":[7.945967211793123,47.282662848187805]},"properties":{"OBJECTID":159,"UUID":"{96764CDB-5A68-E611-B7C2-F04DA23F2F2A}","HSTNAME":"Zofingen, Frikartstrasse","VMITTEL":2,"BFS_NR":4289,"GEMEINDE":"Zofingen","EINWOHNER":0,"ARBEITSPL":0,"RADIUS":300,"DIDOKNR":7305,"ANGSTUFE":null,"SLOID":"ch:1:sloid:7305","TU":9}},{"type":"Feature","id":160,"geometry":{"type":"Point","coordinates":[8.3442425652127739,46.980648989384875]},"properties":{"OBJECTID":160,"UUID":"{EDA67065-9BC2-E911-A2B8-F04DA23FCE90}","HSTNAME":"Stansstad, Kilchlidossen","VMITTEL":2,"BFS_NR":1510,"GEMEINDE":"Stansstad","EINWOHNER":0,"ARBEITSPL":0,"RADIUS":300,"DIDOKNR":7322,"ANGSTUFE":null,"SLOID":"ch:1:sloid:7322","TU":3}},{"type":"Feature","id":161,"geometry":{"type":"Point","coordinates":[8.1326054300250039,47.041332646595286]},"properties":{"OBJECTID":161,"UUID":"{AE4F0D50-70CB-E711-85C0-F04DA23FCE90}","HSTNAME":"Schachen LU, Industrie","VMITTEL":2,"BFS_NR":1009,"GEMEINDE":"Werthenstein","EINWOHNER":12,"ARBEITSPL":417,"RADIUS":300,"DIDOKNR":7341,"ANGSTUFE":1,"SLOID":"ch:1:sloid:7341","TU":2}},{"type":"Feature","id":162,"geometry":{"type":"Point","coordinates":[8.1511685416512112,47.036082604274462]},"properties":{"OBJECTID":162,"UUID":"{1AD41688-71CB-E711-85C0-F04DA23FCE90}","HSTNAME":"Malters, Ennigen","VMITTEL":2,"BFS_NR":1062,"GEMEINDE":"Malters","EINWOHNER":237,"ARBEITSPL":101,"RADIUS":300,"DIDOKNR":7343,"ANGSTUFE":1,"SLOID":"ch:1:sloid:7343","TU":2}},{"type":"Feature","id":163,"geometry":{"type":"Point","coordinates":[8.2654363125388919,47.214180202690315]},"properties":{"OBJECTID":163,"UUID":"{37794CDB-5A68-E611-B7C2-F04DA23F2F2A}","HSTNAME":"Gelfingen, Kreisel","VMITTEL":2,"BFS_NR":1030,"GEMEINDE":"Hitzkirch","EINWOHNER":511,"ARBEITSPL":76,"RADIUS":300,"DIDOKNR":7247,"ANGSTUFE":1,"SLOID":"ch:1:sloid:7247","TU":4}},{"type":"Feature","id":164,"geometry":{"type":"Point","coordinates":[8.2323719938559243,46.897774081922414]},"properties":{"OBJECTID":164,"UUID":"{E794BD84-72C2-E911-A2B8-F04DA23FCE90}","HSTNAME":"Ramersberg, Dörfli","VMITTEL":2,"BFS_NR":1407,"GEMEINDE":"Sarnen","EINWOHNER":0,"ARBEITSPL":0,"RADIUS":300,"DIDOKNR":7541,"ANGSTUFE":null,"SLOID":"ch:1:sloid:7541","TU":3}},{"type":"Feature","id":165,"geometry":{"type":"Point","coordinates":[8.0725772727604213,47.239806009296757]},"properties":{"OBJECTID":165,"UUID":"{EF6C1FFB-F882-EA11-A2BF-662325A903D8}","HSTNAME":"Triengen, Gisler","VMITTEL":8,"BFS_NR":1104,"GEMEINDE":"Triengen","EINWOHNER":564,"ARBEITSPL":156,"RADIUS":300,"DIDOKNR":7415,"ANGSTUFE":1,"SLOID":"ch:1:sloid:7415","TU":3}},{"type":"Feature","id":166,"geometry":{"type":"Point","coordinates":[7.8690000043464616,46.690499996187967]},"properties":{"OBJECTID":166,"UUID":"{30774CDB-5A68-E611-B7C2-F04DA23F2F2A}","HSTNAME":"Interlaken Ost","VMITTEL":1,"BFS_NR":581,"GEMEINDE":"Interlaken","EINWOHNER":0,"ARBEITSPL":0,"RADIUS":1000,"DIDOKNR":7492,"ANGSTUFE":null,"SLOID":"ch:1:sloid:7492","TU":0}},{"type":"Feature","id":167,"geometry":{"type":"Point","coordinates":[7.784715135554733,47.217302871485209]},"properties":{"OBJECTID":167,"UUID":"{DC764CDB-5A68-E611-B7C2-F04DA23F2F2A}","HSTNAME":"Langenthal","VMITTEL":1,"BFS_NR":329,"GEMEINDE":"Langenthal","EINWOHNER":0,"ARBEITSPL":0,"RADIUS":1000,"DIDOKNR":8100,"ANGSTUFE":null,"SLOID":"ch:1:sloid:8100","TU":6}},{"type":"Feature","id":168,"geometry":{"type":"Point","coordinates":[7.9263819700258455,47.136754157527598]},"properties":{"OBJECTID":168,"UUID":"{23E9C1D5-5A68-E611-B7C2-F04DA23F2F2A}","HSTNAME":"Zell LU","VMITTEL":1,"BFS_NR":1150,"GEMEINDE":"Zell (LU)","EINWOHNER":1782,"ARBEITSPL":1211,"RADIUS":1000,"DIDOKNR":8293,"ANGSTUFE":3,"SLOID":"ch:1:sloid:8293","TU":10}},{"type":"Feature","id":169,"geometry":{"type":"Point","coordinates":[7.90586295258713,47.128574304341058]},"properties":{"OBJECTID":169,"UUID":"{1F794CDB-5A68-E611-B7C2-F04DA23F2F2A}","HSTNAME":"Hüswil","VMITTEL":1,"BFS_NR":1150,"GEMEINDE":"Zell (LU)","EINWOHNER":227,"ARBEITSPL":223,"RADIUS":1000,"DIDOKNR":8292,"ANGSTUFE":2,"SLOID":"ch:1:sloid:8292","TU":10}},{"type":"Feature","id":170,"geometry":{"type":"Point","coordinates":[7.9967180502227837,47.122720680986184]},"properties":{"OBJECTID":170,"UUID":"{9E794CDB-5A68-E611-B7C2-F04DA23F2F2A}","HSTNAME":"Willisau","VMITTEL":1,"BFS_NR":1151,"GEMEINDE":"Willisau","EINWOHNER":4304,"ARBEITSPL":3654,"RADIUS":1000,"DIDOKNR":8295,"ANGSTUFE":3,"SLOID":"ch:1:sloid:8295","TU":10}},{"type":"Feature","id":171,"geometry":{"type":"Point","coordinates":[7.9701401258660178,47.140094433600545]},"properties":{"OBJECTID":171,"UUID":"{9E774CDB-5A68-E611-B7C2-F04DA23F2F2A}","HSTNAME":"Gettnau","VMITTEL":1,"BFS_NR":1151,"GEMEINDE":"Willisau","EINWOHNER":1134,"ARBEITSPL":344,"RADIUS":1000,"DIDOKNR":8294,"ANGSTUFE":3,"SLOID":"ch:1:sloid:8294","TU":10}},{"type":"Feature","id":172,"geometry":{"type":"Point","coordinates":[8.040887385221593,47.083427236659666]},"properties":{"OBJECTID":172,"UUID":"{53E8C1D5-5A68-E611-B7C2-F04DA23F2F2A}","HSTNAME":"Menznau","VMITTEL":1,"BFS_NR":1136,"GEMEINDE":"Menznau","EINWOHNER":1866,"ARBEITSPL":1188,"RADIUS":1000,"DIDOKNR":8297,"ANGSTUFE":3,"SLOID":"ch:1:sloid:8297","TU":10}},{"type":"Feature","id":173,"geometry":{"type":"Point","coordinates":[7.9589263197661317,46.736557760881219]},"properties":{"OBJECTID":173,"UUID":"{91EC3305-14B5-E811-8A34-F04DA23FCE90}","HSTNAME":"Oberried am Brienzersee","VMITTEL":1,"BFS_NR":589,"GEMEINDE":"Oberried am Brienzersee","EINWOHNER":0,"ARBEITSPL":0,"RADIUS":1000,"DIDOKNR":8303,"ANGSTUFE":null,"SLOID":"ch:1:sloid:8303","TU":12}},{"type":"Feature","id":174,"geometry":{"type":"Point","coordinates":[8.2383057782289075,46.870962364934222]},"properties":{"OBJECTID":174,"UUID":"{46E8C1D5-5A68-E611-B7C2-F04DA23F2F2A}","HSTNAME":"Sachseln","VMITTEL":1,"BFS_NR":1406,"GEMEINDE":"Sachseln","EINWOHNER":0,"ARBEITSPL":0,"RADIUS":1000,"DIDOKNR":8313,"ANGSTUFE":null,"SLOID":"ch:1:sloid:8313","TU":12}},{"type":"Feature","id":175,"geometry":{"type":"Point","coordinates":[8.1863176916296183,46.836534400088098]},"properties":{"OBJECTID":175,"UUID":"{B6764CDB-5A68-E611-B7C2-F04DA23F2F2A}","HSTNAME":"Giswil","VMITTEL":1,"BFS_NR":1403,"GEMEINDE":"Giswil","EINWOHNER":0,"ARBEITSPL":0,"RADIUS":1000,"DIDOKNR":8312,"ANGSTUFE":null,"SLOID":"ch:1:sloid:8312","TU":12}},{"type":"Feature","id":176,"geometry":{"type":"Point","coordinates":[8.038946329852795,46.75484373695587]},"properties":{"OBJECTID":176,"UUID":"{90784CDB-5A68-E611-B7C2-F04DA23F2F2A}","HSTNAME":"Brienz","VMITTEL":1,"BFS_NR":573,"GEMEINDE":"Brienz (BE)","EINWOHNER":0,"ARBEITSPL":0,"RADIUS":1000,"DIDOKNR":8305,"ANGSTUFE":null,"SLOID":"ch:1:sloid:8305","TU":12}},{"type":"Feature","id":177,"geometry":{"type":"Point","coordinates":[8.2474993585160394,46.894606273917631]},"properties":{"OBJECTID":177,"UUID":"{80E8C1D5-5A68-E611-B7C2-F04DA23F2F2A}","HSTNAME":"Sarnen","VMITTEL":1,"BFS_NR":1407,"GEMEINDE":"Sarnen","EINWOHNER":0,"ARBEITSPL":0,"RADIUS":1000,"DIDOKNR":8314,"ANGSTUFE":null,"SLOID":"ch:1:sloid:8314","TU":12}},{"type":"Feature","id":178,"geometry":{"type":"Point","coordinates":[7.9900369889331895,46.752624162752973]},"properties":{"OBJECTID":178,"UUID":"{A06D2D74-13B5-E811-8A34-F04DA23FCE90}","HSTNAME":"Ebligen","VMITTEL":1,"BFS_NR":589,"GEMEINDE":"Oberried am Brienzersee","EINWOHNER":0,"ARBEITSPL":0,"RADIUS":1000,"DIDOKNR":8304,"ANGSTUFE":null,"SLOID":"ch:1:sloid:8304","TU":12}},{"type":"Feature","id":179,"geometry":{"type":"Point","coordinates":[8.2185963687556534,46.860687749859274]},"properties":{"OBJECTID":179,"UUID":"{0B794CDB-5A68-E611-B7C2-F04DA23F2F2A}","HSTNAME":"Ewil Maxon","VMITTEL":1,"BFS_NR":1406,"GEMEINDE":"Sachseln","EINWOHNER":0,"ARBEITSPL":0,"RADIUS":1000,"DIDOKNR":8327,"ANGSTUFE":null,"SLOID":"ch:1:sloid:8327","TU":12}},{"type":"Feature","id":180,"geometry":{"type":"Point","coordinates":[8.2778482720222453,46.955041527434062]},"properties":{"OBJECTID":180,"UUID":"{D4784CDB-5A68-E611-B7C2-F04DA23F2F2A}","HSTNAME":"Alpnachstad","VMITTEL":1,"BFS_NR":1401,"GEMEINDE":"Alpnach","EINWOHNER":0,"ARBEITSPL":0,"RADIUS":1000,"DIDOKNR":8317,"ANGSTUFE":null,"SLOID":"ch:1:sloid:8317","TU":12}},{"type":"Feature","id":181,"geometry":{"type":"Point","coordinates":[8.0203766433921988,46.757312277684463]},"properties":{"OBJECTID":181,"UUID":"{334A11C5-12B5-E811-8A34-F04DA23FCE90}","HSTNAME":"Brienz West","VMITTEL":1,"BFS_NR":573,"GEMEINDE":"Brienz (BE)","EINWOHNER":0,"ARBEITSPL":0,"RADIUS":1000,"DIDOKNR":8329,"ANGSTUFE":null,"SLOID":"ch:1:sloid:8329","TU":12}},{"type":"Feature","id":182,"geometry":{"type":"Point","coordinates":[8.2753449281131601,46.94059064828771]},"properties":{"OBJECTID":182,"UUID":"{13784CDB-5A68-E611-B7C2-F04DA23F2F2A}","HSTNAME":"Alpnach Dorf","VMITTEL":1,"BFS_NR":1401,"GEMEINDE":"Alpnach","EINWOHNER":0,"ARBEITSPL":0,"RADIUS":1000,"DIDOKNR":8316,"ANGSTUFE":null,"SLOID":"ch:1:sloid:8316","TU":12}},{"type":"Feature","id":183,"geometry":{"type":"Point","coordinates":[8.3069922150046249,47.017480156869226]},"properties":{"OBJECTID":183,"UUID":"{33784CDB-5A68-E611-B7C2-F04DA23F2F2A}","HSTNAME":"Horw","VMITTEL":1,"BFS_NR":1058,"GEMEINDE":"Horw","EINWOHNER":9819,"ARBEITSPL":4582,"RADIUS":1000,"DIDOKNR":8319,"ANGSTUFE":4,"SLOID":"ch:1:sloid:8319","TU":12}},{"type":"Feature","id":184,"geometry":{"type":"Point","coordinates":[8.1386540612851412,46.757762571564292]},"properties":{"OBJECTID":184,"UUID":"{AB774CDB-5A68-E611-B7C2-F04DA23F2F2A}","HSTNAME":"Brünig-Hasliberg","VMITTEL":1,"BFS_NR":785,"GEMEINDE":"Meiringen","EINWOHNER":0,"ARBEITSPL":0,"RADIUS":1000,"DIDOKNR":8309,"ANGSTUFE":null,"SLOID":"ch:1:sloid:8309","TU":12}},{"type":"Feature","id":185,"geometry":{"type":"Point","coordinates":[8.1842512149491444,46.727332153734565]},"properties":{"OBJECTID":185,"UUID":"{66E8C1D5-5A68-E611-B7C2-F04DA23F2F2A}","HSTNAME":"Meiringen","VMITTEL":1,"BFS_NR":785,"GEMEINDE":"Meiringen","EINWOHNER":0,"ARBEITSPL":0,"RADIUS":1000,"DIDOKNR":8308,"ANGSTUFE":null,"SLOID":"ch:1:sloid:8308","TU":12}},{"type":"Feature","id":186,"geometry":{"type":"Point","coordinates":[8.3101828022682049,46.982617928352497]},"properties":{"OBJECTID":186,"UUID":"{187A4CDB-5A68-E611-B7C2-F04DA23F2F2A}","HSTNAME":"Hergiswil NW","VMITTEL":1,"BFS_NR":1507,"GEMEINDE":"Hergiswil (NW)","EINWOHNER":0,"ARBEITSPL":0,"RADIUS":1000,"DIDOKNR":8318,"ANGSTUFE":null,"SLOID":"ch:1:sloid:8318","TU":12}},{"type":"Feature","id":187,"geometry":{"type":"Point","coordinates":[8.1755246921684961,46.814366545924386]},"properties":{"OBJECTID":187,"UUID":"{47794CDB-5A68-E611-B7C2-F04DA23F2F2A}","HSTNAME":"Kaiserstuhl OW","VMITTEL":1,"BFS_NR":1405,"GEMEINDE":"Lungern","EINWOHNER":0,"ARBEITSPL":0,"RADIUS":1000,"DIDOKNR":8311,"ANGSTUFE":null,"SLOID":"ch:1:sloid:8311","TU":12}},{"type":"Feature","id":188,"geometry":{"type":"Point","coordinates":[8.3032374396589343,47.035068179902204]},"properties":{"OBJECTID":188,"UUID":"{0C794CDB-5A68-E611-B7C2-F04DA23F2F2A}","HSTNAME":"Luzern Allmend/Messe","VMITTEL":1,"BFS_NR":1061,"GEMEINDE":"Luzern","EINWOHNER":13408,"ARBEITSPL":8599,"RADIUS":1000,"DIDOKNR":8321,"ANGSTUFE":4,"SLOID":"ch:1:sloid:8321","TU":12}},{"type":"Feature","id":189,"geometry":{"type":"Point","coordinates":[8.1635647287801092,46.786352832216167]},"properties":{"OBJECTID":189,"UUID":"{E7E7C1D5-5A68-E611-B7C2-F04DA23F2F2A}","HSTNAME":"Lungern","VMITTEL":1,"BFS_NR":1405,"GEMEINDE":"Lungern","EINWOHNER":0,"ARBEITSPL":0,"RADIUS":1000,"DIDOKNR":8310,"ANGSTUFE":null,"SLOID":"ch:1:sloid:8310","TU":12}},{"type":"Feature","id":190,"geometry":{"type":"Point","coordinates":[8.3125929456264789,46.994076136384351]},"properties":{"OBJECTID":190,"UUID":"{C0784CDB-5A68-E611-B7C2-F04DA23F2F2A}","HSTNAME":"Hergiswil Matt","VMITTEL":1,"BFS_NR":1507,"GEMEINDE":"Hergiswil (NW)","EINWOHNER":0,"ARBEITSPL":0,"RADIUS":1000,"DIDOKNR":8320,"ANGSTUFE":null,"SLOID":"ch:1:sloid:8320","TU":12}},{"type":"Feature","id":191,"geometry":{"type":"Point","coordinates":[8.2491258817296291,46.900183983637675]},"properties":{"OBJECTID":191,"UUID":"{9C90A1F1-0D70-E611-B7C2-F04DA23F2F2A}","HSTNAME":"Sarnen Nord","VMITTEL":1,"BFS_NR":1407,"GEMEINDE":"Sarnen","EINWOHNER":0,"ARBEITSPL":0,"RADIUS":1000,"DIDOKNR":8323,"ANGSTUFE":null,"SLOID":"ch:1:sloid:8323","TU":12}},{"type":"Feature","id":192,"geometry":{"type":"Point","coordinates":[8.3959358366013763,46.928123701904056]},"properties":{"OBJECTID":192,"UUID":"{16784CDB-5A68-E611-B7C2-F04DA23F2F2A}","HSTNAME":"Niederrickenbach Station","VMITTEL":1,"BFS_NR":1511,"GEMEINDE":"Wolfenschiessen","EINWOHNER":0,"ARBEITSPL":0,"RADIUS":1000,"DIDOKNR":8384,"ANGSTUFE":null,"SLOID":"ch:1:sloid:8384","TU":12}},{"type":"Feature","id":193,"geometry":{"type":"Point","coordinates":[8.3665804463889994,46.958396924573222]},"properties":{"OBJECTID":193,"UUID":"{5D784CDB-5A68-E611-B7C2-F04DA23F2F2A}","HSTNAME":"Stans","VMITTEL":1,"BFS_NR":1509,"GEMEINDE":"Stans","EINWOHNER":0,"ARBEITSPL":0,"RADIUS":1000,"DIDOKNR":8391,"ANGSTUFE":null,"SLOID":"ch:1:sloid:8391","TU":12}},{"type":"Feature","id":194,"geometry":{"type":"Point","coordinates":[8.3947978210592833,46.907822642443548]},"properties":{"OBJECTID":194,"UUID":"{D9E7C1D5-5A68-E611-B7C2-F04DA23F2F2A}","HSTNAME":"Wolfenschiessen","VMITTEL":1,"BFS_NR":1511,"GEMEINDE":"Wolfenschiessen","EINWOHNER":0,"ARBEITSPL":0,"RADIUS":1000,"DIDOKNR":8394,"ANGSTUFE":null,"SLOID":"ch:1:sloid:8394","TU":12}},{"type":"Feature","id":195,"geometry":{"type":"Point","coordinates":[8.3724237568916884,46.87059717594547]},"properties":{"OBJECTID":195,"UUID":"{0F764CDB-5A68-E611-B7C2-F04DA23F2F2A}","HSTNAME":"Grafenort","VMITTEL":1,"BFS_NR":1402,"GEMEINDE":"Engelberg","EINWOHNER":0,"ARBEITSPL":0,"RADIUS":1000,"DIDOKNR":8396,"ANGSTUFE":null,"SLOID":"ch:1:sloid:8396","TU":12}},{"type":"Feature","id":196,"geometry":{"type":"Point","coordinates":[7.8475296865473787,47.19062357722683]},"properties":{"OBJECTID":196,"UUID":"{53784CDB-5A68-E611-B7C2-F04DA23F2F2A}","HSTNAME":"Melchnau, Gjuch","VMITTEL":2,"BFS_NR":333,"GEMEINDE":"Melchnau","EINWOHNER":0,"ARBEITSPL":0,"RADIUS":300,"DIDOKNR":8172,"ANGSTUFE":null,"SLOID":"ch:1:sloid:8172","TU":5}},{"type":"Feature","id":197,"geometry":{"type":"Point","coordinates":[7.7801922314310659,47.205338078600576]},"properties":{"OBJECTID":197,"UUID":"{50764CDB-5A68-E611-B7C2-F04DA23F2F2A}","HSTNAME":"Langenthal Süd","VMITTEL":1,"BFS_NR":329,"GEMEINDE":"Langenthal","EINWOHNER":0,"ARBEITSPL":0,"RADIUS":1000,"DIDOKNR":8181,"ANGSTUFE":null,"SLOID":"ch:1:sloid:8181","TU":10}},{"type":"Feature","id":198,"geometry":{"type":"Point","coordinates":[7.7932912954898441,47.181790926733882]},"properties":{"OBJECTID":198,"UUID":"{BAE8C1D5-5A68-E611-B7C2-F04DA23F2F2A}","HSTNAME":"Gutenburg","VMITTEL":1,"BFS_NR":331,"GEMEINDE":"Lotzwil","EINWOHNER":0,"ARBEITSPL":0,"RADIUS":1000,"DIDOKNR":8174,"ANGSTUFE":null,"SLOID":"ch:1:sloid:8174","TU":10}},{"type":"Feature","id":199,"geometry":{"type":"Point","coordinates":[7.7957932311306184,47.167049153540106]},"properties":{"OBJECTID":199,"UUID":"{1B764CDB-5A68-E611-B7C2-F04DA23F2F2A}","HSTNAME":"Madiswil","VMITTEL":1,"BFS_NR":332,"GEMEINDE":"Madiswil","EINWOHNER":0,"ARBEITSPL":0,"RADIUS":1000,"DIDOKNR":8183,"ANGSTUFE":null,"SLOID":"ch:1:sloid:8183","TU":10}},{"type":"Feature","id":200,"geometry":{"type":"Point","coordinates":[7.7885890523267047,47.189493676183396]},"properties":{"OBJECTID":200,"UUID":"{19E9C1D5-5A68-E611-B7C2-F04DA23F2F2A}","HSTNAME":"Lotzwil","VMITTEL":1,"BFS_NR":331,"GEMEINDE":"Lotzwil","EINWOHNER":0,"ARBEITSPL":0,"RADIUS":1000,"DIDOKNR":8182,"ANGSTUFE":null,"SLOID":"ch:1:sloid:8182","TU":10}},{"type":"Feature","id":201,"geometry":{"type":"Point","coordinates":[7.7909746913401934,47.146307917986768]},"properties":{"OBJECTID":201,"UUID":"{367A4CDB-5A68-E611-B7C2-F04DA23F2F2A}","HSTNAME":"Kleindietwil","VMITTEL":1,"BFS_NR":332,"GEMEINDE":"Madiswil","EINWOHNER":0,"ARBEITSPL":0,"RADIUS":1000,"DIDOKNR":8185,"ANGSTUFE":null,"SLOID":"ch:1:sloid:8185","TU":10}},{"type":"Feature","id":202,"geometry":{"type":"Point","coordinates":[7.790469254365469,47.154563176775369]},"properties":{"OBJECTID":202,"UUID":"{95E7C1D5-5A68-E611-B7C2-F04DA23F2F2A}","HSTNAME":"Lindenholz","VMITTEL":1,"BFS_NR":332,"GEMEINDE":"Madiswil","EINWOHNER":0,"ARBEITSPL":0,"RADIUS":1000,"DIDOKNR":8184,"ANGSTUFE":null,"SLOID":"ch:1:sloid:8184","TU":10}},{"type":"Feature","id":203,"geometry":{"type":"Point","coordinates":[8.0623643288817828,46.993693355922566]},"properties":{"OBJECTID":203,"UUID":"{E7764CDB-5A68-E611-B7C2-F04DA23F2F2A}","HSTNAME":"Entlebuch","VMITTEL":1,"BFS_NR":1002,"GEMEINDE":"Entlebuch","EINWOHNER":1944,"ARBEITSPL":1264,"RADIUS":1000,"DIDOKNR":8213,"ANGSTUFE":3,"SLOID":"ch:1:sloid:8213","TU":6}},{"type":"Feature","id":204,"geometry":{"type":"Point","coordinates":[7.7841974344832803,46.939242278719263]},"properties":{"OBJECTID":204,"UUID":"{12764CDB-5A68-E611-B7C2-F04DA23F2F2A}","HSTNAME":"Langnau i.E.","VMITTEL":1,"BFS_NR":902,"GEMEINDE":"Langnau im Emmental","EINWOHNER":0,"ARBEITSPL":0,"RADIUS":1000,"DIDOKNR":8207,"ANGSTUFE":null,"SLOID":"ch:1:sloid:8207","TU":6}},{"type":"Feature","id":205,"geometry":{"type":"Point","coordinates":[7.8426076628226138,47.114490041902251]},"properties":{"OBJECTID":205,"UUID":"{09E9C1D5-5A68-E611-B7C2-F04DA23F2F2A}","HSTNAME":"Huttwil","VMITTEL":1,"BFS_NR":954,"GEMEINDE":"Huttwil","EINWOHNER":0,"ARBEITSPL":0,"RADIUS":1000,"DIDOKNR":8187,"ANGSTUFE":null,"SLOID":"ch:1:sloid:8187","TU":10}},{"type":"Feature","id":206,"geometry":{"type":"Point","coordinates":[8.0469817520389118,46.978151663178757]},"properties":{"OBJECTID":206,"UUID":"{D0E7C1D5-5A68-E611-B7C2-F04DA23F2F2A}","HSTNAME":"Hasle LU","VMITTEL":1,"BFS_NR":1005,"GEMEINDE":"Hasle (LU)","EINWOHNER":1124,"ARBEITSPL":696,"RADIUS":1000,"DIDOKNR":8212,"ANGSTUFE":2,"SLOID":"ch:1:sloid:8212","TU":6}},{"type":"Feature","id":207,"geometry":{"type":"Point","coordinates":[7.8134741932846978,47.137263455198976]},"properties":{"OBJECTID":207,"UUID":"{0A774CDB-5A68-E611-B7C2-F04DA23F2F2A}","HSTNAME":"Rohrbach","VMITTEL":1,"BFS_NR":338,"GEMEINDE":"Rohrbach","EINWOHNER":0,"ARBEITSPL":0,"RADIUS":1000,"DIDOKNR":8186,"ANGSTUFE":null,"SLOID":"ch:1:sloid:8186","TU":10}},{"type":"Feature","id":208,"geometry":{"type":"Point","coordinates":[8.0797541053028592,47.055487929897588]},"properties":{"OBJECTID":208,"UUID":"{E4774CDB-5A68-E611-B7C2-F04DA23F2F2A}","HSTNAME":"Wolhusen","VMITTEL":1,"BFS_NR":1107,"GEMEINDE":"Wolhusen","EINWOHNER":2199,"ARBEITSPL":1225,"RADIUS":1000,"DIDOKNR":8215,"ANGSTUFE":4,"SLOID":"ch:1:sloid:8215","TU":6}},{"type":"Feature","id":209,"geometry":{"type":"Point","coordinates":[8.1432589254284089,47.037973397169871]},"properties":{"OBJECTID":209,"UUID":"{04784CDB-5A68-E611-B7C2-F04DA23F2F2A}","HSTNAME":"Schachen LU","VMITTEL":1,"BFS_NR":1009,"GEMEINDE":"Werthenstein","EINWOHNER":1380,"ARBEITSPL":1394,"RADIUS":1000,"DIDOKNR":8217,"ANGSTUFE":2,"SLOID":"ch:1:sloid:8217","TU":6}},{"type":"Feature","id":210,"geometry":{"type":"Point","coordinates":[7.8461419644191608,46.921699958563792]},"properties":{"OBJECTID":210,"UUID":"{7E784CDB-5A68-E611-B7C2-F04DA23F2F2A}","HSTNAME":"Trubschachen","VMITTEL":1,"BFS_NR":909,"GEMEINDE":"Trubschachen","EINWOHNER":0,"ARBEITSPL":0,"RADIUS":1000,"DIDOKNR":8208,"ANGSTUFE":null,"SLOID":"ch:1:sloid:8208","TU":6}},{"type":"Feature","id":211,"geometry":{"type":"Point","coordinates":[8.1018632419640912,47.05702513519369]},"properties":{"OBJECTID":211,"UUID":"{C0E7C1D5-5A68-E611-B7C2-F04DA23F2F2A}","HSTNAME":"Werthenstein","VMITTEL":1,"BFS_NR":1098,"GEMEINDE":"Ruswil","EINWOHNER":709,"ARBEITSPL":189,"RADIUS":1000,"DIDOKNR":8216,"ANGSTUFE":2,"SLOID":"ch:1:sloid:8216","TU":6}},{"type":"Feature","id":212,"geometry":{"type":"Point","coordinates":[8.0151505892444455,46.950647359888549]},"properties":{"OBJECTID":212,"UUID":"{AF784CDB-5A68-E611-B7C2-F04DA23F2F2A}","HSTNAME":"Schüpfheim","VMITTEL":1,"BFS_NR":1008,"GEMEINDE":"Schüpfheim","EINWOHNER":2853,"ARBEITSPL":1638,"RADIUS":1000,"DIDOKNR":8211,"ANGSTUFE":3,"SLOID":"ch:1:sloid:8211","TU":6}},{"type":"Feature","id":213,"geometry":{"type":"Point","coordinates":[8.2571139670904383,47.053064320092183]},"properties":{"OBJECTID":213,"UUID":"{DE764CDB-5A68-E611-B7C2-F04DA23F2F2A}","HSTNAME":"Luzern Littau","VMITTEL":1,"BFS_NR":1061,"GEMEINDE":"Luzern","EINWOHNER":6624,"ARBEITSPL":2909,"RADIUS":1000,"DIDOKNR":8219,"ANGSTUFE":2,"SLOID":"ch:1:sloid:8219","TU":6}},{"type":"Feature","id":214,"geometry":{"type":"Point","coordinates":[7.936377957659932,46.915348231390865]},"properties":{"OBJECTID":214,"UUID":"{28E9C1D5-5A68-E611-B7C2-F04DA23F2F2A}","HSTNAME":"Escholzmatt","VMITTEL":1,"BFS_NR":1010,"GEMEINDE":"Escholzmatt-Marbach","EINWOHNER":1791,"ARBEITSPL":1170,"RADIUS":1000,"DIDOKNR":8210,"ANGSTUFE":3,"SLOID":"ch:1:sloid:8210","TU":6}},{"type":"Feature","id":215,"geometry":{"type":"Point","coordinates":[8.1819719517838241,47.038584221279436]},"properties":{"OBJECTID":215,"UUID":"{7FE8C1D5-5A68-E611-B7C2-F04DA23F2F2A}","HSTNAME":"Malters","VMITTEL":1,"BFS_NR":1062,"GEMEINDE":"Malters","EINWOHNER":6215,"ARBEITSPL":2724,"RADIUS":1000,"DIDOKNR":8218,"ANGSTUFE":3,"SLOID":"ch:1:sloid:8218","TU":6}},{"type":"Feature","id":216,"geometry":{"type":"Point","coordinates":[8.0181368639870083,46.866898568468415]},"properties":{"OBJECTID":216,"UUID":"{BB794CDB-5A68-E611-B7C2-F04DA23F2F2A}","HSTNAME":"Flühli LU, Golfplatz","VMITTEL":2,"BFS_NR":1004,"GEMEINDE":"Flühli","EINWOHNER":21,"ARBEITSPL":2,"RADIUS":300,"DIDOKNR":8647,"ANGSTUFE":1,"SLOID":"ch:1:sloid:8647","TU":3}},{"type":"Feature","id":217,"geometry":{"type":"Point","coordinates":[8.0130679472890023,46.899523851998097]},"properties":{"OBJECTID":217,"UUID":"{A4794CDB-5A68-E611-B7C2-F04DA23F2F2A}","HSTNAME":"Flühli LU, Schintmoos","VMITTEL":2,"BFS_NR":1004,"GEMEINDE":"Flühli","EINWOHNER":44,"ARBEITSPL":15,"RADIUS":300,"DIDOKNR":8646,"ANGSTUFE":1,"SLOID":"ch:1:sloid:8646","TU":3}},{"type":"Feature","id":218,"geometry":{"type":"Point","coordinates":[8.0123531805985664,46.83861868474245]},"properties":{"OBJECTID":218,"UUID":"{0B764CDB-5A68-E611-B7C2-F04DA23F2F2A}","HSTNAME":"Sörenberg, Hirsegg","VMITTEL":2,"BFS_NR":1004,"GEMEINDE":"Flühli","EINWOHNER":11,"ARBEITSPL":0,"RADIUS":300,"DIDOKNR":8649,"ANGSTUFE":1,"SLOID":"ch:1:sloid:8649","TU":3}},{"type":"Feature","id":219,"geometry":{"type":"Point","coordinates":[8.2935082938515468,46.908937746335177]},"properties":{"OBJECTID":219,"UUID":"{BFE7C1D5-5A68-E611-B7C2-F04DA23F2F2A}","HSTNAME":"Kerns, Sand","VMITTEL":2,"BFS_NR":1404,"GEMEINDE":"Kerns","EINWOHNER":0,"ARBEITSPL":0,"RADIUS":300,"DIDOKNR":8670,"ANGSTUFE":null,"SLOID":"ch:1:sloid:8670","TU":3}},{"type":"Feature","id":220,"geometry":{"type":"Point","coordinates":[8.0152579628935996,46.855263870851161]},"properties":{"OBJECTID":220,"UUID":"{ADE8C1D5-5A68-E611-B7C2-F04DA23F2F2A}","HSTNAME":"Flühli LU, Hirseggbrücke","VMITTEL":2,"BFS_NR":1004,"GEMEINDE":"Flühli","EINWOHNER":1,"ARBEITSPL":2,"RADIUS":300,"DIDOKNR":8648,"ANGSTUFE":1,"SLOID":"ch:1:sloid:8648","TU":3}},{"type":"Feature","id":221,"geometry":{"type":"Point","coordinates":[8.0020305108691279,47.150276904800393]},"properties":{"OBJECTID":221,"UUID":"{AE754CDB-5A68-E611-B7C2-F04DA23F2F2A}","HSTNAME":"Alberswil, Dorf","VMITTEL":2,"BFS_NR":1121,"GEMEINDE":"Alberswil","EINWOHNER":543,"ARBEITSPL":55,"RADIUS":300,"DIDOKNR":8651,"ANGSTUFE":3,"SLOID":"ch:1:sloid:8651","TU":3}},{"type":"Feature","id":222,"geometry":{"type":"Point","coordinates":[7.9251899990293211,47.027232496449635]},"properties":{"OBJECTID":222,"UUID":"{26774CDB-5A68-E611-B7C2-F04DA23F2F2A}","HSTNAME":"Luthern Bad, Dreilindenplatz","VMITTEL":2,"BFS_NR":1135,"GEMEINDE":"Luthern","EINWOHNER":35,"ARBEITSPL":6,"RADIUS":300,"DIDOKNR":8660,"ANGSTUFE":1,"SLOID":"ch:1:sloid:8660","TU":3}},{"type":"Feature","id":223,"geometry":{"type":"Point","coordinates":[7.9803590455098021,47.183401500358954]},"properties":{"OBJECTID":223,"UUID":"{80764CDB-5A68-E611-B7C2-F04DA23F2F2A}","HSTNAME":"Nebikon, Maschinenfabrik","VMITTEL":2,"BFS_NR":1127,"GEMEINDE":"Egolzwil","EINWOHNER":65,"ARBEITSPL":257,"RADIUS":300,"DIDOKNR":8653,"ANGSTUFE":3,"SLOID":"ch:1:sloid:8653","TU":3}},{"type":"Feature","id":224,"geometry":{"type":"Point","coordinates":[7.8906694535755202,46.845658639009166]},"properties":{"OBJECTID":224,"UUID":"{A6E8C1D5-5A68-E611-B7C2-F04DA23F2F2A}","HSTNAME":"Marbach LU, Mösli","VMITTEL":2,"BFS_NR":1010,"GEMEINDE":"Escholzmatt-Marbach","EINWOHNER":93,"ARBEITSPL":41,"RADIUS":300,"DIDOKNR":8657,"ANGSTUFE":2,"SLOID":"ch:1:sloid:8657","TU":3}},{"type":"Feature","id":225,"geometry":{"type":"Point","coordinates":[8.2564227268480206,46.912569999063159]},"properties":{"OBJECTID":225,"UUID":"{92794CDB-5A68-E611-B7C2-F04DA23F2F2A}","HSTNAME":"Sarnen, Kreuzstrasse","VMITTEL":2,"BFS_NR":1407,"GEMEINDE":"Sarnen","EINWOHNER":0,"ARBEITSPL":0,"RADIUS":300,"DIDOKNR":8669,"ANGSTUFE":null,"SLOID":"ch:1:sloid:8669","TU":3}},{"type":"Feature","id":226,"geometry":{"type":"Point","coordinates":[8.3102456937084384,47.050754400763878]},"properties":{"OBJECTID":226,"UUID":"{90E8C1D5-5A68-E611-B7C2-F04DA23F2F2A}","HSTNAME":"Luzern, Bahnhof","VMITTEL":9,"BFS_NR":1061,"GEMEINDE":"Luzern","EINWOHNER":23,"ARBEITSPL":4497,"RADIUS":300,"DIDOKNR":8450,"ANGSTUFE":5,"SLOID":"ch:1:sloid:8450","TU":11}},{"type":"Feature","id":227,"geometry":{"type":"Point","coordinates":[8.3348746415978336,47.051106832568472]},"properties":{"OBJECTID":227,"UUID":"{72764CDB-5A68-E611-B7C2-F04DA23F2F2A}","HSTNAME":"Verkehrshaus-Lido","VMITTEL":4,"BFS_NR":1061,"GEMEINDE":"Luzern","EINWOHNER":4905,"ARBEITSPL":1853,"RADIUS":1000,"DIDOKNR":8459,"ANGSTUFE":0,"SLOID":"ch:1:sloid:8459","TU":14}},{"type":"Feature","id":228,"geometry":{"type":"Point","coordinates":[8.5932929997384182,46.970332969367817]},"properties":{"OBJECTID":228,"UUID":"{52784CDB-5A68-E611-B7C2-F04DA23F2F2A}","HSTNAME":"Rütli","VMITTEL":4,"BFS_NR":1215,"GEMEINDE":"Seelisberg","EINWOHNER":0,"ARBEITSPL":0,"RADIUS":1000,"DIDOKNR":8471,"ANGSTUFE":null,"SLOID":"ch:1:sloid:8471","TU":14}},{"type":"Feature","id":229,"geometry":{"type":"Point","coordinates":[8.6053124582455016,46.993554104307563]},"properties":{"OBJECTID":229,"UUID":"{93E8C1D5-5A68-E611-B7C2-F04DA23F2F2A}","HSTNAME":"Brunnen (See)","VMITTEL":4,"BFS_NR":1364,"GEMEINDE":"Ingenbohl","EINWOHNER":0,"ARBEITSPL":0,"RADIUS":1000,"DIDOKNR":8470,"ANGSTUFE":null,"SLOID":"ch:1:sloid:8470","TU":14}},{"type":"Feature","id":230,"geometry":{"type":"Point","coordinates":[8.4332234857070549,47.031421713800079]},"properties":{"OBJECTID":230,"UUID":"{95774CDB-5A68-E611-B7C2-F04DA23F2F2A}","HSTNAME":"Weggis","VMITTEL":4,"BFS_NR":1069,"GEMEINDE":"Weggis","EINWOHNER":3065,"ARBEITSPL":1209,"RADIUS":1000,"DIDOKNR":8463,"ANGSTUFE":1,"SLOID":"ch:1:sloid:8463","TU":14}},{"type":"Feature","id":231,"geometry":{"type":"Point","coordinates":[8.6125681149713742,46.934044483014567]},"properties":{"OBJECTID":231,"UUID":"{52764CDB-5A68-E611-B7C2-F04DA23F2F2A}","HSTNAME":"Tellsplatte","VMITTEL":4,"BFS_NR":1217,"GEMEINDE":"Sisikon","EINWOHNER":0,"ARBEITSPL":0,"RADIUS":1000,"DIDOKNR":8473,"ANGSTUFE":null,"SLOID":"ch:1:sloid:8473","TU":14}},{"type":"Feature","id":232,"geometry":{"type":"Point","coordinates":[8.403447032655663,47.026890152649607]},"properties":{"OBJECTID":232,"UUID":"{20794CDB-5A68-E611-B7C2-F04DA23F2F2A}","HSTNAME":"Hertenstein (See)","VMITTEL":4,"BFS_NR":1069,"GEMEINDE":"Weggis","EINWOHNER":280,"ARBEITSPL":436,"RADIUS":1000,"DIDOKNR":8462,"ANGSTUFE":1,"SLOID":"ch:1:sloid:8462","TU":14}},{"type":"Feature","id":233,"geometry":{"type":"Point","coordinates":[8.6191734627771091,46.948199465237387]},"properties":{"OBJECTID":233,"UUID":"{D3E8C1D5-5A68-E611-B7C2-F04DA23F2F2A}","HSTNAME":"Sisikon (See)","VMITTEL":4,"BFS_NR":1217,"GEMEINDE":"Sisikon","EINWOHNER":0,"ARBEITSPL":0,"RADIUS":1000,"DIDOKNR":8472,"ANGSTUFE":null,"SLOID":"ch:1:sloid:8472","TU":14}},{"type":"Feature","id":234,"geometry":{"type":"Point","coordinates":[8.4211578250015702,46.987849344287483]},"properties":{"OBJECTID":234,"UUID":"{47E1DF21-8DC0-E711-B61F-F04DA23FCE90}","HSTNAME":"Ennetbürgen (See)","VMITTEL":4,"BFS_NR":1505,"GEMEINDE":"Ennetbürgen","EINWOHNER":0,"ARBEITSPL":0,"RADIUS":1000,"DIDOKNR":8465,"ANGSTUFE":null,"SLOID":"ch:1:sloid:8465","TU":14}},{"type":"Feature","id":235,"geometry":{"type":"Point","coordinates":[8.5957543832441363,46.919829449378426]},"properties":{"OBJECTID":235,"UUID":"{70784CDB-5A68-E611-B7C2-F04DA23F2F2A}","HSTNAME":"Isleten-Isenthal","VMITTEL":4,"BFS_NR":1214,"GEMEINDE":"Seedorf (UR)","EINWOHNER":0,"ARBEITSPL":0,"RADIUS":1000,"DIDOKNR":8475,"ANGSTUFE":null,"SLOID":"ch:1:sloid:8475","TU":14}},{"type":"Feature","id":236,"geometry":{"type":"Point","coordinates":[8.4823827153950031,47.00935915345184]},"properties":{"OBJECTID":236,"UUID":"{5C794CDB-5A68-E611-B7C2-F04DA23F2F2A}","HSTNAME":"Vitznau","VMITTEL":4,"BFS_NR":1068,"GEMEINDE":"Vitznau","EINWOHNER":1299,"ARBEITSPL":677,"RADIUS":1000,"DIDOKNR":8464,"ANGSTUFE":0,"SLOID":"ch:1:sloid:8464","TU":14}},{"type":"Feature","id":237,"geometry":{"type":"Point","coordinates":[8.58045607432007,46.935190995118099]},"properties":{"OBJECTID":237,"UUID":"{CF784CDB-5A68-E611-B7C2-F04DA23F2F2A}","HSTNAME":"Bauen (See)","VMITTEL":4,"BFS_NR":1214,"GEMEINDE":"Seedorf (UR)","EINWOHNER":0,"ARBEITSPL":0,"RADIUS":1000,"DIDOKNR":8474,"ANGSTUFE":null,"SLOID":"ch:1:sloid:8474","TU":14}},{"type":"Feature","id":238,"geometry":{"type":"Point","coordinates":[8.4756047142257902,46.966973680518741]},"properties":{"OBJECTID":238,"UUID":"{9F794CDB-5A68-E611-B7C2-F04DA23F2F2A}","HSTNAME":"Beckenried (See)","VMITTEL":4,"BFS_NR":1501,"GEMEINDE":"Beckenried","EINWOHNER":0,"ARBEITSPL":0,"RADIUS":1000,"DIDOKNR":8467,"ANGSTUFE":null,"SLOID":"ch:1:sloid:8467","TU":14}},{"type":"Feature","id":239,"geometry":{"type":"Point","coordinates":[8.4263860199497955,46.975359248310873]},"properties":{"OBJECTID":239,"UUID":"{88C1E6C9-8CC0-E711-B61F-F04DA23FCE90}","HSTNAME":"Buochs (See)","VMITTEL":4,"BFS_NR":1502,"GEMEINDE":"Buochs","EINWOHNER":0,"ARBEITSPL":0,"RADIUS":1000,"DIDOKNR":8466,"ANGSTUFE":null,"SLOID":"ch:1:sloid:8466","TU":14}},{"type":"Feature","id":240,"geometry":{"type":"Point","coordinates":[8.6239255510306236,46.902695885642842]},"properties":{"OBJECTID":240,"UUID":"{21764CDB-5A68-E611-B7C2-F04DA23F2F2A}","HSTNAME":"Flüelen (See)","VMITTEL":4,"BFS_NR":1207,"GEMEINDE":"Flüelen","EINWOHNER":0,"ARBEITSPL":0,"RADIUS":1000,"DIDOKNR":8476,"ANGSTUFE":null,"SLOID":"ch:1:sloid:8476","TU":14}},{"type":"Feature","id":241,"geometry":{"type":"Point","coordinates":[8.585666302607212,46.98722429592447]},"properties":{"OBJECTID":241,"UUID":"{7D784CDB-5A68-E611-B7C2-F04DA23F2F2A}","HSTNAME":"Treib","VMITTEL":4,"BFS_NR":1215,"GEMEINDE":"Seelisberg","EINWOHNER":0,"ARBEITSPL":0,"RADIUS":1000,"DIDOKNR":8469,"ANGSTUFE":null,"SLOID":"ch:1:sloid:8469","TU":14}},{"type":"Feature","id":242,"geometry":{"type":"Point","coordinates":[8.52605410023369,46.990655843472361]},"properties":{"OBJECTID":242,"UUID":"{D7784CDB-5A68-E611-B7C2-F04DA23F2F2A}","HSTNAME":"Gersau (See)","VMITTEL":4,"BFS_NR":1311,"GEMEINDE":"Gersau","EINWOHNER":0,"ARBEITSPL":0,"RADIUS":1000,"DIDOKNR":8468,"ANGSTUFE":null,"SLOID":"ch:1:sloid:8468","TU":14}},{"type":"Feature","id":243,"geometry":{"type":"Point","coordinates":[8.382422469455685,47.002989212368902]},"properties":{"OBJECTID":243,"UUID":"{03FF6D56-8DC0-E711-B61F-F04DA23FCE90}","HSTNAME":"Kehrsiten-Bürgenstock","VMITTEL":4,"BFS_NR":1510,"GEMEINDE":"Stansstad","EINWOHNER":0,"ARBEITSPL":0,"RADIUS":1000,"DIDOKNR":8489,"ANGSTUFE":null,"SLOID":"ch:1:sloid:8489","TU":14}},{"type":"Feature","id":244,"geometry":{"type":"Point","coordinates":[8.310135038905603,47.05119252174844]},"properties":{"OBJECTID":244,"UUID":"{63E8C1D5-5A68-E611-B7C2-F04DA23F2F2A}","HSTNAME":"Luzern Bahnhofquai","VMITTEL":4,"BFS_NR":1061,"GEMEINDE":"Luzern","EINWOHNER":20132,"ARBEITSPL":49017,"RADIUS":1000,"DIDOKNR":8492,"ANGSTUFE":1,"SLOID":"ch:1:sloid:8492","TU":14}},{"type":"Feature","id":245,"geometry":{"type":"Point","coordinates":[8.2787684964282402,46.898098977671474]},"properties":{"OBJECTID":245,"UUID":"{41794CDB-5A68-E611-B7C2-F04DA23F2F2A}","HSTNAME":"Kerns, Chäli-Burgflue","VMITTEL":2,"BFS_NR":1404,"GEMEINDE":"Kerns","EINWOHNER":0,"ARBEITSPL":0,"RADIUS":300,"DIDOKNR":8855,"ANGSTUFE":null,"SLOID":"ch:1:sloid:8855","TU":3}},{"type":"Feature","id":246,"geometry":{"type":"Point","coordinates":[8.2792291314174005,46.802424910789888]},"properties":{"OBJECTID":246,"UUID":"{28774CDB-5A68-E611-B7C2-F04DA23F2F2A}","HSTNAME":"Stöckalp","VMITTEL":2,"BFS_NR":1404,"GEMEINDE":"Kerns","EINWOHNER":0,"ARBEITSPL":0,"RADIUS":300,"DIDOKNR":8854,"ANGSTUFE":null,"SLOID":"ch:1:sloid:8854","TU":3}},{"type":"Feature","id":247,"geometry":{"type":"Point","coordinates":[8.2246232867036326,46.891178901048811]},"properties":{"OBJECTID":247,"UUID":"{1DE9C1D5-5A68-E611-B7C2-F04DA23F2F2A}","HSTNAME":"Stalden (Sarnen), Geren","VMITTEL":2,"BFS_NR":1407,"GEMEINDE":"Sarnen","EINWOHNER":0,"ARBEITSPL":0,"RADIUS":300,"DIDOKNR":8856,"ANGSTUFE":null,"SLOID":"ch:1:sloid:8856","TU":3}},{"type":"Feature","id":248,"geometry":{"type":"Point","coordinates":[8.2243149402083482,46.880844934584765]},"properties":{"OBJECTID":248,"UUID":"{A9774CDB-5A68-E611-B7C2-F04DA23F2F2A}","HSTNAME":"Wilen (Sarnen), Dorf","VMITTEL":2,"BFS_NR":1407,"GEMEINDE":"Sarnen","EINWOHNER":0,"ARBEITSPL":0,"RADIUS":300,"DIDOKNR":8851,"ANGSTUFE":null,"SLOID":"ch:1:sloid:8851","TU":3}},{"type":"Feature","id":249,"geometry":{"type":"Point","coordinates":[7.915045856609022,47.084897982847728]},"properties":{"OBJECTID":249,"UUID":"{D2774CDB-5A68-E611-B7C2-F04DA23F2F2A}","HSTNAME":"Hofstatt, Dorf","VMITTEL":2,"BFS_NR":1135,"GEMEINDE":"Luthern","EINWOHNER":132,"ARBEITSPL":60,"RADIUS":300,"DIDOKNR":8870,"ANGSTUFE":1,"SLOID":"ch:1:sloid:8870","TU":3}},{"type":"Feature","id":250,"geometry":{"type":"Point","coordinates":[7.8853178444618024,47.210847652846375]},"properties":{"OBJECTID":250,"UUID":"{07E9C1D5-5A68-E611-B7C2-F04DA23F2F2A}","HSTNAME":"Roggliswil, Post","VMITTEL":2,"BFS_NR":1142,"GEMEINDE":"Roggliswil","EINWOHNER":175,"ARBEITSPL":44,"RADIUS":300,"DIDOKNR":8883,"ANGSTUFE":3,"SLOID":"ch:1:sloid:8883","TU":9}},{"type":"Feature","id":251,"geometry":{"type":"Point","coordinates":[7.8966767814982148,47.227065694449571]},"properties":{"OBJECTID":251,"UUID":"{2A764CDB-5A68-E611-B7C2-F04DA23F2F2A}","HSTNAME":"Pfaffnau, Post","VMITTEL":2,"BFS_NR":1139,"GEMEINDE":"Pfaffnau","EINWOHNER":512,"ARBEITSPL":79,"RADIUS":300,"DIDOKNR":8882,"ANGSTUFE":2,"SLOID":"ch:1:sloid:8882","TU":9}},{"type":"Feature","id":252,"geometry":{"type":"Point","coordinates":[8.2202888856369558,46.877346170145287]},"properties":{"OBJECTID":252,"UUID":"{86784CDB-5A68-E611-B7C2-F04DA23F2F2A}","HSTNAME":"Wilen (Sarnen), Wilerbad","VMITTEL":2,"BFS_NR":1407,"GEMEINDE":"Sarnen","EINWOHNER":0,"ARBEITSPL":0,"RADIUS":300,"DIDOKNR":8853,"ANGSTUFE":null,"SLOID":"ch:1:sloid:8853","TU":3}},{"type":"Feature","id":253,"geometry":{"type":"Point","coordinates":[8.0594022530505161,46.807958895510474]},"properties":{"OBJECTID":253,"UUID":"{6F764CDB-5A68-E611-B7C2-F04DA23F2F2A}","HSTNAME":"Sörenberg, Rothornbahn","VMITTEL":2,"BFS_NR":1004,"GEMEINDE":"Flühli","EINWOHNER":0,"ARBEITSPL":0,"RADIUS":300,"DIDOKNR":8867,"ANGSTUFE":1,"SLOID":"ch:1:sloid:8867","TU":3}},{"type":"Feature","id":254,"geometry":{"type":"Point","coordinates":[8.1914145202707029,46.863272496647589]},"properties":{"OBJECTID":254,"UUID":"{7F774CDB-5A68-E611-B7C2-F04DA23F2F2A}","HSTNAME":"Oberwilen, Forst","VMITTEL":2,"BFS_NR":1407,"GEMEINDE":"Sarnen","EINWOHNER":0,"ARBEITSPL":0,"RADIUS":300,"DIDOKNR":8852,"ANGSTUFE":null,"SLOID":"ch:1:sloid:8852","TU":3}},{"type":"Feature","id":255,"geometry":{"type":"Point","coordinates":[7.8954548169213696,46.850299302726029]},"properties":{"OBJECTID":255,"UUID":"{8F764CDB-5A68-E611-B7C2-F04DA23F2F2A}","HSTNAME":"Marbachegg, Talstation","VMITTEL":2,"BFS_NR":1010,"GEMEINDE":"Escholzmatt-Marbach","EINWOHNER":50,"ARBEITSPL":72,"RADIUS":300,"DIDOKNR":8875,"ANGSTUFE":2,"SLOID":"ch:1:sloid:8875","TU":3}},{"type":"Feature","id":256,"geometry":{"type":"Point","coordinates":[8.2801601807494158,46.876318958516897]},"properties":{"OBJECTID":256,"UUID":"{67E8C1D5-5A68-E611-B7C2-F04DA23F2F2A}","HSTNAME":"St. Niklausen OW, alte Post","VMITTEL":2,"BFS_NR":1404,"GEMEINDE":"Kerns","EINWOHNER":0,"ARBEITSPL":0,"RADIUS":300,"DIDOKNR":8866,"ANGSTUFE":null,"SLOID":"ch:1:sloid:8866","TU":3}},{"type":"Feature","id":257,"geometry":{"type":"Point","coordinates":[8.4622532470168075,46.971029189662602]},"properties":{"OBJECTID":257,"UUID":"{CFE8C1D5-5A68-E611-B7C2-F04DA23F2F2A}","HSTNAME":"Beckenried, Niederdorf","VMITTEL":2,"BFS_NR":1501,"GEMEINDE":"Beckenried","EINWOHNER":0,"ARBEITSPL":0,"RADIUS":300,"DIDOKNR":8887,"ANGSTUFE":null,"SLOID":"ch:1:sloid:8887","TU":3}},{"type":"Feature","id":258,"geometry":{"type":"Point","coordinates":[7.916406577902225,47.060236696139775]},"properties":{"OBJECTID":258,"UUID":"{B3E8C1D5-5A68-E611-B7C2-F04DA23F2F2A}","HSTNAME":"Luthern, Dorf","VMITTEL":2,"BFS_NR":1135,"GEMEINDE":"Luthern","EINWOHNER":253,"ARBEITSPL":157,"RADIUS":300,"DIDOKNR":8869,"ANGSTUFE":1,"SLOID":"ch:1:sloid:8869","TU":3}},{"type":"Feature","id":259,"geometry":{"type":"Point","coordinates":[7.8936815306709835,46.814198461804168]},"properties":{"OBJECTID":259,"UUID":"{B6784CDB-5A68-E611-B7C2-F04DA23F2F2A}","HSTNAME":"Bumbach, Skilift","VMITTEL":2,"BFS_NR":906,"GEMEINDE":"Schangnau","EINWOHNER":0,"ARBEITSPL":0,"RADIUS":300,"DIDOKNR":8868,"ANGSTUFE":null,"SLOID":"ch:1:sloid:8868","TU":3}},{"type":"Feature","id":260,"geometry":{"type":"Point","coordinates":[7.8720550485606857,46.821523781138175]},"properties":{"OBJECTID":260,"UUID":"{35E8C1D5-5A68-E611-B7C2-F04DA23F2F2A}","HSTNAME":"Schangnau, Waldegg","VMITTEL":2,"BFS_NR":906,"GEMEINDE":"Schangnau","EINWOHNER":0,"ARBEITSPL":0,"RADIUS":300,"DIDOKNR":8876,"ANGSTUFE":null,"SLOID":"ch:1:sloid:8876","TU":3}},{"type":"Feature","id":261,"geometry":{"type":"Point","coordinates":[8.3670575952876263,46.95839991564128]},"properties":{"OBJECTID":261,"UUID":"{89784CDB-5A68-E611-B7C2-F04DA23F2F2A}","HSTNAME":"Stans, Bahnhof","VMITTEL":2,"BFS_NR":1509,"GEMEINDE":"Stans","EINWOHNER":0,"ARBEITSPL":0,"RADIUS":300,"DIDOKNR":8896,"ANGSTUFE":null,"SLOID":"ch:1:sloid:8896","TU":3}},{"type":"Feature","id":262,"geometry":{"type":"Point","coordinates":[8.1275936988655637,47.082471463945588]},"properties":{"OBJECTID":262,"UUID":"{E0E8C1D5-5A68-E611-B7C2-F04DA23F2F2A}","HSTNAME":"Ruswil, Rottalcenter","VMITTEL":2,"BFS_NR":1098,"GEMEINDE":"Ruswil","EINWOHNER":1346,"ARBEITSPL":478,"RADIUS":300,"DIDOKNR":8899,"ANGSTUFE":4,"SLOID":"ch:1:sloid:8899","TU":2}},{"type":"Feature","id":263,"geometry":{"type":"Point","coordinates":[8.0553410136848385,47.018727497767017]},"properties":{"OBJECTID":263,"UUID":"{B7774CDB-5A68-E611-B7C2-F04DA23F2F2A}","HSTNAME":"Doppleschwand, Post","VMITTEL":2,"BFS_NR":1001,"GEMEINDE":"Doppleschwand","EINWOHNER":388,"ARBEITSPL":116,"RADIUS":300,"DIDOKNR":8898,"ANGSTUFE":1,"SLOID":"ch:1:sloid:8898","TU":3}},{"type":"Feature","id":264,"geometry":{"type":"Point","coordinates":[8.1682739051651918,47.021609486438543]},"properties":{"OBJECTID":264,"UUID":"{CC794CDB-5A68-E611-B7C2-F04DA23F2F2A}","HSTNAME":"Schwarzenberg LU, Schlatt","VMITTEL":2,"BFS_NR":1066,"GEMEINDE":"Schwarzenberg","EINWOHNER":17,"ARBEITSPL":5,"RADIUS":300,"DIDOKNR":8676,"ANGSTUFE":2,"SLOID":"ch:1:sloid:8676","TU":3}},{"type":"Feature","id":265,"geometry":{"type":"Point","coordinates":[8.1739011641081856,47.031981305001757]},"properties":{"OBJECTID":265,"UUID":"{31774CDB-5A68-E611-B7C2-F04DA23F2F2A}","HSTNAME":"Malters, Hinter-Widenmatt","VMITTEL":2,"BFS_NR":1062,"GEMEINDE":"Malters","EINWOHNER":322,"ARBEITSPL":5,"RADIUS":300,"DIDOKNR":8673,"ANGSTUFE":2,"SLOID":"ch:1:sloid:8673","TU":3}},{"type":"Feature","id":266,"geometry":{"type":"Point","coordinates":[8.0129575445684171,46.929767170415609]},"properties":{"OBJECTID":266,"UUID":"{9B764CDB-5A68-E611-B7C2-F04DA23F2F2A}","HSTNAME":"Klusstalden","VMITTEL":2,"BFS_NR":1008,"GEMEINDE":"Schüpfheim","EINWOHNER":41,"ARBEITSPL":73,"RADIUS":300,"DIDOKNR":8679,"ANGSTUFE":1,"SLOID":"ch:1:sloid:8679","TU":3}},{"type":"Feature","id":267,"geometry":{"type":"Point","coordinates":[8.1276386819898612,46.955797927294761]},"properties":{"OBJECTID":267,"UUID":"{95784CDB-5A68-E611-B7C2-F04DA23F2F2A}","HSTNAME":"Gfellen","VMITTEL":2,"BFS_NR":1002,"GEMEINDE":"Entlebuch","EINWOHNER":13,"ARBEITSPL":1,"RADIUS":300,"DIDOKNR":8692,"ANGSTUFE":1,"SLOID":"ch:1:sloid:8692","TU":3}},{"type":"Feature","id":268,"geometry":{"type":"Point","coordinates":[8.1781581155001906,47.034427709144495]},"properties":{"OBJECTID":268,"UUID":"{10764CDB-5A68-E611-B7C2-F04DA23F2F2A}","HSTNAME":"Malters, Oberdorf","VMITTEL":2,"BFS_NR":1062,"GEMEINDE":"Malters","EINWOHNER":549,"ARBEITSPL":98,"RADIUS":300,"DIDOKNR":8672,"ANGSTUFE":2,"SLOID":"ch:1:sloid:8672","TU":3}},{"type":"Feature","id":269,"geometry":{"type":"Point","coordinates":[8.1677863959712322,47.024455142941825]},"properties":{"OBJECTID":269,"UUID":"{31794CDB-5A68-E611-B7C2-F04DA23F2F2A}","HSTNAME":"Malters, Liebetsegg","VMITTEL":2,"BFS_NR":1062,"GEMEINDE":"Malters","EINWOHNER":16,"ARBEITSPL":1,"RADIUS":300,"DIDOKNR":8675,"ANGSTUFE":2,"SLOID":"ch:1:sloid:8675","TU":3}},{"type":"Feature","id":270,"geometry":{"type":"Point","coordinates":[8.1730576650245137,47.017450068803143]},"properties":{"OBJECTID":270,"UUID":"{DE754CDB-5A68-E611-B7C2-F04DA23F2F2A}","HSTNAME":"Schwarzenberg LU, Ennenmatt","VMITTEL":2,"BFS_NR":1066,"GEMEINDE":"Schwarzenberg","EINWOHNER":511,"ARBEITSPL":75,"RADIUS":300,"DIDOKNR":8678,"ANGSTUFE":2,"SLOID":"ch:1:sloid:8678","TU":3}},{"type":"Feature","id":271,"geometry":{"type":"Point","coordinates":[8.1622374825757511,47.025605685381272]},"properties":{"OBJECTID":271,"UUID":"{66784CDB-5A68-E611-B7C2-F04DA23F2F2A}","HSTNAME":"Malters, Mattgut","VMITTEL":2,"BFS_NR":1062,"GEMEINDE":"Malters","EINWOHNER":28,"ARBEITSPL":12,"RADIUS":300,"DIDOKNR":8674,"ANGSTUFE":2,"SLOID":"ch:1:sloid:8674","TU":3}},{"type":"Feature","id":272,"geometry":{"type":"Point","coordinates":[8.0657624134732249,47.167748566717925]},"properties":{"OBJECTID":272,"UUID":"{FC764CDB-5A68-E611-B7C2-F04DA23F2F2A}","HSTNAME":"Mauensee, Dorf","VMITTEL":2,"BFS_NR":1091,"GEMEINDE":"Mauensee","EINWOHNER":361,"ARBEITSPL":66,"RADIUS":300,"DIDOKNR":8708,"ANGSTUFE":3,"SLOID":"ch:1:sloid:8708","TU":2}},{"type":"Feature","id":273,"geometry":{"type":"Point","coordinates":[8.0133330991320353,46.833396333494512]},"properties":{"OBJECTID":273,"UUID":"{41E8C1D5-5A68-E611-B7C2-F04DA23F2F2A}","HSTNAME":"Sörenberg, Südelhöchi","VMITTEL":2,"BFS_NR":1004,"GEMEINDE":"Flühli","EINWOHNER":46,"ARBEITSPL":3,"RADIUS":300,"DIDOKNR":8681,"ANGSTUFE":2,"SLOID":"ch:1:sloid:8681","TU":3}},{"type":"Feature","id":274,"geometry":{"type":"Point","coordinates":[8.1698489027319798,47.019422566924916]},"properties":{"OBJECTID":274,"UUID":"{12E9C1D5-5A68-E611-B7C2-F04DA23F2F2A}","HSTNAME":"Schwarzenberg LU, Kappelen","VMITTEL":2,"BFS_NR":1066,"GEMEINDE":"Schwarzenberg","EINWOHNER":23,"ARBEITSPL":49,"RADIUS":300,"DIDOKNR":8677,"ANGSTUFE":2,"SLOID":"ch:1:sloid:8677","TU":3}},{"type":"Feature","id":275,"geometry":{"type":"Point","coordinates":[8.3915737076092292,46.976865024376984]},"properties":{"OBJECTID":275,"UUID":"{EF754CDB-5A68-E611-B7C2-F04DA23F2F2A}","HSTNAME":"Ennetbürgen, Flugplatz","VMITTEL":2,"BFS_NR":1505,"GEMEINDE":"Ennetbürgen","EINWOHNER":0,"ARBEITSPL":0,"RADIUS":300,"DIDOKNR":8710,"ANGSTUFE":null,"SLOID":"ch:1:sloid:8710","TU":3}},{"type":"Feature","id":276,"geometry":{"type":"Point","coordinates":[8.2080913446458155,47.017040651585248]},"properties":{"OBJECTID":276,"UUID":"{33E8C1D5-5A68-E611-B7C2-F04DA23F2F2A}","HSTNAME":"Eigenthal, Hochwäldli","VMITTEL":2,"BFS_NR":1066,"GEMEINDE":"Schwarzenberg","EINWOHNER":18,"ARBEITSPL":0,"RADIUS":300,"DIDOKNR":8680,"ANGSTUFE":1,"SLOID":"ch:1:sloid:8680","TU":3}},{"type":"Feature","id":277,"geometry":{"type":"Point","coordinates":[8.0859399511452459,46.818354687132903]},"properties":{"OBJECTID":277,"UUID":"{29774CDB-5A68-E611-B7C2-F04DA23F2F2A}","HSTNAME":"Glaubenbielen, Parkplatz","VMITTEL":2,"BFS_NR":1403,"GEMEINDE":"Giswil","EINWOHNER":0,"ARBEITSPL":0,"RADIUS":300,"DIDOKNR":8683,"ANGSTUFE":null,"SLOID":"ch:1:sloid:8683","TU":3}},{"type":"Feature","id":278,"geometry":{"type":"Point","coordinates":[8.3834348649393977,46.964734080729031]},"properties":{"OBJECTID":278,"UUID":"{207A4CDB-5A68-E611-B7C2-F04DA23F2F2A}","HSTNAME":"Stans, Kreuzstrasse","VMITTEL":2,"BFS_NR":1509,"GEMEINDE":"Stans","EINWOHNER":0,"ARBEITSPL":0,"RADIUS":300,"DIDOKNR":8713,"ANGSTUFE":null,"SLOID":"ch:1:sloid:8713","TU":3}},{"type":"Feature","id":279,"geometry":{"type":"Point","coordinates":[8.0417163953093098,46.817444964340616]},"properties":{"OBJECTID":279,"UUID":"{3A794CDB-5A68-E611-B7C2-F04DA23F2F2A}","HSTNAME":"Sörenberg, Platz","VMITTEL":2,"BFS_NR":1004,"GEMEINDE":"Flühli","EINWOHNER":8,"ARBEITSPL":41,"RADIUS":300,"DIDOKNR":8682,"ANGSTUFE":1,"SLOID":"ch:1:sloid:8682","TU":3}},{"type":"Feature","id":280,"geometry":{"type":"Point","coordinates":[8.4018863804581088,46.980988890064161]},"properties":{"OBJECTID":280,"UUID":"{AE774CDB-5A68-E611-B7C2-F04DA23F2F2A}","HSTNAME":"Ennetbürgen, Riedmatt","VMITTEL":2,"BFS_NR":1505,"GEMEINDE":"Ennetbürgen","EINWOHNER":0,"ARBEITSPL":0,"RADIUS":300,"DIDOKNR":8712,"ANGSTUFE":null,"SLOID":"ch:1:sloid:8712","TU":3}},{"type":"Feature","id":281,"geometry":{"type":"Point","coordinates":[8.1137627519207651,46.82588514852867]},"properties":{"OBJECTID":281,"UUID":"{B4E8C1D5-5A68-E611-B7C2-F04DA23F2F2A}","HSTNAME":"Mörlialp","VMITTEL":2,"BFS_NR":1403,"GEMEINDE":"Giswil","EINWOHNER":0,"ARBEITSPL":0,"RADIUS":300,"DIDOKNR":8684,"ANGSTUFE":null,"SLOID":"ch:1:sloid:8684","TU":3}},{"type":"Feature","id":282,"geometry":{"type":"Point","coordinates":[8.4173696692883659,46.888613853088039]},"properties":{"OBJECTID":282,"UUID":"{34E9C1D5-5A68-E611-B7C2-F04DA23F2F2A}","HSTNAME":"Oberrickenbach, alte Post","VMITTEL":2,"BFS_NR":1511,"GEMEINDE":"Wolfenschiessen","EINWOHNER":0,"ARBEITSPL":0,"RADIUS":300,"DIDOKNR":8725,"ANGSTUFE":null,"SLOID":"ch:1:sloid:8725","TU":3}},{"type":"Feature","id":283,"geometry":{"type":"Point","coordinates":[8.4206847788035226,46.883322814930679]},"properties":{"OBJECTID":283,"UUID":"{B8794CDB-5A68-E611-B7C2-F04DA23F2F2A}","HSTNAME":"Oberrickenbach, Talstat. LFCH","VMITTEL":2,"BFS_NR":1511,"GEMEINDE":"Wolfenschiessen","EINWOHNER":0,"ARBEITSPL":0,"RADIUS":300,"DIDOKNR":8727,"ANGSTUFE":null,"SLOID":"ch:1:sloid:8727","TU":3}},{"type":"Feature","id":284,"geometry":{"type":"Point","coordinates":[8.1266117277475125,46.893006099397994]},"properties":{"OBJECTID":284,"UUID":"{B4E7C1D5-5A68-E611-B7C2-F04DA23F2F2A}","HSTNAME":"Langis","VMITTEL":2,"BFS_NR":1407,"GEMEINDE":"Sarnen","EINWOHNER":0,"ARBEITSPL":0,"RADIUS":300,"DIDOKNR":8726,"ANGSTUFE":null,"SLOID":"ch:1:sloid:8726","TU":3}},{"type":"Feature","id":285,"geometry":{"type":"Point","coordinates":[8.1163093647145192,46.964815959817905]},"properties":{"OBJECTID":285,"UUID":"{68E8C1D5-5A68-E611-B7C2-F04DA23F2F2A}","HSTNAME":"Finsterwald LU, alte Post","VMITTEL":2,"BFS_NR":1002,"GEMEINDE":"Entlebuch","EINWOHNER":12,"ARBEITSPL":4,"RADIUS":300,"DIDOKNR":8691,"ANGSTUFE":1,"SLOID":"ch:1:sloid:8691","TU":3}},{"type":"Feature","id":286,"geometry":{"type":"Point","coordinates":[8.4422184855920115,46.972807590550509]},"properties":{"OBJECTID":286,"UUID":"{D8E7C1D5-5A68-E611-B7C2-F04DA23F2F2A}","HSTNAME":"Buochs, Hotel Postillon","VMITTEL":2,"BFS_NR":1502,"GEMEINDE":"Buochs","EINWOHNER":0,"ARBEITSPL":0,"RADIUS":300,"DIDOKNR":8729,"ANGSTUFE":null,"SLOID":"ch:1:sloid:8729","TU":3}},{"type":"Feature","id":287,"geometry":{"type":"Point","coordinates":[8.4699404472886037,46.969610905778907]},"properties":{"OBJECTID":287,"UUID":"{38764CDB-5A68-E611-B7C2-F04DA23F2F2A}","HSTNAME":"Beckenried, Nidwaldnerhof","VMITTEL":2,"BFS_NR":1501,"GEMEINDE":"Beckenried","EINWOHNER":0,"ARBEITSPL":0,"RADIUS":300,"DIDOKNR":8728,"ANGSTUFE":null,"SLOID":"ch:1:sloid:8728","TU":3}},{"type":"Feature","id":288,"geometry":{"type":"Point","coordinates":[8.362354419323708,46.982123761611639]},"properties":{"OBJECTID":288,"UUID":"{76794CDB-5A68-E611-B7C2-F04DA23F2F2A}","HSTNAME":"Obbürgen, alte Post","VMITTEL":2,"BFS_NR":1510,"GEMEINDE":"Stansstad","EINWOHNER":0,"ARBEITSPL":0,"RADIUS":300,"DIDOKNR":8731,"ANGSTUFE":null,"SLOID":"ch:1:sloid:8731","TU":3}},{"type":"Feature","id":289,"geometry":{"type":"Point","coordinates":[8.3355063708869732,46.95652812364964]},"properties":{"OBJECTID":289,"UUID":"{55794CDB-5A68-E611-B7C2-F04DA23F2F2A}","HSTNAME":"Ennetmoos, Allweg","VMITTEL":2,"BFS_NR":1506,"GEMEINDE":"Ennetmoos","EINWOHNER":0,"ARBEITSPL":0,"RADIUS":300,"DIDOKNR":8730,"ANGSTUFE":null,"SLOID":"ch:1:sloid:8730","TU":3}},{"type":"Feature","id":290,"geometry":{"type":"Point","coordinates":[7.8820085027957161,46.839908413532065]},"properties":{"OBJECTID":290,"UUID":"{BD764CDB-5A68-E611-B7C2-F04DA23F2F2A}","HSTNAME":"Marbach LU, Untergasse","VMITTEL":2,"BFS_NR":1010,"GEMEINDE":"Escholzmatt-Marbach","EINWOHNER":21,"ARBEITSPL":15,"RADIUS":300,"DIDOKNR":8704,"ANGSTUFE":2,"SLOID":"ch:1:sloid:8704","TU":3}},{"type":"Feature","id":291,"geometry":{"type":"Point","coordinates":[8.306664930590193,46.934386767416136]},"properties":{"OBJECTID":291,"UUID":"{4BE8C1D5-5A68-E611-B7C2-F04DA23F2F2A}","HSTNAME":"St. Jakob (Ennetmoos)","VMITTEL":2,"BFS_NR":1506,"GEMEINDE":"Ennetmoos","EINWOHNER":0,"ARBEITSPL":0,"RADIUS":300,"DIDOKNR":8733,"ANGSTUFE":null,"SLOID":"ch:1:sloid:8733","TU":3}},{"type":"Feature","id":292,"geometry":{"type":"Point","coordinates":[8.015485697844861,46.908372258641123]},"properties":{"OBJECTID":292,"UUID":"{E4784CDB-5A68-E611-B7C2-F04DA23F2F2A}","HSTNAME":"Flühli LU, Krutacher","VMITTEL":2,"BFS_NR":1004,"GEMEINDE":"Flühli","EINWOHNER":23,"ARBEITSPL":14,"RADIUS":300,"DIDOKNR":8707,"ANGSTUFE":1,"SLOID":"ch:1:sloid:8707","TU":3}},{"type":"Feature","id":293,"geometry":{"type":"Point","coordinates":[7.9009114056398149,46.813854641488454]},"properties":{"OBJECTID":293,"UUID":"{35E9C1D5-5A68-E611-B7C2-F04DA23F2F2A}","HSTNAME":"Bumbach, Alpenrose","VMITTEL":2,"BFS_NR":906,"GEMEINDE":"Schangnau","EINWOHNER":0,"ARBEITSPL":0,"RADIUS":300,"DIDOKNR":8706,"ANGSTUFE":null,"SLOID":"ch:1:sloid:8706","TU":3}},{"type":"Feature","id":294,"geometry":{"type":"Point","coordinates":[8.3392910705114005,46.967554222006505]},"properties":{"OBJECTID":294,"UUID":"{3F774CDB-5A68-E611-B7C2-F04DA23F2F2A}","HSTNAME":"Stansstad, Abzw. Rotzloch","VMITTEL":2,"BFS_NR":1510,"GEMEINDE":"Stansstad","EINWOHNER":0,"ARBEITSPL":0,"RADIUS":300,"DIDOKNR":8732,"ANGSTUFE":null,"SLOID":"ch:1:sloid:8732","TU":3}},{"type":"Feature","id":295,"geometry":{"type":"Point","coordinates":[7.9150684347424969,46.882755961047685]},"properties":{"OBJECTID":295,"UUID":"{E0784CDB-5A68-E611-B7C2-F04DA23F2F2A}","HSTNAME":"Wiggen, Hilfernstrasse","VMITTEL":2,"BFS_NR":1010,"GEMEINDE":"Escholzmatt-Marbach","EINWOHNER":11,"ARBEITSPL":3,"RADIUS":300,"DIDOKNR":8737,"ANGSTUFE":2,"SLOID":"ch:1:sloid:8737","TU":3}},{"type":"Feature","id":296,"geometry":{"type":"Point","coordinates":[8.526197042924764,46.958394724761973]},"properties":{"OBJECTID":296,"UUID":"{94784CDB-5A68-E611-B7C2-F04DA23F2F2A}","HSTNAME":"Emmetten, Sagendorf","VMITTEL":2,"BFS_NR":1504,"GEMEINDE":"Emmetten","EINWOHNER":0,"ARBEITSPL":0,"RADIUS":300,"DIDOKNR":8735,"ANGSTUFE":null,"SLOID":"ch:1:sloid:8735","TU":3}},{"type":"Feature","id":297,"geometry":{"type":"Point","coordinates":[8.3493657170826658,46.979690852471244]},"properties":{"OBJECTID":297,"UUID":"{77774CDB-5A68-E611-B7C2-F04DA23F2F2A}","HSTNAME":"Stansstad, Abzw. Fürigen","VMITTEL":2,"BFS_NR":1510,"GEMEINDE":"Stansstad","EINWOHNER":0,"ARBEITSPL":0,"RADIUS":300,"DIDOKNR":8709,"ANGSTUFE":null,"SLOID":"ch:1:sloid:8709","TU":3}},{"type":"Feature","id":298,"geometry":{"type":"Point","coordinates":[8.3483484433237738,46.959206614514926]},"properties":{"OBJECTID":298,"UUID":"{F3794CDB-5A68-E611-B7C2-F04DA23F2F2A}","HSTNAME":"Stans, St. Josef","VMITTEL":2,"BFS_NR":1506,"GEMEINDE":"Ennetmoos","EINWOHNER":0,"ARBEITSPL":0,"RADIUS":300,"DIDOKNR":8734,"ANGSTUFE":null,"SLOID":"ch:1:sloid:8734","TU":3}},{"type":"Feature","id":299,"geometry":{"type":"Point","coordinates":[8.5844911995932005,46.967416559259924]},"properties":{"OBJECTID":299,"UUID":"{40784CDB-5A68-E611-B7C2-F04DA23F2F2A}","HSTNAME":"Seelisberg, Tanzplatz","VMITTEL":2,"BFS_NR":1215,"GEMEINDE":"Seelisberg","EINWOHNER":0,"ARBEITSPL":0,"RADIUS":300,"DIDOKNR":8736,"ANGSTUFE":null,"SLOID":"ch:1:sloid:8736","TU":3}},{"type":"Feature","id":300,"geometry":{"type":"Point","coordinates":[7.9032785496652842,46.863527141701333]},"properties":{"OBJECTID":300,"UUID":"{DB784CDB-5A68-E611-B7C2-F04DA23F2F2A}","HSTNAME":"Marbach LU, Ey","VMITTEL":2,"BFS_NR":1010,"GEMEINDE":"Escholzmatt-Marbach","EINWOHNER":44,"ARBEITSPL":17,"RADIUS":300,"DIDOKNR":8739,"ANGSTUFE":2,"SLOID":"ch:1:sloid:8739","TU":3}},{"type":"Feature","id":301,"geometry":{"type":"Point","coordinates":[7.910337198693175,46.872835572711175]},"properties":{"OBJECTID":301,"UUID":"{C3764CDB-5A68-E611-B7C2-F04DA23F2F2A}","HSTNAME":"Marbach LU, Neugaden","VMITTEL":2,"BFS_NR":1010,"GEMEINDE":"Escholzmatt-Marbach","EINWOHNER":117,"ARBEITSPL":9,"RADIUS":300,"DIDOKNR":8738,"ANGSTUFE":2,"SLOID":"ch:1:sloid:8738","TU":3}},{"type":"Feature","id":302,"geometry":{"type":"Point","coordinates":[8.2686724516256653,46.874036947359912]},"properties":{"OBJECTID":302,"UUID":"{1E7A4CDB-5A68-E611-B7C2-F04DA23F2F2A}","HSTNAME":"Flüeli-Ranft, St. Dorothea","VMITTEL":2,"BFS_NR":1406,"GEMEINDE":"Sachseln","EINWOHNER":0,"ARBEITSPL":0,"RADIUS":300,"DIDOKNR":8749,"ANGSTUFE":null,"SLOID":"ch:1:sloid:8749","TU":3}},{"type":"Feature","id":303,"geometry":{"type":"Point","coordinates":[8.2650087900962301,46.875502782491388]},"properties":{"OBJECTID":303,"UUID":"{97E8C1D5-5A68-E611-B7C2-F04DA23F2F2A}","HSTNAME":"Flüeli-Ranft, Z'Mos","VMITTEL":2,"BFS_NR":1406,"GEMEINDE":"Sachseln","EINWOHNER":0,"ARBEITSPL":0,"RADIUS":300,"DIDOKNR":8748,"ANGSTUFE":null,"SLOID":"ch:1:sloid:8748","TU":3}},{"type":"Feature","id":304,"geometry":{"type":"Point","coordinates":[7.9974837738682671,47.040513353551027]},"properties":{"OBJECTID":304,"UUID":"{51774CDB-5A68-E611-B7C2-F04DA23F2F2A}","HSTNAME":"Menzberg, Dorfplatz","VMITTEL":2,"BFS_NR":1136,"GEMEINDE":"Menznau","EINWOHNER":163,"ARBEITSPL":45,"RADIUS":300,"DIDOKNR":8772,"ANGSTUFE":1,"SLOID":"ch:1:sloid:8772","TU":3}},{"type":"Feature","id":305,"geometry":{"type":"Point","coordinates":[8.2391534188187272,46.86850791066918]},"properties":{"OBJECTID":305,"UUID":"{C3784CDB-5A68-E611-B7C2-F04DA23F2F2A}","HSTNAME":"Sachseln, Dorf","VMITTEL":2,"BFS_NR":1406,"GEMEINDE":"Sachseln","EINWOHNER":0,"ARBEITSPL":0,"RADIUS":300,"DIDOKNR":8743,"ANGSTUFE":null,"SLOID":"ch:1:sloid:8743","TU":3}},{"type":"Feature","id":306,"geometry":{"type":"Point","coordinates":[8.5154493708339967,46.956436123629068]},"properties":{"OBJECTID":306,"UUID":"{A3774CDB-5A68-E611-B7C2-F04DA23F2F2A}","HSTNAME":"Emmetten, Post","VMITTEL":2,"BFS_NR":1504,"GEMEINDE":"Emmetten","EINWOHNER":0,"ARBEITSPL":0,"RADIUS":300,"DIDOKNR":8755,"ANGSTUFE":null,"SLOID":"ch:1:sloid:8755","TU":3}},{"type":"Feature","id":307,"geometry":{"type":"Point","coordinates":[8.2099741166145606,47.009849602940939]},"properties":{"OBJECTID":307,"UUID":"{77784CDB-5A68-E611-B7C2-F04DA23F2F2A}","HSTNAME":"Eigenthal, Eigenthalerhof","VMITTEL":2,"BFS_NR":1066,"GEMEINDE":"Schwarzenberg","EINWOHNER":17,"ARBEITSPL":9,"RADIUS":300,"DIDOKNR":8754,"ANGSTUFE":1,"SLOID":"ch:1:sloid:8754","TU":3}},{"type":"Feature","id":308,"geometry":{"type":"Point","coordinates":[8.2450644924371819,46.868205536158193]},"properties":{"OBJECTID":308,"UUID":"{2B784CDB-5A68-E611-B7C2-F04DA23F2F2A}","HSTNAME":"Sachseln, Felsenheim","VMITTEL":2,"BFS_NR":1406,"GEMEINDE":"Sachseln","EINWOHNER":0,"ARBEITSPL":0,"RADIUS":300,"DIDOKNR":8745,"ANGSTUFE":null,"SLOID":"ch:1:sloid:8745","TU":3}},{"type":"Feature","id":309,"geometry":{"type":"Point","coordinates":[8.2389462914594791,46.865162935088428]},"properties":{"OBJECTID":309,"UUID":"{35774CDB-5A68-E611-B7C2-F04DA23F2F2A}","HSTNAME":"Sachseln, Steinen","VMITTEL":2,"BFS_NR":1406,"GEMEINDE":"Sachseln","EINWOHNER":0,"ARBEITSPL":0,"RADIUS":300,"DIDOKNR":8744,"ANGSTUFE":null,"SLOID":"ch:1:sloid:8744","TU":3}},{"type":"Feature","id":310,"geometry":{"type":"Point","coordinates":[8.0153028699370186,46.883959399066185]},"properties":{"OBJECTID":310,"UUID":"{B1784CDB-5A68-E611-B7C2-F04DA23F2F2A}","HSTNAME":"Flühli LU, Post","VMITTEL":2,"BFS_NR":1004,"GEMEINDE":"Flühli","EINWOHNER":260,"ARBEITSPL":127,"RADIUS":300,"DIDOKNR":8759,"ANGSTUFE":1,"SLOID":"ch:1:sloid:8759","TU":3}},{"type":"Feature","id":311,"geometry":{"type":"Point","coordinates":[8.0275696566634451,47.011056367340338]},"properties":{"OBJECTID":311,"UUID":"{3A774CDB-5A68-E611-B7C2-F04DA23F2F2A}","HSTNAME":"Romoos, Post","VMITTEL":2,"BFS_NR":1007,"GEMEINDE":"Romoos","EINWOHNER":126,"ARBEITSPL":57,"RADIUS":300,"DIDOKNR":8780,"ANGSTUFE":1,"SLOID":"ch:1:sloid:8780","TU":3}},{"type":"Feature","id":312,"geometry":{"type":"Point","coordinates":[8.2573151643723381,46.875953882720204]},"properties":{"OBJECTID":312,"UUID":"{37784CDB-5A68-E611-B7C2-F04DA23F2F2A}","HSTNAME":"Flüeli-Ranft, Kehrwäldli","VMITTEL":2,"BFS_NR":1406,"GEMEINDE":"Sachseln","EINWOHNER":0,"ARBEITSPL":0,"RADIUS":300,"DIDOKNR":8747,"ANGSTUFE":null,"SLOID":"ch:1:sloid:8747","TU":3}},{"type":"Feature","id":313,"geometry":{"type":"Point","coordinates":[8.2693309816834919,46.871657280825914]},"properties":{"OBJECTID":313,"UUID":"{59784CDB-5A68-E611-B7C2-F04DA23F2F2A}","HSTNAME":"Flüeli-Ranft, Dorf","VMITTEL":2,"BFS_NR":1406,"GEMEINDE":"Sachseln","EINWOHNER":0,"ARBEITSPL":0,"RADIUS":300,"DIDOKNR":8758,"ANGSTUFE":null,"SLOID":"ch:1:sloid:8758","TU":3}},{"type":"Feature","id":314,"geometry":{"type":"Point","coordinates":[8.2484255149249712,46.870160874293632]},"properties":{"OBJECTID":314,"UUID":"{34774CDB-5A68-E611-B7C2-F04DA23F2F2A}","HSTNAME":"Flüeli-Ranft, Chilchweg","VMITTEL":2,"BFS_NR":1406,"GEMEINDE":"Sachseln","EINWOHNER":0,"ARBEITSPL":0,"RADIUS":300,"DIDOKNR":8746,"ANGSTUFE":null,"SLOID":"ch:1:sloid:8746","TU":3}},{"type":"Feature","id":315,"geometry":{"type":"Point","coordinates":[8.2746390324118551,46.900926882057874]},"properties":{"OBJECTID":315,"UUID":"{BA774CDB-5A68-E611-B7C2-F04DA23F2F2A}","HSTNAME":"Kerns, Post","VMITTEL":2,"BFS_NR":1404,"GEMEINDE":"Kerns","EINWOHNER":0,"ARBEITSPL":0,"RADIUS":300,"DIDOKNR":8769,"ANGSTUFE":null,"SLOID":"ch:1:sloid:8769","TU":3}},{"type":"Feature","id":316,"geometry":{"type":"Point","coordinates":[7.8615658764362717,46.827518023775248]},"properties":{"OBJECTID":316,"UUID":"{C4754CDB-5A68-E611-B7C2-F04DA23F2F2A}","HSTNAME":"Schangnau, Post","VMITTEL":2,"BFS_NR":906,"GEMEINDE":"Schangnau","EINWOHNER":0,"ARBEITSPL":0,"RADIUS":300,"DIDOKNR":8784,"ANGSTUFE":null,"SLOID":"ch:1:sloid:8784","TU":3}},{"type":"Feature","id":317,"geometry":{"type":"Point","coordinates":[7.9356589181301036,46.80233861167698]},"properties":{"OBJECTID":317,"UUID":"{81E8C1D5-5A68-E611-B7C2-F04DA23F2F2A}","HSTNAME":"Kemmeriboden","VMITTEL":2,"BFS_NR":906,"GEMEINDE":"Schangnau","EINWOHNER":0,"ARBEITSPL":0,"RADIUS":300,"DIDOKNR":8768,"ANGSTUFE":null,"SLOID":"ch:1:sloid:8768","TU":3}},{"type":"Feature","id":318,"geometry":{"type":"Point","coordinates":[8.1731674940213122,47.013941137268333]},"properties":{"OBJECTID":318,"UUID":"{B4794CDB-5A68-E611-B7C2-F04DA23F2F2A}","HSTNAME":"Schwarzenberg LU, Rössli","VMITTEL":2,"BFS_NR":1066,"GEMEINDE":"Schwarzenberg","EINWOHNER":274,"ARBEITSPL":80,"RADIUS":300,"DIDOKNR":8787,"ANGSTUFE":2,"SLOID":"ch:1:sloid:8787","TU":3}},{"type":"Feature","id":319,"geometry":{"type":"Point","coordinates":[8.2899648410802094,46.835179250827771]},"properties":{"OBJECTID":319,"UUID":"{FC784CDB-5A68-E611-B7C2-F04DA23F2F2A}","HSTNAME":"Melchtal, Dorf","VMITTEL":2,"BFS_NR":1404,"GEMEINDE":"Kerns","EINWOHNER":0,"ARBEITSPL":0,"RADIUS":300,"DIDOKNR":8771,"ANGSTUFE":null,"SLOID":"ch:1:sloid:8771","TU":3}},{"type":"Feature","id":320,"geometry":{"type":"Point","coordinates":[8.0346100201466299,46.82181809670103]},"properties":{"OBJECTID":320,"UUID":"{AA754CDB-5A68-E611-B7C2-F04DA23F2F2A}","HSTNAME":"Sörenberg, Post","VMITTEL":2,"BFS_NR":1004,"GEMEINDE":"Flühli","EINWOHNER":109,"ARBEITSPL":264,"RADIUS":300,"DIDOKNR":8789,"ANGSTUFE":1,"SLOID":"ch:1:sloid:8789","TU":3}},{"type":"Feature","id":321,"geometry":{"type":"Point","coordinates":[7.8994279207133369,46.853395816997477]},"properties":{"OBJECTID":321,"UUID":"{A3784CDB-5A68-E611-B7C2-F04DA23F2F2A}","HSTNAME":"Marbach LU, Dorf","VMITTEL":2,"BFS_NR":1010,"GEMEINDE":"Escholzmatt-Marbach","EINWOHNER":265,"ARBEITSPL":68,"RADIUS":300,"DIDOKNR":8770,"ANGSTUFE":2,"SLOID":"ch:1:sloid:8770","TU":3}},{"type":"Feature","id":322,"geometry":{"type":"Point","coordinates":[8.2113550024595856,46.886483496295575]},"properties":{"OBJECTID":322,"UUID":"{DDE7C1D5-5A68-E611-B7C2-F04DA23F2F2A}","HSTNAME":"Stalden (Sarnen), Post","VMITTEL":2,"BFS_NR":1407,"GEMEINDE":"Sarnen","EINWOHNER":0,"ARBEITSPL":0,"RADIUS":300,"DIDOKNR":8790,"ANGSTUFE":null,"SLOID":"ch:1:sloid:8790","TU":3}},{"type":"Feature","id":323,"geometry":{"type":"Point","coordinates":[8.4752491222608146,46.966855249658813]},"properties":{"OBJECTID":323,"UUID":"{CE774CDB-5A68-E611-B7C2-F04DA23F2F2A}","HSTNAME":"Beckenried, Post","VMITTEL":2,"BFS_NR":1501,"GEMEINDE":"Beckenried","EINWOHNER":0,"ARBEITSPL":0,"RADIUS":300,"DIDOKNR":8797,"ANGSTUFE":null,"SLOID":"ch:1:sloid:8797","TU":3}},{"type":"Feature","id":324,"geometry":{"type":"Point","coordinates":[8.413643640546006,46.984946635794543]},"properties":{"OBJECTID":324,"UUID":"{21784CDB-5A68-E611-B7C2-F04DA23F2F2A}","HSTNAME":"Ennetbürgen, Dorf","VMITTEL":2,"BFS_NR":1505,"GEMEINDE":"Ennetbürgen","EINWOHNER":0,"ARBEITSPL":0,"RADIUS":300,"DIDOKNR":8799,"ANGSTUFE":null,"SLOID":"ch:1:sloid:8799","TU":3}},{"type":"Feature","id":325,"geometry":{"type":"Point","coordinates":[8.422313604905165,46.973852697741826]},"properties":{"OBJECTID":325,"UUID":"{B6E8C1D5-5A68-E611-B7C2-F04DA23F2F2A}","HSTNAME":"Buochs, Post","VMITTEL":2,"BFS_NR":1502,"GEMEINDE":"Buochs","EINWOHNER":0,"ARBEITSPL":0,"RADIUS":300,"DIDOKNR":8798,"ANGSTUFE":null,"SLOID":"ch:1:sloid:8798","TU":3}},{"type":"Feature","id":326,"geometry":{"type":"Point","coordinates":[8.2328660090542165,46.888648198673053]},"properties":{"OBJECTID":326,"UUID":"{24794CDB-5A68-E611-B7C2-F04DA23F2F2A}","HSTNAME":"Wilen (Sarnen), Kurhaus am See","VMITTEL":2,"BFS_NR":1407,"GEMEINDE":"Sarnen","EINWOHNER":0,"ARBEITSPL":0,"RADIUS":300,"DIDOKNR":8972,"ANGSTUFE":null,"SLOID":"ch:1:sloid:8972","TU":3}},{"type":"Feature","id":327,"geometry":{"type":"Point","coordinates":[8.3566004573699875,46.960787055007138]},"properties":{"OBJECTID":327,"UUID":"{69774CDB-5A68-E611-B7C2-F04DA23F2F2A}","HSTNAME":"Stans, Spital","VMITTEL":2,"BFS_NR":1509,"GEMEINDE":"Stans","EINWOHNER":0,"ARBEITSPL":0,"RADIUS":300,"DIDOKNR":8975,"ANGSTUFE":null,"SLOID":"ch:1:sloid:8975","TU":3}},{"type":"Feature","id":328,"geometry":{"type":"Point","coordinates":[8.2606729704847641,46.92230287908076]},"properties":{"OBJECTID":328,"UUID":"{1C7A4CDB-5A68-E611-B7C2-F04DA23F2F2A}","HSTNAME":"Kägiswil, Dorf","VMITTEL":2,"BFS_NR":1407,"GEMEINDE":"Sarnen","EINWOHNER":0,"ARBEITSPL":0,"RADIUS":300,"DIDOKNR":8974,"ANGSTUFE":null,"SLOID":"ch:1:sloid:8974","TU":3}},{"type":"Feature","id":329,"geometry":{"type":"Point","coordinates":[8.2175974334516262,46.876294024992873]},"properties":{"OBJECTID":329,"UUID":"{91E7C1D5-5A68-E611-B7C2-F04DA23F2F2A}","HSTNAME":"Wilen (Sarnen), Badmatt","VMITTEL":2,"BFS_NR":1407,"GEMEINDE":"Sarnen","EINWOHNER":0,"ARBEITSPL":0,"RADIUS":300,"DIDOKNR":8977,"ANGSTUFE":null,"SLOID":"ch:1:sloid:8977","TU":3}},{"type":"Feature","id":330,"geometry":{"type":"Point","coordinates":[8.2386516183239866,46.895642578463232]},"properties":{"OBJECTID":330,"UUID":"{90E7C1D5-5A68-E611-B7C2-F04DA23F2F2A}","HSTNAME":"Sarnen, Sonnenberg","VMITTEL":2,"BFS_NR":1407,"GEMEINDE":"Sarnen","EINWOHNER":0,"ARBEITSPL":0,"RADIUS":300,"DIDOKNR":8976,"ANGSTUFE":null,"SLOID":"ch:1:sloid:8976","TU":3}},{"type":"Feature","id":331,"geometry":{"type":"Point","coordinates":[8.2029975233416845,46.868970977958632]},"properties":{"OBJECTID":331,"UUID":"{4C774CDB-5A68-E611-B7C2-F04DA23F2F2A}","HSTNAME":"Oberwilen, Seefuren","VMITTEL":2,"BFS_NR":1407,"GEMEINDE":"Sarnen","EINWOHNER":0,"ARBEITSPL":0,"RADIUS":300,"DIDOKNR":8978,"ANGSTUFE":null,"SLOID":"ch:1:sloid:8978","TU":3}},{"type":"Feature","id":332,"geometry":{"type":"Point","coordinates":[8.2829493496667634,46.814110141925568]},"properties":{"OBJECTID":332,"UUID":"{147A4CDB-5A68-E611-B7C2-F04DA23F2F2A}","HSTNAME":"Melchtal, Sportcamp","VMITTEL":2,"BFS_NR":1404,"GEMEINDE":"Kerns","EINWOHNER":0,"ARBEITSPL":0,"RADIUS":300,"DIDOKNR":8971,"ANGSTUFE":null,"SLOID":"ch:1:sloid:8971","TU":3}},{"type":"Feature","id":333,"geometry":{"type":"Point","coordinates":[8.1953736776335546,46.8659540978745]},"properties":{"OBJECTID":333,"UUID":"{B1794CDB-5A68-E611-B7C2-F04DA23F2F2A}","HSTNAME":"Oberwilen, Mos","VMITTEL":2,"BFS_NR":1407,"GEMEINDE":"Sarnen","EINWOHNER":0,"ARBEITSPL":0,"RADIUS":300,"DIDOKNR":8980,"ANGSTUFE":null,"SLOID":"ch:1:sloid:8980","TU":3}},{"type":"Feature","id":334,"geometry":{"type":"Point","coordinates":[8.2692341785653749,46.900237555812694]},"properties":{"OBJECTID":334,"UUID":"{22784CDB-5A68-E611-B7C2-F04DA23F2F2A}","HSTNAME":"Kerns, Boll","VMITTEL":2,"BFS_NR":1404,"GEMEINDE":"Kerns","EINWOHNER":0,"ARBEITSPL":0,"RADIUS":300,"DIDOKNR":8970,"ANGSTUFE":null,"SLOID":"ch:1:sloid:8970","TU":3}},{"type":"Feature","id":335,"geometry":{"type":"Point","coordinates":[8.3762746009002633,47.04348838062802]},"properties":{"OBJECTID":335,"UUID":"{ECC99128-3E76-ED11-AECC-EC29E220B63D}","HSTNAME":"Meggen, Fischerdörfli","VMITTEL":2,"BFS_NR":1063,"GEMEINDE":"Meggen","EINWOHNER":279,"ARBEITSPL":30,"RADIUS":300,"DIDOKNR":9442,"ANGSTUFE":0,"SLOID":"ch:1:sloid:9442","TU":11}},{"type":"Feature","id":336,"geometry":{"type":"Point","coordinates":[8.630821164477247,46.875910910473564]},"properties":{"OBJECTID":336,"UUID":"{6A6CB08B-4376-EF11-AEFA-00505692A170}","HSTNAME":"Altdorf UR, Bahnhof West","VMITTEL":2,"BFS_NR":1201,"GEMEINDE":"Altdorf (UR)","EINWOHNER":0,"ARBEITSPL":0,"RADIUS":300,"DIDOKNR":10105,"ANGSTUFE":null,"SLOID":"ch:1:sloid:10105","TU":3}},{"type":"Feature","id":337,"geometry":{"type":"Point","coordinates":[8.423619208240904,47.030611017293275]},"properties":{"OBJECTID":337,"UUID":"{B5EBC072-424A-ED11-AEC8-00505692A170}","HSTNAME":"Weggis, Unterdorf","VMITTEL":2,"BFS_NR":1069,"GEMEINDE":"Weggis","EINWOHNER":189,"ARBEITSPL":16,"RADIUS":300,"DIDOKNR":10172,"ANGSTUFE":1,"SLOID":"ch:1:sloid:10172","TU":7}},{"type":"Feature","id":338,"geometry":{"type":"Point","coordinates":[8.4150672469638508,47.029435391074365]},"properties":{"OBJECTID":338,"UUID":"{F08B08E1-414A-ED11-AEC8-00505692A170}","HSTNAME":"Weggis, Sunnerainstrasse","VMITTEL":2,"BFS_NR":1069,"GEMEINDE":"Weggis","EINWOHNER":214,"ARBEITSPL":23,"RADIUS":300,"DIDOKNR":10175,"ANGSTUFE":1,"SLOID":"ch:1:sloid:10175","TU":7}},{"type":"Feature","id":339,"geometry":{"type":"Point","coordinates":[8.4197115373824527,47.029043510099584]},"properties":{"OBJECTID":339,"UUID":"{1DE0897B-3F4A-ED11-AEC8-00505692A170}","HSTNAME":"Weggis, Lido","VMITTEL":2,"BFS_NR":1069,"GEMEINDE":"Weggis","EINWOHNER":136,"ARBEITSPL":337,"RADIUS":300,"DIDOKNR":10174,"ANGSTUFE":1,"SLOID":"ch:1:sloid:10174","TU":7}},{"type":"Feature","id":340,"geometry":{"type":"Point","coordinates":[8.4039461041275274,47.027028950784938]},"properties":{"OBJECTID":340,"UUID":"{150FC833-3F4A-ED11-AEC8-00505692A170}","HSTNAME":"Weggis, Hertenstein","VMITTEL":2,"BFS_NR":1069,"GEMEINDE":"Weggis","EINWOHNER":82,"ARBEITSPL":163,"RADIUS":300,"DIDOKNR":10177,"ANGSTUFE":1,"SLOID":"ch:1:sloid:10177","TU":7}},{"type":"Feature","id":341,"geometry":{"type":"Point","coordinates":[8.4085814104174492,47.030402835460734]},"properties":{"OBJECTID":341,"UUID":"{802CC0AA-424A-ED11-AEC8-00505692A170}","HSTNAME":"Weggis, Zinnenstrasse","VMITTEL":2,"BFS_NR":1069,"GEMEINDE":"Weggis","EINWOHNER":64,"ARBEITSPL":200,"RADIUS":300,"DIDOKNR":10176,"ANGSTUFE":1,"SLOID":"ch:1:sloid:10176","TU":7}},{"type":"Feature","id":342,"geometry":{"type":"Point","coordinates":[8.2433149183026906,47.22763163518011]},"properties":{"OBJECTID":342,"UUID":"{86774CDB-5A68-E611-B7C2-F04DA23F2F2A}","HSTNAME":"Ermensee, Kapelle","VMITTEL":2,"BFS_NR":1025,"GEMEINDE":"Ermensee","EINWOHNER":558,"ARBEITSPL":91,"RADIUS":300,"DIDOKNR":10043,"ANGSTUFE":0,"SLOID":"ch:1:sloid:10043","TU":4}},{"type":"Feature","id":343,"geometry":{"type":"Point","coordinates":[8.2249347666544814,47.243859684612644]},"properties":{"OBJECTID":343,"UUID":"{1FE9C1D5-5A68-E611-B7C2-F04DA23F2F2A}","HSTNAME":"Mosen, Campingstrasse","VMITTEL":2,"BFS_NR":1030,"GEMEINDE":"Hitzkirch","EINWOHNER":214,"ARBEITSPL":35,"RADIUS":300,"DIDOKNR":10042,"ANGSTUFE":0,"SLOID":"ch:1:sloid:10042","TU":4}},{"type":"Feature","id":344,"geometry":{"type":"Point","coordinates":[8.3787932755921304,47.045034819486979]},"properties":{"OBJECTID":344,"UUID":"{AB90D070-3E76-ED11-AECC-EC29E220B63D}","HSTNAME":"Meggen, Schiffstation","VMITTEL":2,"BFS_NR":1063,"GEMEINDE":"Meggen","EINWOHNER":47,"ARBEITSPL":25,"RADIUS":300,"DIDOKNR":10023,"ANGSTUFE":0,"SLOID":"ch:1:sloid:10023","TU":11}},{"type":"Feature","id":345,"geometry":{"type":"Point","coordinates":[8.0769281445046506,47.187161482459572]},"properties":{"OBJECTID":345,"UUID":"{7A028275-A490-EB11-A2C5-662325A903D8}","HSTNAME":"St. Erhard, Galerie","VMITTEL":8,"BFS_NR":1089,"GEMEINDE":"Knutwil","EINWOHNER":198,"ARBEITSPL":9,"RADIUS":300,"DIDOKNR":10053,"ANGSTUFE":1,"SLOID":"ch:1:sloid:10053","TU":3}},{"type":"Feature","id":346,"geometry":{"type":"Point","coordinates":[8.0482111201175126,46.953755920057574]},"properties":{"OBJECTID":346,"UUID":"{88FD683D-C4EB-EC11-AEC0-00505692A170}","HSTNAME":"Hasle LU, Schwesterehüsli","VMITTEL":2,"BFS_NR":1005,"GEMEINDE":"Hasle","EINWOHNER":5,"ARBEITSPL":2,"RADIUS":300,"DIDOKNR":10605,"ANGSTUFE":1,"SLOID":"ch:1:sloid:10605","TU":3}},{"type":"Feature","id":347,"geometry":{"type":"Point","coordinates":[8.050634876483084,46.957790958041812]},"properties":{"OBJECTID":347,"UUID":"{BF10FF3E-C5EB-EC11-AEC0-00505692A170}","HSTNAME":"Hasle LU, Gruebehag","VMITTEL":2,"BFS_NR":1005,"GEMEINDE":"Hasle","EINWOHNER":11,"ARBEITSPL":4,"RADIUS":300,"DIDOKNR":10606,"ANGSTUFE":1,"SLOID":"ch:1:sloid:10606","TU":3}},{"type":"Feature","id":348,"geometry":{"type":"Point","coordinates":[8.424221079643635,47.032594827409724]},"properties":{"OBJECTID":348,"UUID":"{24D244F1-F850-ED11-AEC9-00505692A170}","HSTNAME":"Weggis, Kreuzstrasse","VMITTEL":2,"BFS_NR":1069,"GEMEINDE":"Weggis","EINWOHNER":420,"ARBEITSPL":114,"RADIUS":300,"DIDOKNR":10668,"ANGSTUFE":1,"SLOID":"ch:1:sloid:10668","TU":7}},{"type":"Feature","id":349,"geometry":{"type":"Point","coordinates":[8.3591381374961617,47.039311068941849]},"properties":{"OBJECTID":349,"UUID":"{E84ED39A-3B76-ED11-AECC-EC29E220B63D}","HSTNAME":"Meggen, Meggenhorn","VMITTEL":2,"BFS_NR":1063,"GEMEINDE":"Meggen","EINWOHNER":247,"ARBEITSPL":24,"RADIUS":300,"DIDOKNR":10499,"ANGSTUFE":0,"SLOID":"ch:1:sloid:10499","TU":11}},{"type":"Feature","id":350,"geometry":{"type":"Point","coordinates":[8.3705018255771364,47.041576155909645]},"properties":{"OBJECTID":350,"UUID":"{45EDE8DA-3D76-ED11-AECC-EC29E220B63D}","HSTNAME":"Meggen, Stampfiweg","VMITTEL":2,"BFS_NR":1063,"GEMEINDE":"Meggen","EINWOHNER":213,"ARBEITSPL":34,"RADIUS":300,"DIDOKNR":10501,"ANGSTUFE":0,"SLOID":"ch:1:sloid:10501","TU":11}},{"type":"Feature","id":351,"geometry":{"type":"Point","coordinates":[8.3733135528056213,47.049748035047706]},"properties":{"OBJECTID":351,"UUID":"{4A0986CA-3E76-ED11-AECC-EC29E220B63D}","HSTNAME":"Meggen, Schwerzihöhe","VMITTEL":2,"BFS_NR":1063,"GEMEINDE":"Meggen","EINWOHNER":182,"ARBEITSPL":47,"RADIUS":300,"DIDOKNR":10500,"ANGSTUFE":0,"SLOID":"ch:1:sloid:10500","TU":11}},{"type":"Feature","id":352,"geometry":{"type":"Point","coordinates":[8.1447282449755374,47.12553069752245]},"properties":{"OBJECTID":352,"UUID":"{DEED5EE4-20AC-EC11-AEBD-00505692A170}","HSTNAME":"Nottwil, Wysshüsli","VMITTEL":2,"BFS_NR":1094,"GEMEINDE":"Nottwil","EINWOHNER":252,"ARBEITSPL":24,"RADIUS":300,"DIDOKNR":10550,"ANGSTUFE":2,"SLOID":"ch:1:sloid:10550","TU":2}},{"type":"Feature","id":353,"geometry":{"type":"Point","coordinates":[8.582791694030087,47.001212598565019]},"properties":{"OBJECTID":353,"UUID":"{CFF97DAA-FE4D-ED11-AEC8-00505692A170}","HSTNAME":"Brunnen, Marina Fallenbach","VMITTEL":2,"BFS_NR":1364,"GEMEINDE":"Ingenbohl","EINWOHNER":0,"ARBEITSPL":0,"RADIUS":300,"DIDOKNR":10564,"ANGSTUFE":null,"SLOID":"ch:1:sloid:10564","TU":7}},{"type":"Feature","id":354,"geometry":{"type":"Point","coordinates":[8.3672050085309291,47.039133531246627]},"properties":{"OBJECTID":354,"UUID":"{BA2A3F2E-139B-ED11-AED0-81E3102C98B9}","HSTNAME":"Meggen, Altstadstrasse","VMITTEL":2,"BFS_NR":1063,"GEMEINDE":"Meggen","EINWOHNER":196,"ARBEITSPL":33,"RADIUS":300,"DIDOKNR":10891,"ANGSTUFE":0,"SLOID":"ch:1:sloid:10891","TU":11}},{"type":"Feature","id":355,"geometry":{"type":"Point","coordinates":[8.1074122283065968,47.161860751025564]},"properties":{"OBJECTID":355,"UUID":"{7CC2E3B5-B6E5-ED11-AED6-00505692A170}","HSTNAME":"Oberkirch LU, Münigen","VMITTEL":2,"BFS_NR":1095,"GEMEINDE":"Oberkirch","EINWOHNER":521,"ARBEITSPL":578,"RADIUS":300,"DIDOKNR":11088,"ANGSTUFE":2,"SLOID":"ch:1:sloid:11088","TU":2}},{"type":"Feature","id":356,"geometry":{"type":"Point","coordinates":[7.8553050832776528,46.824097642927129]},"properties":{"OBJECTID":356,"UUID":"{0EF8EAB6-1078-EF11-AEFA-00505692A170}","HSTNAME":"Schangnau, Käserei","VMITTEL":2,"BFS_NR":906,"GEMEINDE":"Schangnau","EINWOHNER":0,"ARBEITSPL":0,"RADIUS":300,"DIDOKNR":11242,"ANGSTUFE":null,"SLOID":"ch:1:sloid:11242","TU":3}},{"type":"Feature","id":357,"geometry":{"type":"Point","coordinates":[8.5170584601395483,47.183136694468189]},"properties":{"OBJECTID":357,"UUID":"{C4774CDB-5A68-E611-B7C2-F04DA23F2F2A}","HSTNAME":"Baar Lindenpark","VMITTEL":1,"BFS_NR":1701,"GEMEINDE":"Baar","EINWOHNER":0,"ARBEITSPL":0,"RADIUS":1000,"DIDOKNR":15993,"ANGSTUFE":null,"SLOID":"ch:1:sloid:15993","TU":6}},{"type":"Feature","id":358,"geometry":{"type":"Point","coordinates":[8.5177807834301262,47.18849295129764]},"properties":{"OBJECTID":358,"UUID":"{F6774CDB-5A68-E611-B7C2-F04DA23F2F2A}","HSTNAME":"Baar Neufeld","VMITTEL":1,"BFS_NR":1701,"GEMEINDE":"Baar","EINWOHNER":0,"ARBEITSPL":0,"RADIUS":1000,"DIDOKNR":15992,"ANGSTUFE":null,"SLOID":"ch:1:sloid:15992","TU":6}},{"type":"Feature","id":359,"geometry":{"type":"Point","coordinates":[8.3737604210423964,47.104825387505457]},"properties":{"OBJECTID":359,"UUID":"{F0784CDB-5A68-E611-B7C2-F04DA23F2F2A}","HSTNAME":"Root D4","VMITTEL":1,"BFS_NR":1065,"GEMEINDE":"Root","EINWOHNER":1955,"ARBEITSPL":3859,"RADIUS":1000,"DIDOKNR":15997,"ANGSTUFE":3,"SLOID":"ch:1:sloid:15997","TU":6}},{"type":"Feature","id":360,"geometry":{"type":"Point","coordinates":[8.4500952470596662,47.173607567262039]},"properties":{"OBJECTID":360,"UUID":"{1EE8C1D5-5A68-E611-B7C2-F04DA23F2F2A}","HSTNAME":"Hünenberg Zythus","VMITTEL":1,"BFS_NR":1703,"GEMEINDE":"Hünenberg","EINWOHNER":0,"ARBEITSPL":0,"RADIUS":1000,"DIDOKNR":15996,"ANGSTUFE":null,"SLOID":"ch:1:sloid:15996","TU":6}},{"type":"Feature","id":361,"geometry":{"type":"Point","coordinates":[8.3023373205946243,47.026575542497213]},"properties":{"OBJECTID":361,"UUID":"{99E8C1D5-5A68-E611-B7C2-F04DA23F2F2A}","HSTNAME":"Kriens Mattenhof","VMITTEL":1,"BFS_NR":1059,"GEMEINDE":"Kriens","EINWOHNER":6645,"ARBEITSPL":5740,"RADIUS":1000,"DIDOKNR":16351,"ANGSTUFE":4,"SLOID":"ch:1:sloid:16351","TU":12}},{"type":"Feature","id":362,"geometry":{"type":"Point","coordinates":[8.3566585018551116,47.093649915105885]},"properties":{"OBJECTID":362,"UUID":"{2F784CDB-5A68-E611-B7C2-F04DA23F2F2A}","HSTNAME":"Buchrain","VMITTEL":1,"BFS_NR":1054,"GEMEINDE":"Ebikon","EINWOHNER":9394,"ARBEITSPL":6956,"RADIUS":1000,"DIDOKNR":16350,"ANGSTUFE":3,"SLOID":"ch:1:sloid:16350","TU":6}},{"type":"Feature","id":363,"geometry":{"type":"Point","coordinates":[8.5072422093203546,47.173724921697705]},"properties":{"OBJECTID":363,"UUID":"{1F7A4CDB-5A68-E611-B7C2-F04DA23F2F2A}","HSTNAME":"Zug Schutzengel","VMITTEL":1,"BFS_NR":1711,"GEMEINDE":"Zug","EINWOHNER":0,"ARBEITSPL":0,"RADIUS":1000,"DIDOKNR":16187,"ANGSTUFE":null,"SLOID":"ch:1:sloid:16187","TU":6}},{"type":"Feature","id":364,"geometry":{"type":"Point","coordinates":[8.2805975429468042,47.180616029693169]},"properties":{"OBJECTID":364,"UUID":"{A0E8C1D5-5A68-E611-B7C2-F04DA23F2F2A}","HSTNAME":"Baldegg Kloster","VMITTEL":1,"BFS_NR":1031,"GEMEINDE":"Hochdorf","EINWOHNER":593,"ARBEITSPL":676,"RADIUS":1000,"DIDOKNR":16353,"ANGSTUFE":3,"SLOID":"ch:1:sloid:16353","TU":6}},{"type":"Feature","id":365,"geometry":{"type":"Point","coordinates":[8.069166749481365,47.065544875903107]},"properties":{"OBJECTID":365,"UUID":"{63764CDB-5A68-E611-B7C2-F04DA23F2F2A}","HSTNAME":"Wolhusen Weid","VMITTEL":1,"BFS_NR":1107,"GEMEINDE":"Wolhusen","EINWOHNER":2360,"ARBEITSPL":1277,"RADIUS":1000,"DIDOKNR":16354,"ANGSTUFE":3,"SLOID":"ch:1:sloid:16354","TU":10}},{"type":"Feature","id":366,"geometry":{"type":"Point","coordinates":[8.3372973276824602,47.053932316468718]},"properties":{"OBJECTID":366,"UUID":"{5A764CDB-5A68-E611-B7C2-F04DA23F2F2A}","HSTNAME":"Luzern Verkehrshaus","VMITTEL":1,"BFS_NR":1061,"GEMEINDE":"Luzern","EINWOHNER":6651,"ARBEITSPL":3450,"RADIUS":1000,"DIDOKNR":17336,"ANGSTUFE":3,"SLOID":"ch:1:sloid:17336","TU":6}},{"type":"Feature","id":367,"geometry":{"type":"Point","coordinates":[8.2950913823067669,47.051228245690787]},"properties":{"OBJECTID":367,"UUID":"{18E8C1D5-5A68-E611-B7C2-F04DA23F2F2A}","HSTNAME":"Luzern, Château Gütsch","VMITTEL":6,"BFS_NR":1061,"GEMEINDE":"Luzern","EINWOHNER":7748,"ARBEITSPL":1518,"RADIUS":1000,"DIDOKNR":30358,"ANGSTUFE":5,"SLOID":"ch:1:sloid:30358","TU":11}},{"type":"Feature","id":368,"geometry":{"type":"Point","coordinates":[8.2970911909424157,47.052004920914136]},"properties":{"OBJECTID":368,"UUID":"{5A774CDB-5A68-E611-B7C2-F04DA23F2F2A}","HSTNAME":"Luzern Gütsch (Talstation)","VMITTEL":6,"BFS_NR":1061,"GEMEINDE":"Luzern","EINWOHNER":11987,"ARBEITSPL":31731,"RADIUS":1000,"DIDOKNR":30357,"ANGSTUFE":5,"SLOID":"ch:1:sloid:30357","TU":11}},{"type":"Feature","id":369,"geometry":{"type":"Point","coordinates":[8.4407332869827734,47.034091104692678]},"properties":{"OBJECTID":369,"UUID":"{E6E8C1D5-5A68-E611-B7C2-F04DA23F2F2A}","HSTNAME":"Weggis (Luftseilbahn)","VMITTEL":6,"BFS_NR":1069,"GEMEINDE":"Weggis","EINWOHNER":1804,"ARBEITSPL":626,"RADIUS":1000,"DIDOKNR":30388,"ANGSTUFE":2,"SLOID":"ch:1:sloid:30388","TU":15}},{"type":"Feature","id":370,"geometry":{"type":"Point","coordinates":[8.439885701136431,47.076099541358282]},"properties":{"OBJECTID":370,"UUID":"{FD0A0890-76F4-E811-9581-F04DA23FCE90}","HSTNAME":"Küssnacht am Rigi (Talstation)","VMITTEL":2,"BFS_NR":1331,"GEMEINDE":"Küssnacht (SZ)","EINWOHNER":0,"ARBEITSPL":0,"RADIUS":300,"DIDOKNR":30387,"ANGSTUFE":null,"SLOID":"ch:1:sloid:30387","TU":0}},{"type":"Feature","id":371,"geometry":{"type":"Point","coordinates":[8.4649492611227437,47.043349697027438]},"properties":{"OBJECTID":371,"UUID":"{AF764CDB-5A68-E611-B7C2-F04DA23F2F2A}","HSTNAME":"Rigi Kaltbad (Luftseilbahn)","VMITTEL":6,"BFS_NR":1069,"GEMEINDE":"Weggis","EINWOHNER":19,"ARBEITSPL":89,"RADIUS":1000,"DIDOKNR":30687,"ANGSTUFE":2,"SLOID":"ch:1:sloid:30687","TU":15}},{"type":"Feature","id":372,"geometry":{"type":"Point","coordinates":[8.3005729958230035,47.077022361925714]},"properties":{"OBJECTID":372,"UUID":"{FE794CDB-5A68-E611-B7C2-F04DA23F2F2A}","HSTNAME":"Emmen, Sternen","VMITTEL":2,"BFS_NR":1024,"GEMEINDE":"Emmen","EINWOHNER":733,"ARBEITSPL":83,"RADIUS":300,"DIDOKNR":30774,"ANGSTUFE":4,"SLOID":"ch:1:sloid:30774","TU":1}},{"type":"Feature","id":373,"geometry":{"type":"Point","coordinates":[8.3743433307887827,46.995007432718197]},"properties":{"OBJECTID":373,"UUID":"{A1BC616C-0DAD-E711-B61F-F04DA23FCE90}","HSTNAME":"Bürgenstock, Residenzen","VMITTEL":2,"BFS_NR":1505,"GEMEINDE":"Ennetbürgen","EINWOHNER":0,"ARBEITSPL":0,"RADIUS":300,"DIDOKNR":57029,"ANGSTUFE":null,"SLOID":"ch:1:sloid:57029","TU":3}},{"type":"Feature","id":374,"geometry":{"type":"Point","coordinates":[8.2448437341962126,46.889374101295765]},"properties":{"OBJECTID":374,"UUID":"{A031B4F2-08AD-E711-B61F-F04DA23FCE90}","HSTNAME":"Sarnen, Seefeld Park/Spital","VMITTEL":2,"BFS_NR":1407,"GEMEINDE":"Sarnen","EINWOHNER":0,"ARBEITSPL":0,"RADIUS":300,"DIDOKNR":57023,"ANGSTUFE":null,"SLOID":"ch:1:sloid:57023","TU":3}},{"type":"Feature","id":375,"geometry":{"type":"Point","coordinates":[8.2432103161448005,46.878419777687647]},"properties":{"OBJECTID":375,"UUID":"{098C4013-0BAD-E711-B61F-F04DA23FCE90}","HSTNAME":"Sachseln, Seehof/Brüggi","VMITTEL":2,"BFS_NR":1406,"GEMEINDE":"Sachseln","EINWOHNER":0,"ARBEITSPL":0,"RADIUS":300,"DIDOKNR":57024,"ANGSTUFE":null,"SLOID":"ch:1:sloid:57024","TU":3}},{"type":"Feature","id":376,"geometry":{"type":"Point","coordinates":[8.384663369140867,46.99644306327869]},"properties":{"OBJECTID":376,"UUID":"{60D0238A-0CAD-E711-B61F-F04DA23FCE90}","HSTNAME":"Bürgenstock, Waldhotel","VMITTEL":2,"BFS_NR":1505,"GEMEINDE":"Ennetbürgen","EINWOHNER":0,"ARBEITSPL":0,"RADIUS":300,"DIDOKNR":57030,"ANGSTUFE":null,"SLOID":"ch:1:sloid:57030","TU":3}},{"type":"Feature","id":377,"geometry":{"type":"Point","coordinates":[8.3810384683963246,46.996670808560324]},"properties":{"OBJECTID":377,"UUID":"{DD918A0E-0DAD-E711-B61F-F04DA23FCE90}","HSTNAME":"Bürgenstock, Zentrum","VMITTEL":2,"BFS_NR":1505,"GEMEINDE":"Ennetbürgen","EINWOHNER":0,"ARBEITSPL":0,"RADIUS":300,"DIDOKNR":57028,"ANGSTUFE":null,"SLOID":"ch:1:sloid:57028","TU":3}},{"type":"Feature","id":378,"geometry":{"type":"Point","coordinates":[8.124761407953077,46.931086474571664]},"properties":{"OBJECTID":378,"UUID":"{77D0FBFF-811F-E711-AB4B-F04DA23FCE90}","HSTNAME":"Finsterwald LU, Gründli","VMITTEL":2,"BFS_NR":1002,"GEMEINDE":"Entlebuch","EINWOHNER":0,"ARBEITSPL":1,"RADIUS":300,"DIDOKNR":57062,"ANGSTUFE":1,"SLOID":"ch:1:sloid:57062","TU":3}},{"type":"Feature","id":379,"geometry":{"type":"Point","coordinates":[8.113982712212934,46.912457741742173]},"properties":{"OBJECTID":379,"UUID":"{6DDA3F41-821F-E711-AB4B-F04DA23FCE90}","HSTNAME":"Finsterwald LU, Rotbach","VMITTEL":2,"BFS_NR":1002,"GEMEINDE":"Entlebuch","EINWOHNER":0,"ARBEITSPL":0,"RADIUS":300,"DIDOKNR":57063,"ANGSTUFE":1,"SLOID":"ch:1:sloid:57063","TU":3}},{"type":"Feature","id":380,"geometry":{"type":"Point","coordinates":[8.1077519531042128,46.892776004787159]},"properties":{"OBJECTID":380,"UUID":"{A1D17494-09F8-E611-B2C4-F04DA23F2F2A}","HSTNAME":"Glaubenberg, Passhöhe","VMITTEL":2,"BFS_NR":1407,"GEMEINDE":"Sarnen","EINWOHNER":0,"ARBEITSPL":0,"RADIUS":300,"DIDOKNR":57064,"ANGSTUFE":null,"SLOID":"ch:1:sloid:57064","TU":3}},{"type":"Feature","id":381,"geometry":{"type":"Point","coordinates":[7.9792814031586019,47.217794090444265]},"properties":{"OBJECTID":381,"UUID":"{E3A15D8B-0625-E711-AB4B-F04DA23FCE90}","HSTNAME":"Dagmersellen, Bahnhof","VMITTEL":8,"BFS_NR":1125,"GEMEINDE":"Dagmersellen","EINWOHNER":616,"ARBEITSPL":504,"RADIUS":300,"DIDOKNR":57090,"ANGSTUFE":3,"SLOID":"ch:1:sloid:57090","TU":3}},{"type":"Feature","id":382,"geometry":{"type":"Point","coordinates":[7.9724277050211354,47.200402944341207]},"properties":{"OBJECTID":382,"UUID":"{93FF07B7-0625-E711-AB4B-F04DA23FCE90}","HSTNAME":"Altishofen, Kreisel","VMITTEL":2,"BFS_NR":1123,"GEMEINDE":"Altishofen","EINWOHNER":74,"ARBEITSPL":2015,"RADIUS":300,"DIDOKNR":57106,"ANGSTUFE":2,"SLOID":"ch:1:sloid:57106","TU":3}},{"type":"Feature","id":383,"geometry":{"type":"Point","coordinates":[8.3198218172336755,47.13455523945057]},"properties":{"OBJECTID":383,"UUID":"{6EC583C1-C31E-E711-AB4B-F04DA23FCE90}","HSTNAME":"Eschenbach LU, Lindenfeld","VMITTEL":2,"BFS_NR":1026,"GEMEINDE":"Eschenbach","EINWOHNER":715,"ARBEITSPL":234,"RADIUS":300,"DIDOKNR":57074,"ANGSTUFE":2,"SLOID":"ch:1:sloid:57074","TU":3}},{"type":"Feature","id":384,"geometry":{"type":"Point","coordinates":[7.9882929262068298,47.213406946112542]},"properties":{"OBJECTID":384,"UUID":"{85B0BB53-0625-E711-AB4B-F04DA23FCE90}","HSTNAME":"Dagmersellen, Löwen","VMITTEL":8,"BFS_NR":1125,"GEMEINDE":"Dagmersellen","EINWOHNER":1112,"ARBEITSPL":581,"RADIUS":300,"DIDOKNR":57089,"ANGSTUFE":3,"SLOID":"ch:1:sloid:57089","TU":3}},{"type":"Feature","id":385,"geometry":{"type":"Point","coordinates":[8.2391610429518884,46.869020615743203]},"properties":{"OBJECTID":385,"UUID":"{76490E3C-929F-E711-B61F-F04DA23FCE90}","HSTNAME":"Sachseln, Brünigstrasse","VMITTEL":2,"BFS_NR":1406,"GEMEINDE":"Sachseln","EINWOHNER":0,"ARBEITSPL":0,"RADIUS":300,"DIDOKNR":57092,"ANGSTUFE":null,"SLOID":"ch:1:sloid:57092","TU":3}},{"type":"Feature","id":386,"geometry":{"type":"Point","coordinates":[8.3898725029717571,47.124974686339137]},"properties":{"OBJECTID":386,"UUID":"{CE4AF8CD-C21E-E711-AB4B-F04DA23FCE90}","HSTNAME":"Inwil, Nussbaum","VMITTEL":2,"BFS_NR":1033,"GEMEINDE":"Inwil","EINWOHNER":30,"ARBEITSPL":15,"RADIUS":300,"DIDOKNR":57124,"ANGSTUFE":2,"SLOID":"ch:1:sloid:57124","TU":3}},{"type":"Feature","id":387,"geometry":{"type":"Point","coordinates":[7.9506312104534382,47.297636372173834]},"properties":{"OBJECTID":387,"UUID":"{CBE7C1D5-5A68-E611-B7C2-F04DA23F2F2A}","HSTNAME":"Zofingen, Ackerstrasse","VMITTEL":2,"BFS_NR":4289,"GEMEINDE":"Zofingen","EINWOHNER":0,"ARBEITSPL":0,"RADIUS":300,"DIDOKNR":72654,"ANGSTUFE":null,"SLOID":"ch:1:sloid:72654","TU":9}},{"type":"Feature","id":388,"geometry":{"type":"Point","coordinates":[8.0457567799442007,47.302985880290016]},"properties":{"OBJECTID":388,"UUID":"{92E8C1D5-5A68-E611-B7C2-F04DA23F2F2A}","HSTNAME":"Schöftland, Dreistein","VMITTEL":2,"BFS_NR":4144,"GEMEINDE":"Schöftland","EINWOHNER":0,"ARBEITSPL":0,"RADIUS":300,"DIDOKNR":72656,"ANGSTUFE":null,"SLOID":"ch:1:sloid:72656","TU":3}},{"type":"Feature","id":389,"geometry":{"type":"Point","coordinates":[8.0421302847893692,47.30269008095545]},"properties":{"OBJECTID":389,"UUID":"{35784CDB-5A68-E611-B7C2-F04DA23F2F2A}","HSTNAME":"Schöftland, Pikardie","VMITTEL":2,"BFS_NR":4144,"GEMEINDE":"Schöftland","EINWOHNER":0,"ARBEITSPL":0,"RADIUS":300,"DIDOKNR":72657,"ANGSTUFE":null,"SLOID":"ch:1:sloid:72657","TU":3}},{"type":"Feature","id":390,"geometry":{"type":"Point","coordinates":[8.0500710021691724,47.305598562004462]},"properties":{"OBJECTID":390,"UUID":"{2FE9C1D5-5A68-E611-B7C2-F04DA23F2F2A}","HSTNAME":"Schöftland, Bahnhof","VMITTEL":2,"BFS_NR":4144,"GEMEINDE":"Schöftland","EINWOHNER":0,"ARBEITSPL":0,"RADIUS":300,"DIDOKNR":72648,"ANGSTUFE":null,"SLOID":"ch:1:sloid:72648","TU":3}},{"type":"Feature","id":391,"geometry":{"type":"Point","coordinates":[8.081623543093583,47.229843515051009]},"properties":{"OBJECTID":391,"UUID":"{C9754CDB-5A68-E611-B7C2-F04DA23F2F2A}","HSTNAME":"Triengen, Grund","VMITTEL":8,"BFS_NR":1104,"GEMEINDE":"Triengen","EINWOHNER":302,"ARBEITSPL":152,"RADIUS":300,"DIDOKNR":72670,"ANGSTUFE":3,"SLOID":"ch:1:sloid:72670","TU":3}},{"type":"Feature","id":392,"geometry":{"type":"Point","coordinates":[8.045012287467264,47.282832578128556]},"properties":{"OBJECTID":392,"UUID":"{0B784CDB-5A68-E611-B7C2-F04DA23F2F2A}","HSTNAME":"Staffelbach, Suhrenbrücke","VMITTEL":2,"BFS_NR":4284,"GEMEINDE":"Staffelbach","EINWOHNER":0,"ARBEITSPL":0,"RADIUS":300,"DIDOKNR":72660,"ANGSTUFE":null,"SLOID":"ch:1:sloid:72660","TU":3}},{"type":"Feature","id":393,"geometry":{"type":"Point","coordinates":[8.059815634857344,47.280469163387302]},"properties":{"OBJECTID":393,"UUID":"{B2794CDB-5A68-E611-B7C2-F04DA23F2F2A}","HSTNAME":"Kirchleerau, Fabrik Hunziker","VMITTEL":2,"BFS_NR":4275,"GEMEINDE":"Kirchleerau","EINWOHNER":0,"ARBEITSPL":0,"RADIUS":300,"DIDOKNR":72661,"ANGSTUFE":null,"SLOID":"ch:1:sloid:72661","TU":3}},{"type":"Feature","id":394,"geometry":{"type":"Point","coordinates":[8.077270776797441,47.233573619967018]},"properties":{"OBJECTID":394,"UUID":"{44774CDB-5A68-E611-B7C2-F04DA23F2F2A}","HSTNAME":"Triengen, Dorf","VMITTEL":8,"BFS_NR":1104,"GEMEINDE":"Triengen","EINWOHNER":1013,"ARBEITSPL":886,"RADIUS":300,"DIDOKNR":72669,"ANGSTUFE":3,"SLOID":"ch:1:sloid:72669","TU":3}},{"type":"Feature","id":395,"geometry":{"type":"Point","coordinates":[8.0487186014040244,47.24740046272597]},"properties":{"OBJECTID":395,"UUID":"{0F794CDB-5A68-E611-B7C2-F04DA23F2F2A}","HSTNAME":"Reitnau, Halde","VMITTEL":2,"BFS_NR":4281,"GEMEINDE":"Reitnau","EINWOHNER":0,"ARBEITSPL":0,"RADIUS":300,"DIDOKNR":72666,"ANGSTUFE":null,"SLOID":"ch:1:sloid:72666","TU":3}},{"type":"Feature","id":396,"geometry":{"type":"Point","coordinates":[7.9979852917260894,47.130327613655709]},"properties":{"OBJECTID":396,"UUID":"{80784CDB-5A68-E611-B7C2-F04DA23F2F2A}","HSTNAME":"Willisau, Widenmatt","VMITTEL":2,"BFS_NR":1151,"GEMEINDE":"Willisau","EINWOHNER":23,"ARBEITSPL":165,"RADIUS":300,"DIDOKNR":72802,"ANGSTUFE":4,"SLOID":"ch:1:sloid:72802","TU":3}},{"type":"Feature","id":397,"geometry":{"type":"Point","coordinates":[8.0396690023849704,47.073366935583358]},"properties":{"OBJECTID":397,"UUID":"{58784CDB-5A68-E611-B7C2-F04DA23F2F2A}","HSTNAME":"Menznau, Untertreien","VMITTEL":2,"BFS_NR":1136,"GEMEINDE":"Menznau","EINWOHNER":7,"ARBEITSPL":2,"RADIUS":300,"DIDOKNR":72818,"ANGSTUFE":1,"SLOID":"ch:1:sloid:72818","TU":3}},{"type":"Feature","id":398,"geometry":{"type":"Point","coordinates":[8.0411122003572171,47.083165061487833]},"properties":{"OBJECTID":398,"UUID":"{CD754CDB-5A68-E611-B7C2-F04DA23F2F2A}","HSTNAME":"Menznau, Bahnhof","VMITTEL":2,"BFS_NR":1136,"GEMEINDE":"Menznau","EINWOHNER":815,"ARBEITSPL":279,"RADIUS":300,"DIDOKNR":72816,"ANGSTUFE":1,"SLOID":"ch:1:sloid:72816","TU":3}},{"type":"Feature","id":399,"geometry":{"type":"Point","coordinates":[7.9530257879044575,47.064288402795789]},"properties":{"OBJECTID":399,"UUID":"{9A794CDB-5A68-E611-B7C2-F04DA23F2F2A}","HSTNAME":"Hübeli LU, Hintersagi","VMITTEL":2,"BFS_NR":1132,"GEMEINDE":"Hergiswil","EINWOHNER":110,"ARBEITSPL":27,"RADIUS":300,"DIDOKNR":72800,"ANGSTUFE":2,"SLOID":"ch:1:sloid:72800","TU":3}},{"type":"Feature","id":400,"geometry":{"type":"Point","coordinates":[7.9523503638660502,47.058363603533515]},"properties":{"OBJECTID":400,"UUID":"{5A784CDB-5A68-E611-B7C2-F04DA23F2F2A}","HSTNAME":"Hübeli LU, Sagematt","VMITTEL":2,"BFS_NR":1132,"GEMEINDE":"Hergiswil","EINWOHNER":10,"ARBEITSPL":5,"RADIUS":300,"DIDOKNR":72801,"ANGSTUFE":2,"SLOID":"ch:1:sloid:72801","TU":3}},{"type":"Feature","id":401,"geometry":{"type":"Point","coordinates":[8.0130276073752249,47.066693782881124]},"properties":{"OBJECTID":401,"UUID":"{C3754CDB-5A68-E611-B7C2-F04DA23F2F2A}","HSTNAME":"Menznau, Twerenegg","VMITTEL":2,"BFS_NR":1136,"GEMEINDE":"Menznau","EINWOHNER":20,"ARBEITSPL":9,"RADIUS":300,"DIDOKNR":72822,"ANGSTUFE":1,"SLOID":"ch:1:sloid:72822","TU":3}},{"type":"Feature","id":402,"geometry":{"type":"Point","coordinates":[8.0139853515601853,47.149875964195708]},"properties":{"OBJECTID":402,"UUID":"{3E784CDB-5A68-E611-B7C2-F04DA23F2F2A}","HSTNAME":"Ettiswil, Hinterdorf","VMITTEL":2,"BFS_NR":1128,"GEMEINDE":"Ettiswil","EINWOHNER":342,"ARBEITSPL":60,"RADIUS":300,"DIDOKNR":72806,"ANGSTUFE":1,"SLOID":"ch:1:sloid:72806","TU":3}},{"type":"Feature","id":403,"geometry":{"type":"Point","coordinates":[8.0010467988259162,47.155795667344115]},"properties":{"OBJECTID":403,"UUID":"{357A4CDB-5A68-E611-B7C2-F04DA23F2F2A}","HSTNAME":"Alberswil, Unterdorf","VMITTEL":2,"BFS_NR":1121,"GEMEINDE":"Alberswil","EINWOHNER":39,"ARBEITSPL":29,"RADIUS":300,"DIDOKNR":72807,"ANGSTUFE":3,"SLOID":"ch:1:sloid:72807","TU":3}},{"type":"Feature","id":404,"geometry":{"type":"Point","coordinates":[7.9986480720000461,47.060045325442751]},"properties":{"OBJECTID":404,"UUID":"{BBE7C1D5-5A68-E611-B7C2-F04DA23F2F2A}","HSTNAME":"Menzberg, Buchen","VMITTEL":2,"BFS_NR":1136,"GEMEINDE":"Menznau","EINWOHNER":19,"ARBEITSPL":7,"RADIUS":300,"DIDOKNR":72823,"ANGSTUFE":1,"SLOID":"ch:1:sloid:72823","TU":3}},{"type":"Feature","id":405,"geometry":{"type":"Point","coordinates":[8.004471821846618,47.141728632210722]},"properties":{"OBJECTID":405,"UUID":"{B9794CDB-5A68-E611-B7C2-F04DA23F2F2A}","HSTNAME":"Alberswil, Burgrain","VMITTEL":2,"BFS_NR":1121,"GEMEINDE":"Alberswil","EINWOHNER":19,"ARBEITSPL":4,"RADIUS":300,"DIDOKNR":72804,"ANGSTUFE":4,"SLOID":"ch:1:sloid:72804","TU":3}},{"type":"Feature","id":406,"geometry":{"type":"Point","coordinates":[8.0302210555651765,47.064321780846548]},"properties":{"OBJECTID":406,"UUID":"{B2784CDB-5A68-E611-B7C2-F04DA23F2F2A}","HSTNAME":"Menznau, Höhe","VMITTEL":2,"BFS_NR":1136,"GEMEINDE":"Menznau","EINWOHNER":19,"ARBEITSPL":6,"RADIUS":300,"DIDOKNR":72820,"ANGSTUFE":1,"SLOID":"ch:1:sloid:72820","TU":3}},{"type":"Feature","id":407,"geometry":{"type":"Point","coordinates":[7.9682945061110946,47.196167425912435]},"properties":{"OBJECTID":407,"UUID":"{5C83F9D5-A54B-EE11-AEDF-00505692A170}","HSTNAME":"Altishofen, Bäckerei","VMITTEL":2,"BFS_NR":1123,"GEMEINDE":"Altishofen","EINWOHNER":276,"ARBEITSPL":30,"RADIUS":300,"DIDOKNR":72810,"ANGSTUFE":1,"SLOID":"ch:1:sloid:72810","TU":3}},{"type":"Feature","id":408,"geometry":{"type":"Point","coordinates":[7.967161826361373,47.201740470307605]},"properties":{"OBJECTID":408,"UUID":"{D0754CDB-5A68-E611-B7C2-F04DA23F2F2A}","HSTNAME":"Altishofen, Unterdorf","VMITTEL":2,"BFS_NR":1123,"GEMEINDE":"Altishofen","EINWOHNER":635,"ARBEITSPL":200,"RADIUS":300,"DIDOKNR":72811,"ANGSTUFE":1,"SLOID":"ch:1:sloid:72811","TU":3}},{"type":"Feature","id":409,"geometry":{"type":"Point","coordinates":[7.9933239534570211,47.045435919419269]},"properties":{"OBJECTID":409,"UUID":"{A6764CDB-5A68-E611-B7C2-F04DA23F2F2A}","HSTNAME":"Menzberg, Hasenrank","VMITTEL":2,"BFS_NR":1136,"GEMEINDE":"Menznau","EINWOHNER":29,"ARBEITSPL":4,"RADIUS":300,"DIDOKNR":72826,"ANGSTUFE":1,"SLOID":"ch:1:sloid:72826","TU":3}},{"type":"Feature","id":410,"geometry":{"type":"Point","coordinates":[7.9943979572434509,47.166972765565575]},"properties":{"OBJECTID":410,"UUID":"{B0E7C1D5-5A68-E611-B7C2-F04DA23F2F2A}","HSTNAME":"Schötz, Moosbrücke","VMITTEL":2,"BFS_NR":1143,"GEMEINDE":"Schötz","EINWOHNER":238,"ARBEITSPL":220,"RADIUS":300,"DIDOKNR":72808,"ANGSTUFE":3,"SLOID":"ch:1:sloid:72808","TU":3}},{"type":"Feature","id":411,"geometry":{"type":"Point","coordinates":[8.0405048297738748,46.988258017753722]},"properties":{"OBJECTID":411,"UUID":"{B7E8C1D5-5A68-E611-B7C2-F04DA23F2F2A}","HSTNAME":"Habschwanden, Schulhaus","VMITTEL":2,"BFS_NR":1005,"GEMEINDE":"Hasle","EINWOHNER":32,"ARBEITSPL":10,"RADIUS":300,"DIDOKNR":72834,"ANGSTUFE":0,"SLOID":"ch:1:sloid:72834","TU":3}},{"type":"Feature","id":412,"geometry":{"type":"Point","coordinates":[7.9925868776727418,47.040321184153477]},"properties":{"OBJECTID":412,"UUID":"{A8E8C1D5-5A68-E611-B7C2-F04DA23F2F2A}","HSTNAME":"Menzberg, Oberlehn/Napf","VMITTEL":2,"BFS_NR":1136,"GEMEINDE":"Menznau","EINWOHNER":12,"ARBEITSPL":1,"RADIUS":300,"DIDOKNR":72827,"ANGSTUFE":1,"SLOID":"ch:1:sloid:72827","TU":3}},{"type":"Feature","id":413,"geometry":{"type":"Point","coordinates":[7.985849826995663,47.177169028490873]},"properties":{"OBJECTID":413,"UUID":"{BF784CDB-5A68-E611-B7C2-F04DA23F2F2A}","HSTNAME":"Schötz, Neubühl","VMITTEL":2,"BFS_NR":1143,"GEMEINDE":"Schötz","EINWOHNER":372,"ARBEITSPL":413,"RADIUS":300,"DIDOKNR":72809,"ANGSTUFE":3,"SLOID":"ch:1:sloid:72809","TU":3}},{"type":"Feature","id":414,"geometry":{"type":"Point","coordinates":[8.0251116818505093,46.984676603842694]},"properties":{"OBJECTID":414,"UUID":"{4B764CDB-5A68-E611-B7C2-F04DA23F2F2A}","HSTNAME":"Habschwanden, Ennetegg/Bachg.","VMITTEL":2,"BFS_NR":1005,"GEMEINDE":"Hasle","EINWOHNER":18,"ARBEITSPL":5,"RADIUS":300,"DIDOKNR":72835,"ANGSTUFE":0,"SLOID":"ch:1:sloid:72835","TU":3}},{"type":"Feature","id":415,"geometry":{"type":"Point","coordinates":[7.9985292157426215,47.056222937648727]},"properties":{"OBJECTID":415,"UUID":"{8E784CDB-5A68-E611-B7C2-F04DA23F2F2A}","HSTNAME":"Menzberg, Buchensäge","VMITTEL":2,"BFS_NR":1136,"GEMEINDE":"Menznau","EINWOHNER":5,"ARBEITSPL":7,"RADIUS":300,"DIDOKNR":72824,"ANGSTUFE":1,"SLOID":"ch:1:sloid:72824","TU":3}},{"type":"Feature","id":416,"geometry":{"type":"Point","coordinates":[8.0508437433922637,46.97959473515813]},"properties":{"OBJECTID":416,"UUID":"{71AAEB66-7E46-EE11-AEDE-00505692A170}","HSTNAME":"Hasle LU, Post","VMITTEL":2,"BFS_NR":1005,"GEMEINDE":"Hasle","EINWOHNER":178,"ARBEITSPL":119,"RADIUS":300,"DIDOKNR":72832,"ANGSTUFE":0,"SLOID":"ch:1:sloid:72832","TU":3}},{"type":"Feature","id":417,"geometry":{"type":"Point","coordinates":[8.0471599193908396,46.978112101089522]},"properties":{"OBJECTID":417,"UUID":"{4D774CDB-5A68-E611-B7C2-F04DA23F2F2A}","HSTNAME":"Hasle LU, Bahnhof","VMITTEL":2,"BFS_NR":1005,"GEMEINDE":"Hasle","EINWOHNER":141,"ARBEITSPL":194,"RADIUS":300,"DIDOKNR":72833,"ANGSTUFE":1,"SLOID":"ch:1:sloid:72833","TU":3}},{"type":"Feature","id":418,"geometry":{"type":"Point","coordinates":[8.0629550624608051,47.029903529416984]},"properties":{"OBJECTID":418,"UUID":"{F0754CDB-5A68-E611-B7C2-F04DA23F2F2A}","HSTNAME":"Burgmatt (Fontannen)","VMITTEL":2,"BFS_NR":1001,"GEMEINDE":"Doppleschwand","EINWOHNER":5,"ARBEITSPL":1,"RADIUS":300,"DIDOKNR":72849,"ANGSTUFE":1,"SLOID":"ch:1:sloid:72849","TU":3}},{"type":"Feature","id":419,"geometry":{"type":"Point","coordinates":[7.9955368845182742,47.04944608394436]},"properties":{"OBJECTID":419,"UUID":"{1BE9C1D5-5A68-E611-B7C2-F04DA23F2F2A}","HSTNAME":"Menzberg, Gutenegg","VMITTEL":2,"BFS_NR":1151,"GEMEINDE":"Willisau","EINWOHNER":4,"ARBEITSPL":19,"RADIUS":300,"DIDOKNR":72825,"ANGSTUFE":1,"SLOID":"ch:1:sloid:72825","TU":3}},{"type":"Feature","id":420,"geometry":{"type":"Point","coordinates":[7.990022430001539,46.981522287276306]},"properties":{"OBJECTID":420,"UUID":"{25E9C1D5-5A68-E611-B7C2-F04DA23F2F2A}","HSTNAME":"Bramboden, Seebli/Luogmoos","VMITTEL":2,"BFS_NR":1007,"GEMEINDE":"Romoos","EINWOHNER":19,"ARBEITSPL":5,"RADIUS":300,"DIDOKNR":72838,"ANGSTUFE":0,"SLOID":"ch:1:sloid:72838","TU":3}},{"type":"Feature","id":421,"geometry":{"type":"Point","coordinates":[8.0218578004142085,47.008243002964356]},"properties":{"OBJECTID":421,"UUID":"{E8E8C1D5-5A68-E611-B7C2-F04DA23F2F2A}","HSTNAME":"Romoos, Talherrenburg","VMITTEL":2,"BFS_NR":1007,"GEMEINDE":"Romoos","EINWOHNER":16,"ARBEITSPL":5,"RADIUS":300,"DIDOKNR":72854,"ANGSTUFE":1,"SLOID":"ch:1:sloid:72854","TU":3}},{"type":"Feature","id":422,"geometry":{"type":"Point","coordinates":[8.1676629166894674,47.027955150920583]},"properties":{"OBJECTID":422,"UUID":"{E8764CDB-5A68-E611-B7C2-F04DA23F2F2A}","HSTNAME":"Malters, Schürmatt","VMITTEL":2,"BFS_NR":1062,"GEMEINDE":"Malters","EINWOHNER":16,"ARBEITSPL":4,"RADIUS":300,"DIDOKNR":72830,"ANGSTUFE":2,"SLOID":"ch:1:sloid:72830","TU":3}},{"type":"Feature","id":423,"geometry":{"type":"Point","coordinates":[7.9847678346097268,46.979226615691701]},"properties":{"OBJECTID":423,"UUID":"{02784CDB-5A68-E611-B7C2-F04DA23F2F2A}","HSTNAME":"Bramboden, Kirchplatz","VMITTEL":2,"BFS_NR":1007,"GEMEINDE":"Romoos","EINWOHNER":13,"ARBEITSPL":7,"RADIUS":300,"DIDOKNR":72839,"ANGSTUFE":0,"SLOID":"ch:1:sloid:72839","TU":3}},{"type":"Feature","id":424,"geometry":{"type":"Point","coordinates":[8.0182424847352767,47.003466803085153]},"properties":{"OBJECTID":424,"UUID":"{04E9C1D5-5A68-E611-B7C2-F04DA23F2F2A}","HSTNAME":"Romoos, Stude","VMITTEL":2,"BFS_NR":1007,"GEMEINDE":"Romoos","EINWOHNER":5,"ARBEITSPL":3,"RADIUS":300,"DIDOKNR":72855,"ANGSTUFE":1,"SLOID":"ch:1:sloid:72855","TU":3}},{"type":"Feature","id":425,"geometry":{"type":"Point","coordinates":[8.0182808285829434,46.981428002868356]},"properties":{"OBJECTID":425,"UUID":"{62784CDB-5A68-E611-B7C2-F04DA23F2F2A}","HSTNAME":"Habschwanden, Diepleschwand","VMITTEL":2,"BFS_NR":1002,"GEMEINDE":"Entlebuch","EINWOHNER":16,"ARBEITSPL":9,"RADIUS":300,"DIDOKNR":72836,"ANGSTUFE":0,"SLOID":"ch:1:sloid:72836","TU":3}},{"type":"Feature","id":426,"geometry":{"type":"Point","coordinates":[8.0380253464368323,47.016993145452467]},"properties":{"OBJECTID":426,"UUID":"{76784CDB-5A68-E611-B7C2-F04DA23F2F2A}","HSTNAME":"Doppleschwand, Brüggweid","VMITTEL":2,"BFS_NR":1001,"GEMEINDE":"Doppleschwand","EINWOHNER":5,"ARBEITSPL":7,"RADIUS":300,"DIDOKNR":72852,"ANGSTUFE":1,"SLOID":"ch:1:sloid:72852","TU":3}},{"type":"Feature","id":427,"geometry":{"type":"Point","coordinates":[8.0037733695594486,46.980501883695865]},"properties":{"OBJECTID":427,"UUID":"{5A794CDB-5A68-E611-B7C2-F04DA23F2F2A}","HSTNAME":"Bramboden, Glashütte","VMITTEL":2,"BFS_NR":1007,"GEMEINDE":"Romoos","EINWOHNER":1,"ARBEITSPL":0,"RADIUS":300,"DIDOKNR":72837,"ANGSTUFE":0,"SLOID":"ch:1:sloid:72837","TU":3}},{"type":"Feature","id":428,"geometry":{"type":"Point","coordinates":[8.1820558438981035,47.038459478317932]},"properties":{"OBJECTID":428,"UUID":"{0C764CDB-5A68-E611-B7C2-F04DA23F2F2A}","HSTNAME":"Malters, Bahnhof","VMITTEL":2,"BFS_NR":1062,"GEMEINDE":"Malters","EINWOHNER":1134,"ARBEITSPL":837,"RADIUS":300,"DIDOKNR":72829,"ANGSTUFE":2,"SLOID":"ch:1:sloid:72829","TU":3}},{"type":"Feature","id":429,"geometry":{"type":"Point","coordinates":[8.0292486639661771,47.011857321625385]},"properties":{"OBJECTID":429,"UUID":"{0FE9C1D5-5A68-E611-B7C2-F04DA23F2F2A}","HSTNAME":"Romoos, Flühboden","VMITTEL":2,"BFS_NR":1007,"GEMEINDE":"Romoos","EINWOHNER":50,"ARBEITSPL":10,"RADIUS":300,"DIDOKNR":72853,"ANGSTUFE":1,"SLOID":"ch:1:sloid:72853","TU":3}},{"type":"Feature","id":430,"geometry":{"type":"Point","coordinates":[7.9114997277932355,46.812498030519173]},"properties":{"OBJECTID":430,"UUID":"{2F7A4CDB-5A68-E611-B7C2-F04DA23F2F2A}","HSTNAME":"Bumbach, Bödeli","VMITTEL":2,"BFS_NR":906,"GEMEINDE":"Schangnau","EINWOHNER":0,"ARBEITSPL":0,"RADIUS":300,"DIDOKNR":72868,"ANGSTUFE":null,"SLOID":"ch:1:sloid:72868","TU":3}},{"type":"Feature","id":431,"geometry":{"type":"Point","coordinates":[8.0718691775259153,47.058432808581358]},"properties":{"OBJECTID":431,"UUID":"{30E8C1D5-5A68-E611-B7C2-F04DA23F2F2A}","HSTNAME":"Wolhusen, Viadukt","VMITTEL":2,"BFS_NR":1107,"GEMEINDE":"Wolhusen","EINWOHNER":347,"ARBEITSPL":186,"RADIUS":300,"DIDOKNR":72843,"ANGSTUFE":2,"SLOID":"ch:1:sloid:72843","TU":3}},{"type":"Feature","id":432,"geometry":{"type":"Point","coordinates":[8.0043051792494904,46.998561911831942]},"properties":{"OBJECTID":432,"UUID":"{A2764CDB-5A68-E611-B7C2-F04DA23F2F2A}","HSTNAME":"Romoos, Schwändi Zyberlibahn","VMITTEL":2,"BFS_NR":1007,"GEMEINDE":"Romoos","EINWOHNER":0,"ARBEITSPL":0,"RADIUS":300,"DIDOKNR":72858,"ANGSTUFE":1,"SLOID":"ch:1:sloid:72858","TU":3}},{"type":"Feature","id":433,"geometry":{"type":"Point","coordinates":[7.9236919854944166,46.808893757751527]},"properties":{"OBJECTID":433,"UUID":"{17784CDB-5A68-E611-B7C2-F04DA23F2F2A}","HSTNAME":"Bumbach, Schwand","VMITTEL":2,"BFS_NR":906,"GEMEINDE":"Schangnau","EINWOHNER":0,"ARBEITSPL":0,"RADIUS":300,"DIDOKNR":72869,"ANGSTUFE":null,"SLOID":"ch:1:sloid:72869","TU":3}},{"type":"Feature","id":434,"geometry":{"type":"Point","coordinates":[7.9964621927352884,47.00804537141488]},"properties":{"OBJECTID":434,"UUID":"{DA764CDB-5A68-E611-B7C2-F04DA23F2F2A}","HSTNAME":"Romoos, Holzwäge","VMITTEL":2,"BFS_NR":1007,"GEMEINDE":"Romoos","EINWOHNER":10,"ARBEITSPL":5,"RADIUS":300,"DIDOKNR":72859,"ANGSTUFE":0,"SLOID":"ch:1:sloid:72859","TU":3}},{"type":"Feature","id":435,"geometry":{"type":"Point","coordinates":[8.0793793190561001,47.05573756213979]},"properties":{"OBJECTID":435,"UUID":"{63784CDB-5A68-E611-B7C2-F04DA23F2F2A}","HSTNAME":"Wolhusen, Bahnhof","VMITTEL":2,"BFS_NR":1107,"GEMEINDE":"Wolhusen","EINWOHNER":197,"ARBEITSPL":325,"RADIUS":300,"DIDOKNR":72840,"ANGSTUFE":3,"SLOID":"ch:1:sloid:72840","TU":3}},{"type":"Feature","id":436,"geometry":{"type":"Point","coordinates":[8.0130592131109086,46.915922653621962]},"properties":{"OBJECTID":436,"UUID":"{8D774CDB-5A68-E611-B7C2-F04DA23F2F2A}","HSTNAME":"Flühli LU, Usser-Lamm","VMITTEL":2,"BFS_NR":1004,"GEMEINDE":"Flühli","EINWOHNER":3,"ARBEITSPL":2,"RADIUS":300,"DIDOKNR":72874,"ANGSTUFE":1,"SLOID":"ch:1:sloid:72874","TU":3}},{"type":"Feature","id":437,"geometry":{"type":"Point","coordinates":[8.0161275861018009,46.998772902582353]},"properties":{"OBJECTID":437,"UUID":"{64794CDB-5A68-E611-B7C2-F04DA23F2F2A}","HSTNAME":"Romoos, Adlisberg","VMITTEL":2,"BFS_NR":1007,"GEMEINDE":"Romoos","EINWOHNER":10,"ARBEITSPL":6,"RADIUS":300,"DIDOKNR":72856,"ANGSTUFE":1,"SLOID":"ch:1:sloid:72856","TU":3}},{"type":"Feature","id":438,"geometry":{"type":"Point","coordinates":[8.014369086559288,46.996631850510916]},"properties":{"OBJECTID":438,"UUID":"{25784CDB-5A68-E611-B7C2-F04DA23F2F2A}","HSTNAME":"Romoos, Schmitteli","VMITTEL":2,"BFS_NR":1007,"GEMEINDE":"Romoos","EINWOHNER":15,"ARBEITSPL":3,"RADIUS":300,"DIDOKNR":72857,"ANGSTUFE":1,"SLOID":"ch:1:sloid:72857","TU":3}},{"type":"Feature","id":439,"geometry":{"type":"Point","coordinates":[8.0695633207284825,47.042559807550582]},"properties":{"OBJECTID":439,"UUID":"{02764CDB-5A68-E611-B7C2-F04DA23F2F2A}","HSTNAME":"Wolhusen, Neuemsern-Rossei","VMITTEL":2,"BFS_NR":1009,"GEMEINDE":"Werthenstein","EINWOHNER":17,"ARBEITSPL":29,"RADIUS":300,"DIDOKNR":72846,"ANGSTUFE":1,"SLOID":"ch:1:sloid:72846","TU":3}},{"type":"Feature","id":440,"geometry":{"type":"Point","coordinates":[8.0148472519208234,46.892876240495333]},"properties":{"OBJECTID":440,"UUID":"{16774CDB-5A68-E611-B7C2-F04DA23F2F2A}","HSTNAME":"Flühli LU, Matzenbach","VMITTEL":2,"BFS_NR":1004,"GEMEINDE":"Flühli","EINWOHNER":33,"ARBEITSPL":19,"RADIUS":300,"DIDOKNR":72875,"ANGSTUFE":1,"SLOID":"ch:1:sloid:72875","TU":3}},{"type":"Feature","id":441,"geometry":{"type":"Point","coordinates":[8.1442196816950219,46.836775038102317]},"properties":{"OBJECTID":441,"UUID":"{A0774CDB-5A68-E611-B7C2-F04DA23F2F2A}","HSTNAME":"Giswil, Bärecken","VMITTEL":2,"BFS_NR":1403,"GEMEINDE":"Giswil","EINWOHNER":0,"ARBEITSPL":0,"RADIUS":300,"DIDOKNR":72890,"ANGSTUFE":null,"SLOID":"ch:1:sloid:72890","TU":3}},{"type":"Feature","id":442,"geometry":{"type":"Point","coordinates":[7.9089873202800254,46.895509613597007]},"properties":{"OBJECTID":442,"UUID":"{FB764CDB-5A68-E611-B7C2-F04DA23F2F2A}","HSTNAME":"Wiggen, Egghus","VMITTEL":2,"BFS_NR":1010,"GEMEINDE":"Escholzmatt-Marbach","EINWOHNER":152,"ARBEITSPL":26,"RADIUS":300,"DIDOKNR":72862,"ANGSTUFE":2,"SLOID":"ch:1:sloid:72862","TU":3}},{"type":"Feature","id":443,"geometry":{"type":"Point","coordinates":[8.0068391097352389,46.93978259019223]},"properties":{"OBJECTID":443,"UUID":"{4F774CDB-5A68-E611-B7C2-F04DA23F2F2A}","HSTNAME":"Schüpfheim, Badhus","VMITTEL":2,"BFS_NR":1008,"GEMEINDE":"Schüpfheim","EINWOHNER":51,"ARBEITSPL":26,"RADIUS":300,"DIDOKNR":72872,"ANGSTUFE":1,"SLOID":"ch:1:sloid:72872","TU":3}},{"type":"Feature","id":444,"geometry":{"type":"Point","coordinates":[8.0708814312912001,47.056153446726036]},"properties":{"OBJECTID":444,"UUID":"{C7774CDB-5A68-E611-B7C2-F04DA23F2F2A}","HSTNAME":"Wolhusen, Markt","VMITTEL":2,"BFS_NR":1009,"GEMEINDE":"Werthenstein","EINWOHNER":504,"ARBEITSPL":236,"RADIUS":300,"DIDOKNR":72844,"ANGSTUFE":2,"SLOID":"ch:1:sloid:72844","TU":3}},{"type":"Feature","id":445,"geometry":{"type":"Point","coordinates":[8.1540472573534242,46.830551939596816]},"properties":{"OBJECTID":445,"UUID":"{2A7A4CDB-5A68-E611-B7C2-F04DA23F2F2A}","HSTNAME":"Giswil, Rütimatt","VMITTEL":2,"BFS_NR":1403,"GEMEINDE":"Giswil","EINWOHNER":0,"ARBEITSPL":0,"RADIUS":300,"DIDOKNR":72891,"ANGSTUFE":null,"SLOID":"ch:1:sloid:72891","TU":3}},{"type":"Feature","id":446,"geometry":{"type":"Point","coordinates":[7.9100756722401657,46.86993111854553]},"properties":{"OBJECTID":446,"UUID":"{AAE7C1D5-5A68-E611-B7C2-F04DA23F2F2A}","HSTNAME":"Marbach LU, Schufelbühl","VMITTEL":2,"BFS_NR":1010,"GEMEINDE":"Escholzmatt-Marbach","EINWOHNER":26,"ARBEITSPL":5,"RADIUS":300,"DIDOKNR":72863,"ANGSTUFE":2,"SLOID":"ch:1:sloid:72863","TU":3}},{"type":"Feature","id":447,"geometry":{"type":"Point","coordinates":[8.0096333476416266,46.935765742563497]},"properties":{"OBJECTID":447,"UUID":"{78764CDB-5A68-E611-B7C2-F04DA23F2F2A}","HSTNAME":"Schüpfheim, Wegmattensäge","VMITTEL":2,"BFS_NR":1008,"GEMEINDE":"Schüpfheim","EINWOHNER":52,"ARBEITSPL":29,"RADIUS":300,"DIDOKNR":72873,"ANGSTUFE":1,"SLOID":"ch:1:sloid:72873","TU":3}},{"type":"Feature","id":448,"geometry":{"type":"Point","coordinates":[8.0674282282776417,47.051260972093218]},"properties":{"OBJECTID":448,"UUID":"{1A784CDB-5A68-E611-B7C2-F04DA23F2F2A}","HSTNAME":"Wolhusen, Emsern","VMITTEL":2,"BFS_NR":1009,"GEMEINDE":"Werthenstein","EINWOHNER":493,"ARBEITSPL":229,"RADIUS":300,"DIDOKNR":72845,"ANGSTUFE":2,"SLOID":"ch:1:sloid:72845","TU":3}},{"type":"Feature","id":449,"geometry":{"type":"Point","coordinates":[8.1321700679448661,46.828419756765541]},"properties":{"OBJECTID":449,"UUID":"{EC784CDB-5A68-E611-B7C2-F04DA23F2F2A}","HSTNAME":"Giswil, Abzw. Brosmatt","VMITTEL":2,"BFS_NR":1403,"GEMEINDE":"Giswil","EINWOHNER":0,"ARBEITSPL":0,"RADIUS":300,"DIDOKNR":72888,"ANGSTUFE":null,"SLOID":"ch:1:sloid:72888","TU":3}},{"type":"Feature","id":450,"geometry":{"type":"Point","coordinates":[8.0560681613268539,47.022483639426447]},"properties":{"OBJECTID":450,"UUID":"{EB754CDB-5A68-E611-B7C2-F04DA23F2F2A}","HSTNAME":"Doppleschwand, Spittel","VMITTEL":2,"BFS_NR":1001,"GEMEINDE":"Doppleschwand","EINWOHNER":223,"ARBEITSPL":32,"RADIUS":300,"DIDOKNR":72850,"ANGSTUFE":1,"SLOID":"ch:1:sloid:72850","TU":3}},{"type":"Feature","id":451,"geometry":{"type":"Point","coordinates":[8.0164946075203236,46.871530573792569]},"properties":{"OBJECTID":451,"UUID":"{93784CDB-5A68-E611-B7C2-F04DA23F2F2A}","HSTNAME":"Flühli LU, Hochwald","VMITTEL":2,"BFS_NR":1004,"GEMEINDE":"Flühli","EINWOHNER":24,"ARBEITSPL":5,"RADIUS":300,"DIDOKNR":72878,"ANGSTUFE":1,"SLOID":"ch:1:sloid:72878","TU":3}},{"type":"Feature","id":452,"geometry":{"type":"Point","coordinates":[8.0444381613668945,47.018821522043034]},"properties":{"OBJECTID":452,"UUID":"{B8E7C1D5-5A68-E611-B7C2-F04DA23F2F2A}","HSTNAME":"Doppleschwand, Hohfuren","VMITTEL":2,"BFS_NR":1001,"GEMEINDE":"Doppleschwand","EINWOHNER":0,"ARBEITSPL":0,"RADIUS":300,"DIDOKNR":72851,"ANGSTUFE":1,"SLOID":"ch:1:sloid:72851","TU":3}},{"type":"Feature","id":453,"geometry":{"type":"Point","coordinates":[8.138154857292772,46.834854114285442]},"properties":{"OBJECTID":453,"UUID":"{C5E8C1D5-5A68-E611-B7C2-F04DA23F2F2A}","HSTNAME":"Giswil, Buechenegg","VMITTEL":2,"BFS_NR":1403,"GEMEINDE":"Giswil","EINWOHNER":0,"ARBEITSPL":0,"RADIUS":300,"DIDOKNR":72889,"ANGSTUFE":null,"SLOID":"ch:1:sloid:72889","TU":3}},{"type":"Feature","id":454,"geometry":{"type":"Point","coordinates":[7.8746524197042556,46.818608372342659]},"properties":{"OBJECTID":454,"UUID":"{6E794CDB-5A68-E611-B7C2-F04DA23F2F2A}","HSTNAME":"Schangnau, Stein","VMITTEL":2,"BFS_NR":906,"GEMEINDE":"Schangnau","EINWOHNER":0,"ARBEITSPL":0,"RADIUS":300,"DIDOKNR":72866,"ANGSTUFE":null,"SLOID":"ch:1:sloid:72866","TU":3}},{"type":"Feature","id":455,"geometry":{"type":"Point","coordinates":[8.0127268488854586,46.846622866239592]},"properties":{"OBJECTID":455,"UUID":"{50784CDB-5A68-E611-B7C2-F04DA23F2F2A}","HSTNAME":"Sörenberg, Mittlere Hirsegg","VMITTEL":2,"BFS_NR":1004,"GEMEINDE":"Flühli","EINWOHNER":4,"ARBEITSPL":1,"RADIUS":300,"DIDOKNR":72879,"ANGSTUFE":1,"SLOID":"ch:1:sloid:72879","TU":3}},{"type":"Feature","id":456,"geometry":{"type":"Point","coordinates":[7.8808891088935589,46.816911281038749]},"properties":{"OBJECTID":456,"UUID":"{81774CDB-5A68-E611-B7C2-F04DA23F2F2A}","HSTNAME":"Schangnau, Leu","VMITTEL":2,"BFS_NR":906,"GEMEINDE":"Schangnau","EINWOHNER":0,"ARBEITSPL":0,"RADIUS":300,"DIDOKNR":72867,"ANGSTUFE":null,"SLOID":"ch:1:sloid:72867","TU":3}},{"type":"Feature","id":457,"geometry":{"type":"Point","coordinates":[8.0165726137587487,46.880021957653867]},"properties":{"OBJECTID":457,"UUID":"{D3764CDB-5A68-E611-B7C2-F04DA23F2F2A}","HSTNAME":"Flühli LU, Torbach","VMITTEL":2,"BFS_NR":1004,"GEMEINDE":"Flühli","EINWOHNER":110,"ARBEITSPL":68,"RADIUS":300,"DIDOKNR":72876,"ANGSTUFE":1,"SLOID":"ch:1:sloid:72876","TU":3}},{"type":"Feature","id":458,"geometry":{"type":"Point","coordinates":[8.1792665156182327,46.832523416519024]},"properties":{"OBJECTID":458,"UUID":"{0B7A4CDB-5A68-E611-B7C2-F04DA23F2F2A}","HSTNAME":"Giswil, Kirche","VMITTEL":2,"BFS_NR":1403,"GEMEINDE":"Giswil","EINWOHNER":0,"ARBEITSPL":0,"RADIUS":300,"DIDOKNR":72892,"ANGSTUFE":null,"SLOID":"ch:1:sloid:72892","TU":3}},{"type":"Feature","id":459,"geometry":{"type":"Point","coordinates":[7.8753383785127911,46.83535535165214]},"properties":{"OBJECTID":459,"UUID":"{C0764CDB-5A68-E611-B7C2-F04DA23F2F2A}","HSTNAME":"Schangnau, Wald","VMITTEL":2,"BFS_NR":906,"GEMEINDE":"Schangnau","EINWOHNER":0,"ARBEITSPL":0,"RADIUS":300,"DIDOKNR":72864,"ANGSTUFE":null,"SLOID":"ch:1:sloid:72864","TU":3}},{"type":"Feature","id":460,"geometry":{"type":"Point","coordinates":[8.0174072658449358,46.87589779245797]},"properties":{"OBJECTID":460,"UUID":"{FDE8C1D5-5A68-E611-B7C2-F04DA23F2F2A}","HSTNAME":"Flühli LU, Hüttlenen","VMITTEL":2,"BFS_NR":1004,"GEMEINDE":"Flühli","EINWOHNER":65,"ARBEITSPL":51,"RADIUS":300,"DIDOKNR":72877,"ANGSTUFE":1,"SLOID":"ch:1:sloid:72877","TU":3}},{"type":"Feature","id":461,"geometry":{"type":"Point","coordinates":[8.1863122447499581,46.836795537147971]},"properties":{"OBJECTID":461,"UUID":"{327A4CDB-5A68-E611-B7C2-F04DA23F2F2A}","HSTNAME":"Giswil, Bahnhof","VMITTEL":2,"BFS_NR":1403,"GEMEINDE":"Giswil","EINWOHNER":0,"ARBEITSPL":0,"RADIUS":300,"DIDOKNR":72893,"ANGSTUFE":null,"SLOID":"ch:1:sloid:72893","TU":3}},{"type":"Feature","id":462,"geometry":{"type":"Point","coordinates":[7.8699970919102675,46.832928830650388]},"properties":{"OBJECTID":462,"UUID":"{B4774CDB-5A68-E611-B7C2-F04DA23F2F2A}","HSTNAME":"Schangnau, Grunachen","VMITTEL":2,"BFS_NR":906,"GEMEINDE":"Schangnau","EINWOHNER":0,"ARBEITSPL":0,"RADIUS":300,"DIDOKNR":72865,"ANGSTUFE":null,"SLOID":"ch:1:sloid:72865","TU":3}},{"type":"Feature","id":463,"geometry":{"type":"Point","coordinates":[8.0301875384870947,46.823649167748854]},"properties":{"OBJECTID":463,"UUID":"{AD764CDB-5A68-E611-B7C2-F04DA23F2F2A}","HSTNAME":"Sörenberg, Schulhaus","VMITTEL":2,"BFS_NR":1004,"GEMEINDE":"Flühli","EINWOHNER":309,"ARBEITSPL":99,"RADIUS":300,"DIDOKNR":72882,"ANGSTUFE":2,"SLOID":"ch:1:sloid:72882","TU":3}},{"type":"Feature","id":464,"geometry":{"type":"Point","coordinates":[8.0146458270238128,46.950088375433438]},"properties":{"OBJECTID":464,"UUID":"{0BE9C1D5-5A68-E611-B7C2-F04DA23F2F2A}","HSTNAME":"Schüpfheim, Bahnhof","VMITTEL":2,"BFS_NR":1008,"GEMEINDE":"Schüpfheim","EINWOHNER":610,"ARBEITSPL":651,"RADIUS":300,"DIDOKNR":72870,"ANGSTUFE":2,"SLOID":"ch:1:sloid:72870","TU":3}},{"type":"Feature","id":465,"geometry":{"type":"Point","coordinates":[8.244995952565807,46.898656625929036]},"properties":{"OBJECTID":465,"UUID":"{BEE8C1D5-5A68-E611-B7C2-F04DA23F2F2A}","HSTNAME":"Sarnen, Ei","VMITTEL":2,"BFS_NR":1407,"GEMEINDE":"Sarnen","EINWOHNER":0,"ARBEITSPL":0,"RADIUS":300,"DIDOKNR":72904,"ANGSTUFE":null,"SLOID":"ch:1:sloid:72904","TU":3}},{"type":"Feature","id":466,"geometry":{"type":"Point","coordinates":[8.2600984802106456,46.897586739379506]},"properties":{"OBJECTID":466,"UUID":"{A2784CDB-5A68-E611-B7C2-F04DA23F2F2A}","HSTNAME":"Kerns, Foribach","VMITTEL":2,"BFS_NR":1404,"GEMEINDE":"Kerns","EINWOHNER":0,"ARBEITSPL":0,"RADIUS":300,"DIDOKNR":72898,"ANGSTUFE":null,"SLOID":"ch:1:sloid:72898","TU":3}},{"type":"Feature","id":467,"geometry":{"type":"Point","coordinates":[8.0454687870557038,46.816696473122342]},"properties":{"OBJECTID":467,"UUID":"{9AE7C1D5-5A68-E611-B7C2-F04DA23F2F2A}","HSTNAME":"Sörenberg, Flühhütten","VMITTEL":2,"BFS_NR":1004,"GEMEINDE":"Flühli","EINWOHNER":75,"ARBEITSPL":9,"RADIUS":300,"DIDOKNR":72883,"ANGSTUFE":1,"SLOID":"ch:1:sloid:72883","TU":3}},{"type":"Feature","id":468,"geometry":{"type":"Point","coordinates":[8.2181554702142066,46.887651819275149]},"properties":{"OBJECTID":468,"UUID":"{DEE8C1D5-5A68-E611-B7C2-F04DA23F2F2A}","HSTNAME":"Stalden (Sarnen), Brünischwand","VMITTEL":2,"BFS_NR":1407,"GEMEINDE":"Sarnen","EINWOHNER":0,"ARBEITSPL":0,"RADIUS":300,"DIDOKNR":72905,"ANGSTUFE":null,"SLOID":"ch:1:sloid:72905","TU":3}},{"type":"Feature","id":469,"geometry":{"type":"Point","coordinates":[8.0075410459330971,46.944060930792965]},"properties":{"OBJECTID":469,"UUID":"{41764CDB-5A68-E611-B7C2-F04DA23F2F2A}","HSTNAME":"Schüpfheim, Landbrücke","VMITTEL":2,"BFS_NR":1008,"GEMEINDE":"Schüpfheim","EINWOHNER":248,"ARBEITSPL":88,"RADIUS":300,"DIDOKNR":72871,"ANGSTUFE":1,"SLOID":"ch:1:sloid:72871","TU":3}},{"type":"Feature","id":470,"geometry":{"type":"Point","coordinates":[8.2380547943704006,46.892570208690792]},"properties":{"OBJECTID":470,"UUID":"{CA784CDB-5A68-E611-B7C2-F04DA23F2F2A}","HSTNAME":"Sarnen, Kirchhofen","VMITTEL":2,"BFS_NR":1407,"GEMEINDE":"Sarnen","EINWOHNER":0,"ARBEITSPL":0,"RADIUS":300,"DIDOKNR":72910,"ANGSTUFE":null,"SLOID":"ch:1:sloid:72910","TU":3}},{"type":"Feature","id":471,"geometry":{"type":"Point","coordinates":[8.0253087209848051,46.825725287680932]},"properties":{"OBJECTID":471,"UUID":"{0E784CDB-5A68-E611-B7C2-F04DA23F2F2A}","HSTNAME":"Sörenberg, Camping","VMITTEL":2,"BFS_NR":1004,"GEMEINDE":"Flühli","EINWOHNER":10,"ARBEITSPL":3,"RADIUS":300,"DIDOKNR":72881,"ANGSTUFE":2,"SLOID":"ch:1:sloid:72881","TU":3}},{"type":"Feature","id":472,"geometry":{"type":"Point","coordinates":[8.2772649590999894,46.889204184268742]},"properties":{"OBJECTID":472,"UUID":"{CA754CDB-5A68-E611-B7C2-F04DA23F2F2A}","HSTNAME":"Kerns, Bodacher","VMITTEL":2,"BFS_NR":1404,"GEMEINDE":"Kerns","EINWOHNER":0,"ARBEITSPL":0,"RADIUS":300,"DIDOKNR":72911,"ANGSTUFE":null,"SLOID":"ch:1:sloid:72911","TU":3}},{"type":"Feature","id":473,"geometry":{"type":"Point","coordinates":[8.2473807898940112,46.894042988844376]},"properties":{"OBJECTID":473,"UUID":"{D6764CDB-5A68-E611-B7C2-F04DA23F2F2A}","HSTNAME":"Sarnen, Bahnhof","VMITTEL":2,"BFS_NR":1407,"GEMEINDE":"Sarnen","EINWOHNER":0,"ARBEITSPL":0,"RADIUS":300,"DIDOKNR":72897,"ANGSTUFE":null,"SLOID":"ch:1:sloid:72897","TU":3}},{"type":"Feature","id":474,"geometry":{"type":"Point","coordinates":[8.0787859367018129,46.810703659977605]},"properties":{"OBJECTID":474,"UUID":"{C9784CDB-5A68-E611-B7C2-F04DA23F2F2A}","HSTNAME":"Giswil, Emmenrank","VMITTEL":2,"BFS_NR":1403,"GEMEINDE":"Giswil","EINWOHNER":0,"ARBEITSPL":0,"RADIUS":300,"DIDOKNR":72886,"ANGSTUFE":null,"SLOID":"ch:1:sloid:72886","TU":3}},{"type":"Feature","id":475,"geometry":{"type":"Point","coordinates":[8.2706052560216108,46.9396738601802]},"properties":{"OBJECTID":475,"UUID":"{83E8C1D5-5A68-E611-B7C2-F04DA23F2F2A}","HSTNAME":"Alpnach Dorf, Brünigstrasse","VMITTEL":2,"BFS_NR":1401,"GEMEINDE":"Alpnach","EINWOHNER":0,"ARBEITSPL":0,"RADIUS":300,"DIDOKNR":72908,"ANGSTUFE":null,"SLOID":"ch:1:sloid:72908","TU":3}},{"type":"Feature","id":476,"geometry":{"type":"Point","coordinates":[8.3277690122583241,46.948654152581618]},"properties":{"OBJECTID":476,"UUID":"{A8764CDB-5A68-E611-B7C2-F04DA23F2F2A}","HSTNAME":"Ennetmoos, Schützenhaus","VMITTEL":2,"BFS_NR":1506,"GEMEINDE":"Ennetmoos","EINWOHNER":0,"ARBEITSPL":0,"RADIUS":300,"DIDOKNR":72902,"ANGSTUFE":null,"SLOID":"ch:1:sloid:72902","TU":3}},{"type":"Feature","id":477,"geometry":{"type":"Point","coordinates":[8.1239695605569722,46.830817056946735]},"properties":{"OBJECTID":477,"UUID":"{D1764CDB-5A68-E611-B7C2-F04DA23F2F2A}","HSTNAME":"Giswil, Jwi","VMITTEL":2,"BFS_NR":1403,"GEMEINDE":"Giswil","EINWOHNER":0,"ARBEITSPL":0,"RADIUS":300,"DIDOKNR":72887,"ANGSTUFE":null,"SLOID":"ch:1:sloid:72887","TU":3}},{"type":"Feature","id":478,"geometry":{"type":"Point","coordinates":[8.2969433701643229,46.846984839347506]},"properties":{"OBJECTID":478,"UUID":"{17764CDB-5A68-E611-B7C2-F04DA23F2F2A}","HSTNAME":"Melchtal, gedeckte Brücke","VMITTEL":2,"BFS_NR":1404,"GEMEINDE":"Kerns","EINWOHNER":0,"ARBEITSPL":0,"RADIUS":300,"DIDOKNR":72914,"ANGSTUFE":null,"SLOID":"ch:1:sloid:72914","TU":3}},{"type":"Feature","id":479,"geometry":{"type":"Point","coordinates":[8.3386264181172667,46.971022799331756]},"properties":{"OBJECTID":479,"UUID":"{CA764CDB-5A68-E611-B7C2-F04DA23F2F2A}","HSTNAME":"Stansstad, Seehof","VMITTEL":2,"BFS_NR":1510,"GEMEINDE":"Stansstad","EINWOHNER":0,"ARBEITSPL":0,"RADIUS":300,"DIDOKNR":72926,"ANGSTUFE":null,"SLOID":"ch:1:sloid:72926","TU":3}},{"type":"Feature","id":480,"geometry":{"type":"Point","coordinates":[8.0492503974675937,46.815066129941172]},"properties":{"OBJECTID":480,"UUID":"{9AE8C1D5-5A68-E611-B7C2-F04DA23F2F2A}","HSTNAME":"Sörenberg, Schwändili","VMITTEL":2,"BFS_NR":1004,"GEMEINDE":"Flühli","EINWOHNER":8,"ARBEITSPL":1,"RADIUS":300,"DIDOKNR":72884,"ANGSTUFE":1,"SLOID":"ch:1:sloid:72884","TU":3}},{"type":"Feature","id":481,"geometry":{"type":"Point","coordinates":[8.2921171467858041,46.837809187355084]},"properties":{"OBJECTID":481,"UUID":"{AD754CDB-5A68-E611-B7C2-F04DA23F2F2A}","HSTNAME":"Melchtal, Weidli","VMITTEL":2,"BFS_NR":1404,"GEMEINDE":"Kerns","EINWOHNER":0,"ARBEITSPL":0,"RADIUS":300,"DIDOKNR":72915,"ANGSTUFE":null,"SLOID":"ch:1:sloid:72915","TU":3}},{"type":"Feature","id":482,"geometry":{"type":"Point","coordinates":[8.3398506466540052,46.957042791326096]},"properties":{"OBJECTID":482,"UUID":"{43E8C1D5-5A68-E611-B7C2-F04DA23F2F2A}","HSTNAME":"Ennetmoos, Morgenstern","VMITTEL":2,"BFS_NR":1506,"GEMEINDE":"Ennetmoos","EINWOHNER":0,"ARBEITSPL":0,"RADIUS":300,"DIDOKNR":72903,"ANGSTUFE":null,"SLOID":"ch:1:sloid:72903","TU":3}},{"type":"Feature","id":483,"geometry":{"type":"Point","coordinates":[8.342014112106817,46.975539002772749]},"properties":{"OBJECTID":483,"UUID":"{26784CDB-5A68-E611-B7C2-F04DA23F2F2A}","HSTNAME":"Stansstad, Schützen","VMITTEL":2,"BFS_NR":1510,"GEMEINDE":"Stansstad","EINWOHNER":0,"ARBEITSPL":0,"RADIUS":300,"DIDOKNR":72927,"ANGSTUFE":null,"SLOID":"ch:1:sloid:72927","TU":3}},{"type":"Feature","id":484,"geometry":{"type":"Point","coordinates":[8.0569366234997517,46.811165707445092]},"properties":{"OBJECTID":484,"UUID":"{EC764CDB-5A68-E611-B7C2-F04DA23F2F2A}","HSTNAME":"Sörenberg, Habchegg","VMITTEL":2,"BFS_NR":1004,"GEMEINDE":"Flühli","EINWOHNER":11,"ARBEITSPL":3,"RADIUS":300,"DIDOKNR":72885,"ANGSTUFE":1,"SLOID":"ch:1:sloid:72885","TU":3}},{"type":"Feature","id":485,"geometry":{"type":"Point","coordinates":[8.2806412123904654,46.874363331833862]},"properties":{"OBJECTID":485,"UUID":"{3AE8C1D5-5A68-E611-B7C2-F04DA23F2F2A}","HSTNAME":"St. Niklausen OW, Alpenblick","VMITTEL":2,"BFS_NR":1404,"GEMEINDE":"Kerns","EINWOHNER":0,"ARBEITSPL":0,"RADIUS":300,"DIDOKNR":72912,"ANGSTUFE":null,"SLOID":"ch:1:sloid:72912","TU":3}},{"type":"Feature","id":486,"geometry":{"type":"Point","coordinates":[8.2994661343997365,46.929340489563202]},"properties":{"OBJECTID":486,"UUID":"{1D774CDB-5A68-E611-B7C2-F04DA23F2F2A}","HSTNAME":"Kerns, Kernwald","VMITTEL":2,"BFS_NR":1404,"GEMEINDE":"Kerns","EINWOHNER":0,"ARBEITSPL":0,"RADIUS":300,"DIDOKNR":72900,"ANGSTUFE":null,"SLOID":"ch:1:sloid:72900","TU":3}},{"type":"Feature","id":487,"geometry":{"type":"Point","coordinates":[8.3453095994746125,46.969108026401727]},"properties":{"OBJECTID":487,"UUID":"{CAE8C1D5-5A68-E611-B7C2-F04DA23F2F2A}","HSTNAME":"Stans, Galgenried","VMITTEL":2,"BFS_NR":1509,"GEMEINDE":"Stans","EINWOHNER":0,"ARBEITSPL":0,"RADIUS":300,"DIDOKNR":72925,"ANGSTUFE":null,"SLOID":"ch:1:sloid:72925","TU":3}},{"type":"Feature","id":488,"geometry":{"type":"Point","coordinates":[8.2966169297879944,46.85200697630782]},"properties":{"OBJECTID":488,"UUID":"{A1794CDB-5A68-E611-B7C2-F04DA23F2F2A}","HSTNAME":"St. Niklausen OW, Eistlibach","VMITTEL":2,"BFS_NR":1404,"GEMEINDE":"Kerns","EINWOHNER":0,"ARBEITSPL":0,"RADIUS":300,"DIDOKNR":72913,"ANGSTUFE":null,"SLOID":"ch:1:sloid:72913","TU":3}},{"type":"Feature","id":489,"geometry":{"type":"Point","coordinates":[8.1070022683882996,47.200132629296355]},"properties":{"OBJECTID":489,"UUID":"{61774CDB-5A68-E611-B7C2-F04DA23F2F2A}","HSTNAME":"Geuensee, Sternen","VMITTEL":8,"BFS_NR":1085,"GEMEINDE":"Geuensee","EINWOHNER":828,"ARBEITSPL":74,"RADIUS":300,"DIDOKNR":72674,"ANGSTUFE":4,"SLOID":"ch:1:sloid:72674","TU":3}},{"type":"Feature","id":490,"geometry":{"type":"Point","coordinates":[8.1717553228951854,46.845012891428368]},"properties":{"OBJECTID":490,"UUID":"{24774CDB-5A68-E611-B7C2-F04DA23F2F2A}","HSTNAME":"Grossteil, Unterni","VMITTEL":2,"BFS_NR":1403,"GEMEINDE":"Giswil","EINWOHNER":0,"ARBEITSPL":0,"RADIUS":300,"DIDOKNR":72918,"ANGSTUFE":null,"SLOID":"ch:1:sloid:72918","TU":3}},{"type":"Feature","id":491,"geometry":{"type":"Point","coordinates":[8.3166136391910683,46.938844829691611]},"properties":{"OBJECTID":491,"UUID":"{B5E7C1D5-5A68-E611-B7C2-F04DA23F2F2A}","HSTNAME":"Ennetmoos, Waldheim","VMITTEL":2,"BFS_NR":1506,"GEMEINDE":"Ennetmoos","EINWOHNER":0,"ARBEITSPL":0,"RADIUS":300,"DIDOKNR":72901,"ANGSTUFE":null,"SLOID":"ch:1:sloid:72901","TU":3}},{"type":"Feature","id":492,"geometry":{"type":"Point","coordinates":[8.1110985804325217,47.195278458813057]},"properties":{"OBJECTID":492,"UUID":"{AA774CDB-5A68-E611-B7C2-F04DA23F2F2A}","HSTNAME":"Geuensee, Ausserdorf","VMITTEL":8,"BFS_NR":1085,"GEMEINDE":"Geuensee","EINWOHNER":453,"ARBEITSPL":286,"RADIUS":300,"DIDOKNR":72675,"ANGSTUFE":4,"SLOID":"ch:1:sloid:72675","TU":3}},{"type":"Feature","id":493,"geometry":{"type":"Point","coordinates":[8.1561991332351891,46.831707904127519]},"properties":{"OBJECTID":493,"UUID":"{72784CDB-5A68-E611-B7C2-F04DA23F2F2A}","HSTNAME":"Kleinteil, Post","VMITTEL":2,"BFS_NR":1403,"GEMEINDE":"Giswil","EINWOHNER":0,"ARBEITSPL":0,"RADIUS":300,"DIDOKNR":72919,"ANGSTUFE":null,"SLOID":"ch:1:sloid:72919","TU":3}},{"type":"Feature","id":494,"geometry":{"type":"Point","coordinates":[8.2385734899407499,46.870967807762611]},"properties":{"OBJECTID":494,"UUID":"{8B764CDB-5A68-E611-B7C2-F04DA23F2F2A}","HSTNAME":"Sachseln, Bahnhof","VMITTEL":2,"BFS_NR":1406,"GEMEINDE":"Sachseln","EINWOHNER":0,"ARBEITSPL":0,"RADIUS":300,"DIDOKNR":72916,"ANGSTUFE":null,"SLOID":"ch:1:sloid:72916","TU":3}},{"type":"Feature","id":495,"geometry":{"type":"Point","coordinates":[8.1741656679012138,46.838142679617675]},"properties":{"OBJECTID":495,"UUID":"{0E7A4CDB-5A68-E611-B7C2-F04DA23F2F2A}","HSTNAME":"Grossteil, Schulhaus","VMITTEL":2,"BFS_NR":1403,"GEMEINDE":"Giswil","EINWOHNER":0,"ARBEITSPL":0,"RADIUS":300,"DIDOKNR":72917,"ANGSTUFE":null,"SLOID":"ch:1:sloid:72917","TU":3}},{"type":"Feature","id":496,"geometry":{"type":"Point","coordinates":[8.1005866231933492,47.206412208351487]},"properties":{"OBJECTID":496,"UUID":"{27794CDB-5A68-E611-B7C2-F04DA23F2F2A}","HSTNAME":"Büron, Eichenmoos","VMITTEL":8,"BFS_NR":1082,"GEMEINDE":"Büron","EINWOHNER":360,"ARBEITSPL":59,"RADIUS":300,"DIDOKNR":72673,"ANGSTUFE":4,"SLOID":"ch:1:sloid:72673","TU":3}},{"type":"Feature","id":497,"geometry":{"type":"Point","coordinates":[8.2652245240136448,46.925427624843685]},"properties":{"OBJECTID":497,"UUID":"{8F794CDB-5A68-E611-B7C2-F04DA23F2F2A}","HSTNAME":"Kägiswil, Schlieren","VMITTEL":2,"BFS_NR":1401,"GEMEINDE":"Alpnach","EINWOHNER":0,"ARBEITSPL":0,"RADIUS":300,"DIDOKNR":72907,"ANGSTUFE":null,"SLOID":"ch:1:sloid:72907","TU":3}},{"type":"Feature","id":498,"geometry":{"type":"Point","coordinates":[7.9461087570282753,47.294787043390997]},"properties":{"OBJECTID":498,"UUID":"{97794CDB-5A68-E611-B7C2-F04DA23F2F2A}","HSTNAME":"Zofingen, Mühlethalstrasse","VMITTEL":2,"BFS_NR":4289,"GEMEINDE":"Zofingen","EINWOHNER":0,"ARBEITSPL":0,"RADIUS":300,"DIDOKNR":72677,"ANGSTUFE":null,"SLOID":"ch:1:sloid:72677","TU":9}},{"type":"Feature","id":499,"geometry":{"type":"Point","coordinates":[8.4124990318393422,46.892829518026964]},"properties":{"OBJECTID":499,"UUID":"{15774CDB-5A68-E611-B7C2-F04DA23F2F2A}","HSTNAME":"Oberrickenbach, Schürmatt","VMITTEL":2,"BFS_NR":1511,"GEMEINDE":"Wolfenschiessen","EINWOHNER":0,"ARBEITSPL":0,"RADIUS":300,"DIDOKNR":72922,"ANGSTUFE":null,"SLOID":"ch:1:sloid:72922","TU":3}},{"type":"Feature","id":500,"geometry":{"type":"Point","coordinates":[8.3568178980728227,46.964284668082357]},"properties":{"OBJECTID":500,"UUID":"{F1754CDB-5A68-E611-B7C2-F04DA23F2F2A}","HSTNAME":"Stans, Länderpark","VMITTEL":2,"BFS_NR":1509,"GEMEINDE":"Stans","EINWOHNER":0,"ARBEITSPL":0,"RADIUS":300,"DIDOKNR":72923,"ANGSTUFE":null,"SLOID":"ch:1:sloid:72923","TU":3}}]}