{"type":"FeatureCollection","features":[{"type":"Feature","id":109,"geometry":{"type":"MultiLineString","coordinates":[[[8.343582180000908,47.08480625024773],[8.343506516965379,47.084867814262616],[8.343486424324343,47.0848745563245],[8.343464998119789,47.084878989835694],[8.343442805316874,47.084880997886636],[8.343420429791214,47.08488052910242],[8.343398459084511,47.08487759324954],[8.343377472704558,47.08487227032312],[8.343358023492321,47.084864698999745],[8.342649830974223,47.08440187468211],[8.342639285771073,47.08439491054725],[8.342630584196023,47.084386845246094],[8.34262396707871,47.08437790267219],[8.342619620397983,47.08436833413716],[8.342617664504777,47.084358404062755],[8.34261815545462,47.08434839086956],[8.342621076864088,47.084338572648434],[8.34262634905274,47.08432922259075],[8.342633824986903,47.08432060272354],[8.342761608236588,47.08424395295577]],[[8.31481472816026,47.067399335236935],[8.314815196229352,47.067399619523705],[8.31486495862583,47.06742980945305],[8.31487464572231,47.067435687900996]],[[8.419864729370387,47.1371739219937],[8.420876053830101,47.1375367982111],[8.422140175062887,47.1379983529991],[8.422468648532512,47.13811993919513],[8.422788003668648,47.13825236924623],[8.423097467357676,47.138395317911055],[8.423857907041539,47.13873982270325],[8.4246271840554,47.13907508570158],[8.425405024526723,47.13940099483532],[8.42551864317888,47.139449071710764],[8.42562571083567,47.13950370936707],[8.425725405099506,47.13956449119098],[8.42581696354851,47.139630964973286],[8.425899706932249,47.13970261392325],[8.425973004643504,47.13977891453562]],[[8.425973004643504,47.13977891453562],[8.425959863662024,47.13992064408005],[8.425966594230943,47.14006258983741],[8.425993107854904,47.14020344731313],[8.42605745811669,47.14064239873526],[8.42606990110748,47.140730701824864],[8.42616312885163,47.1413923091507],[8.426175819567638,47.141482373213876],[8.426181213697372,47.141520648770715],[8.426203655534497,47.141606578414056],[8.426236853023015,47.141690869364346],[8.426280567852544,47.141772893072485],[8.42633447390224,47.141852049626706],[8.426398166101448,47.141927747887294],[8.426471169887982,47.14199941799924],[8.42655295083299,47.14206653289962],[8.426642890646995,47.1421285941314],[8.427551364589553,47.14271430468483],[8.428425779026764,47.143323662650026],[8.429264838135389,47.143955754314774]],[[8.390456732949763,47.115593156251684],[8.390191680342046,47.11524603484545]],[[8.349507259427204,47.08687405646375],[8.349192292821469,47.08668100780425]],[[8.40185549021088,47.13077113263226],[8.401770088332443,47.13071971170597],[8.400883251731203,47.130231799454975],[8.400686799334645,47.13011321264115],[8.400613323717046,47.13005719602547],[8.400546002992815,47.12999768529217],[8.40048519473672,47.129934995002756],[8.400431219891434,47.12986945531732],[8.400384361482324,47.129801413803776],[8.400344871094177,47.12973122908698],[8.400312953073355,47.129659271879795],[8.399919852776874,47.12864092738126],[8.399893722921123,47.12857605511186],[8.399776586278518,47.12829695234556]],[[8.399776586278518,47.12829695234556],[8.399680285197054,47.128067497924356],[8.399665064910286,47.128024706586565],[8.399655006688363,47.12798121093356],[8.399650177670768,47.12793730096075],[8.399638931451038,47.127712334128994],[8.399633434933895,47.1276734591295],[8.399620929586092,47.127635347953664]],[[8.405844307154402,47.13296507888652],[8.405738692173138,47.13293245160912],[8.405634427304527,47.13289786265339],[8.404965806951097,47.13266828340393],[8.404856123689731,47.13263272098604],[8.404744191635972,47.132600584860334],[8.404630243935165,47.132571939628555]],[[8.349192292821469,47.08668100780425],[8.349135851515133,47.086646418332585]],[[8.391713006409601,47.11720922938596],[8.391657407299306,47.117146910454686],[8.391576084548596,47.1170544043095],[8.391500237568783,47.116959755863355],[8.391488634209912,47.116944550629]],[[8.411610456346963,47.13472522487355],[8.411637521192896,47.1347340273962]],[[8.404630243935165,47.132571939628555],[8.404564505982663,47.132557197630916],[8.403263306099786,47.13227813297785],[8.403157784849567,47.13225222851147],[8.403055709325189,47.13222053881825],[8.402957760887292,47.13218327498591],[8.402864589939814,47.13214068614462],[8.40277681714995,47.13209305405943],[8.402695026939003,47.13204069768193],[8.4026197660021,47.131983964166736],[8.402551532829222,47.1319232325574],[8.402490782831467,47.131858905646396],[8.402437920498427,47.131791413639526],[8.402393296584801,47.13172120428314],[8.402357210811598,47.13164874643999],[8.402329901178048,47.13157452208233],[8.402221274125461,47.13122211529374],[8.402197040416853,47.13115626064589],[8.402165416202166,47.13109188201289],[8.402126590353742,47.13102936551337],[8.402080797657561,47.13096908518596]],[[8.355816024150895,47.09073680436676],[8.355832687556129,47.09074698924991],[8.357835580738827,47.09196783084191],[8.357855067668607,47.09197971009819],[8.358346111893653,47.09227620968552],[8.359139221361557,47.09275824890226]],[[8.411637521192896,47.1347340273962],[8.411781392318,47.13477836969126],[8.411927421456891,47.13481929413421],[8.412075436328124,47.134856751800044],[8.415219001327339,47.135610343449585]],[[8.408319055543842,47.13359329307864],[8.408336936421374,47.13359945806224],[8.408714824372222,47.13372841256892],[8.410087972425826,47.134194982882455],[8.41055372565268,47.13435578172252],[8.411501056235968,47.13468809752789],[8.411610456346963,47.13472522487355]],[[8.406303636257581,47.13308170885309],[8.40620152019531,47.1330585482294],[8.40602136501419,47.13301456990788],[8.405844307154402,47.13296507888652]],[[8.402080797657561,47.13096908518596],[8.402032741769712,47.130915908673416],[8.401979262802755,47.1308652009653],[8.401920630342817,47.13081721976649],[8.401857144009604,47.13077220723771],[8.40185549021088,47.13077113263226]],[[8.343673656626526,47.083280845781026],[8.343640942296986,47.08325969498187]],[[8.344955752121614,47.0840611876311],[8.344276564217326,47.083659918609136],[8.344086809088799,47.08354525023456],[8.343900857030427,47.08342770989596],[8.343673656626526,47.083280845781026]],[[8.34546504995383,47.08436207747963],[8.34572310713852,47.084514531699064],[8.345908473280254,47.08462648211944],[8.346090214826031,47.084741171225275]],[[8.34970281867227,47.086993922455335],[8.349507259427204,47.08687405646375]],[[8.38888653876442,47.11365246909889],[8.388552230370696,47.11333659385863]],[[8.38926506583214,47.11404545090129],[8.389214080268287,47.113987329541125],[8.389150273518629,47.113915837952604],[8.389067014055154,47.11382654036858],[8.388978689542375,47.1137395406777],[8.38888653876442,47.11365246909889]],[[8.408319055543842,47.13359329307864],[8.408151482622802,47.13353553967996],[8.408019034783923,47.13348988669074],[8.407910059004637,47.1334545838694],[8.40779868494482,47.13342296053656],[8.407685176281166,47.13339509272438],[8.407671490027838,47.13339198765426],[8.40741043381932,47.13333276929983]],[[8.40741043381932,47.13333276929983],[8.407264122511988,47.133299582190126],[8.406974781709229,47.1332339533963],[8.406303636257581,47.13308170885309]],[[8.344955752121614,47.0840611876311],[8.34546504995383,47.08436207747963]],[[8.350224277125305,47.08731352177127],[8.34970281867227,47.086993922455335]],[[8.354209454228961,47.08975015503145],[8.35237287602753,47.08857695780017]],[[8.387512554190973,47.11237870045689],[8.387601891388584,47.11245305866956],[8.387726072712026,47.11255966510742]],[[8.385811952118441,47.110963209930574],[8.385879031597433,47.11101904124032]],[[8.38421886292129,47.109640156879756],[8.384734134447507,47.1100660505525]],[[8.415219001327339,47.135610343449585],[8.41539593907852,47.1356467146738],[8.415564979233338,47.13568726457306],[8.415732667134108,47.135730343563594],[8.416021720432708,47.135818594664514],[8.41630610078512,47.13591366650125],[8.416585464633657,47.136015437891956],[8.417170923729135,47.1362173461072],[8.417753583453539,47.13642300924601],[8.418333389494611,47.1366324080236],[8.419607098948696,47.13708147780037],[8.419864729370387,47.1371739219937]],[[8.393145061928651,47.11911967016121],[8.393778931780767,47.119948856709435],[8.39378500364012,47.11995679339962]],[[8.362849787464572,47.094884186433745],[8.364263365595107,47.095703965172675]],[[8.361263628433003,47.094009311174375],[8.36236163229966,47.09460531392385],[8.362542298623495,47.094705860230505],[8.362849787464572,47.094884186433745]],[[8.388244996636853,47.11304630490648],[8.387772213827699,47.11260103244932]],[[8.387280514122157,47.11218557066846],[8.387512554190973,47.11237870045689]],[[8.38714624629214,47.1120738133751],[8.387213930508027,47.112130152569634]],[[8.386480603442077,47.11151976953625],[8.386707993085476,47.11170903251323]],[[8.386707993085476,47.11170903251323],[8.38714624629214,47.1120738133751]],[[8.351372698707012,47.08798072227427],[8.351183011406922,47.08787284759347]],[[8.380347547178234,47.1065843905518],[8.380876060512731,47.1069942797343]],[[8.383142879209693,47.10876327058774],[8.383443484060718,47.10900676615659],[8.383931386379096,47.10940482135828]],[[8.39274067441848,47.118590650437014],[8.393145061928651,47.11911967016121]],[[8.391713006409601,47.11720922938596],[8.391793328226203,47.117306630107926],[8.391867672212985,47.11740621767785],[8.391935914069533,47.11750782132286],[8.392026372721453,47.11764495656164],[8.392122394323145,47.11778031755017],[8.392180045382968,47.11785723518261],[8.392723756064587,47.11856851699711],[8.39274067441848,47.118590650437014]],[[8.387772213827699,47.11260103244932],[8.387726072712026,47.11255966510742]],[[8.343640942296986,47.08325969498187],[8.343383144139953,47.08338976052811],[8.343321538000927,47.08342412910379],[8.343265119746986,47.083462430128634],[8.343214424484616,47.08350429867648],[8.343037722954671,47.08366564829655],[8.342931679676923,47.08376247429923],[8.342909894526725,47.08377925420978],[8.342884342188876,47.08379333901578],[8.342855729911369,47.083804340838554],[8.342824845362484,47.083811954825755]],[[8.342761608236588,47.08424395295577],[8.34277146329989,47.08426114413584],[8.342785462972483,47.0842769362797],[8.342803197792426,47.08429086753896],[8.343582180000908,47.08480625024773]],[[8.342761608236588,47.08424395295577],[8.342756518880822,47.084226972551825],[8.342755401107192,47.0842096568475],[8.342758284563361,47.084192436495634],[8.34276509614206,47.0841757402587],[8.34281760197265,47.08407750154977],[8.342831539008454,47.08405132281502],[8.342845983414385,47.08402430619947],[8.342855855291118,47.08400111358562],[8.342861088961747,47.083977226134884],[8.342861591623626,47.08395307546428],[8.34285735217576,47.0839290961458],[8.342824845362484,47.083811954825755]],[[8.399069563196466,47.126859710634704],[8.398665208508618,47.126242377187275],[8.398444642820992,47.12590562601346],[8.398322669633544,47.12571694283497],[8.39824120852773,47.125580717082805],[8.398169085741827,47.12544206011415],[8.398106459441873,47.12530127017737],[8.398053461529285,47.12515865113483],[8.398010206785788,47.12501450788935],[8.397943641804531,47.12476317678943],[8.397915391241451,47.12466928507544],[8.397880649599195,47.12457641362579],[8.397839495775436,47.12448477137275]],[[8.399620929586092,47.127635347953664],[8.399602878087249,47.12760106574455],[8.399579591929394,47.12756828545293],[8.399383464157243,47.12733122446756],[8.399339030231422,47.12727110171073],[8.399069563196466,47.126859710634704]],[[8.395914125546842,47.12240019408065],[8.39582906592691,47.12226854290934],[8.395749323292671,47.12213534965795],[8.395674957406492,47.12200071548904],[8.395588605906628,47.121851493126044],[8.39550876109346,47.121734939589345]],[[8.39550876109346,47.121734939589345],[8.395445231359071,47.12165058286358],[8.395377807760134,47.12156764561581],[8.395290882463838,47.12148413296173],[8.395197540107581,47.12140391202247],[8.395098048368764,47.121327211740905],[8.395067767205765,47.12130263057938]],[[8.395067767205765,47.12130263057938],[8.394945900400407,47.12120036748689],[8.39482799559306,47.12109596186418],[8.394702956354015,47.1209644633363]],[[8.355816024150895,47.09073680436676],[8.354541718192374,47.089957942531306],[8.354221738559328,47.08975800291299],[8.354209454228961,47.08975015503145]],[[8.390191680342046,47.11524603484545],[8.38998412999505,47.114974215395556]],[[8.394702956354015,47.1209644633363],[8.394464050124846,47.120713215613335],[8.394085981030639,47.120315616126334],[8.393997564282747,47.12021933404577],[8.393913645516628,47.12012119382938],[8.393834308191472,47.12002129464367],[8.39378500364012,47.11995679339962]],[[8.397219887773355,47.12376186125412],[8.397254534101979,47.12378896648789],[8.397348876790348,47.123866056882264],[8.397437490806226,47.123946250752184],[8.397520156468486,47.124029351141374],[8.397596672395187,47.12411515284487]],[[8.397839495775436,47.12448477137275],[8.397789066013145,47.12438936179412],[8.397731686941755,47.124295799370415],[8.39766750119211,47.124204319484356],[8.397596672395187,47.12411515284487]],[[8.347348812648638,47.08565106584056],[8.347606813874108,47.0857421352644],[8.347731980625824,47.08580286791986],[8.347853893112436,47.08586661540822],[8.347972394522602,47.08593329442262],[8.349135851515133,47.086646418332585]],[[8.346090214826031,47.084741171225275],[8.346268401168116,47.08485865245886],[8.34657270985134,47.08506372134978],[8.346757782280973,47.08518563619293],[8.346782535659793,47.085201528174],[8.347033301088354,47.08535937416536],[8.347095342520555,47.085418464707836]],[[8.347348812648638,47.08565106584056],[8.347293591479414,47.085618163281865],[8.347243203447734,47.08558182306482],[8.347198103214787,47.08554237353602],[8.3471587024856,47.085500173066876],[8.347123240647939,47.08544925085225],[8.347095342520555,47.085418464707836]],[[8.359139221361557,47.09275824890226],[8.359239006629375,47.092818896296365]],[[8.359239006629375,47.092818896296365],[8.359967475380003,47.09326163161948],[8.36019439783804,47.09339696529004],[8.360888215862904,47.09379925979262],[8.36098404139128,47.09385430715695],[8.361039490252866,47.093885291625064],[8.361263628433003,47.094009311174375]],[[8.366858835670781,47.09722450543073],[8.36884842417377,47.09839000947149]],[[8.391488634209912,47.116944550629],[8.390975841041696,47.11627300731743],[8.390954996294822,47.11624570672319]],[[8.366704494917194,47.09713410532121],[8.366858835670781,47.09722450543073]],[[8.378833400182987,47.10540589576507],[8.378774052129934,47.10535804816001],[8.377950155096737,47.10469143275864],[8.377715454477247,47.10450415361159],[8.37747702104597,47.1043190867988],[8.376509860382383,47.10357865345125],[8.376304011539103,47.10342105789487]],[[8.385879031597433,47.11101904124032],[8.386480603442077,47.11151976953625]],[[8.388552230370696,47.11333659385863],[8.388445681437764,47.1132359290038]],[[8.380876060512731,47.1069942797343],[8.38236695369731,47.10815050394657],[8.382756932837282,47.1084556965357],[8.383142879209693,47.10876327058774]],[[8.378833400182987,47.10540589576507],[8.379133294279024,47.105642625660124],[8.380347547178234,47.1065843905518]],[[8.395914125546842,47.12240019408065],[8.396026473145522,47.12255013526894],[8.396144516345512,47.12269802471163],[8.396268175585238,47.12284375960577],[8.396397366125555,47.12298724258821],[8.396516792940014,47.12311606759299],[8.396572184804164,47.12317497570732]],[[8.390954996294822,47.11624570672319],[8.390575419942145,47.11574860681469]],[[8.351183011406922,47.08787284759347],[8.350673893557133,47.0875833157747],[8.350543826157692,47.08750793546885],[8.350415821578022,47.08743092664851],[8.350224277125305,47.08731352177127]],[[8.389334390255767,47.11412779039275],[8.38926506583214,47.11404545090129]],[[8.36884842417377,47.09839000947149],[8.36885932374803,47.09839638904561],[8.370761546314975,47.09951060827699],[8.371203713225318,47.0997739460178]],[[8.390575419942145,47.11574860681469],[8.390456732949763,47.115593156251684]],[[8.35237287602753,47.08857695780017],[8.352220066376528,47.08847935232541],[8.35197838174024,47.08832935603365],[8.351730463982303,47.08818418270158],[8.351372698707012,47.08798072227427]],[[8.38998412999505,47.114974215395556],[8.389558310810814,47.114416549135804],[8.389430066355994,47.114248582817645],[8.389334390255767,47.11412779039275]],[[8.388445681437764,47.1132359290038],[8.388244996636853,47.11304630490648]],[[8.376304011539103,47.10342105789487],[8.375542821410496,47.10283829202185],[8.374805133969664,47.102273500726355],[8.374484581863303,47.1020316573799],[8.374469499039591,47.102020277589816],[8.374021366677487,47.10168216421266],[8.373648250467202,47.10140396986147],[8.373268855287566,47.101129764520536],[8.372883273212581,47.10085961484654],[8.372491594976923,47.100593586607715],[8.372093917847474,47.10033174282068],[8.371690335133131,47.10007414653462],[8.371280946721992,47.09982086074577]],[[8.371280946721992,47.09982086074577],[8.371203713225318,47.0997739460178]],[[8.384734134447507,47.1100660505525],[8.384768100638713,47.110094303944365],[8.385811952118441,47.110963209930574]],[[8.383931386379096,47.10940482135828],[8.383936733756943,47.109409186098],[8.38421886292129,47.109640156879756]],[[8.396572184804164,47.12317497570732],[8.396722976396525,47.12332728647971],[8.396881316685922,47.123475986307966],[8.397047018080182,47.12362090131225],[8.397219887773355,47.12376186125412]],[[8.387213930508027,47.112130152569634],[8.387280514122157,47.11218557066846]],[[8.364263365595107,47.095703965172675],[8.366704494917194,47.09713410532121]],[[8.429264838135389,47.143955754314774],[8.428774848974738,47.14441194669051],[8.428617014008424,47.14471669844165],[8.42852659445285,47.144940975978635],[8.428479406813027,47.14533603752331],[8.428579432934958,47.14575842889503],[8.42883898732517,47.146193746230864],[8.429424888521751,47.14689153768209],[8.43137846133778,47.14926557979567]],[[8.43385109182718,47.14828930239273],[8.434671182870323,47.14928926092727]],[[8.434671182870323,47.14928926092727],[8.435229186381866,47.149964892903014]],[[8.435257297940705,47.150252483770885],[8.436003967514466,47.15102178669117],[8.436228686731098,47.15116924572943]],[[8.435536929938229,47.161849427005826],[8.437481240821747,47.1614477806308],[8.439520468869167,47.16101424540397],[8.440952678036023,47.16072249914755],[8.441766045507828,47.16066886408703],[8.442144679352781,47.16066063630325],[8.442647894872477,47.1605927971536],[8.443743376938553,47.160356887036194],[8.44482928051063,47.1601313212366]],[[8.44482928051063,47.1601313212366],[8.444532084429923,47.15945312544292],[8.444227383006108,47.158974809284324],[8.443134971333166,47.157975845402696],[8.442205230247458,47.15715853555987],[8.441077667719771,47.15622192178959],[8.440214069547501,47.15559956347706],[8.43986467707394,47.155334557972054],[8.439681269359104,47.155259708279466]],[[8.436965133123694,47.15204962423229],[8.437596904857138,47.15280562816847],[8.438707229635023,47.154101707724244],[8.439681269359104,47.155259708279466]],[[8.439681269359104,47.155259708279466],[8.438927121545513,47.15628718686583],[8.437710525123753,47.15764450163709],[8.436739532046667,47.15875763080233],[8.4357948655133,47.15982087314344],[8.4347576389608,47.161046269881595]],[[8.4347576389608,47.161046269881595],[8.435066758827842,47.16114080131429],[8.435290044577393,47.161296112374224],[8.435536929938229,47.161849427005826]],[[8.436965133123694,47.15204962423229],[8.436228686731098,47.15116924572943]],[[8.436228686731098,47.15116924572943],[8.435495667064513,47.15028754198001]],[[8.43137846133778,47.14926557979567],[8.433625888484016,47.148404465651105],[8.43385109182718,47.14828930239273]],[[8.434671182870323,47.14928926092727],[8.434738216882716,47.149490514055124],[8.435257297940705,47.150252483770885]],[[8.435229186381866,47.149964892903014],[8.435495667064513,47.15028754198001]]]},"properties":{"OBJECTID":109,"BUL_ROUTE":"A23","FP_JAHR":2026,"KURSBUCHNR":"60.023","LINIENNR":"Linie 23","LINIENBEZ":"Ebikon Bahnhof - Root D4 - Gisikon Weitblick - Hünenberg","FP_URL":"https://widgets.oev-info.ch/publikation/jahresfpl/60.023.pdf","TU":11,"TU_URL":11,"TP_URL":1,"SHAPE_Length":14321.722678256834}},{"type":"Feature","id":15,"geometry":{"type":"MultiLineString","coordinates":[[[8.35651306008051,47.06379057706742],[8.356553824928472,47.06380245020481],[8.356596485736167,47.063810645169625],[8.356675580282365,47.06381879358803],[8.356755534601506,47.06382041147582],[8.35683519502804,47.06381547477022],[8.356913418743117,47.06380405467814],[8.357068838036929,47.063774610793864],[8.357405656310274,47.063710791883175]],[[8.352351145272195,47.05940333968435],[8.352408625754457,47.05943233842926],[8.352464192978998,47.05946037184972]],[[8.350482325308985,47.05844110049667],[8.350496656823413,47.05844957479902],[8.350639414547059,47.058531635167874],[8.350785167021648,47.05861119778709],[8.350933822568134,47.058688212998234],[8.35100857541858,47.058725931390235]],[[8.344275892242369,47.05592665356235],[8.34433029140118,47.05593821117434]],[[8.359731135603033,47.073823817002776],[8.360204051067617,47.07345845494717]],[[8.310609800356042,47.05047830294683],[8.310990588290379,47.050798475461484],[8.310504794102528,47.051068709491524]],[[8.364389832756501,47.07108635565372],[8.364215391953095,47.0711839323061],[8.364183519634238,47.071199328692344],[8.36414879252226,47.07121150516131],[8.36411190160204,47.07122021776031],[8.364073581244659,47.07122529505207],[8.363751036168054,47.07125207418989],[8.363549489356194,47.07127219301418],[8.363349601209022,47.07129894407048],[8.363151839294463,47.07133226423268],[8.362956665654384,47.071372075129865],[8.362612984965404,47.07144840689047],[8.36249008034787,47.07147881278822],[8.362370389287074,47.071514706105354],[8.362254437056386,47.07155593150223],[8.362142728722477,47.071602306816835],[8.36204874847007,47.071648344307285],[8.36196104244152,47.07169983928375],[8.361880288414705,47.07175639230627],[8.361807109596803,47.071817569291674]],[[8.36265090855393,47.065814670539865],[8.362545112668272,47.0657150686757],[8.362362190811332,47.06555005303931],[8.362321454473637,47.06551384953055]],[[8.364136607147891,47.07043276165875],[8.364138023254991,47.07052540931871],[8.364147649915443,47.070617828902975],[8.364165451009153,47.07070967976807],[8.364166047545023,47.07071220272216]],[[8.31167570755626,47.05457889209782],[8.311811498199583,47.05461004579761]],[[8.360204051067617,47.07345845494717],[8.360257301127803,47.073417314655536],[8.360316353875724,47.073375718482566],[8.360380758610118,47.07333801040245],[8.360965455209222,47.0730263063155]],[[8.316047958541208,47.05506135204895],[8.316047696126587,47.055061322569415],[8.313271156692844,47.054750889323394]],[[8.308904751354724,47.052936772843104],[8.308902022506173,47.05296563055789],[8.308899766847937,47.05306105535455],[8.308907880387077,47.05315633140439],[8.308926317807716,47.05325093370886],[8.308942730025615,47.05330207586641],[8.308944588095626,47.053306918482164]],[[8.360965455209222,47.0730263063155],[8.361007395690114,47.0730039474856],[8.361089344964858,47.07295624526413],[8.361164987651772,47.07290390423336],[8.361233760325906,47.072847313941445],[8.361295154026529,47.072786891385825],[8.361348715666333,47.07272308639854]],[[8.329082061683328,47.05515095371082],[8.329062211930454,47.0551520989322],[8.328715571796813,47.05517210979966],[8.328478063352824,47.05518936879711],[8.328241872812724,47.05521364083421],[8.328007440271898,47.05524488023073],[8.327775206950914,47.05528302960721],[8.327545609857793,47.055328015428096],[8.327242382696301,47.055401218421395],[8.327004856161633,47.05545855965044],[8.326933427214023,47.055474710493606]],[[8.31127086823069,47.054454880797394],[8.309555458553646,47.05376625173648],[8.309555410869217,47.05376623320742]],[[8.355520339288347,47.06231694212235],[8.35546316059388,47.062249895644264],[8.35541403608325,47.06217993144505],[8.355373281467642,47.062107499493074],[8.355341161426876,47.0620330681539],[8.355341064523861,47.06203279006394]],[[8.361807109596803,47.071817569291674],[8.36174502451958,47.071879645693976],[8.361690745139036,47.071945047974424],[8.361644648068765,47.0720133188409],[8.361607058229595,47.07208398072605],[8.361578235776376,47.07215654128869],[8.361457694655252,47.072519407388846],[8.361429850678908,47.072589326137134],[8.361393437194176,47.072657382363374],[8.361348715666333,47.07272308639854]],[[8.357626291473856,47.06366898732943],[8.358230008077873,47.06355459064779],[8.358316165538222,47.06354125747572],[8.35840379080315,47.063533603997165],[8.358492084651502,47.06353169777994],[8.358580243081112,47.063535557856305],[8.358667459832452,47.06354514840612],[8.358752939611595,47.06356038224861],[8.358835900721443,47.063581120821745],[8.358915588208303,47.06360717317671],[8.35899127398406,47.063638303173164],[8.359316634621901,47.063787041016916],[8.359486238794275,47.06386262876048],[8.359658380838566,47.0639354891299],[8.359832965286232,47.06400558329893]],[[8.312488369342345,47.05499263167415],[8.312484195900385,47.0549909569745],[8.311808826647706,47.05471995575677],[8.311774029327955,47.054703377056725],[8.311743413542931,47.05468331136432],[8.311717720323616,47.05466024330669],[8.311697570833868,47.05463473308542],[8.311683452858631,47.054607394989326],[8.31167570755626,47.05457889209782]],[[8.350082848247617,47.05818825789973],[8.350137276120348,47.05822298070535],[8.35030725430327,47.05833392168215],[8.350482325308985,47.05844110049667]],[[8.35639407691151,47.063722900505134],[8.356366643469205,47.06369407294534],[8.356345654746391,47.06366281904844],[8.356331560569226,47.06362980809397],[8.356324661304724,47.06359574563746],[8.356325106315017,47.06356136002925]],[[8.311811498199583,47.05461004579761],[8.311961337472223,47.05463927900093],[8.312113046183976,47.05466359521547],[8.312266278547561,47.05468293949259],[8.31242068631757,47.05469726769876],[8.312575918805154,47.054706547414845],[8.312731621562707,47.054710757946864],[8.312736545133625,47.05471081042732]],[[8.309182576335072,47.053591730836445],[8.30918890652929,47.05359606368241],[8.309246394562164,47.0536319141206],[8.309308053850447,47.05366436587135],[8.309373455583852,47.053693192792736],[8.309555410869217,47.05376623320742]],[[8.364327948822552,47.06976710058815],[8.364271357068606,47.06991416497946]],[[8.32400612759103,47.0555108856877],[8.323661987962517,47.05550742043356],[8.32337919477744,47.05550457271034],[8.323317267434613,47.05550392533876]],[[8.323207193404416,47.05550267727478],[8.322583856242263,47.05549321169615],[8.319951737567855,47.05544837091352],[8.319719936583672,47.05544142926379],[8.319488682805108,47.05542853058758],[8.3194218824029,47.05542368698028]],[[8.351268800477484,47.05885723244185],[8.352351145272195,47.05940333968435]],[[8.363875376027156,47.068018319194664],[8.363896270447293,47.068081903557676],[8.363925297698303,47.06814397950889],[8.36396223220437,47.06820406219799],[8.364006782845555,47.06826168349333],[8.364058604819729,47.0683163927864],[8.364341299607785,47.06858776530406],[8.364397684911147,47.06864724311496],[8.364446242180392,47.06870986318444],[8.364486598381456,47.06877514366649],[8.36451844338253,47.06884258601478],[8.364541535173977,47.06891167224166],[8.36455569475919,47.06898187395451],[8.364560814069844,47.06905265319142],[8.364556854728386,47.06912346692885],[8.364543846826129,47.06919377248877],[8.364521888986909,47.06926303113647],[8.364327948822552,47.06976710058815]],[[8.312488369342345,47.05499263167415],[8.312736545133625,47.05471081042732]],[[8.32522697736197,47.05551454390065],[8.32492639068871,47.05551574952873],[8.324687210247589,47.05551720925049],[8.324580137028558,47.055516667991405],[8.32400612759103,47.0555108856877]],[[8.33876383405452,47.05340135271843],[8.338743099715384,47.053379618181836]],[[8.323317267434613,47.05550392533876],[8.323305365044838,47.05550379663689],[8.323207193404416,47.05550267727478]],[[8.309330415453918,47.05037960350908],[8.30992175139052,47.05042522444434],[8.309922021528815,47.05042524488353]],[[8.348038815452309,47.0570954044298],[8.348006397028444,47.057082559057726],[8.348001377153345,47.057080569401634],[8.347255700578307,47.056781359969484],[8.346995013816246,47.056680292253425],[8.346730043209433,47.056584569722396],[8.346461023129383,47.05649427775104],[8.346188191768345,47.056409494489124]],[[8.355341064523861,47.06203279006394],[8.355247425990001,47.06177861128535],[8.355204865742081,47.061676367890236],[8.355153258633223,47.061576089346886],[8.355092796690805,47.06147814832782],[8.35502370471954,47.061382910046234],[8.354946240254693,47.061290729557335],[8.354860690883033,47.061201949081465],[8.354763157298876,47.061107157928895],[8.354703721723427,47.06105474331903],[8.354637434103557,47.061006318001915],[8.35456486365637,47.06096229842014],[8.354486635590023,47.060923065487245],[8.354403423037581,47.060888954757374],[8.354315943185693,47.06086026095439],[8.353991159412411,47.06076612844204]],[[8.350082848247617,47.05818825789973],[8.350071377156365,47.05818094016745],[8.349322388965726,47.05770317628679],[8.349180022491849,47.0576161537247],[8.349032373244148,47.05753334412351],[8.348879707033555,47.057454898281186]],[[8.346188191768345,47.056409494489124],[8.346100709806606,47.056383711775716],[8.345409162310194,47.056187070336655],[8.345222673702175,47.056136382659275],[8.345033941049675,47.05608973612055],[8.34484315200704,47.056047176905096],[8.344395299559974,47.05595201944186]],[[8.353390169701752,47.06029004834992],[8.353458774381723,47.06040157890717],[8.35349765520149,47.06045753663674],[8.353543791788516,47.060510857515304],[8.353596805483804,47.060561104666476],[8.353656261409615,47.06060786414996],[8.353721669892781,47.06065075124797],[8.353792494422954,47.0606894139999],[8.35386815168361,47.06072353500207]],[[8.35386815168361,47.06072353500207],[8.353928079906634,47.06074611042541],[8.353990127563199,47.06076583171534],[8.353991159412411,47.06076612844204]],[[8.362321454473637,47.06551384953055],[8.362185383155381,47.06540005107798]],[[8.364271357068606,47.06991416497946],[8.364209725998428,47.07007433153863],[8.364184143770935,47.07014822864717],[8.364163961195963,47.070222902639365],[8.364149230403365,47.07029816868862]],[[8.33919656171008,47.054108384730384],[8.339213000755235,47.0541270071135],[8.339225764375433,47.054146930294436],[8.339234637621628,47.05416781682645],[8.339253829650284,47.05421431112984],[8.339280697823794,47.05425899468608],[8.33931865961451,47.05430840476603],[8.339361733061697,47.05435581640082],[8.339410194162266,47.05440206670817],[8.339462595903553,47.054446264775],[8.339518750081053,47.05448825464974],[8.339525342923103,47.05449286804084]],[[8.36265090855393,47.065814670539865],[8.36275722235025,47.065924210973265],[8.362856444613753,47.06603681470016],[8.363551168109902,47.06686560539246],[8.363765895901084,47.067121767227036]],[[8.338743099715384,47.053379618181836],[8.338715391655136,47.053355266612584],[8.338684593130207,47.05333271678724],[8.338681507825513,47.05333067018481]],[[8.352464192978998,47.05946037184972],[8.352517795225621,47.05948741787096],[8.352663932041297,47.059558395073715],[8.352804194444479,47.05963470826223],[8.352893365044563,47.05969024069437],[8.35297586823749,47.05975039410322],[8.353051190864106,47.05981479567338],[8.353118866710718,47.05988304702802],[8.353178476524622,47.05995472512766],[8.353229652009272,47.06002938493699],[8.353366340650101,47.060251306111454]],[[8.326933427214023,47.055474710493606],[8.32691808245116,47.05547789847267],[8.32680529455741,47.055498372162944],[8.326690860048057,47.05551400266703],[8.32657522152148,47.055524728986384],[8.326458831117925,47.05553050984098],[8.326342138659017,47.05553132286106],[8.32537820268089,47.05551617484032],[8.32523973728333,47.05551463159975],[8.32522697736197,47.05551454390065]],[[8.310262908878563,47.05045154354165],[8.310265552346946,47.05045174746597],[8.31056746396942,47.050475036989816],[8.310609800356042,47.05047830294683]],[[8.309922021528815,47.05042524488353],[8.310262908878563,47.05045154354165]],[[8.309225069031156,47.05101786501771],[8.30941419250773,47.05100693985205],[8.309500070485795,47.05100383912258],[8.309586063904886,47.05100444452132],[8.309671830569467,47.05100875504544],[8.309829495302365,47.05102010422117]],[[8.309225069031156,47.05101786501771],[8.30917704686552,47.05130431467525],[8.308936343688325,47.052740034622474]],[[8.308936343688325,47.052740034622474],[8.308935794008951,47.052743309570424],[8.308919381766426,47.05284118409865],[8.30891937575544,47.05284121922684]],[[8.30891937575544,47.05284121922684],[8.308911863857924,47.05288605690345],[8.308904751354724,47.052936772843104]],[[8.364166047545023,47.07071220272216],[8.364194736868352,47.07083209775672],[8.364210486468787,47.070879690652816],[8.364234503936999,47.07092564269758],[8.364266440710782,47.070969286523365],[8.364305831601701,47.071009987185704],[8.364389832756501,47.07108635565372]],[[8.3194218824029,47.05542368698028],[8.319417665163883,47.0554233684978],[8.319050368340003,47.055394554715626],[8.318971116109532,47.05538833733079],[8.31893929972851,47.0553857746047]],[[8.316112216560043,47.055068533396465],[8.316047958541208,47.05506135204895]],[[8.348770318503396,47.05740280908755],[8.348667364452481,47.05735670304699],[8.348354989257349,47.0572239193076],[8.348038815452309,47.0570954044298]],[[8.364149230403365,47.07029816868862],[8.364140746024216,47.07036537023564],[8.364136607147891,47.07043276165875]],[[8.356325106315017,47.06356136002925],[8.356329087726818,47.06354015259363],[8.356383403636855,47.063327072682526],[8.356390836685076,47.06328816851959],[8.356393400462899,47.06324897402587],[8.356391141432834,47.063210280442725],[8.356384137196772,47.06317185236488],[8.356372435865422,47.06313396197369],[8.356337000062158,47.06305320741871],[8.35629193528024,47.06297472561092],[8.35623754823475,47.06289905202537],[8.356174212440429,47.06282670271087],[8.356102356287158,47.06275816988819],[8.356000905822036,47.062674804886],[8.355892156508649,47.06259585465283],[8.355776517564689,47.062521615453576],[8.35570477139055,47.06247516478882],[8.355637946186423,47.062425404891535],[8.355576368615527,47.06237257784252],[8.355520339288347,47.06231694212235]],[[8.339150112259713,47.05407318942782],[8.339149712914567,47.05407292269177],[8.339102755980502,47.054037366128945],[8.339062637668844,47.05399809292275],[8.339029981578147,47.053955713488854],[8.33898864950591,47.053886310058616],[8.338954687703755,47.05381506410563],[8.338909054933033,47.053706008530696]],[[8.33919656171008,47.054108384730384],[8.33919024710687,47.054102464778566],[8.339166778418464,47.054084330205804],[8.339150112259713,47.05407318942782]],[[8.339525342923103,47.05449286804084],[8.339572901489845,47.054524394187524],[8.339622590970562,47.054554345560426],[8.339806904539287,47.05465657167002],[8.33999629093379,47.05475437142219],[8.340117421199444,47.05481095188313],[8.340243329448557,47.05486242839035],[8.34037355842406,47.05490861471171],[8.340507630077866,47.054949340971916],[8.340645057491871,47.05498445805692],[8.3406838407714,47.05499346385507]],[[8.308944588095626,47.053306918482164],[8.308974607958433,47.053369949475275],[8.30901387178877,47.05343055986249],[8.309061969290344,47.05348812125702],[8.309118399776212,47.0535420320427],[8.309182576335072,47.053591730836445]],[[8.312921951173648,47.054717350250804],[8.312921147520017,47.05471730419481],[8.312830441778477,47.054713099320985],[8.312739586298068,47.05471085114828],[8.312736545133625,47.05471081042732]],[[8.338681507825513,47.05333067018481],[8.3386226972029,47.05336722950742],[8.338558731212364,47.05339949152763],[8.338490276785796,47.053427119073724],[8.338418051699671,47.05344982405226],[8.338342811414181,47.05346736755175],[8.337131035965234,47.053703705821285],[8.33698508481931,47.053730104581064],[8.336837662300121,47.05375235510404],[8.336747564367862,47.05376593246197],[8.336658350520077,47.05378200360765],[8.334758788555593,47.05415988623232],[8.3345146823534,47.054211239547826]],[[8.35100857541858,47.058725931390235],[8.351264764133289,47.05885519553053],[8.351268800477484,47.05885723244185]],[[8.31893929972851,47.0553857746047],[8.318773080125665,47.05537033127054],[8.318607619188793,47.055351462671304],[8.317855458913009,47.05526478526114],[8.317110232269371,47.05518010268458],[8.316112216560043,47.055068533396465]],[[8.3406838407714,47.05499346385507],[8.34143272968308,47.055167381832334],[8.34162198042159,47.05521156808761],[8.341808691413888,47.05526054076952],[8.341992604885874,47.0553142317528],[8.34217346427004,47.0553725666072],[8.342736389220894,47.05556297165927],[8.34289174158411,47.05561196547739],[8.343049665802774,47.05565695378623],[8.343209942315138,47.05569787533539],[8.34337234502227,47.05573467162563],[8.344275892242369,47.05592665356235]],[[8.309330415453918,47.05037960350908],[8.309327735225938,47.0504098129153],[8.309225069031156,47.05101786501771]],[[8.31167570755626,47.05457889209782],[8.311604843554086,47.05456080910526],[8.311461478824098,47.05452022602034],[8.31132109564427,47.05447503596811],[8.311271127891388,47.05445498407231],[8.31127086823069,47.054454880797394]],[[8.313271156692844,47.054750889323394],[8.31312876865077,47.054734963077586],[8.313025606366155,47.05472480460183],[8.312921951173648,47.054717350250804]],[[8.3345146823534,47.054211239547826],[8.334368836224996,47.054244635396735],[8.334090116643498,47.05430743389054],[8.33380891874409,47.054364837480364],[8.333525462981568,47.054416801251946],[8.331030056779634,47.05487043635305],[8.330062075453105,47.05504307703291],[8.329858217779341,47.05507641634094],[8.329652540734818,47.0551040464173],[8.329445385860668,47.05512592232414],[8.329237098768035,47.05514200629119],[8.329082061683328,47.05515095371082]],[[8.338909054933033,47.053706008530696],[8.338877252244743,47.0536299968563],[8.338868506671302,47.053609096701415],[8.338844184149382,47.05355096807707],[8.338830843681356,47.053519086143275],[8.338815904323162,47.053483378324024],[8.338793801514681,47.0534411994567],[8.33876383405452,47.05340135271843]],[[8.357405656310274,47.063710791883175],[8.357626291473856,47.06366898732943]],[[8.353390169701752,47.06029004834992],[8.353368696648289,47.0602551464565],[8.353366340650101,47.060251306111454]],[[8.35639407691151,47.063722900505134],[8.356428574364525,47.06374948748106],[8.356468538959765,47.063772218425804],[8.35651306008051,47.06379057706742]],[[8.344395299559974,47.05595201944186],[8.344349628331075,47.05594231898149],[8.34433029140118,47.05593821117434]],[[8.362185383155381,47.06540005107798],[8.36206988254721,47.06531116230801],[8.36194968460996,47.06522523025519],[8.361824953250773,47.06514236963091],[8.361437772289642,47.06489443642978],[8.361343113736583,47.0648338370517],[8.361218166676363,47.06475692539703],[8.361088893484537,47.06468342799836],[8.36004142709231,47.064111311356044],[8.359938582134513,47.06405717147624],[8.359832965286232,47.06400558329893]],[[8.348879707033555,47.057454898281186],[8.348796621765842,47.05741503523767],[8.348770318503396,47.05740280908755]],[[8.310504794102528,47.051068709491524],[8.310185866869936,47.05104575492266]],[[8.310185866869936,47.05104575492266],[8.309829495302365,47.05102010422117]],[[8.363765895901084,47.067121767227036],[8.3637678984071,47.06712413493095],[8.363815884598203,47.06718819286829],[8.363854844208753,47.067255050060936],[8.363884431247282,47.067324112896806],[8.363904385016939,47.06739477178234],[8.363914527438023,47.067466398465115],[8.363914769864039,47.06753835947217],[8.363905109165445,47.06761001794015],[8.363868984742,47.06778654792169],[8.363860525412774,47.06784443974198],[8.363858770813687,47.067902605893394],[8.36386373187191,47.067960686464524],[8.363875376027156,47.068018319194664]],[[8.43086530713534,47.14136945896788],[8.430636030543228,47.141325727683174],[8.430405964262373,47.14128397007794],[8.430387374885179,47.14128225570345],[8.430368628914508,47.14128269261038],[8.43035025482063,47.14128526994482],[8.430332774618321,47.14128991304073],[8.430316684244875,47.141296491684855],[8.4303024390267,47.141304818442826],[8.430290443300823,47.14131465774415],[8.430281036014962,47.14132573140354],[8.430274485554534,47.14133772406299],[8.430270975492588,47.141350296807495],[8.430270606007497,47.14136309255014],[8.430273388876616,47.14137575046836],[8.430279243587991,47.1413879096354],[8.430288004247421,47.14139922605237],[8.430299423666007,47.141409379809794],[8.430313178782622,47.14141808313634],[8.430328877404744,47.14142508843724],[8.430346075511169,47.14143019714073],[8.43066023298361,47.141494063870766],[8.430680684801796,47.14149845360287],[8.43070191093621,47.1415005176023],[8.430723346052321,47.14150019867567],[8.430744419491026,47.14149750804226],[8.430764572205371,47.141492514393114],[8.430783267473085,47.141485352793836],[8.430800007816611,47.141476212844765],[8.43081434818505,47.141465338566896],[8.430825906299729,47.1414530175181],[8.43086511707524,47.141369874402436],[8.43086530713534,47.14136945896788]],[[8.441902005237973,47.12239167023023],[8.442008763969362,47.12249749741311],[8.4421232873641,47.12259947227979],[8.442563352257066,47.122971245209285],[8.442654877423871,47.123053273832454],[8.442739371572657,47.12313874343381],[8.442816557972828,47.123227375783124]],[[8.440943691921952,47.121024115408],[8.441166918249928,47.12136009768992],[8.441336777732777,47.121614712041136],[8.441637793117442,47.12206405302622],[8.441717897998151,47.122176193125114],[8.441806040666945,47.12228548879348],[8.441902005237973,47.12239167023023]],[[8.427980633946756,47.109772481649905],[8.42556176020297,47.10864990798275]],[[8.433340041193894,47.1127345761367],[8.43321683105088,47.112654016138436],[8.431744340166844,47.11166311577024]],[[8.430982348939978,47.14110933352369],[8.43086530713534,47.14136945896788]],[[8.376352046058363,47.07057573277646],[8.377152623316013,47.07075952801347],[8.377333450099842,47.07080461349416],[8.377510640312895,47.07085599745438],[8.377683726840704,47.07091354339823],[8.377852248861162,47.070977098588905],[8.3780157597739,47.07104649578233]],[[8.384724356237566,47.075239567558036],[8.38498809708211,47.075289729805114],[8.385141950046542,47.07532192232258],[8.385293181235685,47.07535946703832],[8.385441392592572,47.075402264693665],[8.385586193733001,47.07545020337473],[8.385727203214355,47.07550315580297],[8.385864047265857,47.07556098204425],[8.385996367719665,47.07562353124221],[8.386269314795596,47.07575975210529]],[[8.389213752837598,47.07785544537901],[8.389527874310062,47.078160869836786],[8.389635735288932,47.07826278242905],[8.38974759539825,47.07836266298792],[8.389800317276594,47.078408454027134],[8.389806656760342,47.078413960825955]],[[8.386269314795596,47.07575975210529],[8.387364202097636,47.076306260539184],[8.38741742966215,47.076333310627554]],[[8.431026574632838,47.1410017358715],[8.430963424095827,47.14100400699437],[8.43077601943391,47.14101243158935],[8.43042504442219,47.14102362843298],[8.430109807733714,47.14102498714963],[8.42984055334746,47.1410313919272],[8.429780986739027,47.14102579189963],[8.429744543873142,47.1410276342889]],[[8.3944269566174,47.080946934389104],[8.394379901381381,47.08091798216809],[8.394242462997068,47.080837195210954],[8.394099792835567,47.0807607569013],[8.393952186043407,47.08068882488726],[8.39379994815066,47.080621548635676],[8.393643393690194,47.08055906584491],[8.39348284494545,47.08050150605426],[8.391925119127999,47.07997348848748],[8.391794969636074,47.079926647852425],[8.3916683041109,47.07987554573582],[8.391545419697641,47.079820302924325],[8.39142660711391,47.07976104925462],[8.391312145414865,47.07969792545524]],[[8.395413954922205,47.08155521966619],[8.395231107232068,47.08144179004467],[8.3944269566174,47.080946934389104]],[[8.399252584719996,47.087996650160626],[8.399236109577004,47.088055226938195],[8.399223989594985,47.08811429804364],[8.399169820991245,47.08843811943404],[8.399162085997698,47.088493254276266],[8.399157297467058,47.08854854529811]],[[8.430865450829913,47.13864194960108],[8.430755771921595,47.13885521047678],[8.430650828324218,47.13906957821661],[8.43019543759038,47.140048121165485],[8.429744543873142,47.1410276342889]],[[8.403961058706102,47.09119364229268],[8.40398245809403,47.091254029021584],[8.403998902200124,47.09131513564494],[8.404010337545516,47.09137677280665]],[[8.3780157597739,47.07104649578233],[8.378169879436795,47.071119574098965],[8.378318440708338,47.071197841370164]],[[8.368353080728541,47.0701823550855],[8.368517927479914,47.07014667373649],[8.368685519971873,47.0701175663879],[8.36885529380053,47.070095130253655],[8.36902668419134,47.07007944096427]],[[8.389806656760342,47.078413960825955],[8.390019469340237,47.07859884404297],[8.390021704525742,47.078600876531496]],[[8.372429658576726,47.0700387899574],[8.372970034540527,47.06999450744961]],[[8.374539378930505,47.07015955748631],[8.37497906600665,47.07026050939755],[8.37595142889225,47.070483750750114],[8.376352046058363,47.07057573277646]],[[8.434363925936914,47.11327614454263],[8.433984773460091,47.11309051060949],[8.43392358851319,47.11306055428323],[8.433772077239178,47.112983855242106],[8.433624215313936,47.11290390488942],[8.433480155777481,47.11282078377474],[8.433340041193894,47.1127345761367]],[[8.421581198413667,47.10681096999423],[8.421251410147512,47.10666694657323],[8.420360672903504,47.106282134083585]],[[8.388678783519696,47.07733526926109],[8.389213752837598,47.07785544537901]],[[8.3810899200014,47.07339856240265],[8.38142646015384,47.07367497498505]],[[8.418436232506743,47.10554420160141],[8.418417862686251,47.1055403911382],[8.417980634060674,47.105450493993324]],[[8.42817712858995,47.10986368781458],[8.427980633946756,47.109772481649905]],[[8.439391038268608,47.117323798208794],[8.439369455251951,47.11729077972348]],[[8.445307051176634,47.128924571287556],[8.445335147801416,47.129022407792434],[8.445353047540031,47.129121353664736],[8.44536065802905,47.12922091585964],[8.445357942169606,47.12932059634787],[8.4453449142595,47.12941989664754],[8.445292967198153,47.12965947210978],[8.445233459381665,47.12989822675373],[8.445166420261918,47.130136049663356],[8.44498300902569,47.1308468128433],[8.44479171726106,47.1315566091338],[8.444731650335777,47.131758817423496],[8.444664153029589,47.131959932044055],[8.444589271627972,47.132159824839775],[8.444549200734116,47.13225231979504],[8.444501513050927,47.1323431164266]],[[8.43087783293758,47.138609886095445],[8.430865450829913,47.13864194960108]],[[8.402709645270857,47.09034284547457],[8.40253977358889,47.090281960736206],[8.402485469016424,47.09026602357423],[8.40242821375989,47.09025599965854],[8.402369380617008,47.09025212934762],[8.402310376588462,47.09025450428844],[8.402252616557902,47.090263068536615]],[[8.402252616557902,47.090263068536615],[8.402195607381989,47.09027823283051],[8.402142873828312,47.09029941978301],[8.402095770634803,47.09032608460149],[8.401917154231503,47.09044491086507],[8.401854185584156,47.09048298816935],[8.401786194343172,47.09051679864405],[8.401713799295756,47.09054603394214]],[[8.42556176020297,47.10864990798275],[8.42329614177557,47.107598330873586]],[[8.438483688374935,47.116330319026446],[8.437376128182235,47.115175323721985]],[[8.399365809380951,47.08755224449201],[8.399276673023655,47.08791642477746],[8.399260416760445,47.08797288126527],[8.399255518336894,47.087987639026146],[8.399252584719996,47.087996650160626]],[[8.399475523117001,47.08710818195959],[8.399467796100664,47.08713559321813],[8.399365809380951,47.08755224449201]],[[8.443148272056689,47.12377744095098],[8.443178767746668,47.123872279538595],[8.443200381894886,47.123968248202566],[8.44321303073812,47.124064959069536],[8.443241964901565,47.12440946150638]],[[8.42329614177557,47.107598330873586],[8.422340725310129,47.10715485161669],[8.421962412138774,47.10698141609458],[8.421581198413667,47.10681096999423]],[[8.437376128182235,47.115175323721985],[8.437152994989159,47.11494262615085],[8.436878308302004,47.114656162031146],[8.436818168566516,47.11459613484119]],[[8.37212046332427,47.07006414384505],[8.372429658576726,47.0700387899574]],[[8.388632560096303,47.077290331631154],[8.388678783519696,47.07733526926109]],[[8.412582997835683,47.10018884346485],[8.412651692249767,47.100280893469304],[8.412713290091204,47.100375256978396],[8.412767624625396,47.100471677242666]],[[8.400946631715794,47.09056504074772],[8.400870294720756,47.09053907283177],[8.400797984324104,47.09050819193517],[8.400730376185251,47.090472689263265],[8.400668103177141,47.09043289416205],[8.400611744931615,47.09038917870319],[8.399761619119305,47.089661654315],[8.399752012204994,47.089653432631216]],[[8.364700669707991,47.071170161919504],[8.364716547198443,47.07117313649471],[8.364791559462788,47.07118435102486],[8.364867703848157,47.07119113144722],[8.365453937601375,47.07122599884337],[8.365529523241946,47.07123403732114],[8.365602833001674,47.07124896404722],[8.365672528442389,47.07127050736615]],[[8.399752012204994,47.089653432631216],[8.39964151320477,47.08955888652181],[8.39962784072783,47.08954708259813]],[[8.44018243152058,47.13306878669441],[8.439737086419496,47.13303567118556]],[[8.436716765428555,47.11450540406965],[8.436768521453958,47.114550220574515],[8.436818168566516,47.11459613484119]],[[8.417980634060674,47.105450493993324],[8.417897147726288,47.10543332837698],[8.41749590899384,47.10535082029133],[8.417494732000561,47.10535057843853],[8.417420249328334,47.105335263553954],[8.41726427290589,47.10529463536181],[8.417111748437984,47.10524830045245],[8.416963121136211,47.10519639538149]],[[8.399276749832385,47.0891057067185],[8.39932167619459,47.08918713891044],[8.39937335190494,47.08926668224801],[8.399431606350118,47.08934407547756],[8.399496251938574,47.089419065582526],[8.399567073516428,47.0894914051734]],[[8.399567073516428,47.0894914051734],[8.39962784072783,47.08954708259813]],[[8.443845829727298,47.12735562285633],[8.443739735979067,47.127247102787976],[8.443641470342403,47.12713520202475],[8.443551261778195,47.12702018305538],[8.443469324913282,47.12690231748858],[8.44344534915,47.12684080827695],[8.443426690210769,47.12677844659266],[8.443413412713149,47.12671544596839]],[[8.4432508060541,47.124514732554076],[8.443249220999625,47.12446198634692],[8.443241964901565,47.12440946150638]],[[8.443275990686335,47.124814667562525],[8.4432508060541,47.124514732554076]],[[8.44333904049047,47.12551567298911],[8.443306597206025,47.12518434207753],[8.443279196908291,47.12485279885293]],[[8.443279196908291,47.12485279885293],[8.443275990686335,47.124814667562525]],[[8.443461104773037,47.12613264659709],[8.443451020406226,47.12603673827953],[8.443435059439567,47.12594120155811],[8.443413250114533,47.125846205300974],[8.443385696787939,47.125764617686094],[8.44336411168384,47.12568219799329],[8.443348547330057,47.12559914816748],[8.44333904049047,47.12551567298911]],[[8.44473013185979,47.1281328571804],[8.444497195476925,47.12793882098052],[8.444261053752383,47.12774659887199],[8.444116958744681,47.12761911595978],[8.44397850960884,47.12748875259297],[8.443845829727298,47.12735562285633]],[[8.443413412713149,47.12671544596839],[8.443405271757893,47.12664851885893],[8.443403201581866,47.12658137677728],[8.443407210907674,47.12651427512216],[8.443417282118554,47.12644747042105],[8.443437711525307,47.126342932251866],[8.443452325143246,47.12623794024828],[8.443461104773037,47.12613264659709]],[[8.364389832756501,47.07108635565372],[8.364583098984934,47.07114130731391],[8.364601345138661,47.07114649461709],[8.364650498648807,47.071159326393],[8.364700669707991,47.071170161919504]],[[8.400163481881187,47.08660167291385],[8.399949803509827,47.08616200950981]],[[8.444501513050927,47.1323431164266],[8.444450288341061,47.13242604135647],[8.444384538359078,47.1325119763851],[8.44430993802284,47.1325944769001],[8.444226872188382,47.13267312032475],[8.444135766931575,47.132747502611736],[8.444037089599446,47.1328172409424],[8.443931347576813,47.13288197823494],[8.44381908166279,47.13294138140448],[8.443700871409913,47.13299514491448],[8.44357732332981,47.133042994478885],[8.443449069490184,47.133084682577035],[8.443316770284985,47.13311999562599],[8.44318110517408,47.13314875226322],[8.443017545002904,47.13317395804876],[8.442852130089635,47.13319270208338],[8.442685408991952,47.1332049210988],[8.442517934645107,47.13321057428047],[8.442350260424424,47.13320964420194],[8.442182942712133,47.1332021332037],[8.441545846944154,47.13316541211871],[8.440909466232926,47.13312331991485],[8.440273895797109,47.13307586297268],[8.44018243152058,47.13306878669441]],[[8.400946631715794,47.09056504074772],[8.401107410438582,47.09059586243396],[8.401162813023857,47.09060539697485],[8.401219420732467,47.09061067367066],[8.40127653826623,47.090611628178756],[8.401333456792882,47.09060824934532],[8.401384653776521,47.09058955033552],[8.401431602820619,47.0905662235756],[8.401473413589613,47.090538711918214],[8.401509293344038,47.09050753835936]],[[8.401713799295756,47.09054603394214],[8.401686605281963,47.09055157736362],[8.401658466554146,47.09055409717824],[8.40163009846266,47.09055352801912],[8.401602224397068,47.0905498854134],[8.401575553300958,47.090543260572936],[8.401550765249317,47.09053382411333],[8.401528488850444,47.09052181454899],[8.401509293344038,47.09050753835936]],[[8.365672528442389,47.07127050736615],[8.36587493033889,47.07136101736788]],[[8.366683927305955,47.07088200786492],[8.36647644384689,47.07099253873466],[8.36634621814738,47.07106511808858],[8.366220795934952,47.07114154369784]],[[8.442816557972828,47.123227375783124],[8.44287671362697,47.12330564908336],[8.442931164520958,47.12338584506673],[8.443031607490422,47.12354388114115],[8.443076622021488,47.12362026709574],[8.443115547641947,47.12369819499996],[8.443148272056689,47.12377744095098]],[[8.366683927305955,47.07088200786492],[8.366700900458373,47.07087297409343],[8.3669098783552,47.07076455279103],[8.36712284013938,47.07065981497637],[8.367339650088946,47.07055882919197],[8.367560164509342,47.070461659547554],[8.367750136172111,47.070380288106335],[8.367894538287223,47.07032221207672],[8.368043477209197,47.070269758283295],[8.368196484445416,47.070223089722035],[8.368353080728541,47.0701823550855]],[[8.409507161055084,47.09736747147067],[8.409418512359558,47.09721798484199],[8.409366091683323,47.09713660097304],[8.409306713317125,47.097057477071644],[8.409240583865289,47.09698089114553],[8.409167934773238,47.09690711109683],[8.40908902101013,47.09683639473302]],[[8.383261761916534,47.07484505723576],[8.383401635103214,47.074904214416016],[8.383545392376458,47.074958853369594],[8.383692722165133,47.075008854304876],[8.383826731350505,47.07504940682175],[8.383963089302194,47.075086121219606],[8.384101561854658,47.07511893644812],[8.38424191092213,47.07514779328906],[8.384724356237566,47.075239567558036]],[[8.44473013185979,47.1281328571804],[8.444828588066166,47.12821370978067],[8.444919788818606,47.12829843272728],[8.44500340813399,47.12838672393971],[8.445079147443844,47.128478267603846],[8.445146736962878,47.12857273685761],[8.445196940054451,47.12865830601181],[8.445240450224382,47.12874556553518],[8.44527714687349,47.128834271810824],[8.445306925129884,47.12892417658522],[8.445307051176634,47.128924571287556]],[[8.39838154877676,47.083587352222786],[8.398322891567451,47.08354190340961],[8.398262026827789,47.0834978295433],[8.397028267642481,47.08263372835776],[8.396882387153575,47.08252722992358],[8.39673383334205,47.08242246996259],[8.39639355743673,47.08219416128672],[8.396255188879886,47.082101321348865]],[[8.39879377999558,47.0839880726625],[8.398570033575218,47.08375812179185],[8.398479508117205,47.08367082276196],[8.39838154877676,47.083587352222786]],[[8.404746675539288,47.09387964945092],[8.40442058061433,47.093155636002365]],[[8.40442058061433,47.093155636002365],[8.404129317721676,47.09250896007491],[8.404083914704305,47.092396949596235],[8.404047874927507,47.09228336176678],[8.404021312936543,47.09216856265312],[8.404004316966615,47.092052920339604],[8.403996939757242,47.091936806804924],[8.403999203740309,47.091820593380156],[8.404016791236774,47.091532586315104],[8.404017554635818,47.09145460240964],[8.404010337545516,47.09137677280665]],[[8.405649376882078,47.09510095638317],[8.405950799798429,47.095380269643385],[8.40608025696492,47.09549448275013],[8.406217466807147,47.095604394409484],[8.406362123250577,47.09570975889297],[8.406513901983946,47.09581034232004],[8.406672466979957,47.09590591900519],[8.406837464006916,47.095996276910135],[8.40700852451562,47.096081214013395],[8.407027684393544,47.09609026405202],[8.407172350167022,47.09615465519454],[8.407321969685253,47.09621353237715],[8.40747609184515,47.0962667185721],[8.4076342526587,47.09631405305401],[8.408455417482237,47.096541685403125]],[[8.404746675539288,47.09387964945092],[8.404816833287025,47.094035440005236]],[[8.404816833287025,47.094035440005236],[8.404823501218615,47.09405020869072]],[[8.439737086419496,47.13303567118556],[8.439149157597603,47.13299535135568],[8.438560692132164,47.13295885630799],[8.43797174532002,47.13292618915089],[8.437686625543462,47.13291541160244],[8.437401189103847,47.13290977076777],[8.437115633748588,47.13290927212329],[8.436830158425513,47.13291391484006],[8.436544962049101,47.13292369629226],[8.436337948667157,47.13292535850817],[8.436131314375416,47.132934068686694],[8.435925574100647,47.13294980527188],[8.435721241135042,47.13297252963403],[8.435567654924752,47.132998977747604],[8.435416676381175,47.13303168195524],[8.435268854243422,47.13307052326707],[8.435124723690823,47.13311536212381],[8.43498480497557,47.13316603570916],[8.434849606092905,47.133222359726176],[8.43471961494069,47.13328413206229],[8.43459530449145,47.1333511273477],[8.4344771236839,47.1334231033304],[8.434365498724583,47.13349979996492],[8.434260837025128,47.13358093847859],[8.434163515440796,47.13366622687039],[8.434073888094494,47.13375535534474],[8.43399227723446,47.133848000888364],[8.433768502579143,47.13410110169033],[8.433551607030099,47.134356976109466],[8.433341665493154,47.13461553717954],[8.433138747607032,47.134876697979244],[8.432942925601072,47.13514036886544],[8.432646240671355,47.135514069608654],[8.43235504640192,47.13588977575844],[8.43206937254021,47.136267452017094],[8.431913427232088,47.136528285630924],[8.431764915905472,47.13679113188004],[8.431594020654568,47.13708877885817],[8.431432254372984,47.137388792628315],[8.431279688571669,47.13769104127745],[8.431136388209671,47.13799539474645],[8.43100241689991,47.13830172118679],[8.43087783293758,47.138609886095445]],[[8.43985603930085,47.11910555526995],[8.43986941559315,47.119165565364256]],[[8.412767624625396,47.100471677242666],[8.413764497332222,47.102410716300554]],[[8.399815439381086,47.08590097909234],[8.399763079946807,47.08581305413072],[8.39958558061654,47.08552610898954],[8.399512448259596,47.085401786897854],[8.399445802500308,47.085275776013084],[8.399385723811632,47.08514823309638],[8.399332290078625,47.08501931762819],[8.399285566080465,47.084889192795785],[8.399158672730124,47.084506652087505],[8.399125531386415,47.08442127564039],[8.3990833931569,47.084337770815836],[8.399032478025223,47.08425657924906],[8.39897305843162,47.08417813044095],[8.398905446055656,47.084102839170015],[8.39879377999558,47.0839880726625]],[[8.40908902101013,47.09683639473302],[8.409084539710365,47.09683261844124],[8.40899258750006,47.09676982299537],[8.408893890146999,47.096712000521535],[8.408789022796393,47.09665948708024],[8.408678594275296,47.096612587863795],[8.408563251044555,47.096571577163054],[8.408455417482237,47.096541685403125]],[[8.381063295032206,47.07337669752468],[8.378996920280253,47.07167942098854]],[[8.378996920280253,47.07167942098854],[8.378836284379858,47.07154747677536],[8.37871633956517,47.071453699632904],[8.378589846989687,47.07136402756801],[8.378457109278436,47.071278673977936],[8.378318440708338,47.071197841370164]],[[8.439992362505109,47.11952953597253],[8.440050603973889,47.119651994910846],[8.440116810896763,47.11977255292692],[8.440190850984887,47.1198909691782],[8.440943691921952,47.121024115408]],[[8.413764497332222,47.102410716300554],[8.413853042625078,47.1025831302282],[8.413915969089807,47.102697606757104],[8.413986138601208,47.102810102124174],[8.414063419545046,47.102920404237985],[8.414147663211565,47.10302830295041],[8.414238710447043,47.103133593598386],[8.414336389002642,47.103236076127025],[8.414722953489731,47.103622959764074],[8.414835869130517,47.10373195931372],[8.414954130185249,47.10383828393425],[8.415077600062059,47.1039418115302],[8.415206136945374,47.104042422749146],[8.416155831946362,47.10476077080736],[8.416274798523084,47.10484584948568],[8.416400541750898,47.1049262583521],[8.41653266703249,47.10500174436746],[8.41667076164847,47.10507207263853],[8.416814396042213,47.10513702460861],[8.416963121136211,47.10519639538149]],[[8.399157297467058,47.08854854529811],[8.399155935702113,47.088642921452944],[8.39916315252077,47.088737172819975],[8.399178919085438,47.08883093711614],[8.399203174935918,47.08892385142148],[8.399235828117602,47.08901555937429],[8.399276749832385,47.0891057067185]],[[8.439391038268608,47.117323798208794],[8.43940167354058,47.117340761288794],[8.439451465947949,47.11742748441572],[8.439494615868597,47.11751585127577],[8.439531006808165,47.11760562360719],[8.43956054201683,47.11769656207591],[8.439583143088136,47.11778842178958],[8.439855981737303,47.119105295798406],[8.43985603930085,47.11910555526995]],[[8.430982348939978,47.14110933352369],[8.431024124526148,47.14101166470172],[8.431026574632838,47.1410017358715]],[[8.43104291689456,47.111214005116885],[8.430901654678879,47.11113710410562],[8.430757024709212,47.11106317715047],[8.430609163953212,47.110992292322884],[8.42817712858995,47.10986368781458]],[[8.420360672903504,47.106282134083585],[8.419229270056755,47.10579334524705],[8.419078877284468,47.10573213311677],[8.418923934149442,47.10567646400688],[8.41876487823928,47.10562649338941],[8.418602157460013,47.10558236495596],[8.418436232506743,47.10554420160141]],[[8.439369455251951,47.11729077972348],[8.43931163773857,47.11721005361848],[8.439247987011871,47.11713139956882],[8.439178662243291,47.11705501318344],[8.438483688374935,47.116330319026446]],[[8.36902668419134,47.07007944096427],[8.369166020120948,47.070071724818895],[8.369305730971718,47.070068468182114],[8.369445512790868,47.0700696798129],[8.36958505877415,47.07007535590084],[8.370599136682035,47.07013288604555],[8.370800428284612,47.07014080962671],[8.371002049227963,47.07014177388499],[8.3712034832644,47.07013577581279],[8.371404217107967,47.07012283127287],[8.37212046332427,47.07006414384505]],[[8.381063295032206,47.07337669752468],[8.3810899200014,47.07339856240265]],[[8.43986941559315,47.119165565364256],[8.439869787109206,47.119167110271405],[8.439903000805286,47.119289083798584],[8.439943885262341,47.11940996770487],[8.439992362505109,47.11952953597253]],[[8.400163481881187,47.08660167291385],[8.399821522111383,47.08675953650288],[8.399771627944299,47.08678446601088],[8.399724589877316,47.08681186428924]],[[8.390021704525742,47.078600876531496],[8.390839744713698,47.079353566059716],[8.390946838975584,47.07944643690516],[8.391061523431198,47.07953497721038],[8.391183425562048,47.07961889858373],[8.391312145414865,47.07969792545524]],[[8.403315811019885,47.090569623404875],[8.403231490074116,47.090532259179],[8.403143963849748,47.090498509243524],[8.402709645270857,47.09034284547457]],[[8.387967189725076,47.07667786597441],[8.388071804836544,47.076760413206706],[8.388171445395882,47.076845783804515],[8.388265948268549,47.076933837898096],[8.388632560096303,47.077290331631154]],[[8.436716765428555,47.11450540406965],[8.436625665674491,47.114433049937396],[8.436529075257766,47.11436409425986],[8.436427266622163,47.114298731662466],[8.436320525163923,47.11423714496391],[8.436209150616211,47.11417950876282],[8.434363925936914,47.11327614454263]],[[8.38741742966215,47.076333310627554],[8.38754323960435,47.07640113378459],[8.387664919274938,47.0764723876687],[8.387782267773433,47.07654695521089],[8.38789509198365,47.076624712981015]],[[8.38142646015384,47.07367497498505],[8.381662457577258,47.07386880655123],[8.381989358886463,47.07413729953635],[8.382107691833276,47.074229422351735],[8.382232980462124,47.074317148430985],[8.382364874156425,47.0744002323531],[8.382503004113342,47.074478443240146],[8.382646987246048,47.07455156202627],[8.383158918508329,47.07479748941934],[8.383169966964887,47.074802777949564]],[[8.41055881809173,47.098762095371114],[8.410451800109778,47.0986812330929],[8.410351313086894,47.098596554435126],[8.410257647314948,47.098508304339326],[8.410171074835256,47.09841673869573],[8.410091848105525,47.098322123454814],[8.41002019468259,47.09822473197334],[8.409956322556699,47.09812484856713],[8.409507161055084,47.09736747147067]],[[8.396255188879886,47.082101321348865],[8.39620307379437,47.08206634989789],[8.395811805202902,47.08180841287862],[8.395413954922205,47.08155521966619]],[[8.372970034540527,47.06999450744961],[8.372977803322803,47.06999386853864],[8.373130442011595,47.069984282524075],[8.37328362271058,47.06998049046144],[8.373436875643383,47.0699825042681],[8.373589729419484,47.0699903187855],[8.373741714920007,47.07000390814905],[8.373892365406563,47.070023232084345],[8.374041215125917,47.07004823142065],[8.374187809840592,47.07007882800488],[8.374539378930505,47.07015955748631]],[[8.41055881809173,47.098762095371114],[8.410624272812703,47.0988075012072],[8.410691790976612,47.098851475445315],[8.412000237867852,47.09967719936788],[8.4121139432036,47.09975298673109],[8.412221425459697,47.09983289721028],[8.41232236151656,47.099916693377565],[8.41241645304485,47.10000412500163],[8.412503417335323,47.10009493182296],[8.412582997835683,47.10018884346485]],[[8.366220795934952,47.07114154369784],[8.366203720037543,47.07115248709051],[8.36587493033889,47.07136101736788]],[[8.431744340166844,47.11166311577024],[8.431438491093617,47.111457293660614],[8.431310209512194,47.11137351363971],[8.431178311907576,47.111292393216026],[8.43104291689456,47.111214005116885]],[[8.399724589877316,47.08681186428924],[8.399665273796971,47.08685311772671],[8.39961242073313,47.08689828593985],[8.399566580648596,47.08694689656654],[8.399528231806364,47.08699844456009],[8.39949777421676,47.08705239404319],[8.399475523117001,47.08710818195959]],[[8.404823501218615,47.09405020869072],[8.404826986381707,47.09405794259039],[8.404893229621372,47.094193338800885],[8.404968927031973,47.09432640297292],[8.4050539071654,47.094456827981105],[8.405147971006846,47.094584312327825],[8.40525090119336,47.09470856006533],[8.405362460777615,47.094829285304606],[8.40548239049577,47.09494620684102],[8.405649376882078,47.09510095638317]],[[8.399949803509827,47.08616200950981],[8.399907482054426,47.08607497215545],[8.399863127195255,47.08598756408567],[8.399815439381086,47.08590097909234]],[[8.403961058706102,47.09119364229268],[8.403923076157188,47.0911110048086],[8.403875818298209,47.091030629358514],[8.403819570485553,47.0909530001966],[8.403754673121862,47.090878586720244],[8.403681516273775,47.09080783721854],[8.403600540955878,47.090741177062796],[8.403512236528755,47.09067901052808],[8.403417135236628,47.09062171004458],[8.403315811019885,47.090569623404875]],[[8.383169966964887,47.074802777949564],[8.383261761916534,47.07484505723576]],[[8.38789509198365,47.076624712981015],[8.387967189725076,47.07667786597441]]]},"properties":{"OBJECTID":15,"BUL_ROUTE":"B073","FP_JAHR":2026,"KURSBUCHNR":"60.073","LINIENNR":"Linie 73","LINIENBEZ":"Luzern - Rotkreuz","FP_URL":"https://widgets.oev-info.ch/publikation/jahresfpl/60.073.pdf","TU":3,"TU_URL":3,"TP_URL":1,"SHAPE_Length":18966.334489997556}},{"type":"Feature","id":95,"geometry":{"type":"MultiLineString","coordinates":[[[8.419864729370387,47.1371739219937],[8.420876053830101,47.1375367982111],[8.422140175062887,47.1379983529991],[8.422468648532512,47.13811993919513],[8.422788003668648,47.13825236924623],[8.423097467357676,47.138395317911055],[8.423857907041539,47.13873982270325],[8.4246271840554,47.13907508570158],[8.425405024526723,47.13940099483532],[8.42551864317888,47.139449071710764],[8.42562571083567,47.13950370936707],[8.425725405099506,47.13956449119098],[8.42581696354851,47.139630964973286],[8.425899706932249,47.13970261392325],[8.425973004643504,47.13977891453562]],[[8.40185549021088,47.13077113263226],[8.401770088332443,47.13071971170597],[8.400883251731203,47.130231799454975],[8.400686799334645,47.13011321264115],[8.400613323717046,47.13005719602547],[8.400546002992815,47.12999768529217],[8.40048519473672,47.129934995002756],[8.400431219891434,47.12986945531732],[8.400384361482324,47.129801413803776],[8.400344871094177,47.12973122908698],[8.400312953073355,47.129659271879795],[8.399919852776874,47.12864092738126],[8.399893722921123,47.12857605511186],[8.399776586278518,47.12829695234556]],[[8.399776586278518,47.12829695234556],[8.399680285197054,47.128067497924356],[8.399665064910286,47.128024706586565],[8.399655006688363,47.12798121093356],[8.399650177670768,47.12793730096075],[8.399638931451038,47.127712334128994],[8.399633434933895,47.1276734591295],[8.399620929586092,47.127635347953664]],[[8.405844307154402,47.13296507888652],[8.405738692173138,47.13293245160912],[8.405634427304527,47.13289786265339],[8.404965806951097,47.13266828340393],[8.404856123689731,47.13263272098604],[8.404744191635972,47.132600584860334],[8.404630243935165,47.132571939628555]],[[8.411610456346963,47.13472522487355],[8.411637521192896,47.1347340273962]],[[8.404630243935165,47.132571939628555],[8.404564505982663,47.132557197630916],[8.403263306099786,47.13227813297785],[8.403157784849567,47.13225222851147],[8.403055709325189,47.13222053881825],[8.402957760887292,47.13218327498591],[8.402864589939814,47.13214068614462],[8.40277681714995,47.13209305405943],[8.402695026939003,47.13204069768193],[8.4026197660021,47.131983964166736],[8.402551532829222,47.1319232325574],[8.402490782831467,47.131858905646396],[8.402437920498427,47.131791413639526],[8.402393296584801,47.13172120428314],[8.402357210811598,47.13164874643999],[8.402329901178048,47.13157452208233],[8.402221274125461,47.13122211529374],[8.402197040416853,47.13115626064589],[8.402165416202166,47.13109188201289],[8.402126590353742,47.13102936551337],[8.402080797657561,47.13096908518596]],[[8.411637521192896,47.1347340273962],[8.411781392318,47.13477836969126],[8.411927421456891,47.13481929413421],[8.412075436328124,47.134856751800044],[8.415219001327339,47.135610343449585]],[[8.408319055543842,47.13359329307864],[8.408336936421374,47.13359945806224],[8.408714824372222,47.13372841256892],[8.410087972425826,47.134194982882455],[8.41055372565268,47.13435578172252],[8.411501056235968,47.13468809752789],[8.411610456346963,47.13472522487355]],[[8.406303636257581,47.13308170885309],[8.40620152019531,47.1330585482294],[8.40602136501419,47.13301456990788],[8.405844307154402,47.13296507888652]],[[8.402080797657561,47.13096908518596],[8.402032741769712,47.130915908673416],[8.401979262802755,47.1308652009653],[8.401920630342817,47.13081721976649],[8.401857144009604,47.13077220723771],[8.40185549021088,47.13077113263226]],[[8.408319055543842,47.13359329307864],[8.408151482622802,47.13353553967996],[8.408019034783923,47.13348988669074],[8.407910059004637,47.1334545838694],[8.40779868494482,47.13342296053656],[8.407685176281166,47.13339509272438],[8.407671490027838,47.13339198765426],[8.40741043381932,47.13333276929983]],[[8.40741043381932,47.13333276929983],[8.407264122511988,47.133299582190126],[8.406974781709229,47.1332339533963],[8.406303636257581,47.13308170885309]],[[8.415219001327339,47.135610343449585],[8.41539593907852,47.1356467146738],[8.415564979233338,47.13568726457306],[8.415732667134108,47.135730343563594],[8.416021720432708,47.135818594664514],[8.41630610078512,47.13591366650125],[8.416585464633657,47.136015437891956],[8.417170923729135,47.1362173461072],[8.417753583453539,47.13642300924601],[8.418333389494611,47.1366324080236],[8.419607098948696,47.13708147780037],[8.419864729370387,47.1371739219937]],[[8.399069563196466,47.126859710634704],[8.398665208508618,47.126242377187275],[8.398444642820992,47.12590562601346],[8.398322669633544,47.12571694283497],[8.39824120852773,47.125580717082805],[8.398169085741827,47.12544206011415],[8.398106459441873,47.12530127017737],[8.398053461529285,47.12515865113483],[8.398010206785788,47.12501450788935],[8.397943641804531,47.12476317678943],[8.397915391241451,47.12466928507544],[8.397880649599195,47.12457641362579],[8.397839495775436,47.12448477137275]],[[8.399620929586092,47.127635347953664],[8.399602878087249,47.12760106574455],[8.399579591929394,47.12756828545293],[8.399383464157243,47.12733122446756],[8.399339030231422,47.12727110171073],[8.399069563196466,47.126859710634704]],[[8.395914125546842,47.12240019408065],[8.39582906592691,47.12226854290934],[8.395749323292671,47.12213534965795],[8.395674957406492,47.12200071548904],[8.395588605906628,47.121851493126044],[8.39550876109346,47.121734939589345]],[[8.39550876109346,47.121734939589345],[8.395445231359071,47.12165058286358],[8.395377807760134,47.12156764561581],[8.395290882463838,47.12148413296173],[8.395197540107581,47.12140391202247],[8.395098048368764,47.121327211740905],[8.395067767205765,47.12130263057938]],[[8.397219887773355,47.12376186125412],[8.397254534101979,47.12378896648789],[8.397348876790348,47.123866056882264],[8.397437490806226,47.123946250752184],[8.397520156468486,47.124029351141374],[8.397596672395187,47.12411515284487]],[[8.397839495775436,47.12448477137275],[8.397789066013145,47.12438936179412],[8.397731686941755,47.124295799370415],[8.39766750119211,47.124204319484356],[8.397596672395187,47.12411515284487]],[[8.395914125546842,47.12240019408065],[8.396026473145522,47.12255013526894],[8.396144516345512,47.12269802471163],[8.396268175585238,47.12284375960577],[8.396397366125555,47.12298724258821],[8.396516792940014,47.12311606759299],[8.396572184804164,47.12317497570732]],[[8.396572184804164,47.12317497570732],[8.396722976396525,47.12332728647971],[8.396881316685922,47.123475986307966],[8.397047018080182,47.12362090131225],[8.397219887773355,47.12376186125412]],[[8.297678612397277,47.16520465258469],[8.296270570452121,47.16549698900481]],[[8.298360800514784,47.16506300593551],[8.29814905171116,47.165106972609244]],[[8.386370488741608,47.124862188809075],[8.38843375868351,47.12492194345893]],[[8.378034005929292,47.12423114353344],[8.378199885652853,47.12427564636416]],[[8.353653727701836,47.12265995724129],[8.35296907601921,47.122571020383866]],[[8.3750046820171,47.12341832693773],[8.375170676557637,47.12346290513877],[8.378034005929292,47.12423114353344]],[[8.357149076219448,47.12311632581761],[8.356744078790548,47.123062784473774],[8.355843008071929,47.12294441689831]],[[8.35296907601921,47.122571020383866],[8.351428651536462,47.12237090963145]],[[8.373125671558212,47.12291026361693],[8.371017100951676,47.12233909485531],[8.370408161557751,47.1221764406066],[8.36979696791644,47.12201777921785],[8.369587322521117,47.121966949449615],[8.369375223253002,47.12192110557775],[8.36921981569288,47.121893129016826],[8.369062135934868,47.121871887569476],[8.368902808761385,47.12185746612587],[8.368742467707431,47.12184992252231],[8.368602239533859,47.12184938722886],[8.368462244484181,47.12185491733951],[8.36832304221054,47.12186648943893],[8.368185194627037,47.12188405850703]],[[8.43086530713534,47.14136945896788],[8.430636030543228,47.141325727683174],[8.430405964262373,47.14128397007794],[8.430387374885179,47.14128225570345],[8.430368628914508,47.14128269261038],[8.43035025482063,47.14128526994482],[8.430332774618321,47.14128991304073],[8.430316684244875,47.141296491684855],[8.4303024390267,47.141304818442826],[8.430290443300823,47.14131465774415],[8.430281036014962,47.14132573140354],[8.430274485554534,47.14133772406299],[8.430270975492588,47.141350296807495],[8.430270606007497,47.14136309255014],[8.430273388876616,47.14137575046836],[8.430279243587991,47.1413879096354],[8.430288004247421,47.14139922605237],[8.430299423666007,47.141409379809794],[8.430313178782622,47.14141808313634],[8.430328877404744,47.14142508843724],[8.430346075511169,47.14143019714073],[8.43066023298361,47.141494063870766],[8.430680684801796,47.14149845360287],[8.43070191093621,47.1415005176023],[8.430723346052321,47.14150019867567],[8.430744419491026,47.14149750804226],[8.430764572205371,47.141492514393114],[8.430783267473085,47.141485352793836],[8.430800007816611,47.141476212844765],[8.43081434818505,47.141465338566896],[8.430825906299729,47.1414530175181],[8.43086511707524,47.141369874402436],[8.43086530713534,47.14136945896788]],[[8.315421781456795,47.15605766592633],[8.31547572161375,47.15601991517277],[8.315522144198834,47.15597777078489],[8.315560286434376,47.15593192313157],[8.315589522408374,47.15588312540481],[8.315609374704993,47.15583217913796],[8.315619514166716,47.15577991981464],[8.315627320973512,47.15570102503839]],[[8.319464630367264,47.145888740586365],[8.31941202255253,47.146152266299595],[8.319363406184658,47.14637079531689],[8.319186360338298,47.14709213967216],[8.319127903152477,47.14732251789804]],[[8.317867031860503,47.15097784167763],[8.317763274800441,47.151262447340535],[8.317685256970723,47.15147643151424]],[[8.425973004643504,47.13977891453562],[8.42606341621099,47.13978551737954],[8.426152433750103,47.13979816632823],[8.426239191501754,47.1398167383842],[8.426322846351768,47.139841051887],[8.426402584519955,47.139870871852516],[8.42647762676516,47.13990590633026],[8.426547247004285,47.139945815237965],[8.426610765721227,47.13999021041811],[8.426667564532494,47.140038659110424],[8.426717091592526,47.1400906911013],[8.426915121008182,47.1402632808621],[8.427120768187933,47.14043167226438],[8.427333843053592,47.14059570858047],[8.42755414635786,47.14075523675967],[8.427781473688459,47.14091011009259],[8.427963526022934,47.14103370545032],[8.428007865026034,47.141060134342624],[8.428058053634501,47.14108113536394],[8.428112680771262,47.14109611614618],[8.428170209345899,47.141104657222165],[8.428229021174335,47.14110651703729],[8.429744543873142,47.1410276342889]],[[8.355843008071929,47.12294441689831],[8.355502314895762,47.122900055350186],[8.35404749923131,47.12271109806833]],[[8.37876329804519,47.12442680188025],[8.378895160217871,47.12446217164911],[8.378981114048015,47.124485234860124],[8.379151164175756,47.1245280911269],[8.379323676841922,47.124566086517575],[8.37949835430432,47.12459915509129],[8.379674895038455,47.12462724083483],[8.379852993658732,47.1246502931656],[8.38004914240751,47.12466969369125]],[[8.32240770024027,47.130738588570985],[8.322355158860452,47.13076980431348],[8.32230606354971,47.13080353295799],[8.322091817384239,47.130961785526715],[8.321910887480723,47.131095710082306]],[[8.319951581497696,47.13276406061375],[8.3199266375413,47.132842778959144],[8.319909510281343,47.13292246377714],[8.319871295014863,47.133154367620996],[8.319848578135304,47.13329219297929],[8.319827822363084,47.13344891344344],[8.319817126611582,47.133606103741606],[8.319815870000038,47.13365415243005]],[[8.430982348939978,47.14110933352369],[8.43086530713534,47.14136945896788]],[[8.313493766647213,47.15714441170989],[8.313562257472643,47.15710212553822],[8.313844356898269,47.156932286172164],[8.314132581725119,47.156767302850724],[8.314921326132223,47.15632714170334],[8.315063797256775,47.156248614706946],[8.315221640152112,47.15616386977409],[8.315381130939597,47.15608057290748],[8.315421781456795,47.15605766592633]],[[8.364021286861668,47.12346383432143],[8.363900880309735,47.12350244129596],[8.36377682381048,47.1235352250479],[8.363649720908791,47.12356202688765],[8.363520190131068,47.123582715893534],[8.363388861077695,47.12359719164205],[8.363256373104402,47.123605384218806],[8.363123370018732,47.123607252461895],[8.362990500156876,47.123602788459245],[8.362000288703673,47.12354584301388]],[[8.29814905171116,47.165106972609244],[8.297678612397277,47.16520465258469]],[[8.380468025715535,47.12469106488147],[8.385456056909344,47.12483569043751]],[[8.362000288703673,47.12354584301388],[8.361297046140507,47.12350539353844]],[[8.319930218748487,47.14177560485751],[8.31993096133172,47.141767053549586],[8.31999261287463,47.14106271179715],[8.320001519647617,47.140926451551074],[8.32000440609784,47.14079007011492],[8.32000426001312,47.14076277022475]],[[8.321636684011018,47.1312992760692],[8.32150529014666,47.13139685236331]],[[8.361297046140507,47.12350539353844],[8.359508676480505,47.123402510821265],[8.35931455823673,47.123389324407675],[8.359121113344434,47.12337213738455]],[[8.36746754504154,47.12208163389614],[8.36736163057403,47.12212617965098],[8.36725864655299,47.1221738194762],[8.36684631884404,47.12237359867424],[8.366624576401877,47.122477573703016],[8.366398258926566,47.12257684818503],[8.366167577034066,47.1226713295402],[8.365932749283484,47.12276092692516],[8.364055499084229,47.12345154910495],[8.364021286861668,47.12346383432143]],[[8.35404749923131,47.12271109806833],[8.353653727701836,47.12265995724129]],[[8.293845032364509,47.165975002251905],[8.293815814272756,47.16598059856106]],[[8.346369186033883,47.12193761895117],[8.346570533739678,47.12194740848711],[8.346771529245862,47.12196012847604],[8.347005673918593,47.1219786806647],[8.34723906912052,47.1220012097974],[8.34750755384507,47.1220260886747]],[[8.385456056909344,47.12483569043751],[8.386299177464767,47.1248601219853],[8.386370488741608,47.124862188809075]],[[8.38004914240751,47.12466969369125],[8.380219843340242,47.12468156074353],[8.380391096234392,47.12468883531498],[8.380468025715535,47.12469106488147]],[[8.320514236273258,47.13213273348063],[8.320360908500508,47.13224657028753],[8.320308233310644,47.1322875155222],[8.320258344461973,47.13233005404832]],[[8.378199885652853,47.12427564636416],[8.37876329804519,47.12442680188025]],[[8.359121113344434,47.12337213738455],[8.358972335211432,47.12335613705313],[8.358824143858758,47.123337770520926],[8.357149076219448,47.12311632581761]],[[8.368185194627037,47.12188405850703],[8.368049946144984,47.12190741748795],[8.367917122442512,47.12193654800937],[8.367787253902614,47.121971334249054],[8.367678468974956,47.12200505763231],[8.367571837785226,47.12204184536642],[8.36746754504154,47.12208163389614]],[[8.431026574632838,47.1410017358715],[8.430963424095827,47.14100400699437],[8.43077601943391,47.14101243158935],[8.43042504442219,47.14102362843298],[8.430109807733714,47.14102498714963],[8.42984055334746,47.1410313919272],[8.429780986739027,47.14102579189963],[8.429744543873142,47.1410276342889]],[[8.373125671558212,47.12291026361693],[8.374177727858395,47.12319522249382],[8.374762747063523,47.123353238167375],[8.3750046820171,47.12341832693773]],[[8.296270570452121,47.16549698900481],[8.295436983976774,47.165670047498246],[8.293845032364509,47.165975002251905]],[[8.389809867880638,47.12496298588218],[8.389791209082253,47.12496223258413],[8.389616180993636,47.12495617804624],[8.38938072472684,47.124949363539834],[8.38843375868351,47.12492194345893]],[[8.319847013098828,47.14272602743588],[8.319930218748487,47.14177560485751]],[[8.319972920215918,47.139581609607255],[8.319971768349355,47.13953789272828]],[[8.392321178895664,47.12505463260989],[8.392229059047743,47.12505198732652],[8.391471480816968,47.12502785923438],[8.39071422028682,47.12499946504319],[8.389992843321426,47.124970370474344],[8.389992183790605,47.12497033994917]],[[8.389992183790605,47.12497033994917],[8.389809867880638,47.12496298588218]],[[8.344454484163071,47.1219031743976],[8.344670446919157,47.12191305092342],[8.344886692837157,47.12191940578739],[8.345103099250684,47.121922235456815],[8.345866179877653,47.12192600511662],[8.346117796454537,47.12192952836461],[8.346369186033883,47.12193761895117]],[[8.29308519381189,47.16615099468476],[8.292972608977863,47.1661908341365],[8.292862961463126,47.166234318159056],[8.292756505539344,47.16628134682487]],[[8.298360800514784,47.16506300593551],[8.298964780728918,47.16493759623658],[8.299652576652717,47.16479650892214],[8.299662144342527,47.16479454652385]],[[8.350680798859283,47.12220065700066],[8.350973698384163,47.12229142114815],[8.351138532222237,47.122326527701055],[8.351428651536462,47.12237090963145]],[[8.299662144342527,47.16479454652385],[8.300177726970869,47.16468878444892],[8.300364742160902,47.16464693141015],[8.300548474486252,47.1645987870414],[8.300728468144067,47.1645444708118],[8.300904278105206,47.16448411560536],[8.301075468868076,47.16441787222745]],[[8.32150529014666,47.13139685236331],[8.321421960651477,47.131458725594726]],[[8.292756505539344,47.16628134682487],[8.292662849417747,47.166327009370875],[8.292282102283819,47.16652134230886],[8.292227698189901,47.166544665857145],[8.292168475377023,47.166561676234124],[8.292105996282718,47.16657192377462]],[[8.316730712901071,47.1537405237361],[8.316919430607097,47.15340611918297],[8.31695906344386,47.15332777199442],[8.31699051882798,47.15324771693201],[8.317044649159413,47.153087654021604],[8.317081724749583,47.15299090470653],[8.317117435574216,47.15291433789359],[8.317158339373247,47.15283899076569]],[[8.325167243627199,47.129351201462114],[8.325054256668183,47.1294420500023],[8.324935473637199,47.129529387206425],[8.32481112894084,47.12961304123699],[8.324681466335266,47.129692847381115],[8.324546744213144,47.12976864890912],[8.324407225030262,47.12984029535781],[8.324263185923115,47.12990764694577],[8.323457293970701,47.13026680161051],[8.32319378225952,47.130384236321284],[8.32248671874924,47.13069932981716],[8.32240770024027,47.130738588570985]],[[8.321910887480723,47.131095710082306],[8.321896731230549,47.13110619951182]],[[8.318690227425321,47.14871974497191],[8.317867031860503,47.15097784167763]],[[8.292105996282718,47.16657192377462],[8.292041815667977,47.16657513877945],[8.291977719078345,47.16657121445552],[8.291915403125548,47.16656025696208],[8.291518323874424,47.16646634521396],[8.291400533854318,47.166440944596545],[8.291280872193202,47.166420007700054],[8.29115969993353,47.16640359661022]],[[8.319971768349355,47.13953789272828],[8.31991454713106,47.137409444093706]],[[8.395129274762553,47.12479716662402],[8.395329991707891,47.12474573621441]],[[8.397098900354635,47.12425816276804],[8.397147474320171,47.124244344619505],[8.39727217903522,47.12420873426163]],[[8.393593752045673,47.12503830722017],[8.393787940901454,47.125021845365175],[8.393981346820086,47.12500154410031],[8.394102647629955,47.12498680183169],[8.39415868252719,47.12497932417688],[8.394204710099128,47.1249731818382],[8.394342479725582,47.12495301847886],[8.39447960272775,47.12493089480688],[8.394698311302081,47.12489128718921],[8.394914949650092,47.12484669485851],[8.395129274762553,47.12479716662402]],[[8.39550876109346,47.121734939589345],[8.395357355307212,47.12178915714136],[8.395083549675375,47.121491552970625],[8.395067767205765,47.12130263057938]],[[8.39270112463075,47.125064389227404],[8.392924633380911,47.12506544720608],[8.393148071797972,47.12506144805204],[8.393371193473037,47.12505239830873],[8.393593752045673,47.12503830722017]],[[8.392321178895664,47.12505463260989],[8.39270112463075,47.125064389227404]],[[8.395633240503116,47.12466387483263],[8.395645945511438,47.124660394866126],[8.396151267753101,47.12452195394026],[8.396604651755085,47.124397074273965]],[[8.290194846984708,47.166435615444385],[8.290163366190141,47.166441624254894],[8.290112731629709,47.16645155998927],[8.290036145822146,47.1664691070093],[8.28996210197817,47.16649115351232],[8.289891168516792,47.16651753068472],[8.289823886940358,47.166548035731125],[8.28976077452997,47.16658243545213]],[[8.28976077452997,47.16658243545213],[8.289723164501105,47.16660612744725]],[[8.290705172997122,47.16638287957254],[8.290576130575461,47.16638850704856],[8.290447778090412,47.1663991990231],[8.290320542275497,47.166414919057466],[8.290194846984708,47.166435615444385]],[[8.28928729236043,47.16651703032089],[8.28950289891444,47.166434415858674]],[[8.28902484590395,47.167232070094606],[8.288983248300799,47.16717085863004],[8.28897443022362,47.16715454874852],[8.28896956506145,47.16713748373998],[8.288968781231125,47.16712010882276],[8.288972096409202,47.16710287273154],[8.28897942537425,47.167086223161625],[8.28921392362236,47.16667662651902],[8.28922818264722,47.16664911876374],[8.289239797231371,47.166621038660814],[8.28924871069234,47.16659645520239],[8.28928729236043,47.16651703032089]],[[8.289723164501105,47.16660612744725],[8.28959280474666,47.1665260257849],[8.289555546799505,47.166499018528704],[8.289525304670661,47.166468202054375],[8.28950289891444,47.166434415858674]],[[8.317158339373247,47.15283899076569],[8.31717131253696,47.15281714991705],[8.31721083036319,47.15274703066028],[8.31724523506646,47.15267566769617],[8.317274441175417,47.15260323529249],[8.317367515871732,47.152347954813415]],[[8.350493273057218,47.122029224412806],[8.350442889665361,47.12200869510612],[8.350388356483874,47.121993909007294],[8.350331066366088,47.12198524457009],[8.350272487242757,47.121982923134524],[8.350179038642866,47.12198784689932],[8.350086947464852,47.121999742110496],[8.349606874234281,47.12208061707441],[8.349518339737408,47.12209553221258],[8.349365818237377,47.12211755948796],[8.349211479981815,47.122132575487356],[8.349056015779286,47.12214051266537],[8.348900122277026,47.12214133671742],[8.348744496627338,47.12213504302379],[8.348589836532357,47.122121659347684],[8.348391701682251,47.122099894747585]],[[8.350493273057218,47.122029224412806],[8.350537692428498,47.12205212002937],[8.350577069702771,47.12207897224595],[8.350610656820002,47.12210926886184],[8.350680798859283,47.12220065700066]],[[8.395633240503116,47.12466387483263],[8.39539923245387,47.124727052991716],[8.395340314579856,47.12474296066171],[8.395329991707891,47.12474573621441]],[[8.320514236273258,47.13213273348063],[8.320680677895517,47.132009152807186]],[[8.319827068987315,47.13415624677246],[8.319826554428536,47.13413690969689]],[[8.39727217903522,47.12420873426163],[8.397596672395187,47.12411515284487]],[[8.396604651755085,47.124397074273965],[8.396655627294566,47.12438288730071],[8.396960926345248,47.124297245160086]],[[8.396960926345248,47.124297245160086],[8.397098900354635,47.12425816276804]],[[8.31991454713106,47.137409444093706],[8.319891302390328,47.13654511675986]],[[8.325167243627199,47.129351201462114],[8.32529405839709,47.12923083116729],[8.325413387108846,47.12910694636853],[8.325525021198946,47.128979765487145],[8.325628766666815,47.12884951042966],[8.325724440165798,47.12871640931661],[8.325811876865181,47.12858069372244],[8.325890921284342,47.128442602345125],[8.325966561667999,47.128289128909586],[8.326033768997318,47.128133838647514],[8.32609245069592,47.12797694727918],[8.326161438960062,47.12778568396923]],[[8.329400612328778,47.127333341817675],[8.32927238210362,47.12735222513207],[8.326161438960062,47.12778568396923]],[[8.338611671352385,47.12385695676819],[8.338334239936765,47.12406867859707],[8.337932968114414,47.124373369262734],[8.337834021651233,47.12443610909418],[8.337730000445879,47.12449489993568],[8.337621238687513,47.12454955025667],[8.337508093199038,47.124599881843345],[8.33739092898679,47.1246457326108]],[[8.33739092898679,47.1246457326108],[8.337262445839254,47.12468937787431],[8.337130328099835,47.124727634334214],[8.335941255546697,47.12491919212027]],[[8.335941255546697,47.12491919212027],[8.335561907383008,47.124980301812954],[8.33538983522633,47.125012596268256],[8.335220374941635,47.12505078820099],[8.335053962406915,47.12509477977196],[8.334891021418656,47.12514445974556],[8.334731970221513,47.12519969984014],[8.334577213661953,47.125260358387145],[8.334427151110848,47.12532628116896],[8.334282164573114,47.12539729971207],[8.334050076191833,47.125522945596984]],[[8.312118233310231,47.15795943621748],[8.312045445839487,47.15800209683959],[8.31094119218579,47.15865069974449],[8.309674365560832,47.15938858234292],[8.308383352943856,47.16014329455343],[8.307959553376106,47.16038867836749]],[[8.302828074170144,47.16342051697485],[8.302542762225308,47.163594394234735],[8.301315331916518,47.164311359923694]],[[8.304491650328272,47.16242282189147],[8.30441339821941,47.16246994975729],[8.303371304776734,47.163089450040026],[8.302828074170144,47.16342051697485]],[[8.305174459683276,47.16201158470128],[8.304491650328272,47.16242282189147]],[[8.307505210345749,47.160651743046415],[8.307427512948117,47.1606967297451],[8.306022087926655,47.16150106822646],[8.305174459683276,47.16201158470128]],[[8.307942691043538,47.160398441556055],[8.307505210345749,47.160651743046415]],[[8.313212109531255,47.15731829383448],[8.312118233310231,47.15795943621748]],[[8.307959553376106,47.16038867836749],[8.307942691043538,47.160398441556055]],[[8.331673174360215,47.12668763591816],[8.33151423820645,47.12674937788068],[8.331082300089768,47.12691336771199],[8.330742130905465,47.127031415873496],[8.330524898757538,47.12709399098228],[8.33030481528203,47.12715173924662],[8.330082110209982,47.12720460219858],[8.32985701724441,47.12725252224072],[8.329629772876908,47.127295450751056],[8.329400612328778,47.127333341817675]],[[8.332126595871998,47.126505051556464],[8.331974362273527,47.12657063261394],[8.331673174360215,47.12668763591816]],[[8.334050076191833,47.125522945596984],[8.332795635929948,47.12620203212419],[8.332645226100698,47.126276495494636],[8.332491445037803,47.12634767904562],[8.332334445771776,47.126415511410165],[8.332126595871998,47.126505051556464]],[[8.342903114946735,47.12180120426221],[8.343541420610217,47.12184357698334]],[[8.339938565297029,47.12284430405297],[8.340106075594859,47.12271645366398]],[[8.34750755384507,47.1220260886747],[8.347769474762497,47.12204392320167],[8.34799907250167,47.12205985835819],[8.348227592618043,47.122081863626214],[8.348391701682251,47.122099894747585]],[[8.293815814272756,47.16598059856106],[8.293530131609428,47.16603532379157],[8.293378500980758,47.166067759102035],[8.29323000755713,47.166106362381605],[8.29308519381189,47.16615099468476]],[[8.319815870000038,47.13365415243005],[8.319816429213846,47.133760330803604],[8.319826554428536,47.13413690969689]],[[8.430982348939978,47.14110933352369],[8.431024124526148,47.14101166470172],[8.431026574632838,47.1410017358715]],[[8.343541420610217,47.12184357698334],[8.343721845890808,47.12185555384404],[8.344291240754112,47.12189335269897],[8.344454484163071,47.1219031743976]],[[8.319127903152477,47.14732251789804],[8.319032044993822,47.14767145978932],[8.318927653054885,47.14801925968288],[8.318814759886482,47.148365821954485],[8.318693394057366,47.14871104920965],[8.318690227425321,47.14871974497191]],[[8.321421960651477,47.131458725594726],[8.321363178579386,47.1315023736542]],[[8.317685256970723,47.15147643151424],[8.317367515871732,47.152347954813415]],[[8.313212109531255,47.15731829383448],[8.313493766647213,47.15714441170989]],[[8.32000426001312,47.14076277022475],[8.320003292475306,47.14070966975318],[8.31997301970887,47.139585251978986],[8.319972920215918,47.139581609607255]],[[8.319891302390328,47.13654511675986],[8.31982886265685,47.13422296273462],[8.319827068987315,47.13415624677246]],[[8.320258344461973,47.13233005404832],[8.320189663233986,47.13239592855982],[8.320127659112105,47.13246481838578],[8.320072614295823,47.13253640923327],[8.320024779121251,47.132610372660814],[8.31998437348202,47.13268637236301],[8.319951581497696,47.13276406061375]],[[8.321363178579386,47.1315023736542],[8.320680677895517,47.132009152807186]],[[8.301315331916518,47.164311359923694],[8.301196812534053,47.164366096078886],[8.301075468868076,47.16441787222745]],[[8.319464630367264,47.145888740586365],[8.319637473304297,47.14501650862661],[8.319639531041663,47.14500142020729],[8.319659721039903,47.144842060828196],[8.319675772653378,47.14468248216299],[8.319843107471968,47.14277070145566],[8.31984473979109,47.14275212247468],[8.319845493659818,47.14274345414296],[8.319847013098828,47.14272602743588]],[[8.338611671352385,47.12385695676819],[8.339938565297029,47.12284430405297]],[[8.289723164501105,47.16660612744725],[8.289673422683629,47.166641948446205],[8.289627940692345,47.16668031417748],[8.28902484590395,47.167232070094606]],[[8.321896731230549,47.13110619951182],[8.321859866676498,47.13113356691975],[8.321636684011018,47.1312992760692]],[[8.29115969993353,47.16640359661022],[8.29100899465639,47.16638968083847],[8.290857253388731,47.166382764587],[8.290705172997122,47.16638287957254]],[[8.340106075594859,47.12271645366398],[8.340243802090155,47.12261133599344],[8.340544013434702,47.12237827337539],[8.340886253563927,47.12210262400157],[8.340953379122471,47.12204518210989],[8.341017110081115,47.12198596682698],[8.341088529955758,47.12191316739022],[8.341154821112202,47.12183814130736],[8.341215832194745,47.12176105619131],[8.341271427784262,47.12168208672607]],[[8.315627320973512,47.15570102503839],[8.315630716487599,47.155666799724905],[8.31563928514949,47.15562250066419],[8.315656039990964,47.15557930410326],[8.315680707620038,47.15553791016185],[8.315785791952058,47.15538947736121],[8.315853341953552,47.15528881080335],[8.315914757702876,47.15518633163308],[8.316730712901071,47.1537405237361]],[[8.341271427784262,47.12168208672607],[8.34142382797633,47.121700294354234],[8.341577388095017,47.121713189849785],[8.342903114946735,47.12180120426221]]]},"properties":{"OBJECTID":95,"BUL_ROUTE":"B110","FP_JAHR":2026,"KURSBUCHNR":"60.11","LINIENNR":"Linie 110","LINIENBEZ":"Hochdorf - Rotkreuz (TransSeetalExpress)","FP_URL":"https://widgets.oev-info.ch/publikation/jahresfpl/60.110.pdf","TU":3,"TU_URL":3,"TP_URL":1,"SHAPE_Length":15759.370940265517}},{"type":"Feature","id":9,"geometry":{"type":"MultiLineString","coordinates":[[[8.436994722671106,47.03187742306765],[8.436633677342689,47.03214816805406],[8.436600035118818,47.03217103543982],[8.43656327805729,47.03219153972344],[8.436523760377105,47.032209484413414],[8.436481864376303,47.03222469706293]],[[8.43818860902309,47.031305308492584],[8.438170154871392,47.03131206939955],[8.438151583454179,47.031318680195824],[8.438132898701268,47.031325139947576],[8.437976104640585,47.03137854846669],[8.437598547215083,47.03150715344344],[8.437588494065002,47.03151061795265],[8.43757848816091,47.03151414681934],[8.437568530818337,47.031517740031916]],[[8.43086530713534,47.14136945896788],[8.430636030543228,47.141325727683174],[8.430405964262373,47.14128397007794],[8.430387374885179,47.14128225570345],[8.430368628914508,47.14128269261038],[8.43035025482063,47.14128526994482],[8.430332774618321,47.14128991304073],[8.430316684244875,47.141296491684855],[8.4303024390267,47.141304818442826],[8.430290443300823,47.14131465774415],[8.430281036014962,47.14132573140354],[8.430274485554534,47.14133772406299],[8.430270975492588,47.141350296807495],[8.430270606007497,47.14136309255014],[8.430273388876616,47.14137575046836],[8.430279243587991,47.1413879096354],[8.430288004247421,47.14139922605237],[8.430299423666007,47.141409379809794],[8.430313178782622,47.14141808313634],[8.430328877404744,47.14142508843724],[8.430346075511169,47.14143019714073],[8.43066023298361,47.141494063870766],[8.430680684801796,47.14149845360287],[8.43070191093621,47.1415005176023],[8.430723346052321,47.14150019867567],[8.430744419491026,47.14149750804226],[8.430764572205371,47.141492514393114],[8.430783267473085,47.141485352793836],[8.430800007816611,47.141476212844765],[8.43081434818505,47.141465338566896],[8.430825906299729,47.1414530175181],[8.43086511707524,47.141369874402436],[8.43086530713534,47.14136945896788]],[[8.454451514165346,47.11359049656997],[8.454377313383848,47.11356614619741],[8.454374233176777,47.113565135319085]],[[8.439492425569766,47.076225130887735],[8.439489105930694,47.07601536425264],[8.439482807051357,47.075805629862955],[8.439465615228197,47.0756304933237],[8.439441433421415,47.0754557433208],[8.439366284882544,47.07502964267833],[8.439348667119939,47.074939161020744],[8.439323797146919,47.07484947748553],[8.439291752478427,47.07476086306275],[8.439252629008289,47.07467358588246],[8.43917070354189,47.07451907352842],[8.439082386330703,47.0743662144186],[8.438987746863274,47.07421513117462],[8.438778495817312,47.07388147262988],[8.438559758291259,47.07355066605663],[8.438460091396207,47.07340174552528],[8.438365049495358,47.07325142000796],[8.43831701475635,47.073162814935884],[8.438275342370712,47.07307271876164],[8.438240131088593,47.072981344729854],[8.438211463910216,47.07288890891987],[8.438107736196056,47.0725384956893],[8.438009113691141,47.07218739564014],[8.437915606151096,47.07183564288327],[8.437867235177896,47.071629698948854],[8.43782331020355,47.071423289916346],[8.437754046527429,47.07111479237236],[8.437674967504407,47.07080739935856],[8.43760094491839,47.070566906446196]],[[8.443452461855893,47.030715885538754],[8.443443334131283,47.03072082496813],[8.443350503648801,47.03077130871289],[8.443258001966276,47.03082207646771],[8.443165834294481,47.030873125488824],[8.442851317409623,47.03104812259786],[8.442769643218051,47.03109356776728],[8.442706309430436,47.031126002868525],[8.44263937068675,47.03115485676648],[8.442569260296601,47.031179942151084],[8.442496431809682,47.03120109852325],[8.442421353702782,47.03121818954288],[8.442344510695232,47.0312311030175],[8.442276037081761,47.03124030806262],[8.442207389916573,47.03124888757877],[8.44213858102436,47.03125684056281],[8.442061678630823,47.031264966815996],[8.44198460765448,47.03127231095953],[8.441907385149419,47.031278870144995],[8.441873734271315,47.031281353863335],[8.441840024636978,47.03128343957268],[8.441806268069577,47.03128512627005],[8.441653932289888,47.03128777282877],[8.441501756794125,47.0312823125946],[8.441350664585439,47.03126877978508],[8.441201567682917,47.03124725459684]],[[8.460621336182351,47.11622858712376],[8.460726216794518,47.11627417379475],[8.461194319824273,47.1164670845738],[8.461347514587622,47.116530993213686],[8.461496601432112,47.11659927949756],[8.461641311826044,47.116671819892176],[8.461781385017817,47.11674848449884],[8.461916570654182,47.116829136130555],[8.462046623457878,47.116913627660516],[8.462143663302298,47.116989707899165],[8.462234193436664,47.1170694397776],[8.462317920299608,47.117152564152164],[8.462394571198754,47.1172388108979],[8.462463898263557,47.11732789887378],[8.462525674544665,47.117419538655255],[8.4625796993017,47.11751343338707],[8.46264055871034,47.11763284990366],[8.462673363571671,47.11772883618379]],[[8.428481221707296,47.032994842849234],[8.428726547005507,47.032985395384216],[8.428813179452881,47.03297940263265],[8.428898687403453,47.03296815970229],[8.428982390907548,47.03295175432335],[8.429063626617502,47.03293031816418],[8.42914174637332,47.03290402144541],[8.429216131657599,47.03287307191555],[8.429286189699322,47.032837717583284],[8.429351366463532,47.032798237608816],[8.42941114014044,47.03275494595854],[8.42946503949613,47.03270818764769],[8.429512634564404,47.032658333422994],[8.429553545838633,47.032605778783555],[8.429587450831981,47.0325509430241],[8.429684945032204,47.03237043179715]],[[8.432218478099662,47.032366210909515],[8.433166966385803,47.03227925192211],[8.433330717055192,47.032266850900136],[8.433495129054696,47.032259608375945],[8.433659854025167,47.032257538162064],[8.433665472475424,47.03225755872179]],[[8.430896101508415,47.056440242864255],[8.430963569596223,47.05640530252756],[8.431030098157468,47.05636953007051],[8.431095665033933,47.05633293738076],[8.431149035007927,47.05630018509467],[8.43119859450656,47.05626474451771],[8.431244051206233,47.056226823283914],[8.431285141989765,47.05618664226839],[8.431306117052195,47.0561638808122],[8.43132642214781,47.056140837281035],[8.431346046915042,47.05611752076046],[8.431351182624244,47.056111237835985],[8.43135626793823,47.0561049346568],[8.43136130422304,47.05609861390976]],[[8.429692907815834,47.060222019590306],[8.429684689275415,47.06021345554339],[8.429496787963137,47.05999483433724],[8.429340071890314,47.05976502211341],[8.429215954624498,47.05952609020629],[8.42912555234711,47.05928019165646],[8.42906968222254,47.05902954322853],[8.429049717554099,47.058814175694316],[8.429055263193103,47.05859841001571],[8.429086281653118,47.05838365433739]],[[8.421975533137136,47.035492537938865],[8.42201010864085,47.03548697383024],[8.422044856946195,47.035481936280284],[8.422079761017569,47.03547742903314],[8.422222318666064,47.035464531089225],[8.422365983010279,47.03546025489157],[8.422509641553829,47.03546463246164],[8.42265217794873,47.0354776292911]],[[8.441201567682917,47.03124725459684],[8.441027947248406,47.03121139903589],[8.440859922993793,47.03116471471523],[8.440698936591035,47.0311076028785],[8.440546369495367,47.03104055256052],[8.440403527123749,47.0309641389254],[8.440351350883807,47.030933459059646]],[[8.430982348939978,47.14110933352369],[8.43086530713534,47.14136945896788]],[[8.456860200890732,47.11437394703094],[8.457251977145736,47.11450758574824],[8.45744148491166,47.1145788411338],[8.45762585273486,47.11465612566928],[8.457804668871233,47.114739266715496],[8.457977537138746,47.11482807890323],[8.458144068995066,47.1149223633033],[8.458249837652954,47.11497926893693]],[[8.437568530818337,47.031517740031916],[8.437567067213527,47.03151827542422],[8.437478858970897,47.03155394217264],[8.437395397097125,47.03159459888083],[8.437317283990888,47.031639953352474],[8.43724508323893,47.0316896777468],[8.437204454575546,47.03172014545255],[8.436998717957078,47.03187442690977],[8.436994722671106,47.03187742306765]],[[8.440956868089097,47.03280823267855],[8.440772513364944,47.032935751713495],[8.44057432122361,47.03307036835073],[8.440405874637941,47.03319563839761],[8.440258824683445,47.033315531812214],[8.440151506223344,47.03341686102955],[8.439965330989777,47.033606941255215]],[[8.44881977134011,47.11019693891598],[8.449035988312131,47.110417425785485],[8.449528120128411,47.11078846392863],[8.450113075760303,47.11112679010664],[8.450732089907357,47.11155558838136],[8.451700549653408,47.11221928086486],[8.452423465312892,47.11262997993201],[8.453090062436226,47.11299213455787],[8.453394815834951,47.11315961500864],[8.453550039707828,47.1132396802687],[8.453709799040997,47.11331547462523],[8.45387384119232,47.11338687884984],[8.45404190572911,47.11345378008051],[8.454177084940753,47.11350067835436],[8.45431384758678,47.11354538553687],[8.454374233176777,47.113565135319085]],[[8.431643876901099,47.032355012804466],[8.43167864828183,47.03236111694831],[8.431693297624456,47.03236368892908],[8.431787986038058,47.03237702266366],[8.431884109554852,47.03238408105672],[8.431980780163034,47.032384799823554],[8.432077106952711,47.032379171380946],[8.432218478099662,47.032366210909515]],[[8.431104286183306,47.05444867234353],[8.43109563322262,47.05443637083062],[8.431026856218542,47.05434523237577],[8.430870936279149,47.054145537325226],[8.430801397052639,47.054060968595664],[8.43072652501187,47.05397855449577],[8.430646462582493,47.05389845120997]],[[8.43209536877635,47.06335564867331],[8.432091355639868,47.063349295543475],[8.432087363447803,47.06334293593536],[8.43208339220023,47.06333656984896],[8.432033209850326,47.06325236880692],[8.431986761190103,47.06316717470742],[8.431944083175942,47.063081064598215],[8.431749999417926,47.06266912627835],[8.431692446765728,47.06255624216431],[8.4316271063679,47.0624453549358],[8.431554126414667,47.062336716077915],[8.431103639236868,47.06170609752413],[8.43094971148271,47.06150375783936],[8.430781021682012,47.061306991482176],[8.43059799914759,47.06111629933955],[8.430446809289947,47.06096713411004]],[[8.426060872855562,47.0482011467947],[8.426053213322536,47.04816962600472],[8.425962562089813,47.047796542648285],[8.425933288062653,47.04767597199225],[8.425904054893062,47.04755539737713],[8.425874862564193,47.04743481790371],[8.425872502178464,47.04742505715496]],[[8.43932853137878,47.03369544844981],[8.439385096561251,47.03372811186357],[8.439388429507499,47.0337827194746],[8.439404043609489,47.033818773292765],[8.439472138518575,47.03387843317492]],[[8.455904215664521,47.11406211786982],[8.455204961833697,47.113837383224364]],[[8.425290173058183,47.033893060820546],[8.42534835809306,47.033855650216545],[8.425411795655133,47.03382246920328],[8.425479830222653,47.03379385984897],[8.426291021281676,47.03349043509069],[8.426294433176146,47.03348915892189]],[[8.440185100851476,47.03277791167664],[8.440060342592234,47.03286171452638],[8.439947911686865,47.032953310674515],[8.439848844968266,47.033051855406065],[8.43976405575908,47.03315644121262],[8.43969565855178,47.03325127471046]],[[8.436310096836024,47.068131803133504],[8.436190692754924,47.06791851062973],[8.436064243193902,47.06770712330382],[8.43593081339896,47.06749774761541],[8.435841140842438,47.06736037033003],[8.43574541273355,47.06722491485263],[8.435643713046115,47.06709150547988],[8.435312474061798,47.06669927145352],[8.435143583458483,47.0665144891586],[8.434856970327681,47.06622718914199],[8.434189389695854,47.065588545950334],[8.433900340721674,47.06531019022108],[8.433731867868731,47.065147418323605],[8.433542044246169,47.064965028913726]],[[8.425009540877491,47.03419532965533],[8.425038352419403,47.03416100439067]],[[8.428079423464286,47.033023034736374],[8.428206320022372,47.03301127360622],[8.428333678007961,47.03300213331597],[8.428461380491395,47.03299562206928],[8.428474593848074,47.03299509791367],[8.428481221707296,47.032994842849234]],[[8.430738526307632,47.05651690027491],[8.430791567837563,47.05649184502764],[8.430844095953438,47.05646629133147],[8.430896101508415,47.056440242864255]],[[8.423654534004806,47.03506695851261],[8.423707121391383,47.035053835824854],[8.423759643359064,47.03504059133206],[8.423812101223117,47.03502722502312],[8.42389568594815,47.03500423864361],[8.423977569683341,47.03497855009116],[8.424057565317286,47.03495021674907],[8.424166627451864,47.03490597580536],[8.424271092698696,47.034856824773],[8.424370492721575,47.03480298358409]],[[8.429546458765932,47.057216450631536],[8.42964911771719,47.057115683586176],[8.429764815536775,47.05702174589005],[8.42989258608428,47.056935423972675],[8.430031359356908,47.05685743859236],[8.430218104941158,47.0567619316612],[8.430256860439341,47.056742110490326]],[[8.429086281653118,47.05838365433739],[8.429086888002663,47.05838070571344],[8.429096436360458,47.05833699149774],[8.429107042535897,47.05829339229738],[8.429118704076885,47.05824991802864],[8.42927900719793,47.05767933204824],[8.429324927375989,47.05755056897936],[8.429389198475024,47.05742552560752],[8.429471192670826,47.05730542263837],[8.429495171597756,47.05727533019696],[8.429520265455718,47.057245667119794],[8.429546458765932,47.057216450631536]],[[8.427333387213098,47.05070634011593],[8.427321881263824,47.050692697339144],[8.427080312127021,47.05040629633518],[8.427035496227564,47.05035517717321],[8.426988183528465,47.05030512119051],[8.426938427715566,47.05025618459495],[8.426836674065935,47.050159619722585],[8.426681454379409,47.04999549557032]],[[8.458249837652954,47.11497926893693],[8.45936433363926,47.11557890178358],[8.45989702729315,47.115868353929585],[8.46007259016588,47.115963480989045],[8.460251919544787,47.11605527471118],[8.460434880987677,47.11614366520784],[8.460621336182351,47.11622858712376]],[[8.455204961833697,47.113837383224364],[8.454508722252966,47.11360924166304],[8.454451514165346,47.11359049656997]],[[8.445923469040098,47.02999927281324],[8.445915056055782,47.02999545147705],[8.445875097611086,47.029978943172544],[8.445833202024565,47.029964860024535],[8.44578968044562,47.029953307249706],[8.44574486076855,47.02994437102715],[8.445699078424905,47.029938118579246],[8.445652677682224,47.029934597260315],[8.445606003717906,47.02993383282761],[8.44555940924732,47.02993583208164],[8.445513241302026,47.029940579383776],[8.445467846525888,47.029948038409174],[8.445423565946946,47.02995815399154],[8.44538073099787,47.02997085035905],[8.444213436391317,47.03035866616059],[8.444062978204812,47.03041299372417],[8.443918186972388,47.03047409924474],[8.443779715329338,47.030541707154356],[8.44367019005135,47.030599377466814],[8.443561104700398,47.030657437834954],[8.443452461855893,47.030715885538754]],[[8.440351350883807,47.030933459059646],[8.439938122903174,47.03069048183217],[8.43985515158192,47.03064169474334],[8.439826245388128,47.03062613143975],[8.43979548282732,47.030612332200164],[8.439763093417927,47.03060039937201],[8.439729316966496,47.0305904226191],[8.439694408778804,47.030582476177344],[8.439658627838012,47.03057661985779],[8.439622239385267,47.03057289632513],[8.439585517617756,47.03057133467254],[8.439548736380162,47.03057194510573],[8.43951216795005,47.030574724350465],[8.439476088198987,47.030579650210704],[8.439440763555957,47.03058668797875],[8.439406458765644,47.03059578317143],[8.439373431761217,47.03060686877092],[8.439341925721303,47.03061986259582],[8.439312176962888,47.03063466723171],[8.439284408380802,47.03065117098829],[8.438558409357837,47.031121795090854],[8.438446487588715,47.031188334860516],[8.438326781393744,47.03124820629069],[8.438200139405303,47.0313009854627],[8.438196300891036,47.03130243302661],[8.438192458312848,47.03130387432876],[8.43818860902309,47.031305308492584]],[[8.43345871567667,47.064885265342156],[8.433447372617708,47.064874406837255],[8.433236000619502,47.06466147157744],[8.43317468301005,47.06459857212323],[8.433114915368039,47.06453497914055],[8.433056715152317,47.064470711371484],[8.432998064581232,47.06440508102611],[8.432938939962005,47.064339649961816],[8.43287934264541,47.06427441996542],[8.432407994582947,47.06376138906648],[8.432293801646955,47.063629808437454],[8.432189503589834,47.063494445760604],[8.43209536877635,47.06335564867331]],[[8.427677657048491,47.03307817080115],[8.427810691718832,47.033056848713244],[8.42794465934439,47.033038463636736],[8.428079423464286,47.033023034736374]],[[8.423204736954526,47.04097681730719],[8.423198783812689,47.04096821717409],[8.423192761352736,47.040959640124534],[8.42318667089043,47.04095108614716],[8.423079365261934,47.04081689417684],[8.422955049678501,47.04068974678321],[8.42281470725053,47.040570651101234],[8.422710386558379,47.04048976436858]],[[8.439555386716501,47.032413937944966],[8.439522362412253,47.03243517167428]],[[8.455904215664521,47.11406211786982],[8.456832664957389,47.11436455391274],[8.456860200890732,47.11437394703094]],[[8.462673363571671,47.11772883618379],[8.46275286178621,47.11788915168483],[8.462817886749926,47.11805049653664],[8.462857668652145,47.118201270590184],[8.462906060301238,47.11852648503864],[8.462950146364644,47.11876448015616],[8.462960227220455,47.118947003512915],[8.462919979087701,47.11911648004346],[8.46268739328051,47.11949636958962],[8.462452843082433,47.119773725895065],[8.462427152337181,47.119804117936845]],[[8.43969565855178,47.03325127471046],[8.439537376621296,47.03347073311245],[8.439524967007674,47.03348761303017],[8.439512179961717,47.033504362200794],[8.439499021960115,47.03352097517018],[8.439455592065055,47.03357190376533],[8.439408659727983,47.03362135878927],[8.439358330719454,47.03366922686864],[8.439348512340684,47.03367802846698],[8.439338579665659,47.033686768990286],[8.43932853137878,47.03369544844981]],[[8.433665472475424,47.03225755872179],[8.433750410248662,47.03225860530215],[8.433835288009242,47.03226102689192],[8.433920058405729,47.0322648239018],[8.434779384788698,47.032310308198824],[8.434858521545907,47.032314250564404],[8.434937708443359,47.032317703970556],[8.435016937619274,47.03232067028442],[8.43506166589743,47.032322127918],[8.435106404459846,47.032323430717696],[8.435151150641818,47.032324576907676]],[[8.426294433176146,47.03348915892189],[8.426400621259727,47.033449439302004]],[[8.44881977134011,47.11019693891598],[8.448714735495189,47.11006219616439],[8.448639275513242,47.109942902510035],[8.448598086568566,47.10986614847931],[8.448571859681588,47.10980640144895],[8.448543271648452,47.10973239279346],[8.448499714650843,47.1095299914556],[8.448498665027579,47.10947430602099],[8.448485004954243,47.1093044868483],[8.448498129400942,47.10911301194534],[8.448531252034028,47.10887280739497],[8.448557758498382,47.108725484198494],[8.448587137325744,47.10861954895119],[8.448634206779944,47.10845348075194],[8.44872987916738,47.1082027295959],[8.44881000479504,47.10801494949051],[8.448932836081624,47.10776253182149],[8.448995053606922,47.10762346291417],[8.44909520288615,47.10738838020672],[8.449095229822666,47.10738980847715]],[[8.42265217794873,47.0354776292911],[8.422750797058079,47.03549182199072],[8.422847948564891,47.03551014453838],[8.422943262808076,47.03553252814194],[8.423198708480086,47.03558217079229],[8.423562836953826,47.03565293431451]],[[8.429684945032204,47.03237043179715],[8.429701752058536,47.03233931250135],[8.429737943593885,47.03227230548581],[8.429751212694768,47.03225066317121],[8.429767163344383,47.03222988378064],[8.429785677372541,47.03221012306038],[8.429806614080167,47.03219152795545],[8.42982981944792,47.03217423653005],[8.42985512089057,47.03215837891244],[8.42988232717436,47.032144072798054],[8.429911238957134,47.03213142425791],[8.429941636965811,47.03212052874042],[8.429973297682292,47.03211146553845],[8.4300059829526,47.03210430507568],[8.430039450327785,47.032099098922146],[8.430073449216913,47.032095885224784],[8.430107726182465,47.032094690461],[8.430142027404834,47.03209552042151],[8.430176094951547,47.032098371936975],[8.43020967708543,47.03210322109489],[8.430267063471273,47.03211329712081]],[[8.425038352419403,47.03416100439067],[8.425042761000828,47.03415575257236],[8.425175268833465,47.03399788363367],[8.425197752813293,47.033972721799735],[8.425222222639247,47.0339484406672],[8.425248602032763,47.033925113755956],[8.425262042613728,47.03391417904559],[8.425275902198198,47.03390349171308],[8.425290173058183,47.033893060820546]],[[8.424489534102984,47.03472743421147],[8.424518636007985,47.03470715883873],[8.424614342260437,47.03463263106807],[8.424701386388412,47.03455329563955],[8.424779255945598,47.03446961935662],[8.424786060619489,47.03446157807394],[8.425009540877491,47.03419532965533]],[[8.424797085018046,47.04478841531953],[8.424793740400908,47.0447827974344],[8.4245723630091,47.04441187920053],[8.424350022456704,47.04404123148252],[8.42412672139199,47.043670854252106],[8.423775777779522,47.043090231846215],[8.423653912387701,47.04286326202116],[8.423558993869241,47.042630356690246],[8.423491632256592,47.042393007571924],[8.423452257820603,47.04215273669503],[8.423441122150091,47.04191108289435],[8.423443468119773,47.04172296483919],[8.42344352716761,47.04171707752951],[8.423443555953654,47.041711190479354],[8.423443555793614,47.04170530367756]],[[8.425310094569962,47.04565115013576],[8.424991434100717,47.04511522722046],[8.424986272291475,47.04510654661725]],[[8.430646462582493,47.05389845120997],[8.430546105575662,47.05380761318441],[8.430439074303125,47.05372040581987],[8.430325652046314,47.05363705784129],[8.429522223543827,47.05307617283613],[8.429302538228473,47.05291031098531],[8.429102474504758,47.052733231826885],[8.428923252634581,47.05254601611749],[8.42876596763507,47.05234980776063],[8.428684095656234,47.052241402019675],[8.428597697869133,47.052134649972274],[8.428506845666536,47.05202963915095],[8.428114626394029,47.05159082109953]],[[8.439785815136625,47.07703157591634],[8.439726345585802,47.07693864253807],[8.439673093250551,47.07684396646042],[8.439626168357304,47.07674774013848],[8.43958210308564,47.076656769345725],[8.439545935007667,47.076564187865294],[8.439517788555843,47.076470314866455],[8.439497761912238,47.07637547424346],[8.439492425569766,47.076225130887735]],[[8.435387944546493,47.03232885288607],[8.43531883534022,47.03232770515183],[8.435244706442829,47.032326472322836],[8.435213517743776,47.03232591552073],[8.435182332920766,47.03232528401166],[8.435151150641818,47.032324576907676]],[[8.436481864376303,47.03222469706293],[8.436480276549643,47.03222520473453],[8.436478684692807,47.03222570794333],[8.43647709145352,47.03222620756576],[8.43647562889381,47.032226659274116],[8.4362464750173,47.03229757228586],[8.436190500839661,47.0323128586135],[8.436132745975863,47.03232465024289],[8.436073678329567,47.03233284954933],[8.436013771702925,47.032337393041615],[8.43595351090781,47.032338243221574],[8.43569707500429,47.03233398521374],[8.435387944546493,47.03232885288607]],[[8.436775363489556,47.0689722324648],[8.436531601606621,47.06853457177226],[8.436310096836024,47.068131803133504]],[[8.424986272291475,47.04510654661725],[8.424847656114899,47.044873419581236],[8.424797085018046,47.04478841531953]],[[8.430982348939978,47.14110933352369],[8.431024124526148,47.14101166470172],[8.431026574632838,47.1410017358715]],[[8.439965330989777,47.033606941255215],[8.439828295492218,47.0337468486584],[8.439736075538494,47.0338331226891],[8.439686171280341,47.033862920114046],[8.439615445650299,47.033883147691164],[8.439563357508764,47.03388962009986],[8.439532525111463,47.03388797286972],[8.439472138518575,47.03387843317492]],[[8.440680262107442,47.0324612441658],[8.440618038491259,47.03241709191317],[8.440548874258278,47.03237806483145],[8.440473665654503,47.032344669642924],[8.440393390449815,47.03231734039372],[8.44030908938748,47.03229643141934],[8.440221856926794,47.03228221472757],[8.440132825324492,47.032274872941215],[8.440043150250235,47.03227450392203]],[[8.425756758610296,47.04694541197026],[8.425707488745614,47.046740993139124]],[[8.440043150250235,47.03227450392203],[8.439954898548661,47.03228392240396],[8.439868383303077,47.03229910904859],[8.439784409683915,47.03231992189991],[8.439703758246704,47.03234616884261],[8.43962718093597,47.032377604937636],[8.439555386716501,47.032413937944966]],[[8.43136130422304,47.05609861390976],[8.431435199482383,47.05599486710016],[8.431495807171826,47.05588717266652],[8.431542678720326,47.055776324332335],[8.431575471253819,47.05566313649313],[8.431593942311407,47.05554844336146],[8.431597957571961,47.05543308990435],[8.431587484170816,47.0553179265031],[8.431577553968394,47.05526636888584],[8.43156373144415,47.05521523084099],[8.431546053390878,47.05516465058331]],[[8.426447056221924,47.049639523441506],[8.426445158998426,47.04963562752741],[8.426443273585384,47.049631729712495],[8.426441401265615,47.04962782818667],[8.426400473995779,47.04953437296955],[8.426366460485461,47.04943963124413],[8.426339448025278,47.04934384245063],[8.426304563394766,47.04920092174461]],[[8.423443555793614,47.04170530367756],[8.42343741002482,47.04158808091583],[8.42341959302316,47.04147141705443],[8.423390185868834,47.04135585383539]],[[8.421514446253216,47.03785963269414],[8.421467800577707,47.03776573164003],[8.421411843585547,47.03767423928056],[8.421346837157632,47.037585586055236],[8.421340369933702,47.0375774741969],[8.421325413995586,47.03755871569582],[8.421152805075465,47.03734220688961],[8.421068550459996,47.0372338044082],[8.420987682209324,47.037124202540625],[8.420910238067513,47.03701345134711],[8.420857409924738,47.036926095167956],[8.420815827058156,47.036835943126384],[8.420785803090151,47.03674366992914],[8.420767561172353,47.0366499681459],[8.42076123908577,47.036555539169456],[8.420766882615382,47.03646109057355],[8.420784450683472,47.036367328872394],[8.420813810056435,47.036274957766565],[8.42085474305958,47.036184668182514],[8.420906940935573,47.03609713473075],[8.420970014403792,47.036013017415534],[8.420986306495816,47.03599526164392]],[[8.427651824121972,47.05107302373958],[8.427639071935253,47.051058756631555],[8.427489298256125,47.050891180871304],[8.427333387213098,47.05070634011593]],[[8.430446809289947,47.06096713411004],[8.429744014024521,47.060273724807345],[8.42972678150699,47.0602565801962],[8.429709746098604,47.0602393448241],[8.429692907815834,47.060222019590306]],[[8.433542044246169,47.064965028913726],[8.43345871567667,47.064885265342156]],[[8.430267063471273,47.03211329712081],[8.431643876901099,47.032355012804466]],[[8.425840357249765,47.04729206377907],[8.425798629464147,47.04711912813313],[8.425756758610296,47.04694541197026]],[[8.423562836953826,47.03565293431451],[8.423618539172566,47.035523906353575],[8.42362956861877,47.0354952673329],[8.423637911365812,47.03546620607725],[8.423643532761576,47.03543684162831],[8.42367737372016,47.03520222214015],[8.423679536666032,47.03517483494405],[8.423678313611413,47.0351474201323],[8.423673712091677,47.03512017284761],[8.423665765969615,47.035093288906126],[8.423654534004806,47.03506695851261]],[[8.426304563394766,47.04920092174461],[8.42628316393617,47.04911325545953],[8.426157042662743,47.04859653874503],[8.426140687044496,47.04852946342036],[8.426124355120253,47.04846238608991],[8.426108046873262,47.04839530585421],[8.426060872855562,47.0482011467947]],[[8.421136925063127,47.03584922399364],[8.421228379768545,47.0357810721091],[8.421327946109976,47.03571845324761],[8.42143490206455,47.03566181705998],[8.421548484047088,47.03561157037462],[8.421667876319024,47.035568073690655],[8.421792222794714,47.03553163927834],[8.421920630904703,47.0355025266487],[8.42193887367699,47.035499049148704],[8.4219571744046,47.03549571867936],[8.421975533137136,47.035492537938865]],[[8.422710386558379,47.04048976436858],[8.422697412740419,47.04047970501516],[8.422596212058655,47.040401238272366],[8.422473932441232,47.040298027635735],[8.422364694778093,47.04018819310241],[8.422269267135226,47.04007250355925],[8.422188312978097,47.03995176566955],[8.422122401749345,47.039826826479775],[8.421787974008472,47.03909882605091],[8.421729598321797,47.03895343237301],[8.421686856651307,47.03880552001173],[8.421659975098063,47.03865587327372],[8.421596778969693,47.038153254500195],[8.421579257455177,47.03805416094405],[8.421551769541326,47.03795613055938],[8.421514446253216,47.03785963269414]],[[8.423390185868834,47.04135585383539],[8.423389898958844,47.04135491984143],[8.423342530971887,47.04122574091952],[8.423280687220478,47.04109945502459],[8.423204736954526,47.04097681730719]],[[8.426681454379409,47.04999549557032],[8.426551141514787,47.04982154318489],[8.426447056221924,47.049639523441506]],[[8.43969565855178,47.03325127471046],[8.439523480618838,47.03319986587254],[8.439447736134017,47.03314693858264],[8.439404410716206,47.03310314714646],[8.439392915597713,47.03308503994554],[8.439379107602239,47.03303519785884],[8.439379811184743,47.03299807519769],[8.439395047604775,47.03296275091744],[8.439430837602627,47.03292118427527],[8.439565199421398,47.03279254173949],[8.439607614363489,47.032744233410654],[8.439645871917985,47.03268325030569],[8.439660833119767,47.032643061676346],[8.439656987988895,47.032610377609885],[8.439627520553511,47.03254066553528],[8.4395811258493,47.032479238643774],[8.439522362412253,47.03243517167428]],[[8.426400621259727,47.033449439302004],[8.426409381632968,47.03344616322632],[8.426674953003198,47.03334682326638],[8.426896254454649,47.033269704629106],[8.427123771712091,47.033201563757345],[8.427356724977175,47.033142633125784],[8.427366643077463,47.03314035632589]],[[8.427366643077463,47.03314035632589],[8.427469242520804,47.03311788627414],[8.427572640598786,47.033097204799965],[8.427676774358346,47.033078322339115],[8.427677657048491,47.03307817080115]],[[8.440956868089097,47.03280823267855],[8.44084970025844,47.03266160012624],[8.440799729421867,47.03259539310607],[8.440757467721053,47.03254793700265],[8.440680262107442,47.0324612441658]],[[8.425616828159225,47.04636485007728],[8.42561243110537,47.046346604075374],[8.42555082262248,47.04613929835654],[8.425466884888273,47.0459356874679],[8.425361079672934,47.04573689455808],[8.425310315915304,47.045651521555925],[8.425310094569962,47.04565115013576]],[[8.425707488745614,47.046740993139124],[8.425705773194537,47.046733873382934],[8.425616828159225,47.04636485007728]],[[8.430256860439341,47.056742110490326],[8.430330743681703,47.05670432286836],[8.430406477680457,47.05666661366791],[8.430483602663019,47.056630243557024],[8.430562066437805,47.056595237272184],[8.430569453654963,47.05659204115368],[8.430576851632848,47.05658885753572],[8.430584260371472,47.05658568641835],[8.430636123140216,47.056563220496926],[8.43068754816789,47.056540290556484],[8.430738526307632,47.05651690027491]],[[8.431546053390878,47.05516465058331],[8.43154516365467,47.05516237876325],[8.43154426607207,47.05516010970974],[8.43154336192595,47.0551578416125],[8.431523904048628,47.0551133614415],[8.431501457351343,47.055069542207754],[8.431476072316169,47.05502647972727],[8.43126472861527,47.05469057905089]],[[8.425872502178464,47.04742505715496],[8.425843825102804,47.047306437006554],[8.425840357249765,47.04729206377907]],[[8.424370492721575,47.03480298358409],[8.424379600138261,47.03479766625223],[8.424427434627493,47.03476857882584],[8.424473797692972,47.03473839843997],[8.424489534102984,47.03472743421147]],[[8.441431992759803,47.08135166314603],[8.441479082435105,47.081320449096076],[8.441520701804913,47.08128579695521],[8.441556316654927,47.08124815308088],[8.441585471117081,47.081207998229324],[8.441607791652574,47.08116584932009],[8.44162298944919,47.08112224682004],[8.441632113518482,47.08108046769481],[8.441631590507008,47.08103822765652],[8.441621434506942,47.080996560185476],[8.441601893727862,47.08095648322231],[8.441532355912486,47.08082183037757],[8.441472764497185,47.08068496948341],[8.441423270692042,47.080546243769106],[8.441357405042998,47.08027936005786],[8.441326959702502,47.080116998302394],[8.441303661471064,47.07995408478982],[8.441287534126467,47.07979076774519],[8.441269653801086,47.07965763840485],[8.441259911052128,47.07952411599124],[8.441258323325554,47.079390432442096],[8.441264893583863,47.07925681982],[8.441276376933976,47.079066454636454],[8.441293199563257,47.078876274930224],[8.441300141168139,47.07882173559296],[8.441297304574185,47.07876702522364],[8.441284731385126,47.07871295846757],[8.441262609198175,47.07866034059711],[8.441231270066737,47.0786099558313],[8.441191177079968,47.078562553959436],[8.441152250015984,47.07850890879041],[8.441106347003698,47.07845790174747],[8.441053847334013,47.078409956807555],[8.440995185069367,47.078365469582685],[8.440741051798481,47.07816300800448],[8.440481603096579,47.07796371732856],[8.440391394589815,47.07787039928386],[8.440309367748773,47.077773622953046],[8.440235803984494,47.07767372143856],[8.440077036717186,47.07746257543396],[8.439927001227344,47.07724847088424],[8.439785815136625,47.07703157591634]],[[8.445923469040098,47.02999927281324],[8.445667006036778,47.03022409156356],[8.44540177521011,47.03044410371357],[8.445127969556802,47.03065914918469],[8.444996658234581,47.03076053699301],[8.444866843376687,47.0308628218974],[8.444738536605083,47.0309659921066],[8.44465065633696,47.03103737928019],[8.444625864947806,47.031057516827694],[8.444561496710728,47.031109804014356],[8.444491769626113,47.03116644530511],[8.443497275347656,47.0319742673694],[8.443387586768296,47.03205584956064],[8.443267902996451,47.03213057529457],[8.443139136987414,47.03219787431452],[8.44300227382838,47.03225723330725],[8.44285835503567,47.03230820053984],[8.442708481167678,47.032350384937864],[8.442553794889836,47.03238346523041],[8.442395475710114,47.032407189996974],[8.442234733398989,47.03242137772537],[8.441421097883888,47.03246861216902],[8.441312774502597,47.03247582857522],[8.441204748678832,47.03248488821144],[8.441097084760232,47.03249578511898],[8.441008390444045,47.032505537520485],[8.440980657488376,47.032508760014274],[8.440953012391143,47.032512319075295],[8.44092546564238,47.032516212812965],[8.440862638726756,47.032526414792585],[8.440800473288768,47.03253836153841],[8.440757467721053,47.03254793700265],[8.440739072877784,47.03255203235654],[8.440640791978705,47.03257798229013],[8.440545255114667,47.032608346697025],[8.440452886071533,47.03264299234576],[8.440416641815178,47.032658133718456],[8.440381003240542,47.032673934580465],[8.440345999103327,47.03269038478589],[8.440290772179132,47.03271817341347],[8.440237114680706,47.0327473624527],[8.440185100851476,47.03277791167664]],[[8.428114626394029,47.05159082109953],[8.427651824121972,47.05107302373958]],[[8.43126472861527,47.05469057905089],[8.431256765308467,47.05467792255458],[8.431221843155372,47.05462241862956],[8.431160645992469,47.054528790386904],[8.431104286183306,47.05444867234353]],[[8.450409671038328,47.101687663281496],[8.450376966858501,47.10131678614492],[8.450349048430628,47.10094572650972],[8.450325916198874,47.10057451316072],[8.450158854366725,47.100033320058365],[8.45013177955358,47.09990929780297],[8.450110830750408,47.099784723261955],[8.45009603167178,47.09965973836084],[8.450087399429085,47.09953448418279],[8.450040739440135,47.09931998505826],[8.45000007886558,47.09910491765846],[8.449965433582635,47.098889359211995],[8.44992950438501,47.098093531037684],[8.449869758956513,47.09631255025533],[8.449834289372259,47.09567027172934],[8.449803698859117,47.09502787641086],[8.449783513830877,47.09490642906744],[8.449755072493403,47.09478575512945],[8.44971843778849,47.09466611581118],[8.449673689742951,47.09454777037596],[8.449620922834312,47.09443097615925],[8.449560253841293,47.094315985800726],[8.449426143485935,47.094115478286234],[8.44928646163835,47.09391675308238],[8.449141258432405,47.09371988169407],[8.448730491101477,47.09320439304877]],[[8.43760094491839,47.070566906446196],[8.437569017701957,47.07046317502455],[8.437491262116156,47.0702904610622],[8.437405842906836,47.07011944460493],[8.437186302724944,47.06971074682631],[8.437099804719745,47.069554732638416],[8.436775363489556,47.0689722324648]],[[8.420986306495816,47.03599526164392],[8.421043489369737,47.0359329427812],[8.421126816267124,47.03585751102918],[8.42113017213447,47.03585474130519],[8.421133542604737,47.035851978652644],[8.421136925063127,47.03584922399364]],[[8.441431992759803,47.08135166314603],[8.441464627630918,47.08166557208858],[8.441485623960874,47.081753596814856],[8.441515095826785,47.0818404806616],[8.44155291629513,47.081925842414634],[8.44159891776268,47.08200930930919],[8.441652899821923,47.082090515162335],[8.441714625394662,47.08216910490483],[8.44178382598127,47.08224473363596],[8.441833246505904,47.08226534298053],[8.441878404046005,47.08229009875613],[8.441918557464334,47.082318594538606],[8.441953048761347,47.08235036290715],[8.442372823643655,47.08271800346686],[8.442850146196104,47.0833671854256],[8.442904951677049,47.0834646818619],[8.442950435126965,47.08356438903954],[8.442986408334857,47.08366589391374]],[[8.442986408334857,47.08366589391374],[8.443116762146538,47.084106815236495],[8.443176064691691,47.08432164957713],[8.443323962948284,47.08456647436244],[8.443743630573643,47.08522004918201],[8.443989369197256,47.085550717417696],[8.44409575855377,47.085656063988054],[8.444203251688434,47.08571105921573]],[[8.444203251688434,47.08571105921573],[8.44418753478897,47.08586904024615],[8.444441935800583,47.08640877928002],[8.444622604084842,47.086701298412855],[8.444755551319325,47.086926062364554],[8.444990028656024,47.0871468774808],[8.445369516379113,47.08741557215193],[8.445879271008323,47.08765255906739],[8.447039997919822,47.08813400096612],[8.448292736660633,47.088643317144175],[8.44874898976274,47.088840221696366],[8.44909800350879,47.08902741134035],[8.449441203216226,47.089230656188384],[8.449654761470622,47.08943017777927],[8.450011157528422,47.08976412081536]],[[8.45117482253689,47.090998598052636],[8.451489938155392,47.09135347612237],[8.451588469878445,47.091463727480466],[8.4516350885886,47.09157844580869],[8.451637432089816,47.091658041345944],[8.451622999405183,47.091787636097024],[8.451597759244738,47.0918605751242],[8.451556431995368,47.091949037657514],[8.451453767460203,47.09204223732479],[8.451343361498784,47.09215927708406],[8.451202458680884,47.09228777249482],[8.451132337198127,47.09236949716092],[8.451052348474503,47.09247088689624],[8.451039681157441,47.092559097596634],[8.451063238435383,47.09278002158171]],[[8.448730491101477,47.09320439304877],[8.448979003291603,47.093151145229555],[8.44967708314963,47.09305681067843],[8.451063238435383,47.09278002158171]],[[8.450409671038328,47.101687663281496],[8.45039606457466,47.10187645603912],[8.450467073427609,47.102143445172636],[8.450661727013559,47.10258775533693],[8.450701015154284,47.102818811640354],[8.450719661278642,47.10305269891995],[8.450666984049677,47.10334550695858],[8.450489377583644,47.10387258386592],[8.449813578628484,47.105605885034116],[8.449271931136582,47.10697517250867],[8.449095229822666,47.10738980847715]],[[8.462427152337181,47.119804117936845],[8.462275048560073,47.12002791185065],[8.462202676628516,47.12019047848238],[8.46216699061291,47.12039197268014],[8.462168692612389,47.12066918844625],[8.462213769759764,47.121147194464434],[8.462334145812486,47.122367900699516],[8.462398975870942,47.122938958565136],[8.462425743381116,47.12321104386418],[8.462388572563576,47.12352295269925],[8.46214778391815,47.124089371277],[8.461924498896122,47.1245896649594],[8.461762112611467,47.12505413179017],[8.461692449052192,47.125449453378266],[8.461642190718754,47.12570109962155],[8.461586031414573,47.12593930309936],[8.461450116838277,47.126602376467496],[8.461377849658705,47.126990651192806],[8.461367484285578,47.12710148571331],[8.461394055411665,47.12744710556369],[8.461478404170466,47.128530564147724],[8.461970625372569,47.129909296634985],[8.462167083847703,47.13030269910786],[8.462627888542563,47.13081437318195],[8.463249214355066,47.13143276130978],[8.463995381424919,47.13220393434857],[8.465182544879069,47.13340375190361],[8.465449539328374,47.13365925689746],[8.465857581841258,47.13395925486034],[8.466074791005338,47.13416112873857],[8.466144780648321,47.134314404729345],[8.466131571813534,47.13444636866859],[8.465817504495453,47.13512384941708],[8.465342890201908,47.1361786546657],[8.4651525662925,47.13654112232099],[8.46488189744867,47.13682892259565],[8.464524129449032,47.13710134491149],[8.46394647561557,47.137429573447335],[8.462378300350327,47.13795508122016],[8.461592504776855,47.138128995828794],[8.460583422526947,47.13818104440743],[8.45965282756097,47.13821084827329],[8.459188247305816,47.13826343387766],[8.458842323216867,47.13833111842665],[8.45847580393235,47.1385605219188],[8.457892564059112,47.1390126147966],[8.45759684226889,47.13923061928253],[8.456798405328374,47.13957153568281],[8.45511151981731,47.14016967409189]],[[8.454866539842556,47.14029797412994],[8.453973536648926,47.14087615838291],[8.453799741576258,47.14077112557845],[8.453530301228952,47.14072874516697],[8.453341183606806,47.14071378104885],[8.453131757264696,47.1407243255034],[8.452968926221882,47.140733542886174],[8.45256487139266,47.14076469517898],[8.451777936172308,47.140831385909365],[8.450970614975958,47.14090397185721],[8.449609989033018,47.1410073216814],[8.448883060497588,47.14105741423962],[8.448499406115614,47.14109256852755],[8.447987141837881,47.14110103870598],[8.447018439687344,47.14099034213929],[8.446714648046468,47.14093738122169],[8.44541267831584,47.14075410283589],[8.444361733320225,47.14060437317572],[8.44315419789884,47.14048778575693],[8.441917929853492,47.14039130303344],[8.441200787551695,47.14034193269514],[8.440740555430457,47.140330051250075],[8.440350855691904,47.14035331189957],[8.439577648763153,47.140419640215455],[8.43876472529006,47.14054193269813],[8.438183713419985,47.14061055345008],[8.437585234447972,47.14067932386455],[8.436811871262146,47.140737688182774],[8.436294304333623,47.14077396471277],[8.435217528710902,47.14079919249177],[8.43417045197271,47.14085593796871],[8.433524281783262,47.140865501774734],[8.432840574335058,47.14091211704274]],[[8.45511151981731,47.14016967409189],[8.454982625768022,47.14023217925823],[8.4549552007775,47.14024591498111],[8.454866539842556,47.14029797412994]],[[8.432840574335058,47.14091211704274],[8.43273356320426,47.14091071668372],[8.43262669305339,47.14091470873495],[8.43252054619654,47.14092407287193],[8.432404517412483,47.14093546263472],[8.432287856756197,47.140943282910015],[8.432170797282813,47.14094751639047],[8.431826811534046,47.140964677861675],[8.431483083537175,47.14098409035901],[8.431212678526252,47.14099504743803],[8.431026574632838,47.1410017358715]],[[8.45117482253689,47.090998598052636],[8.451094391674932,47.09090334635686],[8.450877120989931,47.09064705963587],[8.450729087046746,47.090481546109395],[8.450591240980335,47.09032741484976],[8.450578062759204,47.09031268175461],[8.450325839547586,47.09006584412999],[8.450086113355878,47.08983598952777]]]},"properties":{"OBJECTID":9,"BUL_ROUTE":"B653","FP_JAHR":2026,"KURSBUCHNR":"60.653","LINIENNR":"Linie 653","LINIENBEZ":"Rotkreuz - Küssnacht am Rigi - Weggis","FP_URL":"https://widgets.oev-info.ch/publikation/jahresfpl/60.653.pdf","TU":4,"TU_URL":4,"TP_URL":1,"SHAPE_Length":19147.070179726346}},{"type":"Feature","id":66,"geometry":{"type":"MultiLineString","coordinates":[[[8.35651306008051,47.06379057706742],[8.356553824928472,47.06380245020481],[8.356596485736167,47.063810645169625],[8.356675580282365,47.06381879358803],[8.356755534601506,47.06382041147582],[8.35683519502804,47.06381547477022],[8.356913418743117,47.06380405467814],[8.357068838036929,47.063774610793864],[8.357405656310274,47.063710791883175]],[[8.352351145272195,47.05940333968435],[8.352408625754457,47.05943233842926],[8.352464192978998,47.05946037184972]],[[8.350482325308985,47.05844110049667],[8.350496656823413,47.05844957479902],[8.350639414547059,47.058531635167874],[8.350785167021648,47.05861119778709],[8.350933822568134,47.058688212998234],[8.35100857541858,47.058725931390235]],[[8.344275892242369,47.05592665356235],[8.34433029140118,47.05593821117434]],[[8.36265090855393,47.065814670539865],[8.362545112668272,47.0657150686757],[8.362362190811332,47.06555005303931],[8.362321454473637,47.06551384953055]],[[8.364136607147891,47.07043276165875],[8.364138023254991,47.07052540931871],[8.364147649915443,47.070617828902975],[8.364165451009153,47.07070967976807],[8.364166047545023,47.07071220272216]],[[8.31167570755626,47.05457889209782],[8.311811498199583,47.05461004579761]],[[8.309922021528815,47.05042524488353],[8.309829495302365,47.05102010422117]],[[8.316047958541208,47.05506135204895],[8.316047696126587,47.055061322569415],[8.313271156692844,47.054750889323394]],[[8.308904751354724,47.052936772843104],[8.308902022506173,47.05296563055789],[8.308899766847937,47.05306105535455],[8.308907880387077,47.05315633140439],[8.308926317807716,47.05325093370886],[8.308942730025615,47.05330207586641],[8.308944588095626,47.053306918482164]],[[8.329082061683328,47.05515095371082],[8.329062211930454,47.0551520989322],[8.328715571796813,47.05517210979966],[8.328478063352824,47.05518936879711],[8.328241872812724,47.05521364083421],[8.328007440271898,47.05524488023073],[8.327775206950914,47.05528302960721],[8.327545609857793,47.055328015428096],[8.327242382696301,47.055401218421395],[8.327004856161633,47.05545855965044],[8.326933427214023,47.055474710493606]],[[8.31127086823069,47.054454880797394],[8.309555458553646,47.05376625173648],[8.309555410869217,47.05376623320742]],[[8.355520339288347,47.06231694212235],[8.35546316059388,47.062249895644264],[8.35541403608325,47.06217993144505],[8.355373281467642,47.062107499493074],[8.355341161426876,47.0620330681539],[8.355341064523861,47.06203279006394]],[[8.357626291473856,47.06366898732943],[8.358230008077873,47.06355459064779],[8.358316165538222,47.06354125747572],[8.35840379080315,47.063533603997165],[8.358492084651502,47.06353169777994],[8.358580243081112,47.063535557856305],[8.358667459832452,47.06354514840612],[8.358752939611595,47.06356038224861],[8.358835900721443,47.063581120821745],[8.358915588208303,47.06360717317671],[8.35899127398406,47.063638303173164],[8.359316634621901,47.063787041016916],[8.359486238794275,47.06386262876048],[8.359658380838566,47.0639354891299],[8.359832965286232,47.06400558329893]],[[8.312488369342345,47.05499263167415],[8.312484195900385,47.0549909569745],[8.311808826647706,47.05471995575677],[8.311774029327955,47.054703377056725],[8.311743413542931,47.05468331136432],[8.311717720323616,47.05466024330669],[8.311697570833868,47.05463473308542],[8.311683452858631,47.054607394989326],[8.31167570755626,47.05457889209782]],[[8.350082848247617,47.05818825789973],[8.350137276120348,47.05822298070535],[8.35030725430327,47.05833392168215],[8.350482325308985,47.05844110049667]],[[8.35639407691151,47.063722900505134],[8.356366643469205,47.06369407294534],[8.356345654746391,47.06366281904844],[8.356331560569226,47.06362980809397],[8.356324661304724,47.06359574563746],[8.356325106315017,47.06356136002925]],[[8.311811498199583,47.05461004579761],[8.311961337472223,47.05463927900093],[8.312113046183976,47.05466359521547],[8.312266278547561,47.05468293949259],[8.31242068631757,47.05469726769876],[8.312575918805154,47.054706547414845],[8.312731621562707,47.054710757946864],[8.312736545133625,47.05471081042732]],[[8.309182576335072,47.053591730836445],[8.30918890652929,47.05359606368241],[8.309246394562164,47.0536319141206],[8.309308053850447,47.05366436587135],[8.309373455583852,47.053693192792736],[8.309555410869217,47.05376623320742]],[[8.364327948822552,47.06976710058815],[8.364271357068606,47.06991416497946]],[[8.32400612759103,47.0555108856877],[8.323661987962517,47.05550742043356],[8.32337919477744,47.05550457271034],[8.323317267434613,47.05550392533876]],[[8.323207193404416,47.05550267727478],[8.322583856242263,47.05549321169615],[8.319951737567855,47.05544837091352],[8.319719936583672,47.05544142926379],[8.319488682805108,47.05542853058758],[8.3194218824029,47.05542368698028]],[[8.351268800477484,47.05885723244185],[8.352351145272195,47.05940333968435]],[[8.363875376027156,47.068018319194664],[8.363896270447293,47.068081903557676],[8.363925297698303,47.06814397950889],[8.36396223220437,47.06820406219799],[8.364006782845555,47.06826168349333],[8.364058604819729,47.0683163927864],[8.364341299607785,47.06858776530406],[8.364397684911147,47.06864724311496],[8.364446242180392,47.06870986318444],[8.364486598381456,47.06877514366649],[8.36451844338253,47.06884258601478],[8.364541535173977,47.06891167224166],[8.36455569475919,47.06898187395451],[8.364560814069844,47.06905265319142],[8.364556854728386,47.06912346692885],[8.364543846826129,47.06919377248877],[8.364521888986909,47.06926303113647],[8.364327948822552,47.06976710058815]],[[8.312488369342345,47.05499263167415],[8.312736545133625,47.05471081042732]],[[8.32522697736197,47.05551454390065],[8.32492639068871,47.05551574952873],[8.324687210247589,47.05551720925049],[8.324580137028558,47.055516667991405],[8.32400612759103,47.0555108856877]],[[8.33876383405452,47.05340135271843],[8.338743099715384,47.053379618181836]],[[8.323317267434613,47.05550392533876],[8.323305365044838,47.05550379663689],[8.323207193404416,47.05550267727478]],[[8.309330415453918,47.05037960350908],[8.30992175139052,47.05042522444434],[8.309922021528815,47.05042524488353]],[[8.348038815452309,47.0570954044298],[8.348006397028444,47.057082559057726],[8.348001377153345,47.057080569401634],[8.347255700578307,47.056781359969484],[8.346995013816246,47.056680292253425],[8.346730043209433,47.056584569722396],[8.346461023129383,47.05649427775104],[8.346188191768345,47.056409494489124]],[[8.355341064523861,47.06203279006394],[8.355247425990001,47.06177861128535],[8.355204865742081,47.061676367890236],[8.355153258633223,47.061576089346886],[8.355092796690805,47.06147814832782],[8.35502370471954,47.061382910046234],[8.354946240254693,47.061290729557335],[8.354860690883033,47.061201949081465],[8.354763157298876,47.061107157928895],[8.354703721723427,47.06105474331903],[8.354637434103557,47.061006318001915],[8.35456486365637,47.06096229842014],[8.354486635590023,47.060923065487245],[8.354403423037581,47.060888954757374],[8.354315943185693,47.06086026095439],[8.353991159412411,47.06076612844204]],[[8.350082848247617,47.05818825789973],[8.350071377156365,47.05818094016745],[8.349322388965726,47.05770317628679],[8.349180022491849,47.0576161537247],[8.349032373244148,47.05753334412351],[8.348879707033555,47.057454898281186]],[[8.346188191768345,47.056409494489124],[8.346100709806606,47.056383711775716],[8.345409162310194,47.056187070336655],[8.345222673702175,47.056136382659275],[8.345033941049675,47.05608973612055],[8.34484315200704,47.056047176905096],[8.344395299559974,47.05595201944186]],[[8.353390169701752,47.06029004834992],[8.353458774381723,47.06040157890717],[8.35349765520149,47.06045753663674],[8.353543791788516,47.060510857515304],[8.353596805483804,47.060561104666476],[8.353656261409615,47.06060786414996],[8.353721669892781,47.06065075124797],[8.353792494422954,47.0606894139999],[8.35386815168361,47.06072353500207]],[[8.35386815168361,47.06072353500207],[8.353928079906634,47.06074611042541],[8.353990127563199,47.06076583171534],[8.353991159412411,47.06076612844204]],[[8.362321454473637,47.06551384953055],[8.362185383155381,47.06540005107798]],[[8.364271357068606,47.06991416497946],[8.364209725998428,47.07007433153863],[8.364184143770935,47.07014822864717],[8.364163961195963,47.070222902639365],[8.364149230403365,47.07029816868862]],[[8.33919656171008,47.054108384730384],[8.339213000755235,47.0541270071135],[8.339225764375433,47.054146930294436],[8.339234637621628,47.05416781682645],[8.339253829650284,47.05421431112984],[8.339280697823794,47.05425899468608],[8.33931865961451,47.05430840476603],[8.339361733061697,47.05435581640082],[8.339410194162266,47.05440206670817],[8.339462595903553,47.054446264775],[8.339518750081053,47.05448825464974],[8.339525342923103,47.05449286804084]],[[8.36265090855393,47.065814670539865],[8.36275722235025,47.065924210973265],[8.362856444613753,47.06603681470016],[8.363551168109902,47.06686560539246],[8.363765895901084,47.067121767227036]],[[8.338743099715384,47.053379618181836],[8.338715391655136,47.053355266612584],[8.338684593130207,47.05333271678724],[8.338681507825513,47.05333067018481]],[[8.352464192978998,47.05946037184972],[8.352517795225621,47.05948741787096],[8.352663932041297,47.059558395073715],[8.352804194444479,47.05963470826223],[8.352893365044563,47.05969024069437],[8.35297586823749,47.05975039410322],[8.353051190864106,47.05981479567338],[8.353118866710718,47.05988304702802],[8.353178476524622,47.05995472512766],[8.353229652009272,47.06002938493699],[8.353366340650101,47.060251306111454]],[[8.326933427214023,47.055474710493606],[8.32691808245116,47.05547789847267],[8.32680529455741,47.055498372162944],[8.326690860048057,47.05551400266703],[8.32657522152148,47.055524728986384],[8.326458831117925,47.05553050984098],[8.326342138659017,47.05553132286106],[8.32537820268089,47.05551617484032],[8.32523973728333,47.05551463159975],[8.32522697736197,47.05551454390065]],[[8.309225069031156,47.05101786501771],[8.30941419250773,47.05100693985205],[8.309500070485795,47.05100383912258],[8.309586063904886,47.05100444452132],[8.309671830569467,47.05100875504544],[8.309829495302365,47.05102010422117]],[[8.309225069031156,47.05101786501771],[8.30917704686552,47.05130431467525],[8.308936343688325,47.052740034622474]],[[8.308936343688325,47.052740034622474],[8.308935794008951,47.052743309570424],[8.308919381766426,47.05284118409865],[8.30891937575544,47.05284121922684]],[[8.30891937575544,47.05284121922684],[8.308911863857924,47.05288605690345],[8.308904751354724,47.052936772843104]],[[8.364166047545023,47.07071220272216],[8.364194736868352,47.07083209775672],[8.364210486468787,47.070879690652816],[8.364234503936999,47.07092564269758],[8.364266440710782,47.070969286523365],[8.364305831601701,47.071009987185704],[8.364389832756501,47.07108635565372]],[[8.3194218824029,47.05542368698028],[8.319417665163883,47.0554233684978],[8.319050368340003,47.055394554715626],[8.318971116109532,47.05538833733079],[8.31893929972851,47.0553857746047]],[[8.348770318503396,47.05740280908755],[8.348667364452481,47.05735670304699],[8.348354989257349,47.0572239193076],[8.348038815452309,47.0570954044298]],[[8.364149230403365,47.07029816868862],[8.364140746024216,47.07036537023564],[8.364136607147891,47.07043276165875]],[[8.356325106315017,47.06356136002925],[8.356329087726818,47.06354015259363],[8.356383403636855,47.063327072682526],[8.356390836685076,47.06328816851959],[8.356393400462899,47.06324897402587],[8.356391141432834,47.063210280442725],[8.356384137196772,47.06317185236488],[8.356372435865422,47.06313396197369],[8.356337000062158,47.06305320741871],[8.35629193528024,47.06297472561092],[8.35623754823475,47.06289905202537],[8.356174212440429,47.06282670271087],[8.356102356287158,47.06275816988819],[8.356000905822036,47.062674804886],[8.355892156508649,47.06259585465283],[8.355776517564689,47.062521615453576],[8.35570477139055,47.06247516478882],[8.355637946186423,47.062425404891535],[8.355576368615527,47.06237257784252],[8.355520339288347,47.06231694212235]],[[8.339150112259713,47.05407318942782],[8.339149712914567,47.05407292269177],[8.339102755980502,47.054037366128945],[8.339062637668844,47.05399809292275],[8.339029981578147,47.053955713488854],[8.33898864950591,47.053886310058616],[8.338954687703755,47.05381506410563],[8.338909054933033,47.053706008530696]],[[8.33919656171008,47.054108384730384],[8.33919024710687,47.054102464778566],[8.339166778418464,47.054084330205804],[8.339150112259713,47.05407318942782]],[[8.339525342923103,47.05449286804084],[8.339572901489845,47.054524394187524],[8.339622590970562,47.054554345560426],[8.339806904539287,47.05465657167002],[8.33999629093379,47.05475437142219],[8.340117421199444,47.05481095188313],[8.340243329448557,47.05486242839035],[8.34037355842406,47.05490861471171],[8.340507630077866,47.054949340971916],[8.340645057491871,47.05498445805692],[8.3406838407714,47.05499346385507]],[[8.308944588095626,47.053306918482164],[8.308974607958433,47.053369949475275],[8.30901387178877,47.05343055986249],[8.309061969290344,47.05348812125702],[8.309118399776212,47.0535420320427],[8.309182576335072,47.053591730836445]],[[8.312921951173648,47.054717350250804],[8.312921147520017,47.05471730419481],[8.312830441778477,47.054713099320985],[8.312739586298068,47.05471085114828],[8.312736545133625,47.05471081042732]],[[8.338681507825513,47.05333067018481],[8.3386226972029,47.05336722950742],[8.338558731212364,47.05339949152763],[8.338490276785796,47.053427119073724],[8.338418051699671,47.05344982405226],[8.338342811414181,47.05346736755175],[8.337131035965234,47.053703705821285],[8.33698508481931,47.053730104581064],[8.336837662300121,47.05375235510404],[8.336747564367862,47.05376593246197],[8.336658350520077,47.05378200360765],[8.334758788555593,47.05415988623232],[8.3345146823534,47.054211239547826]],[[8.35100857541858,47.058725931390235],[8.351264764133289,47.05885519553053],[8.351268800477484,47.05885723244185]],[[8.31893929972851,47.0553857746047],[8.318773080125665,47.05537033127054],[8.318607619188793,47.055351462671304],[8.317855458913009,47.05526478526114],[8.317110232269371,47.05518010268458],[8.316112216560043,47.055068533396465]],[[8.3406838407714,47.05499346385507],[8.34143272968308,47.055167381832334],[8.34162198042159,47.05521156808761],[8.341808691413888,47.05526054076952],[8.341992604885874,47.0553142317528],[8.34217346427004,47.0553725666072],[8.342736389220894,47.05556297165927],[8.34289174158411,47.05561196547739],[8.343049665802774,47.05565695378623],[8.343209942315138,47.05569787533539],[8.34337234502227,47.05573467162563],[8.344275892242369,47.05592665356235]],[[8.31167570755626,47.05457889209782],[8.311604843554086,47.05456080910526],[8.311461478824098,47.05452022602034],[8.31132109564427,47.05447503596811],[8.311271127891388,47.05445498407231],[8.31127086823069,47.054454880797394]],[[8.313271156692844,47.054750889323394],[8.31312876865077,47.054734963077586],[8.313025606366155,47.05472480460183],[8.312921951173648,47.054717350250804]],[[8.3345146823534,47.054211239547826],[8.334368836224996,47.054244635396735],[8.334090116643498,47.05430743389054],[8.33380891874409,47.054364837480364],[8.333525462981568,47.054416801251946],[8.331030056779634,47.05487043635305],[8.330062075453105,47.05504307703291],[8.329858217779341,47.05507641634094],[8.329652540734818,47.0551040464173],[8.329445385860668,47.05512592232414],[8.329237098768035,47.05514200629119],[8.329082061683328,47.05515095371082]],[[8.338909054933033,47.053706008530696],[8.338877252244743,47.0536299968563],[8.338868506671302,47.053609096701415],[8.338844184149382,47.05355096807707],[8.338830843681356,47.053519086143275],[8.338815904323162,47.053483378324024],[8.338793801514681,47.0534411994567],[8.33876383405452,47.05340135271843]],[[8.357405656310274,47.063710791883175],[8.357626291473856,47.06366898732943]],[[8.353390169701752,47.06029004834992],[8.353368696648289,47.0602551464565],[8.353366340650101,47.060251306111454]],[[8.35639407691151,47.063722900505134],[8.356428574364525,47.06374948748106],[8.356468538959765,47.063772218425804],[8.35651306008051,47.06379057706742]],[[8.344395299559974,47.05595201944186],[8.344349628331075,47.05594231898149],[8.34433029140118,47.05593821117434]],[[8.362185383155381,47.06540005107798],[8.36206988254721,47.06531116230801],[8.36194968460996,47.06522523025519],[8.361824953250773,47.06514236963091],[8.361437772289642,47.06489443642978],[8.361343113736583,47.0648338370517],[8.361218166676363,47.06475692539703],[8.361088893484537,47.06468342799836],[8.36004142709231,47.064111311356044],[8.359938582134513,47.06405717147624],[8.359832965286232,47.06400558329893]],[[8.348879707033555,47.057454898281186],[8.348796621765842,47.05741503523767],[8.348770318503396,47.05740280908755]],[[8.363765895901084,47.067121767227036],[8.3637678984071,47.06712413493095],[8.363815884598203,47.06718819286829],[8.363854844208753,47.067255050060936],[8.363884431247282,47.067324112896806],[8.363904385016939,47.06739477178234],[8.363914527438023,47.067466398465115],[8.363914769864039,47.06753835947217],[8.363905109165445,47.06761001794015],[8.363868984742,47.06778654792169],[8.363860525412774,47.06784443974198],[8.363858770813687,47.067902605893394],[8.36386373187191,47.067960686464524],[8.363875376027156,47.068018319194664]],[[8.43086530713534,47.14136945896788],[8.430636030543228,47.141325727683174],[8.430405964262373,47.14128397007794],[8.430387374885179,47.14128225570345],[8.430368628914508,47.14128269261038],[8.43035025482063,47.14128526994482],[8.430332774618321,47.14128991304073],[8.430316684244875,47.141296491684855],[8.4303024390267,47.141304818442826],[8.430290443300823,47.14131465774415],[8.430281036014962,47.14132573140354],[8.430274485554534,47.14133772406299],[8.430270975492588,47.141350296807495],[8.430270606007497,47.14136309255014],[8.430273388876616,47.14137575046836],[8.430279243587991,47.1413879096354],[8.430288004247421,47.14139922605237],[8.430299423666007,47.141409379809794],[8.430313178782622,47.14141808313634],[8.430328877404744,47.14142508843724],[8.430346075511169,47.14143019714073],[8.43066023298361,47.141494063870766],[8.430680684801796,47.14149845360287],[8.43070191093621,47.1415005176023],[8.430723346052321,47.14150019867567],[8.430744419491026,47.14149750804226],[8.430764572205371,47.141492514393114],[8.430783267473085,47.141485352793836],[8.430800007816611,47.141476212844765],[8.43081434818505,47.141465338566896],[8.430825906299729,47.1414530175181],[8.43086511707524,47.141369874402436],[8.43086530713534,47.14136945896788]],[[8.441902005237973,47.12239167023023],[8.442008763969362,47.12249749741311],[8.4421232873641,47.12259947227979],[8.442563352257066,47.122971245209285],[8.442654877423871,47.123053273832454],[8.442739371572657,47.12313874343381],[8.442816557972828,47.123227375783124]],[[8.440943691921952,47.121024115408],[8.441166918249928,47.12136009768992],[8.441336777732777,47.121614712041136],[8.441637793117442,47.12206405302622],[8.441717897998151,47.122176193125114],[8.441806040666945,47.12228548879348],[8.441902005237973,47.12239167023023]],[[8.427980633946756,47.109772481649905],[8.42556176020297,47.10864990798275]],[[8.433340041193894,47.1127345761367],[8.43321683105088,47.112654016138436],[8.431744340166844,47.11166311577024]],[[8.430982348939978,47.14110933352369],[8.43086530713534,47.14136945896788]],[[8.376352046058363,47.07057573277646],[8.377152623316013,47.07075952801347],[8.377333450099842,47.07080461349416],[8.377510640312895,47.07085599745438],[8.377683726840704,47.07091354339823],[8.377852248861162,47.070977098588905],[8.3780157597739,47.07104649578233]],[[8.384724356237566,47.075239567558036],[8.38498809708211,47.075289729805114],[8.385141950046542,47.07532192232258],[8.385293181235685,47.07535946703832],[8.385441392592572,47.075402264693665],[8.385586193733001,47.07545020337473],[8.385727203214355,47.07550315580297],[8.385864047265857,47.07556098204425],[8.385996367719665,47.07562353124221],[8.386269314795596,47.07575975210529]],[[8.389213752837598,47.07785544537901],[8.389527874310062,47.078160869836786],[8.389635735288932,47.07826278242905],[8.38974759539825,47.07836266298792],[8.389800317276594,47.078408454027134],[8.389806656760342,47.078413960825955]],[[8.386269314795596,47.07575975210529],[8.387364202097636,47.076306260539184],[8.38741742966215,47.076333310627554]],[[8.3944269566174,47.080946934389104],[8.394379901381381,47.08091798216809],[8.394242462997068,47.080837195210954],[8.394099792835567,47.0807607569013],[8.393952186043407,47.08068882488726],[8.39379994815066,47.080621548635676],[8.393643393690194,47.08055906584491],[8.39348284494545,47.08050150605426],[8.391925119127999,47.07997348848748],[8.391794969636074,47.079926647852425],[8.3916683041109,47.07987554573582],[8.391545419697641,47.079820302924325],[8.39142660711391,47.07976104925462],[8.391312145414865,47.07969792545524]],[[8.395413954922205,47.08155521966619],[8.395231107232068,47.08144179004467],[8.3944269566174,47.080946934389104]],[[8.399252584719996,47.087996650160626],[8.399236109577004,47.088055226938195],[8.399223989594985,47.08811429804364],[8.399169820991245,47.08843811943404],[8.399162085997698,47.088493254276266],[8.399157297467058,47.08854854529811]],[[8.403961058706102,47.09119364229268],[8.40398245809403,47.091254029021584],[8.403998902200124,47.09131513564494],[8.404010337545516,47.09137677280665]],[[8.3780157597739,47.07104649578233],[8.378169879436795,47.071119574098965],[8.378318440708338,47.071197841370164]],[[8.368353080728541,47.0701823550855],[8.368517927479914,47.07014667373649],[8.368685519971873,47.0701175663879],[8.36885529380053,47.070095130253655],[8.36902668419134,47.07007944096427]],[[8.389806656760342,47.078413960825955],[8.390019469340237,47.07859884404297],[8.390021704525742,47.078600876531496]],[[8.372429658576726,47.0700387899574],[8.372970034540527,47.06999450744961]],[[8.374539378930505,47.07015955748631],[8.37497906600665,47.07026050939755],[8.37595142889225,47.070483750750114],[8.376352046058363,47.07057573277646]],[[8.434363925936914,47.11327614454263],[8.433984773460091,47.11309051060949],[8.43392358851319,47.11306055428323],[8.433772077239178,47.112983855242106],[8.433624215313936,47.11290390488942],[8.433480155777481,47.11282078377474],[8.433340041193894,47.1127345761367]],[[8.421581198413667,47.10681096999423],[8.421251410147512,47.10666694657323],[8.420360672903504,47.106282134083585]],[[8.388678783519696,47.07733526926109],[8.389213752837598,47.07785544537901]],[[8.3810899200014,47.07339856240265],[8.38142646015384,47.07367497498505]],[[8.418436232506743,47.10554420160141],[8.418417862686251,47.1055403911382],[8.417980634060674,47.105450493993324]],[[8.42817712858995,47.10986368781458],[8.427980633946756,47.109772481649905]],[[8.439391038268608,47.117323798208794],[8.439369455251951,47.11729077972348]],[[8.445307051176634,47.128924571287556],[8.445335147801416,47.129022407792434],[8.445353047540031,47.129121353664736],[8.44536065802905,47.12922091585964],[8.445357942169606,47.12932059634787],[8.4453449142595,47.12941989664754],[8.445292967198153,47.12965947210978],[8.445233459381665,47.12989822675373],[8.445166420261918,47.130136049663356],[8.44498300902569,47.1308468128433],[8.44479171726106,47.1315566091338],[8.444731650335777,47.131758817423496],[8.444664153029589,47.131959932044055],[8.444589271627972,47.132159824839775],[8.444549200734116,47.13225231979504],[8.444501513050927,47.1323431164266]],[[8.402709645270857,47.09034284547457],[8.40253977358889,47.090281960736206],[8.402485469016424,47.09026602357423],[8.40242821375989,47.09025599965854],[8.402369380617008,47.09025212934762],[8.402310376588462,47.09025450428844],[8.402252616557902,47.090263068536615]],[[8.402252616557902,47.090263068536615],[8.402195607381989,47.09027823283051],[8.402142873828312,47.09029941978301],[8.402095770634803,47.09032608460149],[8.401917154231503,47.09044491086507],[8.401854185584156,47.09048298816935],[8.401786194343172,47.09051679864405],[8.401713799295756,47.09054603394214]],[[8.42556176020297,47.10864990798275],[8.42329614177557,47.107598330873586]],[[8.438483688374935,47.116330319026446],[8.437376128182235,47.115175323721985]],[[8.399365809380951,47.08755224449201],[8.399276673023655,47.08791642477746],[8.399260416760445,47.08797288126527],[8.399255518336894,47.087987639026146],[8.399252584719996,47.087996650160626]],[[8.399475523117001,47.08710818195959],[8.399467796100664,47.08713559321813],[8.399365809380951,47.08755224449201]],[[8.443148272056689,47.12377744095098],[8.443178767746668,47.123872279538595],[8.443200381894886,47.123968248202566],[8.44321303073812,47.124064959069536],[8.443241964901565,47.12440946150638]],[[8.42329614177557,47.107598330873586],[8.422340725310129,47.10715485161669],[8.421962412138774,47.10698141609458],[8.421581198413667,47.10681096999423]],[[8.437376128182235,47.115175323721985],[8.437152994989159,47.11494262615085],[8.436878308302004,47.114656162031146],[8.436818168566516,47.11459613484119]],[[8.37212046332427,47.07006414384505],[8.372429658576726,47.0700387899574]],[[8.388632560096303,47.077290331631154],[8.388678783519696,47.07733526926109]],[[8.412582997835683,47.10018884346485],[8.412651692249767,47.100280893469304],[8.412713290091204,47.100375256978396],[8.412767624625396,47.100471677242666]],[[8.400946631715794,47.09056504074772],[8.400870294720756,47.09053907283177],[8.400797984324104,47.09050819193517],[8.400730376185251,47.090472689263265],[8.400668103177141,47.09043289416205],[8.400611744931615,47.09038917870319],[8.399761619119305,47.089661654315],[8.399752012204994,47.089653432631216]],[[8.364700669707991,47.071170161919504],[8.364716547198443,47.07117313649471],[8.364791559462788,47.07118435102486],[8.364867703848157,47.07119113144722],[8.365453937601375,47.07122599884337],[8.365529523241946,47.07123403732114],[8.365602833001674,47.07124896404722],[8.365672528442389,47.07127050736615]],[[8.399752012204994,47.089653432631216],[8.39964151320477,47.08955888652181],[8.39962784072783,47.08954708259813]],[[8.44018243152058,47.13306878669441],[8.439737086419496,47.13303567118556]],[[8.436716765428555,47.11450540406965],[8.436768521453958,47.114550220574515],[8.436818168566516,47.11459613484119]],[[8.417980634060674,47.105450493993324],[8.417897147726288,47.10543332837698],[8.41749590899384,47.10535082029133],[8.417494732000561,47.10535057843853],[8.417420249328334,47.105335263553954],[8.41726427290589,47.10529463536181],[8.417111748437984,47.10524830045245],[8.416963121136211,47.10519639538149]],[[8.399276749832385,47.0891057067185],[8.39932167619459,47.08918713891044],[8.39937335190494,47.08926668224801],[8.399431606350118,47.08934407547756],[8.399496251938574,47.089419065582526],[8.399567073516428,47.0894914051734]],[[8.399567073516428,47.0894914051734],[8.39962784072783,47.08954708259813]],[[8.443845829727298,47.12735562285633],[8.443739735979067,47.127247102787976],[8.443641470342403,47.12713520202475],[8.443551261778195,47.12702018305538],[8.443469324913282,47.12690231748858],[8.44344534915,47.12684080827695],[8.443426690210769,47.12677844659266],[8.443413412713149,47.12671544596839]],[[8.4432508060541,47.124514732554076],[8.443249220999625,47.12446198634692],[8.443241964901565,47.12440946150638]],[[8.443275990686335,47.124814667562525],[8.4432508060541,47.124514732554076]],[[8.44333904049047,47.12551567298911],[8.443306597206025,47.12518434207753],[8.443279196908291,47.12485279885293]],[[8.443279196908291,47.12485279885293],[8.443275990686335,47.124814667562525]],[[8.443461104773037,47.12613264659709],[8.443451020406226,47.12603673827953],[8.443435059439567,47.12594120155811],[8.443413250114533,47.125846205300974],[8.443385696787939,47.125764617686094],[8.44336411168384,47.12568219799329],[8.443348547330057,47.12559914816748],[8.44333904049047,47.12551567298911]],[[8.44473013185979,47.1281328571804],[8.444497195476925,47.12793882098052],[8.444261053752383,47.12774659887199],[8.444116958744681,47.12761911595978],[8.44397850960884,47.12748875259297],[8.443845829727298,47.12735562285633]],[[8.443413412713149,47.12671544596839],[8.443405271757893,47.12664851885893],[8.443403201581866,47.12658137677728],[8.443407210907674,47.12651427512216],[8.443417282118554,47.12644747042105],[8.443437711525307,47.126342932251866],[8.443452325143246,47.12623794024828],[8.443461104773037,47.12613264659709]],[[8.364389832756501,47.07108635565372],[8.364583098984934,47.07114130731391],[8.364601345138661,47.07114649461709],[8.364650498648807,47.071159326393],[8.364700669707991,47.071170161919504]],[[8.400163481881187,47.08660167291385],[8.399949803509827,47.08616200950981]],[[8.432980548460154,47.13934352930214],[8.432929704294333,47.13918848443149],[8.432864160529615,47.13904030067932],[8.432787854488213,47.13891740645082],[8.432550237287352,47.13859771643223],[8.432529884282628,47.13856848407658],[8.43250241123571,47.13854210276698],[8.432468649035405,47.13851937221908],[8.432429622943005,47.138500981622556],[8.432386512631632,47.13848748749834],[8.432259479678198,47.13846164162325],[8.432140343432023,47.13844488306143],[8.432046995852849,47.13843634934113],[8.431952867879572,47.138434212722984],[8.431858895884876,47.138438494803424],[8.431780837695763,47.138450901795096],[8.431704492786764,47.13846754703451],[8.431630353530439,47.13848832372442],[8.431558899904978,47.138513096390035],[8.431386670570344,47.13857310554498],[8.431315404672295,47.138595429647474],[8.4312407991708,47.138611909336085],[8.431163879481014,47.138622317163204],[8.43110264331664,47.13862679286729],[8.43104105727203,47.138626759391656],[8.430979831924722,47.13862221600187],[8.43087783293758,47.138609886095445]],[[8.432980548460154,47.13934352930214],[8.433011816943164,47.13944491044598],[8.433035212199957,47.13954727540074],[8.433050281175067,47.13965114803072],[8.433058530381196,47.13975537557693],[8.433056798077018,47.13994732943873],[8.433045390080087,47.14013912856859],[8.433024317895164,47.14033054617534],[8.433006836322837,47.14044192994123],[8.43298238891512,47.14055270195786],[8.432951021961735,47.14066265942053],[8.432912791014537,47.14077160124234],[8.432894116392882,47.14081967745117],[8.432869995405536,47.1408666115269],[8.432840574335058,47.14091211704274]],[[8.444501513050927,47.1323431164266],[8.444450288341061,47.13242604135647],[8.444384538359078,47.1325119763851],[8.44430993802284,47.1325944769001],[8.444226872188382,47.13267312032475],[8.444135766931575,47.132747502611736],[8.444037089599446,47.1328172409424],[8.443931347576813,47.13288197823494],[8.44381908166279,47.13294138140448],[8.443700871409913,47.13299514491448],[8.44357732332981,47.133042994478885],[8.443449069490184,47.133084682577035],[8.443316770284985,47.13311999562599],[8.44318110517408,47.13314875226322],[8.443017545002904,47.13317395804876],[8.442852130089635,47.13319270208338],[8.442685408991952,47.1332049210988],[8.442517934645107,47.13321057428047],[8.442350260424424,47.13320964420194],[8.442182942712133,47.1332021332037],[8.441545846944154,47.13316541211871],[8.440909466232926,47.13312331991485],[8.440273895797109,47.13307586297268],[8.44018243152058,47.13306878669441]],[[8.400946631715794,47.09056504074772],[8.401107410438582,47.09059586243396],[8.401162813023857,47.09060539697485],[8.401219420732467,47.09061067367066],[8.40127653826623,47.090611628178756],[8.401333456792882,47.09060824934532],[8.401384653776521,47.09058955033552],[8.401431602820619,47.0905662235756],[8.401473413589613,47.090538711918214],[8.401509293344038,47.09050753835936]],[[8.401713799295756,47.09054603394214],[8.401686605281963,47.09055157736362],[8.401658466554146,47.09055409717824],[8.40163009846266,47.09055352801912],[8.401602224397068,47.0905498854134],[8.401575553300958,47.090543260572936],[8.401550765249317,47.09053382411333],[8.401528488850444,47.09052181454899],[8.401509293344038,47.09050753835936]],[[8.365672528442389,47.07127050736615],[8.36587493033889,47.07136101736788]],[[8.366683927305955,47.07088200786492],[8.36647644384689,47.07099253873466],[8.36634621814738,47.07106511808858],[8.366220795934952,47.07114154369784]],[[8.442816557972828,47.123227375783124],[8.44287671362697,47.12330564908336],[8.442931164520958,47.12338584506673],[8.443031607490422,47.12354388114115],[8.443076622021488,47.12362026709574],[8.443115547641947,47.12369819499996],[8.443148272056689,47.12377744095098]],[[8.366683927305955,47.07088200786492],[8.366700900458373,47.07087297409343],[8.3669098783552,47.07076455279103],[8.36712284013938,47.07065981497637],[8.367339650088946,47.07055882919197],[8.367560164509342,47.070461659547554],[8.367750136172111,47.070380288106335],[8.367894538287223,47.07032221207672],[8.368043477209197,47.070269758283295],[8.368196484445416,47.070223089722035],[8.368353080728541,47.0701823550855]],[[8.409507161055084,47.09736747147067],[8.409418512359558,47.09721798484199],[8.409366091683323,47.09713660097304],[8.409306713317125,47.097057477071644],[8.409240583865289,47.09698089114553],[8.409167934773238,47.09690711109683],[8.40908902101013,47.09683639473302]],[[8.383261761916534,47.07484505723576],[8.383401635103214,47.074904214416016],[8.383545392376458,47.074958853369594],[8.383692722165133,47.075008854304876],[8.383826731350505,47.07504940682175],[8.383963089302194,47.075086121219606],[8.384101561854658,47.07511893644812],[8.38424191092213,47.07514779328906],[8.384724356237566,47.075239567558036]],[[8.44473013185979,47.1281328571804],[8.444828588066166,47.12821370978067],[8.444919788818606,47.12829843272728],[8.44500340813399,47.12838672393971],[8.445079147443844,47.128478267603846],[8.445146736962878,47.12857273685761],[8.445196940054451,47.12865830601181],[8.445240450224382,47.12874556553518],[8.44527714687349,47.128834271810824],[8.445306925129884,47.12892417658522],[8.445307051176634,47.128924571287556]],[[8.39838154877676,47.083587352222786],[8.398322891567451,47.08354190340961],[8.398262026827789,47.0834978295433],[8.397028267642481,47.08263372835776],[8.396882387153575,47.08252722992358],[8.39673383334205,47.08242246996259],[8.39639355743673,47.08219416128672],[8.396255188879886,47.082101321348865]],[[8.39879377999558,47.0839880726625],[8.398570033575218,47.08375812179185],[8.398479508117205,47.08367082276196],[8.39838154877676,47.083587352222786]],[[8.404746675539288,47.09387964945092],[8.40442058061433,47.093155636002365]],[[8.40442058061433,47.093155636002365],[8.404129317721676,47.09250896007491],[8.404083914704305,47.092396949596235],[8.404047874927507,47.09228336176678],[8.404021312936543,47.09216856265312],[8.404004316966615,47.092052920339604],[8.403996939757242,47.091936806804924],[8.403999203740309,47.091820593380156],[8.404016791236774,47.091532586315104],[8.404017554635818,47.09145460240964],[8.404010337545516,47.09137677280665]],[[8.405649376882078,47.09510095638317],[8.405950799798429,47.095380269643385],[8.40608025696492,47.09549448275013],[8.406217466807147,47.095604394409484],[8.406362123250577,47.09570975889297],[8.406513901983946,47.09581034232004],[8.406672466979957,47.09590591900519],[8.406837464006916,47.095996276910135],[8.40700852451562,47.096081214013395],[8.407027684393544,47.09609026405202],[8.407172350167022,47.09615465519454],[8.407321969685253,47.09621353237715],[8.40747609184515,47.0962667185721],[8.4076342526587,47.09631405305401],[8.408455417482237,47.096541685403125]],[[8.404746675539288,47.09387964945092],[8.404816833287025,47.094035440005236]],[[8.404816833287025,47.094035440005236],[8.404823501218615,47.09405020869072]],[[8.439737086419496,47.13303567118556],[8.439149157597603,47.13299535135568],[8.438560692132164,47.13295885630799],[8.43797174532002,47.13292618915089],[8.437686625543462,47.13291541160244],[8.437401189103847,47.13290977076777],[8.437115633748588,47.13290927212329],[8.436830158425513,47.13291391484006],[8.436544962049101,47.13292369629226],[8.436337948667157,47.13292535850817],[8.436131314375416,47.132934068686694],[8.435925574100647,47.13294980527188],[8.435721241135042,47.13297252963403],[8.435567654924752,47.132998977747604],[8.435416676381175,47.13303168195524],[8.435268854243422,47.13307052326707],[8.435124723690823,47.13311536212381],[8.43498480497557,47.13316603570916],[8.434849606092905,47.133222359726176],[8.43471961494069,47.13328413206229],[8.43459530449145,47.1333511273477],[8.4344771236839,47.1334231033304],[8.434365498724583,47.13349979996492],[8.434260837025128,47.13358093847859],[8.434163515440796,47.13366622687039],[8.434073888094494,47.13375535534474],[8.43399227723446,47.133848000888364],[8.433768502579143,47.13410110169033],[8.433551607030099,47.134356976109466],[8.433341665493154,47.13461553717954],[8.433138747607032,47.134876697979244],[8.432942925601072,47.13514036886544],[8.432646240671355,47.135514069608654],[8.43235504640192,47.13588977575844],[8.43206937254021,47.136267452017094],[8.431913427232088,47.136528285630924],[8.431764915905472,47.13679113188004],[8.431594020654568,47.13708877885817],[8.431432254372984,47.137388792628315],[8.431279688571669,47.13769104127745],[8.431136388209671,47.13799539474645],[8.43100241689991,47.13830172118679],[8.43087783293758,47.138609886095445]],[[8.43985603930085,47.11910555526995],[8.43986941559315,47.119165565364256]],[[8.412767624625396,47.100471677242666],[8.413764497332222,47.102410716300554]],[[8.399815439381086,47.08590097909234],[8.399763079946807,47.08581305413072],[8.39958558061654,47.08552610898954],[8.399512448259596,47.085401786897854],[8.399445802500308,47.085275776013084],[8.399385723811632,47.08514823309638],[8.399332290078625,47.08501931762819],[8.399285566080465,47.084889192795785],[8.399158672730124,47.084506652087505],[8.399125531386415,47.08442127564039],[8.3990833931569,47.084337770815836],[8.399032478025223,47.08425657924906],[8.39897305843162,47.08417813044095],[8.398905446055656,47.084102839170015],[8.39879377999558,47.0839880726625]],[[8.40908902101013,47.09683639473302],[8.409084539710365,47.09683261844124],[8.40899258750006,47.09676982299537],[8.408893890146999,47.096712000521535],[8.408789022796393,47.09665948708024],[8.408678594275296,47.096612587863795],[8.408563251044555,47.096571577163054],[8.408455417482237,47.096541685403125]],[[8.381063295032206,47.07337669752468],[8.378996920280253,47.07167942098854]],[[8.378996920280253,47.07167942098854],[8.378836284379858,47.07154747677536],[8.37871633956517,47.071453699632904],[8.378589846989687,47.07136402756801],[8.378457109278436,47.071278673977936],[8.378318440708338,47.071197841370164]],[[8.439992362505109,47.11952953597253],[8.440050603973889,47.119651994910846],[8.440116810896763,47.11977255292692],[8.440190850984887,47.1198909691782],[8.440943691921952,47.121024115408]],[[8.413764497332222,47.102410716300554],[8.413853042625078,47.1025831302282],[8.413915969089807,47.102697606757104],[8.413986138601208,47.102810102124174],[8.414063419545046,47.102920404237985],[8.414147663211565,47.10302830295041],[8.414238710447043,47.103133593598386],[8.414336389002642,47.103236076127025],[8.414722953489731,47.103622959764074],[8.414835869130517,47.10373195931372],[8.414954130185249,47.10383828393425],[8.415077600062059,47.1039418115302],[8.415206136945374,47.104042422749146],[8.416155831946362,47.10476077080736],[8.416274798523084,47.10484584948568],[8.416400541750898,47.1049262583521],[8.41653266703249,47.10500174436746],[8.41667076164847,47.10507207263853],[8.416814396042213,47.10513702460861],[8.416963121136211,47.10519639538149]],[[8.399157297467058,47.08854854529811],[8.399155935702113,47.088642921452944],[8.39916315252077,47.088737172819975],[8.399178919085438,47.08883093711614],[8.399203174935918,47.08892385142148],[8.399235828117602,47.08901555937429],[8.399276749832385,47.0891057067185]],[[8.439391038268608,47.117323798208794],[8.43940167354058,47.117340761288794],[8.439451465947949,47.11742748441572],[8.439494615868597,47.11751585127577],[8.439531006808165,47.11760562360719],[8.43956054201683,47.11769656207591],[8.439583143088136,47.11778842178958],[8.439855981737303,47.119105295798406],[8.43985603930085,47.11910555526995]],[[8.430982348939978,47.14110933352369],[8.431024124526148,47.14101166470172],[8.431026574632838,47.1410017358715]],[[8.43104291689456,47.111214005116885],[8.430901654678879,47.11113710410562],[8.430757024709212,47.11106317715047],[8.430609163953212,47.110992292322884],[8.42817712858995,47.10986368781458]],[[8.420360672903504,47.106282134083585],[8.419229270056755,47.10579334524705],[8.419078877284468,47.10573213311677],[8.418923934149442,47.10567646400688],[8.41876487823928,47.10562649338941],[8.418602157460013,47.10558236495596],[8.418436232506743,47.10554420160141]],[[8.439369455251951,47.11729077972348],[8.43931163773857,47.11721005361848],[8.439247987011871,47.11713139956882],[8.439178662243291,47.11705501318344],[8.438483688374935,47.116330319026446]],[[8.36902668419134,47.07007944096427],[8.369166020120948,47.070071724818895],[8.369305730971718,47.070068468182114],[8.369445512790868,47.0700696798129],[8.36958505877415,47.07007535590084],[8.370599136682035,47.07013288604555],[8.370800428284612,47.07014080962671],[8.371002049227963,47.07014177388499],[8.3712034832644,47.07013577581279],[8.371404217107967,47.07012283127287],[8.37212046332427,47.07006414384505]],[[8.381063295032206,47.07337669752468],[8.3810899200014,47.07339856240265]],[[8.43986941559315,47.119165565364256],[8.439869787109206,47.119167110271405],[8.439903000805286,47.119289083798584],[8.439943885262341,47.11940996770487],[8.439992362505109,47.11952953597253]],[[8.400163481881187,47.08660167291385],[8.399821522111383,47.08675953650288],[8.399771627944299,47.08678446601088],[8.399724589877316,47.08681186428924]],[[8.390021704525742,47.078600876531496],[8.390839744713698,47.079353566059716],[8.390946838975584,47.07944643690516],[8.391061523431198,47.07953497721038],[8.391183425562048,47.07961889858373],[8.391312145414865,47.07969792545524]],[[8.403315811019885,47.090569623404875],[8.403231490074116,47.090532259179],[8.403143963849748,47.090498509243524],[8.402709645270857,47.09034284547457]],[[8.387967189725076,47.07667786597441],[8.388071804836544,47.076760413206706],[8.388171445395882,47.076845783804515],[8.388265948268549,47.076933837898096],[8.388632560096303,47.077290331631154]],[[8.436716765428555,47.11450540406965],[8.436625665674491,47.114433049937396],[8.436529075257766,47.11436409425986],[8.436427266622163,47.114298731662466],[8.436320525163923,47.11423714496391],[8.436209150616211,47.11417950876282],[8.434363925936914,47.11327614454263]],[[8.38741742966215,47.076333310627554],[8.38754323960435,47.07640113378459],[8.387664919274938,47.0764723876687],[8.387782267773433,47.07654695521089],[8.38789509198365,47.076624712981015]],[[8.38142646015384,47.07367497498505],[8.381662457577258,47.07386880655123],[8.381989358886463,47.07413729953635],[8.382107691833276,47.074229422351735],[8.382232980462124,47.074317148430985],[8.382364874156425,47.0744002323531],[8.382503004113342,47.074478443240146],[8.382646987246048,47.07455156202627],[8.383158918508329,47.07479748941934],[8.383169966964887,47.074802777949564]],[[8.41055881809173,47.098762095371114],[8.410451800109778,47.0986812330929],[8.410351313086894,47.098596554435126],[8.410257647314948,47.098508304339326],[8.410171074835256,47.09841673869573],[8.410091848105525,47.098322123454814],[8.41002019468259,47.09822473197334],[8.409956322556699,47.09812484856713],[8.409507161055084,47.09736747147067]],[[8.396255188879886,47.082101321348865],[8.39620307379437,47.08206634989789],[8.395811805202902,47.08180841287862],[8.395413954922205,47.08155521966619]],[[8.372970034540527,47.06999450744961],[8.372977803322803,47.06999386853864],[8.373130442011595,47.069984282524075],[8.37328362271058,47.06998049046144],[8.373436875643383,47.0699825042681],[8.373589729419484,47.0699903187855],[8.373741714920007,47.07000390814905],[8.373892365406563,47.070023232084345],[8.374041215125917,47.07004823142065],[8.374187809840592,47.07007882800488],[8.374539378930505,47.07015955748631]],[[8.41055881809173,47.098762095371114],[8.410624272812703,47.0988075012072],[8.410691790976612,47.098851475445315],[8.412000237867852,47.09967719936788],[8.4121139432036,47.09975298673109],[8.412221425459697,47.09983289721028],[8.41232236151656,47.099916693377565],[8.41241645304485,47.10000412500163],[8.412503417335323,47.10009493182296],[8.412582997835683,47.10018884346485]],[[8.366220795934952,47.07114154369784],[8.366203720037543,47.07115248709051],[8.36587493033889,47.07136101736788]],[[8.431744340166844,47.11166311577024],[8.431438491093617,47.111457293660614],[8.431310209512194,47.11137351363971],[8.431178311907576,47.111292393216026],[8.43104291689456,47.111214005116885]],[[8.399724589877316,47.08681186428924],[8.399665273796971,47.08685311772671],[8.39961242073313,47.08689828593985],[8.399566580648596,47.08694689656654],[8.399528231806364,47.08699844456009],[8.39949777421676,47.08705239404319],[8.399475523117001,47.08710818195959]],[[8.404823501218615,47.09405020869072],[8.404826986381707,47.09405794259039],[8.404893229621372,47.094193338800885],[8.404968927031973,47.09432640297292],[8.4050539071654,47.094456827981105],[8.405147971006846,47.094584312327825],[8.40525090119336,47.09470856006533],[8.405362460777615,47.094829285304606],[8.40548239049577,47.09494620684102],[8.405649376882078,47.09510095638317]],[[8.399949803509827,47.08616200950981],[8.399907482054426,47.08607497215545],[8.399863127195255,47.08598756408567],[8.399815439381086,47.08590097909234]],[[8.403961058706102,47.09119364229268],[8.403923076157188,47.0911110048086],[8.403875818298209,47.091030629358514],[8.403819570485553,47.0909530001966],[8.403754673121862,47.090878586720244],[8.403681516273775,47.09080783721854],[8.403600540955878,47.090741177062796],[8.403512236528755,47.09067901052808],[8.403417135236628,47.09062171004458],[8.403315811019885,47.090569623404875]],[[8.383169966964887,47.074802777949564],[8.383261761916534,47.07484505723576]],[[8.38789509198365,47.076624712981015],[8.387967189725076,47.07667786597441]],[[8.432840574335058,47.14091211704274],[8.43273356320426,47.14091071668372],[8.43262669305339,47.14091470873495],[8.43252054619654,47.14092407287193],[8.432404517412483,47.14093546263472],[8.432287856756197,47.140943282910015],[8.432170797282813,47.14094751639047],[8.431826811534046,47.140964677861675],[8.431483083537175,47.14098409035901],[8.431212678526252,47.14099504743803],[8.431026574632838,47.1410017358715]]]},"properties":{"OBJECTID":66,"BUL_ROUTE":"B973","FP_JAHR":2026,"KURSBUCHNR":"60.973","LINIENNR":"N73","LINIENBEZ":"Luzern - Udligenswil (- Rotkreuz)","FP_URL":"https://widgets.oev-info.ch/publikation/jahresfpl/60.973.pdf","TU":3,"TU_URL":3,"TP_URL":1,"SHAPE_Length":18421.278386238508}}]}