{"type":"FeatureCollection","features":[{"type":"Feature","properties":{"id":1,"t_id":0,"liniennummer":"602,603,605,611,612,613,614"},"geometry":{"type":"LineString","coordinates":[[8.515697114316666,47.167895114709694],[8.515697111782744,47.16789498879433],[8.515697097156137,47.16789032918536],[8.515695706281448,47.16776484391022],[8.515688284974955,47.167695610891066],[8.515681840797788,47.16763429389201],[8.51567781755123,47.16760020205456],[8.515675320259344,47.16757901368693],[8.515672042825395,47.167551175840465],[8.51567150249097,47.16754661110785],[8.515667748881427,47.16751477465377],[8.515665569617317,47.167500213102606],[8.515662839017565,47.16747660708823],[8.515654523859391,47.16740621299422],[8.515646274300757,47.16733580029336],[8.51563805132058,47.1672653963378],[8.515627399919367,47.16717329061374],[8.515617943135977,47.1670835215714],[8.515612704454085,47.16703753086226],[8.515604382080555,47.16698905922562],[8.51559341293068,47.16692507687014],[8.515568855579232,47.16674560957733],[8.515554129866192,47.16662078880152],[8.515530232368054,47.16647344778103],[8.515515819017654,47.16641331179975],[8.515499752491484,47.16634639956963],[8.515489670840886,47.16627865770485],[8.515490371648044,47.16622629645421],[8.515494468607606,47.166170314156915]]}},{"type":"Feature","properties":{"id":2,"t_id":1,"liniennummer":"609"},"geometry":{"type":"LineString","coordinates":[[8.614544159022593,47.134361030429474],[8.614731619649545,47.13432162760544],[8.614903618636983,47.13429130653806],[8.615112099730375,47.1342552684436],[8.615383184290938,47.1342114286686],[8.615664615545494,47.13416213879544],[8.615930414770387,47.13411478044807],[8.616204029178997,47.13406735045202],[8.616421152782014,47.13402695741633],[8.616498415290572,47.13401257331289],[8.616732911211896,47.133969105074016],[8.616917877263441,47.13393508575629],[8.617105439589155,47.13389924935097],[8.617493663334765,47.133829213526475],[8.617879315948818,47.133760992927215],[8.618194706242598,47.13370956738922],[8.618596079641073,47.133642955306044],[8.618898394591044,47.1335916619822],[8.619224168427165,47.13353654666319],[8.619403912372654,47.13350257692158],[8.6195784629546,47.13347043241916],[8.6197320976874,47.133438502467605],[8.61986215483823,47.13340504230033],[8.619986927022326,47.13336805590879],[8.620095884140529,47.13332766048946],[8.620207398177,47.1332836673227],[8.620303281282387,47.133243415028986],[8.620557032198654,47.133124778252586],[8.620818452622384,47.13299891032024],[8.621051298782548,47.13288226851077],[8.62118849895335,47.132816591025616],[8.621328334613718,47.13275267645136],[8.621452802183207,47.132703205262054],[8.621590211463095,47.13264823025469],[8.621732984381177,47.13259857045026],[8.621875901431766,47.13255425254709],[8.62193311990674,47.13253612178736],[8.622044755289673,47.13250074362209],[8.622213700922039,47.13245259505742],[8.622489279455955,47.13237477755352],[8.622762129445142,47.13229342509814],[8.623024711761373,47.13222110167212],[8.623391563135218,47.132129108910405],[8.623781335671662,47.132037661383485],[8.624138270550317,47.13196348134598],[8.624848314835562,47.13181929549042],[8.625320058728185,47.13171762336302],[8.625490754378085,47.13167849274694],[8.625671067665941,47.1316314091683],[8.625819975391417,47.131583462072996],[8.626013677356339,47.13151124908936],[8.626172573393633,47.13144177013648],[8.626348376826817,47.13134831315304],[8.626379603463825,47.131330430607775],[8.62654295900013,47.13123681401843],[8.626814673803304,47.131065018629016],[8.6270760283584,47.13089689202651],[8.627248072173055,47.1307927673391],[8.627435824287089,47.13068729253186],[8.627575567463595,47.13061919704505],[8.62771890865804,47.130555841008885],[8.627915871987966,47.13047406433966],[8.628113112176178,47.130404186057746],[8.628445456144897,47.1302924549669],[8.628788196138082,47.13017822238642],[8.629063370225476,47.13008492906679],[8.629245110230691,47.1300235394889],[8.629483245255363,47.129936880802944],[8.629592814484157,47.129898556919265],[8.629710335945402,47.12984974228115],[8.629810461601226,47.12980466111118],[8.62990882127759,47.12975723221993],[8.62999831124249,47.129703948834184],[8.63005327412495,47.12966645112171],[8.630126298349223,47.12961663973625],[8.630159643326666,47.12958802004211],[8.630229759547847,47.12952659799858],[8.630306555716551,47.12945083015646],[8.630360843643848,47.12938242929776],[8.630426540444295,47.12927940180924],[8.630516753916062,47.129101139147785],[8.630566198662306,47.128972101885196],[8.630629709603955,47.12877031268554],[8.630680337175827,47.12861627242028],[8.630770076834482,47.128339239174046],[8.630871051799495,47.128019250741744],[8.630905302812462,47.12791179011628],[8.630932993124643,47.12782462034651],[8.630978771576768,47.12768848709255],[8.631010125960223,47.12760842206829],[8.631046884236161,47.12753545275588],[8.6310871081886,47.12746244748888],[8.631141075370268,47.1273809604515],[8.631214268904056,47.12730046144145],[8.631291219306908,47.12723182502618],[8.631368500841127,47.12717865811755],[8.631463189976794,47.12712412311055],[8.631571940429948,47.127075397445545],[8.631691206219308,47.12702773204125],[8.631931729358522,47.126944317783405],[8.632198343307836,47.12685943572805],[8.63240438098581,47.12679302989271],[8.632582719965619,47.12673642899293],[8.632707282261752,47.12669228789716],[8.632777003883465,47.1266666720946],[8.63284392768094,47.12664208385534],[8.632966551196715,47.12658963237606],[8.63312882306589,47.126516546030295],[8.633327223664695,47.126420459300874],[8.633523804784277,47.12632201620082],[8.633711754830216,47.12622843030769],[8.633906687967066,47.12613357504831],[8.634084253299477,47.126042480402475],[8.634206555263136,47.12597455790059],[8.63429773417208,47.12592005699035],[8.634385314296715,47.12585963812115],[8.634453827475312,47.125804185327894],[8.634488249795659,47.12577620980326],[8.634605989592114,47.12566812247162],[8.634703049008662,47.1255647660976],[8.634786219275217,47.12546274158937],[8.634881272640415,47.12534631683188],[8.634996653154898,47.12520349331124],[8.635106801883168,47.125060733101286],[8.635174436215928,47.12496720018869],[8.635243609919433,47.12486293704746],[8.635304166560315,47.12476353139149],[8.635354313535535,47.12466779643702],[8.635407194580887,47.124536346103014],[8.635451498495598,47.1244133062634],[8.635493743305883,47.12427480582052],[8.63553252253959,47.124136350427314],[8.635566110566776,47.12400152044477],[8.635602009321486,47.12389165711821],[8.635632996069953,47.12379613946638],[8.63566727450326,47.123691042837905],[8.635699933544196,47.123591927365545],[8.635734451705806,47.123498747838276],[8.635782617600425,47.12338994417761],[8.63585037881549,47.123223812209034],[8.635926743297567,47.12305284074187],[8.63598981746356,47.12290937328307],[8.63605937003113,47.12274560643027],[8.636140830985587,47.12256743892888],[8.636207382819542,47.12242512256629],[8.63626423015091,47.12231622823066],[8.636324569238337,47.1222073064839],[8.63639511752979,47.12208756417106],[8.636467604223107,47.121977310329974],[8.63657058537308,47.121825096467475],[8.63667704491436,47.12167404271685],[8.636781804508184,47.12152538150219],[8.636838915486656,47.12142718927013],[8.636879273320858,47.12136131413698],[8.636912580900646,47.12129194107623],[8.636950759922017,47.121205856730825],[8.636981888885249,47.121116283456544],[8.637011291661459,47.12102790663296],[8.637033484653802,47.12092889976909],[8.637050472968523,47.12083112561938],[8.637069688683773,47.12067622194772],[8.637093549635843,47.12049627009431],[8.637117663073568,47.12032702077789],[8.637139509446005,47.120212544447995],[8.637156990285249,47.12013738994861],[8.637194941779647,47.12004060267499],[8.63725319081063,47.11991622009155],[8.637323587384856,47.11979051435784],[8.637413806605291,47.1196536987876],[8.63752676389131,47.11952063123343],[8.637700111320077,47.11932007579061],[8.637871824764101,47.1191242959687],[8.638004442532717,47.118974155403606],[8.638064643358746,47.118904114551746],[8.638173181706618,47.118801021957694],[8.638267036267363,47.11871077577172],[8.638356073003784,47.11863844575236],[8.638469430827106,47.11856229044147],[8.638588125634461,47.118490838171375],[8.638724371432836,47.118423970424175],[8.638862489074441,47.11836302030198],[8.639049089156517,47.1182884746664],[8.63930492015922,47.11819058986401],[8.639560790422005,47.11809390952883],[8.639773395237093,47.11801195724533],[8.63991498895362,47.11795096951119],[8.640025398316316,47.11789863774434],[8.640125039444518,47.117833329282654],[8.640205523426493,47.11776822995386],[8.640264964034884,47.11769738619487],[8.640312191077662,47.117626679063534],[8.640353800025673,47.11753817364929],[8.640374500006175,47.117451083248724],[8.640391908470454,47.117372357512245],[8.640403152049457,47.117252044902486],[8.640414368741153,47.117130536105655],[8.640430175308515,47.11698041713414],[8.640442245940829,47.11689580084725],[8.640471493924,47.11680146925927],[8.640506226065137,47.11671780351719],[8.640556943143352,47.11664705077444],[8.640616595959546,47.11658574030295],[8.640693719257863,47.11652661306338],[8.640778052618579,47.11647813356629],[8.640836687167145,47.11645015468172],[8.64089398928224,47.11642505041841],[8.641050955240658,47.11636459313114],[8.641201465698469,47.11631303719412],[8.641350276586577,47.11626268630499],[8.641492051402505,47.11621122137215],[8.641619926266989,47.116159901715896],[8.641761352594644,47.11609177056047],[8.641873201484096,47.1160263327367],[8.641967699983155,47.115964656811215],[8.642070558997546,47.11588740222456],[8.6421698063617,47.11580425700819],[8.642282724415203,47.115707861438025],[8.642385235267456,47.1156151551225],[8.642448390022455,47.11555618191901],[8.642531957876495,47.115473191565194],[8.642610361592235,47.11539263016771],[8.642681582038826,47.11530381367872],[8.642762822095508,47.1151958567137],[8.642833333227475,47.1150749229321],[8.642913756421356,47.11493007292249],[8.642993831592934,47.11476976241453],[8.64306716454914,47.11462023668538],[8.643147318879379,47.11446348762624],[8.643192385601127,47.11437494481557],[8.643240702423538,47.1142744752475],[8.643276953456981,47.11418126590359],[8.643311331635411,47.114082129831594],[8.64333195854535,47.113991477125325],[8.64334433187089,47.113922312336214],[8.643340692677965,47.113836663801294],[8.643330138707865,47.11375585559738],[8.643305806051222,47.113681129130704],[8.643263482421913,47.11358279683209],[8.643214389794023,47.113491678253794],[8.643158341754294,47.113402998477426],[8.643075447072087,47.11328247533183],[8.642985396862834,47.113154893284864],[8.642886424438894,47.11301669042903],[8.642812506607301,47.11290797473189],[8.642754868384849,47.112826463220394],[8.642691731867803,47.11273072365963],[8.642626549841333,47.11262311280675],[8.64257939883849,47.112541491366436],[8.642542868857007,47.1124680799512],[8.642507877170127,47.11238395619651],[8.642487077804109,47.11231157648277],[8.64246605129078,47.11222967240288],[8.64245552563232,47.11215005127948],[8.642446751419273,47.11206920635126],[8.642447164743732,47.11198908384007],[8.642451689650533,47.1119013526513],[8.642468371333171,47.111790500426224],[8.64249030968157,47.1116807806125],[8.642507886800182,47.11160919544241],[8.642543054199363,47.11146720342475],[8.642575158559454,47.11134547542994],[8.642612144260752,47.111205839273595],[8.642642602986706,47.11108770888611],[8.64267462671422,47.11096124081101],[8.642683583477144,47.11092004435571],[8.64269200279341,47.110881318427616],[8.642703988552737,47.110794318689464],[8.642710877724122,47.11071330968224],[8.64271244336352,47.11062760655858],[8.642703910496452,47.110558678768754],[8.642695738096997,47.110505202298356],[8.642678456900292,47.11043397321116],[8.642656160079461,47.11037233239804],[8.642624888273755,47.11030006237647],[8.642572095027674,47.11020064298618],[8.642494209113371,47.11007053119916],[8.642404178931322,47.109941778989686],[8.642317532778614,47.10980938388511],[8.642212830955366,47.1096498209916],[8.642110135616699,47.10950095121129],[8.642041547535523,47.109396929077526],[8.641955037091378,47.10927049661832],[8.641872045053717,47.10914523272603],[8.641805463471522,47.1090518946688],[8.64175112133151,47.10896083039217],[8.64169861139722,47.10887330932266],[8.641652629764465,47.10876668440264],[8.64162301862732,47.108689637850745],[8.64160208871049,47.10861250043608],[8.641588140326606,47.108534102481336],[8.641588142464053,47.108456736997944],[8.641599514840323,47.10834119050704],[8.64161966098056,47.10822909660408],[8.641658440090554,47.10809303128963],[8.641697659837748,47.10797718431835],[8.641730244787745,47.107875692400086],[8.641738634841948,47.10784856264933],[8.641762735854638,47.10777061205346],[8.641798677681642,47.107663129628385],[8.64183452620628,47.10755208575417],[8.641866708770284,47.107431526503085],[8.64188060778178,47.10735283704534],[8.64188407364151,47.10727424780726],[8.641887433042312,47.107190918796945],[8.641873378074212,47.10710895056044],[8.641853879328993,47.10701632508718],[8.641823948125944,47.106924996286885],[8.64178184643095,47.10683618780751],[8.641730596455798,47.10672723409752],[8.64164850559916,47.10656386257923],[8.641593872426473,47.10645971209122],[8.641511809156823,47.10629870613049],[8.64145348958733,47.106189961220984],[8.64144587976308,47.10617671779817],[8.641401250633923,47.106099108644145],[8.641340519082899,47.10600263245743],[8.641265595027368,47.10589488883107],[8.641168057692688,47.10577404069897],[8.6410133946949,47.10559286027064],[8.64087588894187,47.1054305446821],[8.640783895641158,47.105307731089184],[8.640720415933243,47.105213172480404],[8.640638884153493,47.105059797935766],[8.64060329135935,47.10496497460476],[8.6405640221174,47.10483018454396],[8.640529556249426,47.10466106951804],[8.640494266205083,47.104455790220634],[8.640442047768873,47.10424117915678],[8.640400144670986,47.104114036173165],[8.640318372069437,47.1039492210092],[8.640223163326434,47.103807405070135],[8.640145779742072,47.103707836798776],[8.640091065474353,47.10363741240985],[8.639997903609865,47.10351573490507],[8.639881356948704,47.10336351745962],[8.639657402210279,47.10307641195806],[8.639373011341798,47.102706166775825],[8.639020246083206,47.102269992750784],[8.638667047170424,47.101814786670545],[8.638575094665894,47.10169387805469],[8.638091146695391,47.10107387930389],[8.638084161316083,47.10106492023124],[8.637903195233996,47.100828783796615],[8.637843156969701,47.10074742980399],[8.637765157419752,47.10064172212008],[8.637586887965464,47.10040174275775],[8.63748151831307,47.10026151492036],[8.637469053525457,47.100244939387274],[8.637360562488261,47.100131812943964],[8.637280212209223,47.10004520096041],[8.637189116082867,47.099946988208025],[8.637034368997185,47.09976009992823],[8.636793138067537,47.09944843010555],[8.6365234281434,47.09910848536046],[8.636245047723724,47.09875532527418],[8.63600120064445,47.09844938453946],[8.635751461055973,47.09813017261446],[8.635410067794252,47.097701488840826],[8.635206304363592,47.09744275380441],[8.635000528582749,47.09721829610955],[8.634738465316174,47.0969696759417],[8.634460387063717,47.09671226182908],[8.63416894748122,47.09643862234731],[8.634063364663199,47.09633119304388],[8.634003052751837,47.096251846032445],[8.63395656384013,47.096168549903126],[8.633932793587533,47.09610214582469],[8.633917360280735,47.09603566402213],[8.633910361716303,47.095972899791114],[8.633915387941496,47.095900582682965],[8.633916699493005,47.095881425563235],[8.633931854293827,47.095810811296474],[8.63396547916407,47.09569242508476],[8.634014825802526,47.095530037829036],[8.634334713406746,47.094496569136645],[8.634537786413267,47.09385085512512],[8.63458952318209,47.09366940710935],[8.634603657020584,47.09355311264097],[8.634610065659679,47.09346546987021],[8.634599238634515,47.093355129652],[8.634577839086994,47.09327157261041],[8.634542222083645,47.09317483145607],[8.634485954359256,47.093026893050634],[8.634427064824663,47.092886592517424],[8.634359473344809,47.09273115227251],[8.634250597594308,47.0924752243979],[8.634121186944519,47.09217381036631],[8.634065048826578,47.09203158285938],[8.633992106719084,47.09176194881431],[8.633946232078024,47.09157963623465],[8.633934230944105,47.0915346910965],[8.633921898859775,47.09148848995896],[8.633886581497338,47.091405077549766],[8.633859923601898,47.091334898138086],[8.63384474629184,47.09127982953866],[8.633832543888046,47.09123234960895],[8.633831227883512,47.09117334051354],[8.63384045805777,47.091087548567344],[8.633863294861335,47.09098640284134],[8.633927281720947,47.090730574554],[8.633935267813188,47.09069354488471],[8.633944972271827,47.09064851788198],[8.633977348595991,47.09047489102002],[8.633984352271748,47.09041389720847],[8.633974899183354,47.09036448153118],[8.6339627393988,47.09031890831679],[8.633933914095202,47.09027732277346],[8.633896811362995,47.090239619642134],[8.633862811075565,47.09021522530468],[8.633814793308368,47.090187162455564],[8.633744353665946,47.090153620334384],[8.63363469895373,47.09011285740197],[8.633513888154011,47.090070330213585],[8.633435200917486,47.090042586135596],[8.633375986983268,47.09001272337748],[8.633327800037373,47.08997705146638],[8.633259617169996,47.089920635733456],[8.6331657672487,47.08983782263737],[8.63305751882644,47.08973422543525],[8.632895105479802,47.08957785380123],[8.632823776415558,47.08950433312453],[8.632706404070895,47.08936656463757],[8.632574620097675,47.08920798509095],[8.632471464562608,47.08908338272975],[8.632388360226859,47.08898142181458],[8.63232484099249,47.08888414220641],[8.632290067819874,47.08882438314626],[8.63225783012326,47.08875427032121],[8.632227366662605,47.08863843934376],[8.632206380795008,47.08857202392479],[8.632166091104503,47.08851530880568],[8.632151607875237,47.08849070224019],[8.632100390255019,47.088443636378074],[8.63205501315899,47.08840983291616],[8.631992981044023,47.08837810057559],[8.631922645742357,47.08835026874161],[8.631844173906085,47.088332048132365],[8.63172676915577,47.08831802806175],[8.631520231880607,47.08830684942723],[8.631374949941494,47.0882931094194],[8.631288243646756,47.08828068637581],[8.631218104486289,47.088260462699644],[8.631161770469296,47.08823439223292],[8.631113615652438,47.08820061723526],[8.631090461658182,47.08816277744526],[8.631067193798273,47.088119226368924],[8.63103162897196,47.08802439073241],[8.630996064271406,47.08792955508297],[8.630955183493032,47.08784619051906],[8.630888595757005,47.08773453937135],[8.630867718728416,47.08770193857262],[8.630799026716277,47.08759455532293],[8.630616839188816,47.08729940640827],[8.630382904076388,47.086934319247476],[8.630264374097273,47.08674513015177],[8.630220547984415,47.08665419424791],[8.630211170641068,47.08660859178555],[8.63020132762123,47.08654204245158],[8.630182826959148,47.086462259815676],[8.630144486399566,47.08636745268492],[8.630031131751208,47.08615917412547],[8.629929298437439,47.08596790439299],[8.629870445849255,47.08583489689563],[8.629847107377264,47.08578215238353],[8.629635645558801,47.08529877608564],[8.62946215863142,47.08489309115143],[8.629332607941029,47.08458214638458],[8.6292907467376,47.08445500780566],[8.629251465616631,47.08431831569866],[8.629224619108456,47.08423861938115],[8.629195123907277,47.084166561128285],[8.629157082793068,47.08408508264031],[8.629122144901025,47.0840187932328],[8.629075869701586,47.08394311250483],[8.62897801948017,47.08380512899437],[8.628802383127505,47.08355368391192],[8.628644223906333,47.08331583043116],[8.62863512283635,47.08330216080301],[8.628485206663425,47.08307901116656],[8.628378335751316,47.082910660083385],[8.628352006082908,47.082867212130026],[8.628317569256552,47.0828103631019],[8.628291176637966,47.08275161357208],[8.628270197549355,47.08268517936301],[8.628260217934324,47.08261292778282],[8.62826202461423,47.08256912548902],[8.628274911912207,47.08252138515226],[8.628301463177387,47.08246208738386],[8.628355280775349,47.08237393591934],[8.628376895971535,47.08234324258735],[8.628430940337152,47.08226650467352],[8.628547305608228,47.08210916471333],[8.628682633876466,47.08192688016363],[8.628817931653364,47.081742670606786],[8.628969514255232,47.0815392565797],[8.629289138149238,47.081103389072254],[8.629322435849636,47.08105797393143],[8.629382581512282,47.080978563440695],[8.629440384678123,47.080902199857555],[8.629534958032766,47.08076602739541],[8.62967841496539,47.08057411251149],[8.629770368032922,47.08044749378235],[8.63001387903055,47.08011554352503],[8.630259940361945,47.079774048453544],[8.63045480678901,47.079511169389654],[8.630528217247857,47.0794285169941],[8.63062359233086,47.07933041537804],[8.630806479687802,47.07940659407688],[8.631017311373798,47.07948627876972],[8.63114374749939,47.079530657172874],[8.63128108469077,47.079565422469116],[8.631426821823876,47.079600091391434],[8.631510807758465,47.07961635676756],[8.631506708033305,47.0796830418718],[8.63149295264118,47.07981647876254],[8.631488866244545,47.07988317272059],[8.631492631383647,47.07992690826845],[8.63151011518682,47.07996101056547],[8.631533096408745,47.07999123246688],[8.631857466016672,47.08028873580267],[8.63207946097122,47.080493986059004],[8.632202933034332,47.08060855408761],[8.63223417786866,47.08063489367583],[8.63227104752338,47.08066307297444],[8.632318928768399,47.080685425372884],[8.632380922678037,47.08071524174284],[8.632693616731395,47.0808624326046],[8.63299773899191,47.08100015796771],[8.633130174436014,47.08106353442589],[8.633589268161186,47.081275843151474],[8.633938571397994,47.08143976032124],[8.634055384470578,47.08149285388663],[8.634112569800386,47.081445155656986],[8.634228034486705,47.081336235694174],[8.63431854206346,47.08125150478244],[8.634356265875205,47.08122935077369],[8.63445171326881,47.08119723106568],[8.634407488460473,47.08113812870981],[8.634341058617796,47.08103409740434],[8.634250825628213,47.08086366223919],[8.6342036538132,47.080747987486426],[8.634166942095511,47.08060176131109],[8.634116651015463,47.080348569750115],[8.634033278016881,47.08035751574325],[8.633986194977162,47.08024755245088],[8.633905863532569,47.08014366554034],[8.6338143411385,47.08003989500114],[8.633694945928527,47.07993639635052],[8.633656287096414,47.07990712960226],[8.633595713550749,47.07986126822583],[8.633474488106428,47.07979969187599],[8.633302789604024,47.079725299184624],[8.633170824458347,47.07968288778475],[8.633044611488879,47.07964802706741],[8.632971556682476,47.07962768191729],[8.632873766267235,47.0795876496751],[8.632847931017547,47.079577716749796],[8.632796877639302,47.07953826012098],[8.632768169915765,47.07950046935965],[8.632744764054808,47.079451207525956],[8.632732581251586,47.079405625354894],[8.632720332130685,47.07932159485999],[8.632477641005343,47.079452931261045],[8.632330876595681,47.07951643895892],[8.632217413595509,47.079553790883125],[8.632125914955664,47.07957569323625],[8.632006641102908,47.07960167137182],[8.631876088721064,47.07962207204778],[8.63173978465664,47.079634930669734],[8.631510807758465,47.07961635676756],[8.63173978465664,47.079634930669734],[8.631876088721064,47.07962207204778],[8.632006641102908,47.07960167137182],[8.632125914955664,47.07957569323625],[8.632217413595509,47.079553790883125],[8.632330876595681,47.07951643895892],[8.632477641005343,47.079452931261045],[8.632720332130685,47.07932159485999],[8.632934360430378,47.07920359115638],[8.633286667222869,47.07900189846893],[8.6335924360393,47.078838768942504],[8.633719515542104,47.07878793286717],[8.633827388168465,47.07875925578236],[8.633935653248818,47.078730466559016],[8.63404974992335,47.078721659701415],[8.634205860606185,47.07872194228185],[8.634323287315068,47.07873785756756],[8.634449414304747,47.07876892144351],[8.634556185991862,47.07880778832313],[8.634672263810305,47.078871243321444],[8.634721517788764,47.07883002347935],[8.634864116650085,47.07870929631237],[8.634990881968275,47.07867513172926],[8.63508315241714,47.078641317274425],[8.63511395866405,47.078616725135],[8.635131206570401,47.0785929758928],[8.6351306966584,47.07857013128525],[8.635119637328224,47.07854310544616],[8.635087782515356,47.07852130698151],[8.635058320914727,47.07851232991571],[8.635018567746487,47.07851131355804],[8.63498835559691,47.07851591030534],[8.634961532026013,47.078531905711486],[8.634924997873926,47.078580127058274],[8.63489209377067,47.07865116050877],[8.634864116650085,47.07870929631237]]}},{"type":"Feature","properties":{"id":3,"t_id":2,"liniennummer":"110"},"geometry":{"type":"LineString","coordinates":[[8.425919080002172,47.13970833005427],[8.425870676288021,47.13966573769626],[8.425792675647367,47.13959738414606],[8.425723760726164,47.139549174616015],[8.425656766060738,47.13950929645753],[8.425549437104785,47.139459050629426],[8.425445987344611,47.13941254956066],[8.425420690108082,47.139401189297146],[8.425294030244656,47.13934425445336],[8.42526102283049,47.139329425035264],[8.42482851602134,47.139140350179034],[8.424097461413561,47.13884075771713],[8.423879421393007,47.13874385430207],[8.423566131156363,47.138596626361526],[8.423499445774901,47.138566243635935],[8.42322763494204,47.13844500762285],[8.423028187457113,47.138356057454594],[8.42247265269327,47.13811567251651],[8.42217394026133,47.137994448259036],[8.421896436182557,47.1378873448821],[8.42145401123718,47.13772689420277],[8.420857177831868,47.137515406377396],[8.42005676911201,47.137234254961655],[8.419412525177336,47.137005308056914],[8.418510300076475,47.13668692694404],[8.418092518589127,47.136539342052316],[8.417457108872567,47.13631389829777],[8.416955063464712,47.136134894258134],[8.416642616803749,47.13602329891162],[8.416351284820925,47.13592226393471],[8.416044342433555,47.13582609255924],[8.415733982142747,47.135734717059144],[8.41545403321728,47.13566277373162],[8.415276690266516,47.13561722402362],[8.414707333769428,47.135475672644134],[8.413983881120185,47.135300936403425],[8.413425203864385,47.135165612037916],[8.413279706032874,47.13512838911651],[8.412649206005186,47.13498021228514],[8.412155234930516,47.13485945531916],[8.411950280686701,47.13480881786235],[8.411696040767845,47.13473362536926],[8.411614364525915,47.13470535067651],[8.411427532545144,47.13464068782244],[8.411120411844319,47.134533791209314],[8.410439607799157,47.134302728812585],[8.410304971338363,47.134256504774406],[8.410067573594638,47.13417497747098],[8.409458620004708,47.13396352441945],[8.409002072427091,47.13380764328181],[8.408853237238738,47.13375681469196],[8.408343453188605,47.13358864235328],[8.408121674553046,47.13351544419348],[8.40798833777391,47.1334701600415],[8.407846349103794,47.13342970730129],[8.407688611913812,47.133389450056505],[8.407532757069298,47.133352676010915],[8.407410693454631,47.13332498148858],[8.40730512225878,47.133301034007225],[8.407152820773156,47.13326537195688],[8.406755332767567,47.13317470614146],[8.406319312457407,47.133077283686056],[8.405991784485785,47.13299912409669],[8.405770969695332,47.132936645033574],[8.405579801493023,47.132876381071206],[8.405342879259017,47.13279269916077],[8.405046288960584,47.132688081778284],[8.404867433730123,47.13263364124421],[8.404728963653993,47.132594342536976],[8.404705535988107,47.13258827843222],[8.404560078603083,47.13255036956104],[8.404495273503931,47.13253331853761],[8.40414411241958,47.132460020900815],[8.403505201740403,47.1323261588739],[8.403260087514692,47.13227108433527],[8.403086660829409,47.13222731822081],[8.402951450062833,47.13217490152394],[8.402823091151213,47.13211647216671],[8.402715533329008,47.13205074381285],[8.402602413510117,47.13196599140567],[8.402522585747901,47.13189050414096],[8.402453038096107,47.131805404373424],[8.402397456006927,47.13172138393677],[8.402354026974756,47.131633681399954],[8.402306091432312,47.131488912826086],[8.402248681727356,47.131302547207675],[8.40221349390777,47.13118859849292],[8.402169894417307,47.1310913800124],[8.402124991723086,47.131019162086915],[8.402062572134223,47.13094112684111],[8.401991466286812,47.13086675355348],[8.401903015317005,47.130796105741716],[8.401786655790733,47.13072448620235],[8.401594580014853,47.130613047573064],[8.401295315124045,47.130456070898184],[8.401015326680625,47.13030371777411],[8.400803894234166,47.130182913533055],[8.400648959291763,47.130074742819524],[8.400571392853518,47.13001403298651],[8.400513499583605,47.12995664882715],[8.400480803549842,47.12991954576766],[8.40043994376802,47.12986896367107],[8.40039926524273,47.12981158839952],[8.40036623949723,47.12975684778006],[8.400331970269795,47.12969010848271],[8.400303057812202,47.12963393913515],[8.400269500350573,47.12954957157197],[8.400227147788812,47.12943563718406],[8.40013371102246,47.12918317554707],[8.400026429378133,47.12890614576511],[8.399915047341857,47.12863265841879],[8.399825192578119,47.128405570021165],[8.39976809311997,47.12827696101884],[8.399709700638827,47.12813283645956],[8.399683784794625,47.12807096570694],[8.399665306267337,47.128021041863654],[8.399656449106725,47.1279872566023],[8.399650434846382,47.127940754848645],[8.39964642694995,47.12789000841436],[8.399645313153634,47.12782793037574],[8.399639751537528,47.12771409307811],[8.399543369651559,47.127503592821036],[8.399429905468283,47.12734298065257],[8.399301972403139,47.12718323588021],[8.399230844228919,47.12709463010678],[8.399161035642983,47.12699727857841],[8.3990349458803,47.12679764079515],[8.39883592085375,47.126492275403],[8.398627896802388,47.12617150343264],[8.398416409434738,47.12585075999065],[8.39829268909207,47.12566021411399],[8.398222508319156,47.12553820828609],[8.398152038214473,47.12540076844508],[8.3980954380849,47.125258427190424],[8.398039853278727,47.12507562439127],[8.39796145936673,47.12478710709862],[8.397911383923233,47.124619721634076],[8.397853109911814,47.12448097444562],[8.397761217803469,47.124315143143626],[8.397743148218215,47.12428862201955],[8.397680640943262,47.124196794927265],[8.397621621712556,47.12411280083312],[8.397328382139273,47.12419258994682],[8.397230383068695,47.12421932318878],[8.397062898334703,47.12426504046362],[8.396742479614911,47.124355813297704],[8.396611270913766,47.12439232202923],[8.396541096210317,47.1244118513018],[8.395652150870513,47.124659227878645],[8.395584837119246,47.124677374419726],[8.39556044053556,47.12468395530344],[8.395325776251804,47.12474590832922],[8.395072316788678,47.1248070996592],[8.394877671840275,47.124850242004435],[8.394675409724124,47.12489122544601],[8.394394590092938,47.12494368317028],[8.394177453134986,47.124977601915454],[8.394119467713663,47.12498455156305],[8.394073726396558,47.124990032120266],[8.393960188560998,47.12500364120062],[8.393780891232714,47.125019883388084],[8.393572422603093,47.12503439753056],[8.393492441587428,47.12504069293851],[8.39323276145305,47.125053274876805],[8.393026530761555,47.1250565609865],[8.39284595543722,47.1250565753426],[8.392799958224154,47.125056579222004],[8.392552918248693,47.125049975163314],[8.3923257250423,47.12504325994334],[8.391762600412413,47.12503469657419],[8.391519168629536,47.12502420129583],[8.391130465197723,47.125009727507404],[8.39110968022228,47.125008955143855],[8.390540509881909,47.124987959041576],[8.390429252978565,47.12498386049086],[8.390021105413641,47.12496912111037],[8.389717126484808,47.12496009448113],[8.388933093661628,47.12493492133561],[8.388449540051896,47.12492059264261],[8.387773008616616,47.12489950710168],[8.38709406961329,47.124880119610204],[8.386390667024365,47.12485760139901],[8.385333170405598,47.12482632748821],[8.384524749625529,47.1248013250997],[8.383428180239076,47.12476869091754],[8.382412186763975,47.124738713326664],[8.381330377548956,47.124712594709834],[8.380758916499754,47.12469729018515],[8.380470725710241,47.124688001831146],[8.380189714962547,47.12467029710837],[8.380039940264547,47.12465821002067],[8.380021040216764,47.12465668258896],[8.379825376216235,47.124634958869876],[8.379646761608155,47.12461144011556],[8.379465634626706,47.12458294012265],[8.37930402081893,47.12455259805151],[8.379125129973989,47.12451406719929],[8.378958393816523,47.124470444151434],[8.378754848813802,47.124417136769104],[8.378193214278525,47.12426678815156],[8.37805765995247,47.12422979060043],[8.377320112086316,47.12403067971363],[8.37672414083085,47.123870583250216],[8.376174818028012,47.123723461748],[8.37557396234895,47.12356175301049],[8.37505075431963,47.123423687778526],[8.37443111345677,47.1232545248699],[8.373778788928137,47.12307989430823],[8.373127579306576,47.12290320003113],[8.372125793626395,47.12263181923106],[8.371434195217965,47.12244418092045],[8.370700916724887,47.12224519116151],[8.370389419698895,47.122160432165046],[8.370266842034276,47.12212708946882],[8.369798472053763,47.12200259820334],[8.369614605700718,47.12195745425024],[8.369455356425767,47.1219220867645],[8.369298634394138,47.121893355295256],[8.369151763746991,47.12186955439856],[8.369002584405456,47.12185243768249],[8.368858383221406,47.12184194618575],[8.368726483882353,47.12183634751688],[8.368541003818136,47.121837847726944],[8.36834110205182,47.12185278662449],[8.368183947533206,47.12187199430373],[8.368024631969824,47.12190034069919],[8.367876319597363,47.12193318566743],[8.367742678296743,47.121969249234624],[8.367594670257601,47.1220204242592],[8.36746613254476,47.12206810446944],[8.367340132555928,47.122120783539806],[8.367182747901179,47.12219368598911],[8.366945548510941,47.12231056407298],[8.366720429438136,47.122417332131725],[8.366567847967424,47.12248687560309],[8.366352248019627,47.12258025272872],[8.366179673817799,47.12265136927712],[8.366117136872647,47.12267712416443],[8.365828628645493,47.12279106741722],[8.365542468336901,47.122898343315754],[8.365120437962632,47.12305334612434],[8.36454558870951,47.123264576637396],[8.36405818340677,47.12345009295512],[8.36387849406478,47.12350485542682],[8.363764273396475,47.12353410134751],[8.363659714891442,47.12355658575496],[8.363555057240632,47.123574096342885],[8.363408874584488,47.123590258646985],[8.363286966272195,47.12359791370787],[8.363191800824792,47.123600343109466],[8.36309661983016,47.123601108386694],[8.36298667045957,47.1235953266291],[8.36199957138051,47.12353828293635],[8.361302360517701,47.12349775062474],[8.360655699384113,47.12345910262216],[8.359942205190636,47.12341650673739],[8.359265402610923,47.12337694100659],[8.359151922683143,47.123368890000656],[8.35896960955471,47.123350982034346],[8.358808169886693,47.123330621880854],[8.358377611000991,47.12327575774345],[8.357761079686526,47.12319238768289],[8.35715682496285,47.12311390877056],[8.356493827423105,47.12302590161261],[8.355839425979534,47.12293949524289],[8.355205798182821,47.12285623891522],[8.354665168796977,47.122785587598706],[8.354046125295575,47.12270182191129],[8.353696400626212,47.122658341729704],[8.352928197296784,47.12255744214376],[8.352018255322584,47.12244177739146],[8.351431014887998,47.12236615584166],[8.3513602066841,47.122357020780164],[8.351171817578521,47.12233020719378],[8.35107139421053,47.12230934296641],[8.35095620438158,47.12228193014822],[8.350838463707039,47.12224788977554],[8.35073778331552,47.122215009305904],[8.35073340232084,47.122220099530765],[8.350728063533552,47.12222466661838],[8.350722341236128,47.12222838217513],[8.350714838641112,47.12223203089399],[8.350707213782487,47.12223469107684],[8.350699758396157,47.122236468355624],[8.350691356710366,47.12223762345494],[8.350682163329374,47.122237948251595],[8.350673653484755,47.12223739506197],[8.350665948987242,47.122236151825625],[8.350657383234696,47.12223386294619],[8.35065039200616,47.12223116577528],[8.350643703402165,47.12222766560396],[8.35063768868067,47.12222349441999],[8.35063225162029,47.12221841910367],[8.350628275695554,47.12221324224298],[8.350625414318461,47.12220773270396],[8.350623821931222,47.12220244698298],[8.35062322212774,47.12219663165005],[8.350623958892086,47.12219036493647],[8.350625674739057,47.12218509795352],[8.350628961585734,47.12217921581133],[8.350633131446164,47.122174109274084],[8.35063831088559,47.12216947149071],[8.350643913056844,47.12216566693587],[8.350657318425403,47.122159614580156],[8.35061386464787,47.122101389520694],[8.350556907500549,47.122053517418344],[8.35047055723345,47.122003845402354],[8.350443632816644,47.1219961068914],[8.350362810927145,47.12198009710451],[8.3502699853005,47.12197583160931],[8.350230925987113,47.12197910080434],[8.350160322295913,47.121985039849704],[8.349938788457699,47.12202009720228],[8.349593193368092,47.12207948940082],[8.349439839041118,47.12210402959633],[8.349301052705927,47.122123461704795],[8.349154769619581,47.122132941017625],[8.349008388471297,47.122137428417325],[8.348874111347003,47.122136827309],[8.348705550571216,47.122128158570355],[8.348563705626308,47.122112630494485],[8.348395017013987,47.1220956504712],[8.348023331534547,47.12205525038864],[8.347842484556292,47.12204169405112],[8.347683675630302,47.12203296469702],[8.347537055295549,47.122024120786335],[8.347513230901033,47.12202197027899],[8.34659539239156,47.12192666399917],[8.345674561733,47.12191518506333],[8.344533580548648,47.121886668840986],[8.343295814077727,47.12182140062376],[8.341308927263222,47.12169199965351],[8.340963952874931,47.12206484483194],[8.340272110183408,47.12259550958776],[8.339376735112696,47.12327785424938],[8.337925104917694,47.12438661136519],[8.337527297788837,47.12458934053372],[8.336955612988445,47.124750608318756],[8.336133133858228,47.12486960020608],[8.335146724332187,47.12504614007587],[8.334571374274965,47.12525531638043],[8.3320717798492,47.12655011546326],[8.330851197993276,47.127021086749444],[8.329604416171241,47.12729141512499],[8.326204947045142,47.12776044225518],[8.325820613618614,47.12861687004144],[8.325336180329655,47.12923961061501],[8.324684693221842,47.12973232058396],[8.323197462276571,47.13038152020101],[8.322488171906539,47.13070584435563],[8.32157787510353,47.13134121376759],[8.320899286069482,47.131862283385736],[8.320247559079027,47.13234561393595],[8.319978110321154,47.132675949793374],[8.31990212518049,47.133070460390414],[8.319821186821398,47.13399961673654],[8.319896168487565,47.135218337656084],[8.319989889751469,47.13841585541368],[8.319937102372839,47.14061223237443],[8.319658248213562,47.1441582402249],[8.319460843684778,47.14552906995223],[8.31910845516928,47.14732099984046],[8.317112806345227,47.152884151830555],[8.315678106829445,47.155452693834654],[8.31561365911194,47.15571578740753],[8.315592666742221,47.156035490511236],[8.308155155277637,47.16040559629417],[8.302175643333435,47.16393959113684],[8.301083527969515,47.16443549117744],[8.300179943505139,47.16468610547463],[8.298357115440359,47.165065506638825],[8.295766484806354,47.1655912781261],[8.293069285063996,47.16613112221144],[8.292097042421922,47.16659392332677],[8.293069285063996,47.16613112221144],[8.295766484806354,47.1655912781261],[8.298357115440359,47.165065506638825],[8.300179943505139,47.16468610547463],[8.301083527969515,47.16443549117744],[8.302175643333435,47.16393959113684],[8.308155155277637,47.16040559629417],[8.315592666742221,47.156035490511236],[8.31561365911194,47.15571578740753],[8.315678106829445,47.155452693834654],[8.317112806345227,47.152884151830555],[8.31910845516928,47.14732099984046],[8.319460843684778,47.14552906995223],[8.319658248213562,47.1441582402249],[8.319937102372839,47.14061223237443],[8.319989889751469,47.13841585541368],[8.319896168487565,47.135218337656084],[8.319821186821398,47.13399961673654],[8.31990212518049,47.133070460390414],[8.319978110321154,47.132675949793374],[8.320247559079027,47.13234561393595],[8.320899286069482,47.131862283385736],[8.32157787510353,47.13134121376759],[8.322488171906539,47.13070584435563],[8.323197462276571,47.13038152020101],[8.324684693221842,47.12973232058396],[8.325336180329655,47.12923961061501],[8.325820613618614,47.12861687004144],[8.326204947045142,47.12776044225518],[8.329604416171241,47.12729141512499],[8.330851197993276,47.127021086749444],[8.3320717798492,47.12655011546326],[8.334571374274965,47.12525531638043],[8.335146724332187,47.12504614007587],[8.336133133858228,47.12486960020608],[8.336955612988445,47.124750608318756],[8.337527297788837,47.12458934053372],[8.337925104917694,47.12438661136519],[8.339376735112696,47.12327785424938],[8.340272110183408,47.12259550958776],[8.340963952874931,47.12206484483194],[8.341308927263222,47.12169199965351],[8.343295814077727,47.12182140062376],[8.344533580548648,47.121886668840986],[8.345674561733,47.12191518506333],[8.34659539239156,47.12192666399917],[8.347513230901033,47.12202197027899]]}},{"type":"Feature","properties":{"id":4,"t_id":3,"liniennummer":"648"},"geometry":{"type":"LineString","coordinates":[[8.427634490417493,47.14279907081159],[8.428109551448024,47.143120606799044],[8.428546055022471,47.14342864648985],[8.428998814044032,47.14376630192925],[8.429204032162486,47.14391967242861]]}},{"type":"Feature","properties":{"id":5,"t_id":4,"liniennummer":"636"},"geometry":{"type":"LineString","coordinates":[[8.48053518733392,47.196343081074694],[8.480530162898797,47.196348020108445],[8.480458906485019,47.19633024202515],[8.48036568226446,47.19631277059753],[8.480267640515763,47.196298662027424],[8.48015245229851,47.1962830443014],[8.479976138350766,47.1962663241205],[8.47984634187231,47.19625415755611],[8.479721305512795,47.196233635936835],[8.479618174235654,47.19620957880156],[8.479512394155961,47.196175542491275],[8.479344885866702,47.19610874459408],[8.47908378517628,47.1960061534321],[8.478770864724657,47.195877367067375],[8.478561347601838,47.19578594895165],[8.478413286709225,47.195713990544874],[8.478341525305849,47.195679654954624],[8.478305442699813,47.195649719813126],[8.478284685097163,47.19560906754402],[8.478279415119381,47.19556674618856],[8.47829170003555,47.19551368758003],[8.478346138473304,47.19534526747708],[8.478361468963636,47.19529817237812],[8.478406874025902,47.195158637492675],[8.478454929364801,47.19500541443719],[8.47848500972583,47.19491396408096],[8.478507326441468,47.19484608915324],[8.478543227427624,47.19475196850794],[8.478565023241984,47.19471161559945],[8.478592500375795,47.194660740572765],[8.478628796670156,47.19458628955078],[8.478666665610385,47.19448005209133],[8.478691688329826,47.19439661738974],[8.47870768688302,47.19430721020562],[8.478722813242861,47.19417090818914],[8.478736049663459,47.19405279421477],[8.478752133532533,47.19396642673464],[8.478782880976583,47.19383603757215],[8.478813759330253,47.19371171020285],[8.478838915162834,47.19363583049387],[8.478873127625219,47.19356896343706],[8.47890144140297,47.19354147813982],[8.478938795318571,47.19352147639804],[8.478987379311427,47.193508920424065],[8.479045006806553,47.193505377194604],[8.479113819186738,47.19350627560403],[8.47920715891517,47.19351299730122],[8.479269291723162,47.19351243574088],[8.479308308732483,47.19350670375561],[8.479343505675544,47.1934992971349],[8.479395662710878,47.19348250777587],[8.479456536661973,47.19344573247288],[8.479520100274016,47.19339187728528],[8.479646169033693,47.19328133378003],[8.479784065326351,47.19316284806244],[8.479936857624404,47.19303135483548],[8.480067809804485,47.192918220938886],[8.480178974950835,47.192814333389634],[8.480274757445901,47.19271815914063],[8.480359502069234,47.19262510717825],[8.480428863901514,47.19253975059464],[8.48048501740567,47.19246057648277],[8.4804917283491,47.19245009892042],[8.48051608621916,47.19241132361892],[8.480597445456917,47.19227933342363],[8.480672811758884,47.19213372418275],[8.48078341599882,47.19191447327126],[8.48090363367757,47.19168679633768],[8.481010095569804,47.191465675612115],[8.481155783633183,47.191206355327864],[8.481252315834727,47.19101887762556],[8.481365356243568,47.19079960398922],[8.481468853506323,47.19059041071353],[8.481549109395411,47.19044472951768],[8.48158682529258,47.190374411507754],[8.481631662734612,47.19029237073923],[8.481720098069959,47.190189946849614],[8.481825664278848,47.19008902284288],[8.481958268050942,47.18999619258571],[8.48209119605362,47.1899200099888],[8.482229259577734,47.18985546589815],[8.482370029155351,47.189805865696826],[8.482535259483072,47.18975605252406],[8.482793188962878,47.1896987237056],[8.483141201949497,47.189622262104024],[8.483530584400684,47.18953709409651],[8.483810394576054,47.189474571853026],[8.483973063694382,47.18943427014927],[8.484090132944422,47.18940705704344],[8.484228335606623,47.1893741286139],[8.484433154064464,47.18932586018869],[8.484719618630455,47.18925891242068],[8.484764099702634,47.18924532075757],[8.484801959027655,47.189275048864154],[8.484850976066564,47.18932944031973],[8.484877992399394,47.18936611255309],[8.484881512685437,47.189388227612454],[8.48488039468654,47.18940933234384],[8.484873137669707,47.189433659299496],[8.48485640671814,47.189448573046484],[8.484828885248797,47.18946569880332],[8.484795011058942,47.18947444445277],[8.484765732251054,47.18947998190056],[8.484730162645459,47.18948030510853],[8.484683686280912,47.1894775699668],[8.484603067370209,47.18946985562459],[8.484427813657181,47.18944824820866],[8.484316076693233,47.18943028254279],[8.484284972964948,47.18942211822721],[8.484261559656812,47.18941178809235],[8.484247372677695,47.18939820772273],[8.484228335606623,47.1893741286139]]}},{"type":"Feature","properties":{"id":6,"t_id":5,"liniennummer":"601"},"geometry":{"type":"LineString","coordinates":[[8.531909029971953,47.18615664902934],[8.531989175220518,47.186178511881835],[8.532147339549663,47.1862169771801],[8.532220046689892,47.186235150352836],[8.53230530060732,47.186256460700754],[8.532709629196836,47.186361151032656],[8.532916209851244,47.18642488264469],[8.53307233568622,47.18647909043096],[8.533203258335554,47.186530686030615],[8.533319582533155,47.18658527191988],[8.533463633362809,47.18666387322488],[8.533597339691994,47.186748284973696],[8.533705871860393,47.18683150573528],[8.533780427216923,47.18689220071252],[8.533870219382898,47.18697461907185],[8.533988142044217,47.18711300142391],[8.53406797527655,47.18722649535683],[8.53414597398097,47.18735284346363],[8.534283295545622,47.18761429909952],[8.534555916784697,47.18814008972718],[8.53476750096575,47.18854935571061],[8.534863392066956,47.188732151478504],[8.53491137195189,47.18882360297861],[8.534987394468464,47.18895569054775],[8.535078263747742,47.1890962005086],[8.535160010934494,47.189201093616994],[8.53522644098861,47.18927329850945],[8.535320586474437,47.189369509564855],[8.535416478800103,47.1894485672224],[8.535503716923055,47.18951485249672],[8.53555973882303,47.18955049916137],[8.535627433182007,47.18959228654119],[8.535673704047154,47.18961831078223],[8.535731909943394,47.189650410264875],[8.535861869180627,47.18971564945939],[8.536009717774398,47.18977422314286],[8.536140504828559,47.189818674224334],[8.536298494053495,47.18986143549811],[8.536479474010648,47.189901125703074],[8.536647587729574,47.18992665327213],[8.536804991527992,47.18994085830325],[8.536964317394503,47.189946480939376],[8.537152825761787,47.18994468236952],[8.53730970206168,47.18993319121776],[8.537455998574556,47.18991608860296],[8.53760210573529,47.18989041476852],[8.537737662396399,47.189860559550524],[8.53779748749717,47.18984358034695],[8.537904280455502,47.18981327090178],[8.53807895333696,47.18975019870474],[8.538245013040477,47.189675775051946],[8.538412847408182,47.18958563681395],[8.538561592879557,47.189484247249254],[8.538703793677838,47.18937007425075],[8.538816635754305,47.18925475133029],[8.538904549657406,47.18914966069335],[8.538969633496396,47.18905479134219],[8.538995749258147,47.18900480483969],[8.539034129588082,47.18893135741658],[8.539112255161626,47.1887578133873],[8.539163016081352,47.18857739734793],[8.539215558197661,47.18837710187092],[8.539224883785378,47.1883339415873],[8.53924507078507,47.18823825086577],[8.539299402982246,47.18798068095197],[8.539333016215664,47.187840414367095],[8.539366710781456,47.18774387480775],[8.539410603991676,47.18762225681616],[8.539467721374338,47.18749050019643],[8.53950072249739,47.18741479213124]]}},{"type":"Feature","properties":{"id":7,"t_id":6,"liniennummer":"603"},"geometry":{"type":"LineString","coordinates":[[8.515358317868559,47.16423139658096],[8.515395716161418,47.16421921734742],[8.515432704165981,47.16420631329273],[8.515556856888729,47.16416297080198],[8.515659075299546,47.164127506771536],[8.515731996882968,47.16410895884692],[8.515805025231973,47.164096373996564],[8.515895561295629,47.16408600904604],[8.515915317910974,47.164083970981345],[8.515972166744486,47.164078149303265],[8.516078491215787,47.16407239509117],[8.516216320925365,47.16407230087622],[8.516313856587493,47.16406304847786],[8.516411126605776,47.16404191522051],[8.516508255024853,47.164012444231375],[8.51656704327152,47.16398569818148],[8.516618794650823,47.16395665216497],[8.516636038830882,47.16394578578463],[8.516716872765329,47.16388790604972],[8.516736232299236,47.163871397548284],[8.51680436015526,47.16381330395401],[8.516867688484092,47.16375201685309],[8.51692573339597,47.16368839537541],[8.516981941810037,47.1636200413683],[8.517032973407156,47.16355529812872],[8.517073379790835,47.163482324464745],[8.517106069034904,47.1634132192816],[8.51711522823636,47.163393864732555],[8.51713668730503,47.163332978878884],[8.517140832401259,47.163314175079876],[8.517146137685023,47.16328291041206],[8.517145418410625,47.16324721337625],[8.517139344139435,47.163205620399616],[8.517124409438475,47.16315696791371],[8.51709838116751,47.16307748332153],[8.517068620985032,47.16298493601632],[8.51705331352803,47.16291843062561],[8.51705491442394,47.16289903896728],[8.517058923070806,47.16285055076524],[8.51707371765446,47.162805190916714],[8.517114171256134,47.16273459163151],[8.517153291844835,47.16268424506374],[8.517208152478798,47.16263612579836],[8.517270002003894,47.16258794099143],[8.517423560602571,47.162502014162506],[8.517553043192663,47.16243415127392],[8.517639242188023,47.162382175662415],[8.517721754523532,47.162320708149835],[8.517788670610862,47.16226415454915],[8.517848213543902,47.162188617244674],[8.51788407348245,47.16212771309662],[8.517895449534665,47.16210843663417],[8.517920617463743,47.16205822065557],[8.517956975185264,47.16195791080034],[8.518013132349047,47.161801489150086],[8.518057560788906,47.16166779259512],[8.518125590306958,47.16147685107464],[8.518168530514759,47.16136094386029],[8.518227906215452,47.161180410474046],[8.518268921224482,47.16106585263183],[8.51831893387213,47.160909596383284],[8.518389406025133,47.16069403757685],[8.5184041614594,47.16064420703761],[8.518435854288683,47.16055660665727],[8.51846261714789,47.16045671947018],[8.518475432839587,47.160370888462886],[8.51848123238755,47.16026741982139],[8.518478442423858,47.16012911959577],[8.518467496104646,47.15997745638167],[8.518464733042983,47.15984048725334],[8.518464868859708,47.15974915293806],[8.518472985063223,47.159663114140464],[8.518489828466064,47.159523289279235],[8.518513811217238,47.15934576851148],[8.518556030940818,47.15909556245119],[8.518600228810463,47.158846678144634],[8.518625457318027,47.1587309369028],[8.51864992641749,47.15867430435159],[8.51867856835813,47.158629704817024],[8.518723022553822,47.158589004892946],[8.5187600241108,47.15856850723125],[8.518797134167741,47.15855338795132],[8.518867777636103,47.15854197489708],[8.51894253943813,47.15853858325471],[8.519015540465602,47.15854596692321],[8.51909658889975,47.15856131710814],[8.519179778595579,47.15858604760637],[8.519255367707075,47.1586242889671],[8.519347079770068,47.158679848439704],[8.519433088231107,47.15874619325647],[8.519507322458034,47.15881397997927],[8.519609888915154,47.15892046973617],[8.519718607004263,47.159038982792616],[8.51977467334771,47.1590854673747],[8.51983636179413,47.15911711920706],[8.519909716001099,47.15914194160887],[8.519972908360385,47.1591507572107],[8.520041750465843,47.159147420495856],[8.520106486460712,47.15913472185474],[8.520172875558144,47.15910723674036],[8.52021750484551,47.1590745857194],[8.520248191989436,47.159034005620406],[8.520266752762847,47.15897875961582],[8.520271479588509,47.15891963158675],[8.52027039408964,47.15886591062378],[8.52025703303031,47.15878948303103],[8.520216830081736,47.158651516466705],[8.52017895810011,47.158530997577],[8.5201427937398,47.1583983814289],[8.520115301213885,47.15830462603822],[8.520093745781843,47.15824558312389],[8.520074931622368,47.15819297333496],[8.520023755445628,47.158043829253174],[8.520014358319825,47.1580186667102],[8.51993495209634,47.157815597951696],[8.519881630080082,47.157681622687406],[8.519833871011228,47.15756188025611],[8.519792939800578,47.15746023591597],[8.519773237782815,47.15741130465285],[8.519711395731285,47.157285748357914],[8.519652492846566,47.15713396899915],[8.519609908065728,47.157011793997704],[8.519577803445422,47.15689070794649],[8.519554895190243,47.15679334704644],[8.519543952438879,47.156740600241015],[8.519535920103195,47.15668830286226],[8.519535584434536,47.15663967537661],[8.519531801275917,47.15648366287599],[8.519530719925138,47.15634324148618],[8.519538797357162,47.156225349185064],[8.519550200839872,47.15609910462756],[8.519567270810475,47.15599420755032],[8.519597089572327,47.15582970225188],[8.519618062223866,47.15574501776868],[8.519642974286754,47.15568170598588],[8.519675062096898,47.15563023705367],[8.519726456169751,47.155583327423045],[8.519795318469267,47.15553746803321],[8.519854024007637,47.15550716762874],[8.519909488611733,47.15548878094826],[8.519997954206097,47.155464155914096],[8.52012648255986,47.155435573940785],[8.520248022727904,47.15540705752001],[8.520357222351217,47.1553715144256],[8.520426286934063,47.15533635760894],[8.520489961868483,47.15529292142777],[8.520529266143818,47.155252089246694],[8.520556203586345,47.155204230775894],[8.520567186429915,47.15514343361666],[8.520560305810948,47.15506137672547],[8.52052748085719,47.154991483089525],[8.520471990821687,47.1549217845799],[8.520416308825439,47.154842579410676],[8.520374926317437,47.15477989977259],[8.52034593196362,47.154726612082825],[8.520332712930985,47.1546767473527],[8.520322723661913,47.15461377252948],[8.52032794345454,47.15452685212803],[8.520343220832205,47.154420793296694],[8.520381235932282,47.15423004218999],[8.520415841798933,47.15404287641213],[8.520451610740766,47.15382713837287],[8.52049621452391,47.15361726337805],[8.520544097475872,47.15348353299367],[8.520572426926833,47.15341781395617],[8.5206094604466,47.153350825620315],[8.520655075287094,47.15327780141732],[8.520695805811322,47.15322149214301],[8.520740150111916,47.15317108601616],[8.520796606939381,47.153115807217276],[8.520882317675818,47.15304122731566],[8.52099045358093,47.15295332965179],[8.521064208463775,47.152890745393556],[8.521125885849806,47.152835426299994],[8.521173613886184,47.1527802294361],[8.521192075454856,47.15274436081968],[8.521210007386982,47.15268230173476],[8.521208480479636,47.15264852829167],[8.521202538826588,47.15261228659361],[8.521192364216652,47.152583218309175],[8.521173063786422,47.15253521001122],[8.52115215055282,47.15249482723953],[8.521105353080403,47.152423859786076],[8.52102629812623,47.15231035833571],[8.520947387877321,47.15220399804807],[8.520821694194835,47.152026661010176],[8.520794117865135,47.15195670904593],[8.520780562589323,47.15189019647614],[8.52078263508153,47.15182115304444],[8.520795394634014,47.15176153551996],[8.520821367973632,47.15166608079872],[8.520848771538805,47.15155397058457],[8.52085564434763,47.151490171454746],[8.520859042692301,47.151458672555485],[8.52086362506086,47.15133962543761],[8.52097405114217,47.151279080069465],[8.521106683036077,47.1511957104785],[8.521146056207895,47.15115845765158],[8.521160868091288,47.15111428435644],[8.5211582484363,47.15107146252047],[8.521134657900193,47.15102646315254],[8.521093975061914,47.15099828463247],[8.52102730160025,47.150979877080246],[8.520960966927094,47.15097692090309],[8.520900189989481,47.150990581421794],[8.520836328343092,47.151024511235164],[8.520764112534785,47.15107635805394],[8.520800523311928,47.15115218208044],[8.520844498746515,47.151256487261065],[8.52086362506086,47.15133962543761]]}},{"type":"Feature","properties":{"id":8,"t_id":7,"liniennummer":"605,611"},"geometry":{"type":"LineString","coordinates":[[8.514476692902344,47.16450627385287],[8.514425718935591,47.164400835589156],[8.514374301591483,47.16427398279456],[8.514311518441996,47.164102015069275],[8.514274449449273,47.163994071896916],[8.514179175281514,47.163727296748235],[8.514065238412186,47.16347559274121],[8.51398179347422,47.16328216538209],[8.513900059571741,47.16307014594054],[8.513800861801453,47.16282257686114],[8.51366182450655,47.16246686529616],[8.513643341240876,47.162421295062316],[8.51364177382899,47.1624174595647],[8.51353186607097,47.16214676350813],[8.513421484769287,47.1618635947853],[8.513298079578675,47.16155771660731],[8.51317925493071,47.161270362551235],[8.513037886524145,47.160903238463646],[8.512908021889196,47.160587434971646],[8.512819618475401,47.16035547962184],[8.51272186861162,47.16007506186744],[8.512653096601088,47.15988148751496],[8.51255499154952,47.159583936183935],[8.512432833793158,47.159235199026654],[8.51231551404729,47.158917838428245],[8.512214063199671,47.15866173402602],[8.512143900990866,47.15850387609666],[8.512089460977156,47.15839870296972],[8.51203265392438,47.158280706091894],[8.511803106494817,47.157900126872114],[8.511640495581139,47.15762173440757],[8.511469584254847,47.15734628872539],[8.511296463764031,47.1570651511369],[8.51116475591468,47.15686502901907],[8.511106256431246,47.156767035819996],[8.511056114382379,47.156667534380276],[8.511016657463509,47.15657936681599],[8.510983632926738,47.156498272847784],[8.510958695218227,47.156402827376986],[8.510942330201175,47.15631728719028],[8.510929544492082,47.15620173108588],[8.51091183564551,47.15604909574586],[8.510913641476206,47.155930543018435],[8.510919983537326,47.15582909375085],[8.510932529111699,47.15572330472522],[8.510949355337885,47.155623179051254],[8.510970359065317,47.15552159311996],[8.511013455324118,47.155374103268215],[8.511035160382937,47.1553081965956],[8.511068286914206,47.155185078950666],[8.511093469688179,47.15508344503205],[8.511114431275407,47.15498043813396],[8.511127121250617,47.15488320259565],[8.511135788010169,47.154793156115225],[8.51113602506552,47.15470032759192],[8.511125593548986,47.154597622322036],[8.511115419191263,47.15450775147289],[8.51111043588196,47.15448149458796],[8.511080307727536,47.154322426135536],[8.511040108760287,47.1541971313356],[8.511008825627478,47.15409888435731],[8.510971365824819,47.154004985875964],[8.510921327817957,47.153911195620196],[8.51085913639258,47.15383608567591],[8.510773612585831,47.153746917008085],[8.510665211776336,47.153665104014934],[8.510510557351958,47.15357371868307],[8.510294474046336,47.15344720155517],[8.510071986380375,47.15331361010473],[8.509857970812805,47.153184221284],[8.509768986712226,47.15313221822975],[8.509696773221465,47.153080049980844],[8.509630851086294,47.153029253430894],[8.509583954083375,47.152986843620596],[8.509543275903658,47.15294152427557],[8.509356195942019,47.1527622906667],[8.509104257497134,47.15250224045433],[8.509033944569632,47.152433592033084],[8.508989346244858,47.15238078858741],[8.508933486682869,47.15230952282735],[8.50888668639963,47.152236931359795],[8.508850875478021,47.15216919425798],[8.50882400995004,47.15209641731596],[8.508804274024277,47.15201616161213],[8.508785725579509,47.15190493175549],[8.508780206963513,47.15181092434481],[8.508750772346293,47.151427523723164],[8.50872396067796,47.151084948018465],[8.508708197537489,47.15093161945502],[8.50869101094749,47.150798112599354],[8.508669357097602,47.150712909081676],[8.508634574188356,47.15060681377878],[8.508588122997658,47.15046120104136],[8.508536710173367,47.1503391491212],[8.508462960834697,47.15019007499289],[8.50837281819271,47.15003621463115],[8.508305417791092,47.14993163694068],[8.508251529457661,47.149867782939424],[8.508210658366263,47.14981989215315],[8.508036227425901,47.14967505521047],[8.507824337966712,47.14951117148522],[8.507743072368342,47.14944909196567],[8.50766589079366,47.14939012292362],[8.507581129533813,47.149325314103706],[8.507477636850538,47.149229743134555],[8.507396256075879,47.14915128331872],[8.507332964845995,47.14907141399173],[8.507267634020033,47.14897919452304],[8.507208180169279,47.14888082135817],[8.507195989050764,47.148860631360435],[8.507131811385761,47.148734991162705],[8.507069242530438,47.14859943174652],[8.507011981861206,47.148457624975016],[8.50689221486642,47.14818399128126],[8.506844989655617,47.14808912062663],[8.506790685221542,47.148004228922574],[8.506705002393383,47.14789239862423],[8.506602702992966,47.1477658706676],[8.506509695958421,47.14765038401157],[8.50644480494722,47.14756353041068],[8.506395853656514,47.14749179448396],[8.506356421920696,47.14742532260595],[8.506307280604974,47.147325530886796],[8.5062499512222,47.14717878573584],[8.506173098879486,47.14696414244302]]}},{"type":"Feature","properties":{"id":9,"t_id":8,"liniennummer":"614"},"geometry":{"type":"LineString","coordinates":[[8.515358317868559,47.16423139658096],[8.515233032066693,47.16415153595953],[8.515174954386914,47.164127089390234],[8.515102829067384,47.16409801550544],[8.514988870755694,47.16406850528605],[8.515026618150658,47.163952351116855],[8.51513230148365,47.1636550275648],[8.515214364548607,47.163397208913345],[8.515257382482996,47.163280186724364],[8.515292518800834,47.16320607558381],[8.51531517412134,47.16316390785311],[8.515327848743388,47.16314028360234],[8.515383590585792,47.16304931966148],[8.515451809032658,47.16297014018907],[8.515559468753494,47.16285845005484],[8.5157392312035,47.16270402119953],[8.515758955887843,47.16268338043074],[8.515819526305064,47.16262399979819],[8.515860537880553,47.16257777398076],[8.51590073627858,47.162517360608604],[8.5159321965309,47.16246709517527],[8.515947076778074,47.16242398358857],[8.515959707948616,47.16236611318603],[8.515958572587074,47.16230970303124],[8.515951192378319,47.16223724911067],[8.515926905007904,47.162107192341146],[8.51589381293776,47.16193022465888],[8.515875933162045,47.1618242882213],[8.51587082832544,47.161766583863624],[8.515869693431666,47.161710191687746],[8.515871069035517,47.16158259333238],[8.515880014374487,47.16153818795676],[8.51590986029248,47.161357932308164],[8.515940381733195,47.16121125112849],[8.515954775052036,47.161143963740265],[8.51596499549866,47.16106462524741],[8.51596793385967,47.1610042008497],[8.515969173195646,47.16097862356945],[8.51596811912895,47.1609262516881],[8.515965046354514,47.160871217999365],[8.515950918664407,47.16078459609144],[8.515924461418255,47.160714452731916],[8.51589135124565,47.16063418856117],[8.515800663272692,47.16043223032577],[8.515681012578124,47.16016205013515],[8.515571415392962,47.159901176186764],[8.515455485927022,47.159621803331625],[8.515357700629757,47.15941630389014],[8.515262901972184,47.15921369101192],[8.51516251037266,47.15899328297943],[8.515062095545076,47.158771678649096],[8.514956111695895,47.15853345735184],[8.514870188828173,47.15833791266195],[8.514819172032544,47.15823009101364],[8.51474795273073,47.15807248735965],[8.514703672625465,47.15795271037658],[8.514684830128832,47.15788267540897],[8.514671052266536,47.1578054415154],[8.514660771130167,47.15772698748868],[8.514647886303658,47.15760691685866],[8.514627253276577,47.15753571119467],[8.514601746824042,47.1574812110807],[8.514579803660025,47.157431427351895],[8.51454014010548,47.15736872962431],[8.514498929733872,47.157314367341236],[8.514584621253002,47.157237408680146],[8.51460159796077,47.15721463480534],[8.51460977662624,47.15718718449686],[8.514611038767974,47.15716337015115],[8.5146073374028,47.15706582873415],[8.514598329501052,47.15696475666394],[8.51459299400956,47.1568731766624],[8.514589502061407,47.156766367739394],[8.51459194421344,47.15664707130218],[8.514590939841643,47.156597100747],[8.514588369574817,47.15648759349208],[8.514586759994268,47.15641866571961],[8.514582301424882,47.156139751636616],[8.514572517744682,47.15581766312787],[8.514562837499621,47.15541869660265],[8.514561974353164,47.155375750333526],[8.514555227938484,47.155040076882216],[8.514556531718807,47.15476834134343],[8.514555343969862,47.15462197482729],[8.514554461930853,47.15440420677013],[8.514550242003434,47.15429856503573],[8.51455059891879,47.154232992216095],[8.51454130632749,47.154183342026116],[8.51452696538855,47.15412921422054],[8.514488510823407,47.15403009064594],[8.514434694149202,47.15390738011381],[8.51436876069834,47.1537985462376],[8.514335288803673,47.15374326592581],[8.514237918119608,47.153598347394514],[8.51417665882308,47.15351865168353],[8.514143957747079,47.15345905518041],[8.51412132794483,47.15340387135333],[8.514113479607134,47.15334403351193],[8.514108626379352,47.15326721081866],[8.514113668720093,47.15318802870723],[8.514136351232974,47.15308042626281],[8.514168452339673,47.153028122147795],[8.514209287284512,47.152998342508255],[8.514265134411591,47.152974089773615],[8.514337726139905,47.15295757865184],[8.51441873408067,47.15294778052162],[8.514584227455604,47.152937183227834],[8.514756411260624,47.152928790025065],[8.51485397868306,47.15291883669025],[8.514914863755909,47.15289790988711],[8.514965762729405,47.15287483655465],[8.515009906392628,47.15284502566894],[8.515060431825255,47.152802723024855],[8.515104371200744,47.15276275789003],[8.515141941725567,47.15273527536711],[8.515171319653847,47.152713518781376],[8.515228681115323,47.15268132620553],[8.515297641139112,47.152650158509545],[8.515363486796126,47.15262806057851],[8.515434325861069,47.15260705832312],[8.515549717056244,47.152576580335165],[8.515671772237063,47.15254830675412],[8.515777436673496,47.15252923616305],[8.515886423295619,47.152510125370256],[8.515992165255367,47.152495569686785],[8.516109603939928,47.152484295729764],[8.51613491140029,47.152506673848855],[8.516175175578356,47.15253116079483],[8.516222130302745,47.15255785197058],[8.516342478003688,47.15260985314566],[8.516504865509887,47.15269198267732],[8.51662377056953,47.15275417119505],[8.516729370519222,47.152813092903216],[8.516816610128988,47.15286655528987],[8.516917340575251,47.15293117175266],[8.517014830278116,47.15299920987803],[8.51708544217233,47.15304941855922],[8.5171662458546,47.153111972680996],[8.517248902728731,47.15318468348917],[8.517382358296683,47.15331117088859],[8.517461719283203,47.15338389445901],[8.517493575688013,47.15341055578662],[8.517532514629393,47.15344315980194],[8.51762684288233,47.153519134269295],[8.517707602222208,47.15357942152042],[8.51791267398347,47.15372332688906],[8.518068917516878,47.1538281180336],[8.518134173506805,47.153859161555],[8.518180797983026,47.153870022640625],[8.518223917852874,47.15387188492907],[8.518275135198522,47.15386462155553],[8.518327854167838,47.15384942786578],[8.51840989529969,47.153809094884195],[8.518526173790658,47.15374018503647],[8.518606416362964,47.153693077051805],[8.518681802344563,47.15365167288772]]}},{"type":"Feature","properties":{"id":10,"t_id":9,"liniennummer":"605"},"geometry":{"type":"LineString","coordinates":[[8.506173098879486,47.14696414244302],[8.506068464373248,47.14666279567581],[8.505945507379971,47.14631864644967],[8.5058203015383,47.1459522176526],[8.505793097989176,47.145862117420506],[8.505765636501794,47.14575840910984],[8.505743384450655,47.14564351581209],[8.505726466767284,47.145522383994425],[8.505722169941079,47.1453974198764],[8.505723223703749,47.14519161590678],[8.505722822554402,47.145066957476075],[8.505724277374078,47.14477608660087],[8.505733488924175,47.144146033482365],[8.505739970580173,47.14346898514946],[8.50573958158008,47.14317689886066],[8.50572693079186,47.14290596721707],[8.505704156508628,47.14267350507106],[8.505675384246393,47.14241262720273],[8.505628299756186,47.14214448874989],[8.505574276314004,47.1418900161116],[8.505497501293261,47.14158874300224],[8.505427591091305,47.14135670894578],[8.505352249253143,47.14112597561504],[8.505234117184674,47.140841170140334],[8.505087618039894,47.14049827251969],[8.50495446287316,47.14020437645815],[8.50490327017872,47.140085847060426],[8.50484267778447,47.13993288830858],[8.504798102986202,47.13979644106635],[8.504757834984789,47.13961474153888],[8.504739093543153,47.13946139478607],[8.504736250938992,47.139318614526694],[8.50474418207706,47.13919120698914],[8.504760612556176,47.139053006793155],[8.504779635735192,47.138957629041414],[8.504819376927843,47.13885134535942],[8.50489355475333,47.13872330567715],[8.504965071766815,47.138635780227084],[8.505091529883734,47.13850488981812],[8.505187491139434,47.13841950342697],[8.50531747523329,47.138290954919086],[8.505459522018313,47.13815516077909],[8.505555187204774,47.13805431320788],[8.50563525887699,47.13795954737671],[8.505704807172018,47.137861325819884],[8.505790833915896,47.137714140668486],[8.505956209310774,47.13743534070116],[8.506075851007543,47.13722597093878],[8.506134729154518,47.13711832167522],[8.506177911606805,47.137009621639294],[8.50621239208003,47.136902189790995],[8.506233354608675,47.13681631116804],[8.506252279511676,47.1367161752782],[8.50625799482373,47.13665305337198],[8.506251470562475,47.13658765222689],[8.506245181025605,47.13653534664118],[8.506226119888202,47.13645341082867],[8.506197845822738,47.13634775790719],[8.506157664796522,47.1362565006719],[8.50610364448539,47.13617131803213],[8.5060265511085,47.13606611817874],[8.505908675973252,47.135926780230626],[8.505758779221885,47.13575560664246],[8.50562145460652,47.13560336911834],[8.505410937838809,47.13536492988422],[8.505334036701647,47.135269254235176],[8.505274738744552,47.13518173629794],[8.505225811163324,47.135089363427625],[8.505178623511307,47.13499697440042],[8.5051511843071,47.13493177613705],[8.505129212047137,47.13487962491174],[8.505079869006591,47.13476702449678],[8.505023875039564,47.13466994934265],[8.504970108241183,47.134596665134325],[8.504875535101286,47.134489251719934],[8.504738537202565,47.134352473734054],[8.504638387649955,47.13422844278412],[8.504552327640765,47.134110236314754],[8.50448932932359,47.13401085995096],[8.504422459684921,47.13389247552696],[8.504337051161812,47.133719515011],[8.504270121617887,47.13359874719078],[8.504203642263928,47.13350059035789],[8.504125066670216,47.1334073042849],[8.504025430710668,47.133308267105356],[8.503878162708808,47.13318110070257],[8.503720359849053,47.13305046038839],[8.503581510848564,47.13290776102026],[8.503458545408602,47.13277560131411],[8.50328382873038,47.13258443200059],[8.503068054659026,47.132343653329],[8.50280008245333,47.13202125349996],[8.502526537085187,47.13168223557157],[8.502261719750944,47.13134313627256],[8.502149131046622,47.131206129474634],[8.502060213845441,47.131120089231736],[8.50198035459588,47.131049419786315],[8.50186358769322,47.13096481534471],[8.501717168235807,47.13088047591487],[8.501541062774358,47.13079404481946],[8.50128242342994,47.13067742193617],[8.50097415030656,47.13054382333147],[8.500716273007505,47.13042229848791],[8.500404845568184,47.13028236754587],[8.500260466169497,47.13021229262833],[8.500151215027678,47.13015617844884],[8.500066492098725,47.13010460549239],[8.49997629102294,47.13003998528995],[8.499877046104062,47.12995997586939],[8.499790018188436,47.129879853628694],[8.499709655781977,47.12978420620473],[8.499598617454005,47.1296364687627],[8.499521192623055,47.12951341118204],[8.499337610235152,47.1292247413451],[8.49915934522452,47.12893957547827],[8.499067592425668,47.12879642738589],[8.498833458926342,47.128420145952305],[8.498619209624987,47.12807938470614],[8.49855077228807,47.127969332375166],[8.498500052877848,47.12787341087605],[8.498448896550235,47.127756065609056],[8.498404701405661,47.12763746872977],[8.498374532795083,47.1275223138609],[8.498348721927721,47.12736426327586],[8.498309123916204,47.127124244912714],[8.498262371971794,47.126789090875526],[8.498215337709947,47.126439636224205],[8.498185406085385,47.126247125001235],[8.498162267079202,47.12613546757781],[8.498134085163144,47.12603339206552],[8.498082968052431,47.12591723368246],[8.498017979719867,47.12580477437054],[8.497937448519927,47.125700788237495],[8.49785209927105,47.12561707778197],[8.497711908844565,47.12549341868653],[8.497584274355965,47.12538749127831],[8.497295656213177,47.125164032772695],[8.49684128112246,47.12484808498181],[8.49648640257802,47.124624055816994],[8.496346888753042,47.12453369997002],[8.496228358474443,47.124446722252436],[8.496139733368416,47.124373754565845],[8.496056386802715,47.124303113136186],[8.495981529344611,47.12422051025189],[8.495895903597265,47.12412251572208],[8.495825808153057,47.12401605730744],[8.495767995886066,47.12391424465106],[8.495720576125688,47.123808765125524],[8.49569284887174,47.12372809462536],[8.495674147383747,47.123664001198584],[8.495647405625677,47.123546439214024],[8.495613778589966,47.123344434809404],[8.495597076839694,47.123205343733154],[8.495583468324117,47.12304601085341],[8.495579850590266,47.12295083349977],[8.495583743744813,47.12288297004701],[8.495589587449098,47.12282579355954],[8.495614123667345,47.122743446153315],[8.495662228840969,47.12261924091629],[8.495735725336377,47.122456714364674],[8.495824495340745,47.122271441094796],[8.49590169416062,47.12211959426842],[8.495971851525184,47.121964240835915],[8.496023436579351,47.121838806980435],[8.496059596824303,47.12172780914678],[8.496122948006267,47.12149277117886],[8.496170067057585,47.12131739811599],[8.496233112371153,47.12106691722485],[8.496289679680366,47.12084146798085],[8.496365996326388,47.12055634832736],[8.496449094207868,47.1202616307456],[8.496506224045312,47.12006475556083],[8.49654185457921,47.11992637941534],[8.49656096635554,47.119835760598605],[8.49657756617825,47.11970470214365],[8.496578848717599,47.119592810575305],[8.49657970594599,47.11946071853027],[8.496588123153762,47.119357091340966],[8.496605438229759,47.11926292673016],[8.496636542093677,47.11916029619357],[8.496678235356242,47.119064701801754],[8.496733871839432,47.11896780063117],[8.496801729697433,47.118873161818094],[8.496905592103984,47.11874723727617],[8.497123516225864,47.118483419631325],[8.497304063159865,47.11826754209675],[8.497387695519617,47.11817633794664],[8.497440705305076,47.11812467309336],[8.497485264589471,47.11808618381692],[8.497545351794042,47.1180392304601],[8.497634885759737,47.1179812829312],[8.49777301856901,47.117914557587675],[8.497964976033975,47.11783543479766],[8.49811734350326,47.11778285408785],[8.498278399062933,47.117727809229024],[8.498397712884461,47.11767911308463],[8.498482401572003,47.11764144092943],[8.498620393827254,47.11756637680124],[8.498854565534698,47.11741903549289],[8.499085082031952,47.11726219193389],[8.499295074977601,47.11712577763238],[8.499453254553003,47.11701483117228],[8.499516725623051,47.1169618903498],[8.49957307191081,47.11690186363441],[8.499625688224562,47.11683116639326],[8.499672877385269,47.11674860886645],[8.499707486271562,47.116648328892765],[8.499727744203007,47.11652675352889],[8.499750291727427,47.116344471820895],[8.499789662602726,47.116044208719764],[8.499815989379577,47.1157892965297],[8.499834974120722,47.11560347634949],[8.499853987359062,47.11550691156076],[8.499873431770594,47.11543743793517],[8.499876690801335,47.11542101762436],[8.49990802170528,47.11533027629885],[8.49996145873706,47.11521197485557],[8.50001196952581,47.115122243863254],[8.500089997583844,47.11501203636893],[8.500202200069193,47.11486819304993],[8.500334922843253,47.11470391969809],[8.500402942732675,47.114610734371816],[8.50043841254026,47.1145613440282],[8.500551681533901,47.114382982839864],[8.500644405306891,47.114223846304455],[8.50073717578045,47.114067093122515],[8.500847901361945,47.11384828327584],[8.50096501623772,47.11360086178558],[8.501076593072192,47.11333802765818],[8.501214761358867,47.1130094856074],[8.501262789484365,47.11290042709173],[8.501434163720903,47.112479677275694],[8.501516231427594,47.112299786300554],[8.501589260889837,47.11211466234388],[8.501653127694318,47.11199506708982],[8.501727606533855,47.11188369471912],[8.50182473464532,47.11177093437752],[8.50196141883512,47.11163162145133],[8.502184186947549,47.11143796027399],[8.502365513913425,47.111264913557534],[8.502440560219611,47.1111809184834],[8.502506753433437,47.11109104111036],[8.502557232847659,47.11100013968412],[8.502593563600266,47.11089744982237],[8.502621004999794,47.11078770859658],[8.502626812209664,47.11073511068662],[8.502637319204176,47.11063983842769],[8.502646168108544,47.11044581719827],[8.502651377034912,47.11027352739623],[8.502658954723522,47.11018734095709],[8.502673417686376,47.11009820314759],[8.502704294927668,47.10996444740688],[8.50274682196621,47.10984937593],[8.502804021032501,47.10973399768662],[8.50291122728193,47.10954518290234],[8.502926962430696,47.10951746524226],[8.50312596422469,47.10918001809531],[8.503333337659067,47.10882702931638],[8.503463243622122,47.10861043170638],[8.503547903210615,47.108484687422305],[8.503626030093844,47.108381627914575],[8.503713102886529,47.108289163418],[8.503821221349863,47.10820486088397],[8.50391586440248,47.10814328046361],[8.504048737096737,47.108075417426484],[8.50420264699202,47.108013305411326],[8.504370538433058,47.10795462587529],[8.504550819873069,47.10790415227078],[8.504849040127537,47.107824031940815],[8.50505705361221,47.10776617565429],[8.505188621618492,47.10772092071812],[8.505299681546047,47.107676665557285],[8.50538812419491,47.10763401453032],[8.505475801964124,47.10758405698132],[8.505571448688805,47.107513479083245],[8.505656820116169,47.10743042941163],[8.505750019849142,47.10732103038572],[8.505880401321422,47.10714617475132],[8.50597975534899,47.10701043277091],[8.50599167997735,47.106995919829814],[8.506051637101251,47.106922929202064],[8.506132179724206,47.10685021514269],[8.506224523835117,47.106781952264164],[8.506325369161182,47.10672046511259],[8.506472921135549,47.10665169819652],[8.506634061061972,47.106593068999196],[8.506882049045041,47.106525644232164],[8.507453257654344,47.106388960068735],[8.507759592264273,47.10631070866796],[8.507867582311897,47.10627198492628],[8.507977050157827,47.10622413462353],[8.508071327753523,47.10616841931538],[8.50816204086248,47.106102454934906],[8.508227796238906,47.10604357749867],[8.508286504440742,47.10596762867018],[8.508341596647188,47.10587687044728],[8.508383324177338,47.105788512507026],[8.508408302683776,47.10569801651395],[8.508424798830967,47.10560302961106],[8.508462036000434,47.105299030915205],[8.508480017893316,47.10515177375145],[8.508497102523764,47.10506449971521],[8.508603289549708,47.104726484820986],[8.508628966674772,47.10465056438842],[8.508652976765376,47.10459606939753],[8.50867724347295,47.10455442696553],[8.50870371862608,47.10451847628081],[8.508752708280173,47.10445804538917],[8.508826505930244,47.10438308921336],[8.508953639487558,47.104256234501115],[8.509095134818232,47.104114960600164],[8.509187212880795,47.1040127026796],[8.509277196548078,47.10391048218026],[8.509377509430383,47.10379312444972],[8.509681542573619,47.10343319553107],[8.509776728469534,47.103330323415264],[8.510044598925797,47.10305573153266],[8.510286886099372,47.10280770815717],[8.510405747014032,47.10268521084956],[8.510483458708341,47.10259738006501],[8.510534611234256,47.102541201176045],[8.510569277076529,47.10249660965769],[8.51059766000433,47.102452085722796],[8.510640318553788,47.102388852352426],[8.510694802504759,47.1022898044247],[8.51073694669119,47.102200874876786],[8.510768889045174,47.1021248774503],[8.510796713228142,47.10205178808228],[8.510826389934836,47.10196725678628],[8.510919350754543,47.10170076220265],[8.510945337214974,47.10164053590486],[8.51097558492241,47.10158456082816],[8.511010192719743,47.1015371180378],[8.51105092710652,47.10148246642578],[8.511106324005635,47.10142911730281],[8.511186726867265,47.101371234815275],[8.511260945881483,47.10131770996384],[8.51139328401537,47.10124221465428],[8.511494745879013,47.101191278029006],[8.511648215512714,47.10112700979979],[8.511872255168967,47.101034951120525],[8.511959326959834,47.100997012416705],[8.51202348656591,47.10096356062965],[8.512089597679925,47.10092296591973],[8.512145291907402,47.100883880807224],[8.512202937623433,47.10083765277844],[8.512256324024118,47.100788594853015],[8.512309466158847,47.10072669320598],[8.512354288199285,47.100667720924726],[8.512407000802874,47.10058439528684],[8.512447856193907,47.10050893477117],[8.512556232435067,47.10030880047665],[8.512598085903209,47.1002055965711],[8.512637501375828,47.100085269464564],[8.51271366535381,47.09981608749972],[8.512735502237977,47.099757329854555],[8.512742587554282,47.09974341912323],[8.51275964909832,47.099709975262165],[8.512786077458927,47.099672602653555],[8.51281682172806,47.099640893027484],[8.512855916733022,47.099609114335486],[8.512930159946231,47.09955700045871]]}},{"type":"Feature","properties":{"id":11,"t_id":10,"liniennummer":"605"},"geometry":{"type":"LineString","coordinates":[[8.512930159946231,47.09955700045871],[8.51323423195526,47.09938993065865],[8.51374728305021,47.099110940773535],[8.514026574146294,47.09895980727611],[8.514146535518634,47.09889298846734],[8.51423119281467,47.098839363923744],[8.514307470593433,47.09878437841897],[8.514371266960854,47.098732379347624],[8.51442671476507,47.09868187072693],[8.51448201927439,47.09862422975788],[8.514530997016301,47.09856379632395],[8.514594005378987,47.098473230549445],[8.514717596760544,47.098275002604325],[8.514810760238328,47.09812417940105],[8.514922240911496,47.09794745660528],[8.51504408004077,47.09776639065415],[8.515176175026397,47.09757522516625],[8.515341005307205,47.097348039519],[8.515406067348621,47.09725885735187],[8.515442758138498,47.09720855093062],[8.515552428067885,47.09704614773054],[8.51568242551767,47.096855010248156],[8.515867833721583,47.09657962934139],[8.515934241344063,47.09648276981138],[8.516007759747657,47.096394965314175],[8.516081434658787,47.096314301961556],[8.516167576931618,47.09623066099763],[8.516251781970889,47.0961541987855],[8.51635056139083,47.09607473017218],[8.516467816215098,47.095977942199596],[8.516591397235427,47.09588395542542],[8.516684123181697,47.09581596795778],[8.516752260773378,47.09577248175615],[8.51681223631862,47.095739075418166],[8.5168929406164,47.095696901561055],[8.516980099491645,47.09566324007666],[8.517092075851297,47.095616490630746],[8.517281812286638,47.09555672297118],[8.517416369794672,47.095520619183354],[8.517601417587908,47.09546747093243],[8.517819802409882,47.09540829698794],[8.51800480762366,47.0953537271418],[8.51816476500791,47.09530081362856],[8.518283050209071,47.09525541607787],[8.518353567969028,47.09522620986742],[8.518370778174196,47.095218041902996],[8.518506766477572,47.095149079699794],[8.51858329361217,47.09510694388111],[8.518676259057214,47.095050377177735],[8.518738111903668,47.0950069488328],[8.518740820719833,47.09500605977573],[8.518849292698016,47.09492021876795],[8.518916982547303,47.094855316445056],[8.51898056796198,47.0947933043359],[8.519035719587931,47.094728519810104],[8.519090842430508,47.09466231418895],[8.519143653791456,47.094584696604315],[8.5191921909777,47.09450285517054],[8.51923430175487,47.09441392247757],[8.519287667548355,47.09426060889161],[8.519354555110407,47.09405147506996],[8.519396160054775,47.09393683704359],[8.51942627940029,47.09387514839319],[8.519462580998516,47.09380911058684],[8.519505135852691,47.09374159261293],[8.519558204931208,47.09367682739321],[8.519603272327224,47.09363070476402],[8.519660833121256,47.0935816219136],[8.519722453055731,47.09352677051571],[8.51986053907706,47.09342693126891],[8.52008540305497,47.09327486417071],[8.520254470108851,47.09315616551569],[8.520390444694739,47.09305492414125],[8.52051183187752,47.09295668060353],[8.520600055801077,47.09287301654057],[8.520689854425733,47.09276362754898],[8.520746865403773,47.09268740894057],[8.520813807499774,47.09256941917956]]}},{"type":"Feature","properties":{"id":12,"t_id":11,"liniennummer":"603,631,632"},"geometry":{"type":"LineString","coordinates":[[8.531075174745268,47.19662567192901],[8.531289642946035,47.19661173569324],[8.531437819696045,47.19659976859501],[8.531523212928157,47.19659286806681],[8.531955548005147,47.196560193574456],[8.532250221792424,47.19654192266468],[8.532379207203252,47.19653117112542],[8.532581334444679,47.19651140360529],[8.53285663852326,47.1964849852306],[8.533140569038501,47.19645253809339],[8.533383310034573,47.19642463786104],[8.533422744080202,47.196420097948256],[8.533631826411119,47.196399075023244],[8.533915829109278,47.196370196536996],[8.534088364153218,47.19635613220925],[8.534295814249084,47.19633920761162],[8.534518880608987,47.196319237418706],[8.53480801014989,47.19628554924473],[8.535010135569548,47.19626577745901],[8.535130371453972,47.19625510613858],[8.53523327436869,47.196249367450584],[8.53536929884269,47.19624212576297],[8.535475831433377,47.19624348580865],[8.535606912173927,47.19624937955817],[8.535713688814832,47.19626263826102],[8.53582059878266,47.19628303811545],[8.535939862956402,47.19630928422879],[8.536161007110588,47.19636547707477],[8.53638058107128,47.1964300234082],[8.536621280496512,47.19650270681346],[8.536861967196721,47.19657538084621],[8.53712726295251,47.196656149545696],[8.537432919182983,47.19674724626671],[8.537796553419362,47.196855645033615],[8.538053032169294,47.196931737106624],[8.53826045217891,47.196999967201485],[8.538409933094282,47.19705209045769],[8.538537014748748,47.19708610341643],[8.538581856838851,47.197098098000964],[8.538654730814882,47.19711007664306],[8.538728499825456,47.19711872730382],[8.538790506971816,47.19712083354103],[8.538889330883471,47.19712461195709],[8.538940323527076,47.19712506921789]]}},{"type":"Feature","properties":{"id":13,"t_id":12,"liniennummer":"611"},"geometry":{"type":"LineString","coordinates":[[8.513498513929584,47.18022881960598],[8.51348983416587,47.18022890065805],[8.513481290832823,47.18022854864579],[8.513472791592731,47.18022776443158],[8.513465037924242,47.180226658408124],[8.513456812449727,47.180225053035095],[8.513448152936302,47.180222858003596],[8.5134410629872,47.18022063931994],[8.513433552190612,47.180217830854744],[8.513426363766243,47.18021465055859],[8.513419550478709,47.18021109793887],[8.513412658410314,47.1802069073655],[8.513407170924854,47.18020301852331],[8.513401671517421,47.18019853608139],[8.51339669451704,47.180193787888534],[8.513391915568924,47.18018839016173],[8.51338833574512,47.18018357494902],[8.513385034565271,47.18017818141503],[8.513382337467792,47.180172647306286],[8.513380218070276,47.18016697286918],[8.513378215788006,47.18015793297744],[8.513377723057166,47.18015179357107],[8.5133778918649,47.180146403619794],[8.513378685355555,47.180140585041734],[8.51338024935368,47.180134372457836],[8.51338216318062,47.18012915512111],[8.513384822216276,47.1801235979884],[8.513388373188324,47.180117780650136],[8.513391957583059,47.18011297050889],[8.513396369042253,47.180107954741466],[8.513401326213186,47.180103176760056],[8.51340677705398,47.180098673033044],[8.513412708734778,47.18009446167138],[8.513419095054031,47.18009055191527],[8.513425884150626,47.18008698922693],[8.51343306283351,47.180083773729535],[8.513440539487727,47.18008094226094],[8.513448340495573,47.18007849457471],[8.513456991152333,47.180076308822635],[8.513464587240593,47.180074825579936],[8.513477786290624,47.18007312809564],[8.513486087645424,47.18007260079686],[8.51349532122896,47.18007250557762],[8.513503204079269,47.1800728187782],[8.513512364295124,47.18007366878259],[8.513520105112669,47.180074792913956],[8.51352834393775,47.18007640715322],[8.51353636682557,47.1800784372069],[8.513544758339865,47.18008108451525],[8.51355223063386,47.18008394730643],[8.513558834123124,47.18008690816677],[8.513566154808721,47.180090761890874],[8.513572513629349,47.18009467857087],[8.513577988285993,47.180098585516305],[8.51358346149641,47.180103077190225],[8.513588776232343,47.18010821802836],[8.513593165243348,47.18011325056846],[8.513596705507593,47.18011806614443],[8.513599993513976,47.18012345979563],[8.513602677801765,47.18012901201044],[8.51360474463764,47.18013469593015],[8.513606865132642,47.18014502108778],[8.51360716110716,47.180151216304665],[8.513606790298832,47.1801570579239],[8.513605772403114,47.18016286960383],[8.513604269147484,47.18016816407064],[8.513601858052011,47.180174240638934],[8.513599215842515,47.18017932085187],[8.5135957874051,47.18018466928024],[8.513591775124786,47.1801898522442],[8.51358684181399,47.180195160752426],[8.513582113238066,47.18019949582171],[8.51357607386013,47.18020425693043],[8.51357046364702,47.18020805149992],[8.513563434392445,47.1802121381852],[8.513557060178206,47.180215337182275],[8.513549237468588,47.18021867564453],[8.513541612988377,47.180221373566184],[8.513534359848581,47.180223510291256],[8.513525640686153,47.18022557074989],[8.513517976635177,47.180226955679274],[8.51350892263716,47.180228110706025],[8.513498513929584,47.18022881960598]]}},{"type":"Feature","properties":{"id":14,"t_id":13,"liniennummer":"642"},"geometry":{"type":"LineString","coordinates":[[8.459655278867334,47.209159731510645],[8.46008650344865,47.209592412944545],[8.460305825848595,47.20981037981391],[8.46044386571909,47.20994922365376],[8.460580022067042,47.210086177003035],[8.460816836099818,47.21032398462813],[8.461026225012773,47.210533708495156],[8.461220683851312,47.2107302422557],[8.461360339724363,47.210873955198366],[8.461455380532104,47.21098473598109],[8.46154303814618,47.21109391809715],[8.461563751213609,47.211125695032976],[8.461611039550231,47.21119826425756],[8.461674221624719,47.211305999498876],[8.461722421121069,47.21139719919256],[8.461773776943122,47.21152502735629],[8.461810328226044,47.211646321372235],[8.461837131377214,47.211769384127244],[8.46185174381884,47.211894201345196],[8.461863933305587,47.21202071324015],[8.461870072117023,47.21221391729634],[8.461876123219803,47.21241426452174],[8.46188070677379,47.212583446492985],[8.461887132575324,47.21279164341137],[8.461892143371726,47.21291691470996],[8.461913110348958,47.21306333651061],[8.46193584267223,47.213156435500906],[8.461978355136987,47.213260782983895],[8.46203757124913,47.21336116795853],[8.462136175910986,47.213476441213544],[8.462231339860146,47.21355746325136],[8.462326194549838,47.21362231411703],[8.46241514296457,47.21367102556954],[8.46251248659713,47.213719671322245],[8.462557127444244,47.21373858774691],[8.462582908252115,47.21374950393956],[8.462693980292748,47.213785649737616],[8.462817576858773,47.21381882350538],[8.462970393550773,47.21384602516337],[8.463111902718147,47.213866661556274],[8.463249050493465,47.21387877289204],[8.463376339329303,47.21388620418226],[8.463598789587616,47.21390136123431],[8.46390515339558,47.21392148306247],[8.464219894068028,47.21394057597017],[8.464631182574214,47.213967380722536],[8.464838478851403,47.2139770841872],[8.464956559945914,47.21398554928997],[8.465301937830516,47.21401744565922],[8.465672113934454,47.21406746163852],[8.465905160643294,47.214107041406734],[8.465968807871565,47.214120155844135],[8.466153096239395,47.21415813701631],[8.466487283435596,47.21424511897316],[8.46677019686259,47.21433423081601],[8.466851321489626,47.21435683190365],[8.466924947035723,47.21437117007927],[8.466983747651966,47.2143773107626],[8.467106040457411,47.21437954718685],[8.46711455301213,47.21443020562086],[8.46714163524078,47.2144634179442],[8.46717230608702,47.21448758475659],[8.46724471428271,47.21452166965854],[8.467520926428984,47.214646596508146],[8.46772316464132,47.214754147723475],[8.467875751380177,47.214845266769615],[8.468006045440035,47.21493047692056],[8.468119167076022,47.21501104582569],[8.46814987372489,47.21503291821666],[8.468306615692212,47.21515600543778],[8.468433284450493,47.21526198207508],[8.468467934294598,47.215293903048654],[8.46854430369723,47.21536424844395],[8.468629589341502,47.21545128161276],[8.46866710817968,47.21548957265023],[8.468708726886588,47.21553097542525],[8.46878859936043,47.215610428728915],[8.468888726264458,47.215722876104365],[8.46896456484888,47.21582042826778],[8.469043971121112,47.21592771754453],[8.469121652094152,47.21604480027524],[8.469188087002909,47.2161558216753],[8.469241959050452,47.216256169875216],[8.469292243998991,47.216360822992776],[8.469328847075097,47.21645429121162],[8.469349454042758,47.21650692820202],[8.469370359253682,47.21656476189965],[8.469445781763255,47.216856367677984],[8.469469272100763,47.216977065526315],[8.46948035702605,47.217072678086176],[8.469490467769951,47.21721363650957],[8.469491022747292,47.21733830869786],[8.469489025750587,47.21742648213118],[8.469481338931303,47.21750715029114],[8.469471973935628,47.21759664902251],[8.469455459370357,47.2176988053826],[8.46943695138726,47.21779344137643],[8.469406040453041,47.21791587639115],[8.469372990052493,47.218023218157555],[8.469330917541459,47.21814197492244],[8.469283252050126,47.21825826297937],[8.469240620999503,47.21834805930777],[8.469176516424909,47.21847456930701],[8.469110296538638,47.218587245175364],[8.469020657802416,47.21873162359461],[8.46892355105933,47.21887354100474],[8.468817302417829,47.21901931817442],[8.468556677777435,47.21935679253588],[8.468368320167057,47.21956720708649],[8.468096097746853,47.21987108699763],[8.46794724885121,47.220042818072095],[8.467762488884192,47.22025655470996],[8.467592052304663,47.220481911151545],[8.467487838787092,47.22061646945308],[8.467365170519834,47.22078556408921],[8.467353193942225,47.2208033561056],[8.467256357285661,47.22094738347994],[8.467105231927558,47.221182281774986],[8.46700683031984,47.22134043675],[8.466847682979335,47.22161352000399],[8.46672266709442,47.22184340809402],[8.466599592628135,47.22208161748325],[8.46652900177813,47.222231185034396],[8.466473360044292,47.222343800780266],[8.466400235825947,47.22251067109647],[8.466331430062032,47.22266592568827],[8.466218637793517,47.22294466630136],[8.46614393733732,47.223136099049185],[8.466062062624545,47.223345883460695],[8.466000020577042,47.223504846572006],[8.465943213907217,47.22365042270846],[8.465891564403954,47.223763416297494],[8.46579384092623,47.223982049377796],[8.465687134947942,47.22421497523702],[8.465566889625542,47.224466948077726],[8.465473161184223,47.22465240600089],[8.465438260389286,47.22471490256481],[8.46542514322083,47.22471257271506],[8.46541666298662,47.22471173076171],[8.465407439380549,47.22471137219159],[8.46539951943587,47.22471151474194],[8.465390342268902,47.22471219922784],[8.465382571617178,47.22471323999069],[8.465373678355423,47.22471495642086],[8.465366267713113,47.224716866531985],[8.465358511836433,47.22471936442315],[8.46535108127469,47.22472230019126],[8.465343531815464,47.22472592067213],[8.465336962255087,47.2247296853421],[8.465331344116857,47.22473348650996],[8.4653257512691,47.224737917133126],[8.46532036975158,47.22474303852164],[8.465316312331476,47.22474766235595],[8.46531235156655,47.224753193868445],[8.465279428807898,47.224743358395386],[8.465117905376268,47.22469419833223],[8.464856371936008,47.22461753034874],[8.464854008309382,47.22461684076359],[8.464815299531125,47.22460549149276],[8.46481377247645,47.224605046327355],[8.46457415049916,47.22453480317665],[8.46438799032092,47.22447401449977],[8.464251371723407,47.224426214680676],[8.464123821441405,47.22437617507409],[8.464022367836954,47.22433463762743],[8.463906907550815,47.22428017236257],[8.463806841805848,47.22423318013496],[8.463697392671145,47.22417541381641],[8.463518399197932,47.2240736936928],[8.463277538251743,47.22392617906275],[8.463241930890149,47.22390436697259],[8.463200209411145,47.223878390386226],[8.46312143042261,47.223829337201856],[8.4630288537953,47.22377687144667],[8.462917908884329,47.223720197150094],[8.462816306331307,47.22367214727896],[8.462747509416099,47.223638900042154],[8.462816048203285,47.2235697454752],[8.462889892571472,47.22348530541572],[8.462971463442752,47.223366523971194],[8.463043710499319,47.22325111770438],[8.463144924158229,47.22308319026261],[8.463264722000908,47.22291837176871],[8.463400814007976,47.2227419030205],[8.463422909579249,47.22271324488312],[8.463507518950454,47.22260775823728],[8.463630783782076,47.22247719911421],[8.463776374844379,47.22234452514466],[8.463924361959108,47.2222156527193],[8.46396818026586,47.22218163774559],[8.464039166519832,47.222129435016974],[8.464230905516791,47.22199965099274],[8.464437104790669,47.22185901530068],[8.464639196892975,47.22172183407509],[8.464826734388915,47.22159068314947],[8.464964495468342,47.221488544935376],[8.46506080553116,47.22141369927086],[8.465113194925749,47.221372977825865],[8.465192885901324,47.22130181534173],[8.465269801385139,47.221232584569805],[8.465335621561879,47.22116726670259],[8.465409531855293,47.22108663839314],[8.465472303539043,47.221004229270925],[8.465491312814448,47.22097927735735],[8.465662598717179,47.22073023155045],[8.465738126191685,47.22062387059529],[8.46578233684205,47.22056160567647],[8.465918932771663,47.22035850268224],[8.465991211820066,47.220232245580696],[8.466075080849649,47.22008869474169],[8.466142819138035,47.21997765336098],[8.466281629237782,47.219784110289744],[8.46634682428035,47.219686422726205],[8.466502324749989,47.21948891638115],[8.466780890424296,47.21915132265381],[8.466949988187636,47.218934659896235],[8.467031433250195,47.21881016429997],[8.467107367373407,47.218689531917086],[8.467223638859938,47.2184866716201],[8.467344504165982,47.218232343116334],[8.467448897101832,47.21799341788389],[8.467597001936632,47.217675508723204],[8.467655540386977,47.21754982293592],[8.467829804527721,47.21717535912725],[8.467977586803823,47.21684915843315],[8.468129738306338,47.216496264891276],[8.468232977076237,47.216270437497876],[8.46832900371689,47.2160513221135],[8.468392662341035,47.215929125314425],[8.468466532147996,47.21582849826518],[8.468536082148557,47.21575790967331],[8.468622771180753,47.215688831941456],[8.468702628302168,47.215644795652906],[8.46878859936043,47.215610428728915]]}},{"type":"Feature","properties":{"id":15,"t_id":14,"liniennummer":"602"},"geometry":{"type":"LineString","coordinates":[[8.562728806282092,47.17253246223302],[8.562877254790559,47.17253815478484],[8.5629646374942,47.17254443474271],[8.563039945751532,47.17255680575791],[8.563104944545712,47.172576393065206],[8.563157917384919,47.172605633301444],[8.563203937792938,47.17263611089235],[8.56324309349945,47.17267262870082],[8.563275521871324,47.17272109557607],[8.563317093823734,47.17278972244223],[8.563369813305046,47.17289037304434],[8.563433418047403,47.17300993417737],[8.563458744915716,47.173052533234596],[8.563478560440478,47.17308208839232],[8.563521711667173,47.17314235172526],[8.563577201616939,47.173208458595326],[8.563673251988236,47.17329440031257],[8.563758329814629,47.17335663756432],[8.563861095563048,47.17342940672045],[8.563931931501049,47.17347871231521],[8.564011748965607,47.17353982237776],[8.564066914415282,47.17359045056372],[8.564138289044195,47.1736647228693],[8.564181479831777,47.173726182001424],[8.56422667358964,47.173800701296756],[8.564256234320009,47.173878962762345],[8.564277201756378,47.17396324543849],[8.564287747124357,47.17405002290445],[8.564286204275206,47.17414287376108],[8.564279738406317,47.17425003996689],[8.56426659564805,47.174371556664646],[8.56425505524198,47.17448709352763],[8.564249490325297,47.17463709748945],[8.56425269388464,47.17478939955195],[8.564257388028265,47.17492977670817],[8.564276712713397,47.175102143450786],[8.564295260709532,47.17531973922079],[8.564319885541293,47.17549444696366],[8.564353929847336,47.17570238267637],[8.56438722308,47.17587460375286],[8.564421481834277,47.17600993296022],[8.564445595282756,47.17607752474583],[8.5644768735029,47.17615457289771],[8.564527870391885,47.17625523079554],[8.564585918743152,47.17636057841773],[8.564629524837276,47.17644227365089],[8.564665978061072,47.17651569982486],[8.564697119771546,47.17658560665685],[8.56471569698232,47.176638976357076],[8.564731705276422,47.1766793543975],[8.564746012408346,47.17675173782039],[8.564758012622978,47.1768242067819],[8.564759440109796,47.176892038448926],[8.564752323758015,47.1769682657436],[8.56473963232061,47.17702908396066],[8.564720163459828,47.1770994859435],[8.564693655142033,47.17716639449222],[8.564665128684213,47.17722141246038],[8.564626380857419,47.177287244303436],[8.56457366440025,47.177353212780304],[8.56451920650108,47.17741918926984],[8.564481560511503,47.17745526147739],[8.564435321108046,47.177497381880045],[8.564390722286772,47.177534709496605],[8.564315117498772,47.1775913752582],[8.56416544842738,47.17769517410418],[8.564008901481959,47.17780381671522],[8.563823177219303,47.17793535954295],[8.563692586763247,47.17803303407039],[8.563608486814076,47.1781004962673],[8.563560454724898,47.17814024096394],[8.563512484433247,47.178183556329834],[8.563464702133675,47.17823519086295],[8.563427342931417,47.17828433965554],[8.563395320504426,47.17833820400616],[8.56338211503108,47.17837402799954],[8.563370675838053,47.178411031159634],[8.563366389688529,47.17845630343666],[8.563364169843375,47.178517028129995],[8.563375818467888,47.17857284058447],[8.563390812717293,47.178621486751936],[8.563420274682656,47.17869498159733],[8.563465410081655,47.17876594840011],[8.56351595595236,47.178846379761595],[8.563571801978362,47.178929143160794],[8.563625806785451,47.17900715680697],[8.563703400506997,47.1791277863858],[8.56376832803354,47.17922829939793],[8.563831366060747,47.17932050982059],[8.56387491597514,47.17938065214141],[8.563966762454076,47.17953340079158],[8.56400320348961,47.179606818255166],[8.564036162421402,47.17968027874859],[8.56405861093156,47.17975145813819],[8.564083288239205,47.1798464273503],[8.564092031138353,47.1799296420531],[8.564100986176989,47.18002356855876],[8.564097275973518,47.180096200138905],[8.564086750922275,47.180176031941656],[8.564067555479097,47.18025952880575],[8.56404287305741,47.180331186997364],[8.564003056465923,47.18042915264298],[8.563967926351298,47.180500903964315],[8.563922658094574,47.180590601852714],[8.563885698069543,47.18065879074547],[8.563840517816908,47.18075205902737],[8.563810635937449,47.18082494641881],[8.563785904021843,47.18089302473536],[8.563770040167265,47.180969346377644],[8.563759164208546,47.181032521524806],[8.563755340235199,47.18110039545869],[8.563762541858065,47.18119315166681],[8.563788559987744,47.18126905491715],[8.563834223450165,47.18136500644154],[8.56389891688922,47.181453620335354],[8.56396856088647,47.181527927614475],[8.564060893641667,47.18160198603368],[8.564170740756657,47.18167944441438],[8.564317534541452,47.18177083554251],[8.564439396200823,47.18183985515495],[8.564556010787978,47.18190655110059],[8.56470791774651,47.181991945568015],[8.564842122236353,47.182065602736245],[8.564960253609977,47.182121569562824],[8.565083559076207,47.18217511077198],[8.565175042941672,47.18220872296794],[8.565241882508476,47.18223304985431],[8.56530159383515,47.1822503218806],[8.56532617488859,47.18225722386489],[8.565412083243034,47.18227542684387],[8.565508428721609,47.1822911437236],[8.565597707543962,47.18230335841719],[8.565676387111237,47.182309730664834],[8.565798653874028,47.182313283196365],[8.565924253333186,47.18230968736262],[8.56603922785869,47.182299034879854],[8.566152335782377,47.182282454408664],[8.56626348881791,47.18225638452219],[8.566386619099255,47.182218277880935],[8.566497483833349,47.18217791642338],[8.566611493002146,47.18212086400741],[8.56669762449354,47.18206765597479],[8.566775087867715,47.18201572925797],[8.566840335819291,47.18196392221482],[8.56690712272443,47.18190376103336],[8.566964952419953,47.181831795296446],[8.567036186315853,47.181733511638896],[8.567086723020271,47.181647332153425],[8.567141832148582,47.18152897516596],[8.567204882530618,47.18137364890927],[8.567251484627757,47.18126609814197],[8.567281261520211,47.181188443127944],[8.567299442741607,47.18115153539755],[8.567353248184416,47.181054609838384],[8.567397446410006,47.180998250133726],[8.567460725300412,47.18093574813351],[8.567541479670712,47.18087544957034],[8.567624314681124,47.18083060315203],[8.56771782430217,47.18079517841496],[8.567820253950448,47.18076918355058],[8.567949194204854,47.180758392113624],[8.568062675112968,47.18075966253659],[8.568178198374358,47.18077517999487],[8.568297556392544,47.18080734673694],[8.568382174148262,47.1808469699385],[8.568483030285622,47.18091142375785],[8.568557702341723,47.18097614352333],[8.568620410804815,47.1810528820067],[8.568680140678378,47.181152255906795],[8.568774589237501,47.18132745554156],[8.568827365654744,47.1814292904925],[8.568896568727077,47.18156547164674],[8.56897483125225,47.181717018416386],[8.569038294020404,47.181830640650674],[8.56909228483531,47.18190747348414],[8.569149695715588,47.18198068341649],[8.569206753886517,47.18203844216436],[8.56925828767436,47.182080773539276],[8.569327461940913,47.18213245806305],[8.569410579933052,47.18218401456453],[8.569481256176978,47.18222497035833],[8.569585398957836,47.18227868605146],[8.569687459183756,47.1823181369359],[8.569863902147418,47.1823822336398]]}},{"type":"Feature","properties":{"id":16,"t_id":15,"liniennummer":"642"},"geometry":{"type":"LineString","coordinates":[[8.460807808541842,47.1829155507428],[8.460786074230363,47.18279449297949],[8.460787628400523,47.182688673745695],[8.460762861634356,47.182529043075114],[8.460724627704034,47.182300536244014],[8.46069292184415,47.18211606752684],[8.46066000428717,47.18193169950805],[8.46061276321641,47.18168264582815],[8.460599368740992,47.181597532072146],[8.460599303017547,47.18155816820276],[8.460603622365609,47.18152872345677],[8.460612133122185,47.181501130559994]]}},{"type":"Feature","properties":{"id":17,"t_id":16,"liniennummer":"605,626"},"geometry":{"type":"LineString","coordinates":[[8.513758315109541,47.104062116547084],[8.513723708292552,47.104109569132746],[8.51368317493289,47.10417420510041],[8.513642727547602,47.104243131233815],[8.513642727728048,47.1042431402279],[8.5136226823631,47.10428616560077],[8.51361296813092,47.10432338202811],[8.513605434373808,47.10436486904699],[8.513610597047023,47.10441337097242],[8.513620050164269,47.10446755408447],[8.513644366919689,47.10453301381966],[8.513701107648949,47.104651020470875],[8.513785484051684,47.10481995456069],[8.513794818399216,47.10483865942391],[8.513947295111564,47.10514140723153],[8.513979130338008,47.10520201080156],[8.514047335002239,47.10533183842409],[8.514086657965013,47.10541430360864]]}},{"type":"Feature","properties":{"id":18,"t_id":17,"liniennummer":"605"},"geometry":{"type":"LineString","coordinates":[[8.51555221464018,47.10002142694003],[8.515634533571394,47.10005922050798],[8.515767421768455,47.100115098400245],[8.515935990100179,47.10017777535667],[8.515980120068521,47.100188786344944],[8.51601363296961,47.10019133285241],[8.516063816067282,47.10019086241247],[8.51610349672214,47.100187629750764],[8.516136894788191,47.10018446497252],[8.516176504930721,47.100178381281324]]}},{"type":"Feature","properties":{"id":19,"t_id":18,"liniennummer":"605"},"geometry":{"type":"LineString","coordinates":[[8.505299681546047,47.107676665557285],[8.505347705425434,47.10773416157559],[8.505391961557324,47.10776189859175],[8.50543443742091,47.10777036520929],[8.505505943268975,47.107764466022054],[8.505672143261867,47.10772880241328],[8.505785046794612,47.10770237725031],[8.505872714444068,47.10768433644185],[8.505946226145422,47.10767794158017],[8.506019825259473,47.107677258166326],[8.506083649830028,47.10768923255205],[8.506144515480331,47.10772066522128],[8.50618860523769,47.10774995075012],[8.506222862002186,47.1077896187367],[8.506242052309013,47.10782829318357],[8.506249709874083,47.10787734789927],[8.506248176469882,47.10788436983734],[8.50624743992313,47.10788774109202],[8.506237440837072,47.10793343346219],[8.506213540182449,47.1079744422129],[8.506188473186668,47.10800386625767],[8.506144857534368,47.108030790818674],[8.50608501737079,47.10805349409338],[8.506020470965073,47.10807276867544],[8.505943220450657,47.10809125261017],[8.50576269351827,47.10813333764051],[8.505621093536051,47.1081677744925],[8.505503772145298,47.10820199482797],[8.505396503162155,47.10824213991313],[8.505292632481567,47.10828753387061],[8.50527446086808,47.1082960325632],[8.50521713966475,47.10832285904766],[8.505181794314804,47.10834100759909],[8.505059453373176,47.1084123545527],[8.504947819297472,47.10849669987024],[8.504845131891795,47.10859166703793],[8.504638335316024,47.10879827440383],[8.504482994790658,47.108962753927436],[8.504408357344339,47.10906698708996],[8.504366496215948,47.1091530597547],[8.504324882073501,47.10925221893194],[8.50431571337782,47.1093165695918],[8.504322126729596,47.109376017038585],[8.50434608699579,47.1094412390037],[8.504399580581456,47.10950143739098],[8.504452553454485,47.10953545394623],[8.50451583128608,47.109562241293204],[8.504570093734662,47.10957364850693],[8.504618936364231,47.10957556146206],[8.504662444261541,47.10957159566873],[8.504716232856287,47.10955918645472],[8.504787024505413,47.109525218618614],[8.50486441632351,47.10947332395171],[8.504958516070984,47.10938439165278],[8.50501322768365,47.10933032339468],[8.505045801764012,47.10930265612048],[8.505106132789718,47.10926877612968],[8.50517875708548,47.10923953180389],[8.505232569219801,47.10922832755579],[8.50527957809293,47.109225507484354],[8.505324990393945,47.109229853834044],[8.505347791274268,47.10923678487719],[8.505377737136676,47.10925315812271],[8.505542403637776,47.10920641722262],[8.50570859507247,47.10914892999147],[8.505817791945447,47.1091181762999],[8.505933819306152,47.10909364711591],[8.506003598893576,47.10908566765394],[8.50612305867854,47.10908396462144],[8.506195039890633,47.10908861263037],[8.506279187360368,47.10909614318217],[8.50637464079126,47.10911099015354],[8.506427818725493,47.109120211600086],[8.506498836748898,47.10913272166217],[8.506576175864005,47.109154312643255],[8.506644622681451,47.10918126670171],[8.506713226792774,47.10921346378445],[8.506818129558814,47.109267390114546],[8.506863338091096,47.109284637666704],[8.506929840933166,47.10930725567646],[8.506985149299357,47.10931956060423],[8.50703294651597,47.10932323642099],[8.5070849243425,47.10932511918689],[8.507158452980677,47.109321449129],[8.507317357985002,47.109306964042226],[8.507645319799163,47.10927435446894],[8.507796229768292,47.10925474352117],[8.508002943563081,47.109224726909844],[8.508119407891119,47.10920430250968],[8.508247741348393,47.10917715566515],[8.50830395474173,47.109160206325456],[8.508362412689372,47.10913755074992],[8.508428358604878,47.109103877616946],[8.508465903966936,47.10908309881882],[8.508502679933558,47.109055463404346],[8.508551150071867,47.10901234537809],[8.508594641604178,47.10896536951189],[8.50864312288822,47.10890170502415],[8.508754187869862,47.10873831562627],[8.508845648214372,47.10860931951735],[8.508879923991671,47.108556806984424],[8.508945722153344,47.108469619130055],[8.508989373951826,47.108417514024865],[8.509042456638017,47.10836262235188],[8.509129162932686,47.108278658072294],[8.509240768388574,47.108191250330655],[8.509399897858337,47.1080820438438],[8.509477717180669,47.108038678989544],[8.509599117965125,47.10798061377063],[8.509711452148364,47.10793763783785],[8.509790391312118,47.107911426249544],[8.509904288714484,47.107880750759044],[8.510010146899976,47.10785986551099],[8.51017284623105,47.10782980537206],[8.510328397355439,47.107799406837415],[8.510551238824826,47.10775132463142],[8.510622682881959,47.107733143611085],[8.510679777879835,47.10771295538085],[8.510711486534369,47.107698860140864],[8.510745456293142,47.10768121746217],[8.510785062947654,47.10765292518293],[8.510811647045289,47.10762702129327],[8.510836215482497,47.10759322892023],[8.510859970165292,47.1075326007647],[8.51087909637343,47.10745664201324],[8.510906496685733,47.10733919855625],[8.510941744557845,47.10716620498245],[8.510967975826514,47.107029863302586],[8.510999188510324,47.10686132426244],[8.511048372933896,47.10663751844994],[8.511072875462078,47.10655438483595],[8.511089395251553,47.10649832199894],[8.511130245813394,47.106353846613],[8.511155443515621,47.10627517738486],[8.511189107960394,47.10619494484258],[8.511218434331969,47.10614943146193],[8.511247415926732,47.1061215799869],[8.511282903942094,47.106098885332855],[8.511333829010663,47.10607794471012],[8.51138779545024,47.106067428764646],[8.511447332903831,47.106061412656665],[8.511540865273025,47.10607131657064],[8.511631050906303,47.10608976164994],[8.511753518677049,47.10612740810481],[8.5119017756168,47.10617910790956],[8.511995580515082,47.106226278390714],[8.512105981375209,47.10628305421685],[8.512203671521329,47.10633868025348],[8.512273335057587,47.10636655516552],[8.512332725463303,47.106384090904186],[8.512394461673773,47.106390476929704],[8.512467789864257,47.10639082641376],[8.512555252662361,47.10638052773462],[8.512633193655416,47.106355313010916],[8.512670774487544,47.1063417380749],[8.512882658075608,47.10623905935093],[8.513635407391872,47.105875924034436],[8.513709786684586,47.10584398605033],[8.513795693363006,47.105814629927686],[8.513843197305569,47.10579397206262],[8.513864395541273,47.10578277193201],[8.513878870533684,47.10575890566987],[8.513914244809426,47.105672836017206],[8.513959670154906,47.105589317077445],[8.514002377908051,47.10552072954232],[8.514028118739866,47.1054778847198],[8.514044528767077,47.10546247435026],[8.514086657965013,47.10541430360864]]}},{"type":"Feature","properties":{"id":20,"t_id":19,"liniennummer":"626"},"geometry":{"type":"LineString","coordinates":[[8.514086657965013,47.10541430360864],[8.514097705610698,47.105444183161396],[8.51411305700943,47.10547974375738],[8.514119713009524,47.10549824875987]]}},{"type":"Feature","properties":{"id":21,"t_id":20,"liniennummer":"601,612,634"},"geometry":{"type":"LineString","coordinates":[[8.579699224133071,47.13776682749253],[8.579890033435909,47.13774304740466],[8.580107224910176,47.13772557210525],[8.580268781944072,47.137716097195764],[8.580462209965297,47.137708806482344],[8.58086288784234,47.13767163324084],[8.581109681810853,47.13764705220225],[8.581475252199201,47.13761484041708],[8.58184862670059,47.13758077771423],[8.582151456275495,47.13755099556851],[8.582255879032864,47.1375410334088],[8.58233934633713,47.13752949837356],[8.582433240653126,47.13751606940965],[8.582516631607437,47.1375009636628],[8.58268891248779,47.13748440691904],[8.583033499659813,47.13744941227383],[8.583307707428975,47.137427045554915],[8.583594875332553,47.13739918764568],[8.583829882800709,47.13737900009397],[8.584114402554784,47.13734939507291],[8.584229251504759,47.137337537099164],[8.584310324153135,47.13733672951112],[8.58439675709955,47.13734122098117],[8.584475321552436,47.13734579977681],[8.584564415728709,47.137352054776464],[8.58475630185365,47.13739476199176],[8.584950413466398,47.137437338757785],[8.585150527492564,47.137480089252875],[8.585339600772217,47.1375139086791],[8.585599742039442,47.13756665696221],[8.58588081301251,47.13762097705819],[8.586174947598895,47.13767337595711],[8.58640079047585,47.13771396045736],[8.586731656636637,47.13777136187387],[8.587049396871354,47.137827103242756],[8.587230643155397,47.137860988740776],[8.587716478298814,47.1379489546853],[8.588063133877705,47.1380115470606],[8.588302081293898,47.138052005878876],[8.58861451526943,47.13810421565428],[8.58886657691381,47.13814632335289],[8.58914235801825,47.138197117092844],[8.589183523843332,47.138204198811245],[8.589425982111685,47.13824783169971],[8.589730576050293,47.13830012590577],[8.589967192287588,47.13833259832729],[8.590082084891014,47.138344797936725],[8.590193045801744,47.13834949828986],[8.590218249443872,47.138350577316146],[8.590409222640151,47.13835045514557],[8.590578932416461,47.13833447007758],[8.590813659196973,47.1383017668738],[8.591145005472193,47.13825918014007],[8.591371940828378,47.13822834403766],[8.591510138528815,47.13820732090347],[8.591614343371113,47.13818663838574],[8.591762621996459,47.13814766614383],[8.59188216556667,47.138110763024066],[8.591965992991272,47.138084779061295],[8.592066661853218,47.138053579470565],[8.592331655391579,47.13796701737184],[8.592609543471848,47.13787320956403],[8.592949939180754,47.13776624251471],[8.593160339825957,47.13769628396717],[8.59337868489683,47.13763161577936],[8.593612676687403,47.13756321869049],[8.593833797434625,47.13750565545315],[8.5939976802097,47.13746295220219],[8.594138253675661,47.13743119695641],[8.594276384357807,47.137406599785926],[8.594602283759206,47.13735512485702],[8.594904783609117,47.13731103595009],[8.595199684795919,47.13727771871628],[8.595353691942414,47.13726188445915],[8.595609432024613,47.137232540379614],[8.595760738875933,47.13721316138876],[8.595909513076682,47.13719737903338],[8.59604517400141,47.137179956272256],[8.596185861190989,47.13715354988555],[8.596292517694788,47.137125704702115],[8.596409407465279,47.137087033351804],[8.59653916621269,47.137039326426944],[8.59665313725305,47.136986407800336],[8.59675164222301,47.13694436785177],[8.596826722633663,47.13690790725209],[8.597005474986098,47.13682756421896],[8.59712993556533,47.136776320633054],[8.59725719863037,47.13673397255852],[8.59737416430672,47.136698879791695],[8.597475741284669,47.136678227375086],[8.597569539670047,47.13666120661449],[8.597692330232904,47.13665283546712],[8.59781775541613,47.136646200819904],[8.597935570446335,47.13665036580207],[8.598050994753605,47.13666527781924],[8.598171819284927,47.13668726898412],[8.598295317547294,47.13671279541957],[8.598445403906856,47.13675769153648],[8.598611497561455,47.13681671142078],[8.598785588352962,47.13688278410633],[8.598988825780346,47.136966419229005],[8.5992501639121,47.13707446715279],[8.599506308919654,47.137184339092215],[8.599701486501349,47.13725913044175],[8.599828010020856,47.137302481473995],[8.599988448472276,47.137341918546944],[8.600153887616528,47.137370599829296],[8.600340269652255,47.13740085051068],[8.60053432680523,47.1374220904702],[8.60074136858437,47.137439636542744],[8.600945658958214,47.13745006734248],[8.601155129991536,47.137458655238284],[8.601374872790535,47.137458224013734],[8.601662484006212,47.13745176252884],[8.601923841607594,47.1374401863558],[8.60239955415193,47.137421097198796],[8.602948496317035,47.13740125573982],[8.603476559768785,47.1373834133006],[8.603981121499112,47.13736758775194],[8.604237271564893,47.13735785824984],[8.604423562739692,47.13734264717612],[8.604532117875408,47.13733012200386],[8.604623902975625,47.13731634540408],[8.604729438407544,47.13729289370082],[8.60486540639799,47.13725820333289],[8.604962437522975,47.13722865749365],[8.60510699007053,47.1371722987054],[8.605335057976847,47.13707358562738],[8.605601883020945,47.136953068673826],[8.605930900624502,47.136805139174065],[8.606259981085433,47.13666077942934],[8.606573505097826,47.13652192024768],[8.60690791815931,47.13638285698899],[8.607146483428247,47.13628582377242],[8.607348770813907,47.136205216344166],[8.607509536067498,47.136139325010895],[8.60762379276213,47.13610066890934],[8.607745930485871,47.136063722753846],[8.607946308387769,47.13601528489945],[8.608073872802814,47.13598719812106],[8.608232676277543,47.13595166877442],[8.60847486049602,47.13590100563719],[8.60880298275416,47.13583340997057],[8.609133753158986,47.135765777409794],[8.60922248221166,47.135747458295974],[8.609524337515133,47.135683258472014],[8.609836903038701,47.13562116175951],[8.610099922646123,47.13556671161321],[8.610222448175989,47.13553858379462],[8.610488011748831,47.135489576326655],[8.61068099812258,47.135462610156374],[8.610863689380677,47.135442909315],[8.611025411298108,47.13542161378227],[8.611089089038062,47.13540798356085],[8.611121747994154,47.13540099365215],[8.611243934081823,47.135365833420295],[8.611366042011806,47.13532711148659],[8.611587792023943,47.13525559974801],[8.611714030637682,47.13521108694302],[8.611918977203208,47.13514403698879]]}},{"type":"Feature","properties":{"id":22,"t_id":21,"liniennummer":"626"},"geometry":{"type":"LineString","coordinates":[[8.513758315109541,47.104062116547084],[8.5138750716733,47.10407792742206],[8.51393577451385,47.10408021119592],[8.513981629138122,47.104072639546956],[8.51401485772835,47.104060904020905],[8.514054098759326,47.10403627525369],[8.514080742081893,47.104008894693514],[8.514092693487722,47.103978790940104],[8.514096095052476,47.103940185212366],[8.514085091769026,47.103913156899274],[8.514067703840613,47.10388047600444],[8.513966617087043,47.103741474461195],[8.513944868488723,47.1037002613678],[8.513937996718331,47.10367033372964],[8.513939575441835,47.10364461801856],[8.513953636761837,47.10361592486663],[8.513962012817574,47.103605924157705],[8.513980193828168,47.10358425414589],[8.514017167935624,47.10355106462111],[8.514177987105247,47.10343531343498],[8.51423140299501,47.103387684680605],[8.51426148991786,47.103354667473596],[8.514281341886495,47.103326333891744],[8.51433145358974,47.10324209619596],[8.51442609985014,47.10308655489004],[8.51451034381677,47.102956910770125],[8.514561528130765,47.10288675931005],[8.514604594337612,47.10284601007202],[8.514656961537643,47.102812469320696],[8.514708868661979,47.10279341606141],[8.51476721778695,47.10278287544279],[8.51484456172543,47.10278072092056],[8.515346589070953,47.102784583018355],[8.515417822162222,47.10279105833774],[8.515520517154334,47.10280152082825],[8.51570309651618,47.10283265361301],[8.516143691458993,47.102901371779616],[8.516334693144374,47.10293527627185],[8.516401980750938,47.1029532126254],[8.51646305583317,47.102974058862735],[8.51652635581014,47.103002026855435],[8.516754445615113,47.1031112823583],[8.51704375550697,47.103248515644175],[8.517168361750082,47.1033087516661],[8.51726117419676,47.10334786696521],[8.517374300548603,47.10335679958743],[8.517891140431038,47.10336908458156],[8.51794548644237,47.10336714392832],[8.51798294674292,47.10335821916706],[8.518018182151966,47.10334218162923],[8.518055182580659,47.10331042985692],[8.518095623584292,47.103241502156024],[8.518138130044646,47.103171124709576],[8.518177067425452,47.103132203052105],[8.518212101123753,47.103106164031374],[8.51824524174935,47.103090137101006],[8.518290993014572,47.10307685236313],[8.518338940713853,47.10306926829432],[8.518626559610855,47.10301913125991],[8.518701508492535,47.10300272033325],[8.518755508727672,47.10298364556585],[8.518811417509092,47.10295598884542],[8.518863035545845,47.10292266009828],[8.518902071701525,47.10288801925339],[8.518938911476054,47.10284768671298],[8.518957260597292,47.10282466494022],[8.51898775406053,47.102789753524334],[8.519000661949114,47.102768033304365],[8.519031304822496,47.10271766570577],[8.519056886893145,47.10266394526272],[8.519080759864012,47.10260909841403],[8.519102734201805,47.10254176526021],[8.519119922512257,47.10248470530655],[8.519127100277935,47.10242774845419],[8.519129904418905,47.10237276681181],[8.519130683392847,47.1023571697846],[8.519130750464697,47.102277520428444],[8.519133220659219,47.10223537891621],[8.519147237216874,47.10218632803727],[8.519171215006635,47.10213604104144],[8.519198708601841,47.10209481572981],[8.519252508255091,47.102035144596506],[8.519327512886814,47.10195363917476],[8.519483718267681,47.10176670406886],[8.519641421439424,47.101571784372986],[8.51967568444879,47.101535056132214],[8.519715008087088,47.10150168068875],[8.519751123969716,47.101475172207586],[8.519787403712547,47.10145548098418],[8.519830358191774,47.10143686942397],[8.519875110021694,47.101425068745485],[8.519931623982083,47.10141771825735],[8.519989866351251,47.10141376088503],[8.520141531629811,47.101414600760734],[8.52029478774005,47.10141201605876],[8.520351265217585,47.10140351424532],[8.520391048070703,47.10139291159293],[8.520428997044998,47.10137434691869],[8.520448541996084,47.10135253706169],[8.52046471220015,47.101327358556844],[8.520470756970756,47.10129658102118],[8.520471612738397,47.101256748584596],[8.520460880586798,47.10122044362457],[8.520441823784621,47.10118420802464],[8.520414337483194,47.10114349989143],[8.520369913676783,47.10108930454859],[8.520337343566696,47.10104409237388],[8.520325112603496,47.10101576278533],[8.52032286554677,47.100987330235384],[8.52033067502094,47.10096108796869],[8.520341987465988,47.10094391647624],[8.520364946872284,47.100925492896174],[8.520404509388278,47.10090464609802],[8.520460737019757,47.10088249095935],[8.520651044421683,47.10081698225063],[8.520879938204887,47.1007390824997],[8.520960523094253,47.10071165110746],[8.521003430788921,47.10069077259613],[8.521039604440979,47.10066653009075],[8.521062379629171,47.10063900435565],[8.521076758091878,47.10060928176182],[8.521080765375498,47.10055918241184],[8.521073237161286,47.10051715298584],[8.521054272123251,47.10048546848918],[8.521030325021446,47.10045497337616],[8.520982706485336,47.10040762716301],[8.520967441782998,47.100394124292976],[8.520941982764846,47.1003716046802],[8.520879398352811,47.10032554182553],[8.520747564933131,47.100233469770174],[8.520681602535753,47.10018516267816],[8.520645976210837,47.10015364397391],[8.520626330167845,47.10012409782298],[8.520613232640988,47.10008873270914],[8.520604531934328,47.100051248172015],[8.520606102328607,47.10001745417033],[8.520617881590335,47.09998622681471],[8.520638257598343,47.099960585875664],[8.520670546914921,47.09993710870819],[8.52071187900589,47.099913906224046],[8.520766377812286,47.09989818120078],[8.520828409461119,47.09989146198049],[8.520903095082808,47.099894878775885],[8.520933737403086,47.09990140003625],[8.520986125594215,47.09991945601317],[8.521038615648267,47.09994320534719],[8.521088953372738,47.09997192261806],[8.52116690654897,47.100024263600204],[8.52123837251452,47.100062623197864],[8.521299475480202,47.10009274126972],[8.521356338065452,47.100109243635956],[8.521413554337467,47.100115865255816],[8.521466663900762,47.1001141864347],[8.521514014537821,47.10010915244305],[8.521572910477895,47.10009523874155],[8.521599130071799,47.100086940440754],[8.521667747621564,47.100065171709915],[8.52171885005565,47.10003979876039],[8.521761559211601,47.10001565635102],[8.521806900952505,47.099984238499985],[8.521850318759054,47.09994367204425],[8.521924891694692,47.09986395905735],[8.522011467530138,47.09977781782203],[8.5220735953532,47.09971918225883],[8.522112870337452,47.0996835394717],[8.522150702569384,47.09965928995963],[8.522186999869685,47.099641873722646],[8.522221765862454,47.09963016625334],[8.522258224444457,47.09962072774772],[8.522303115697994,47.09961461912665],[8.522344736882777,47.09961422666891],[8.522404856685485,47.09962047857286],[8.522618825961409,47.09965373318294],[8.522724142915829,47.099670947303636],[8.52280427993265,47.09967815264718],[8.522849351918397,47.09968227932958],[8.522887657403041,47.099680784484455],[8.522924266839006,47.09967815416528],[8.522975809740167,47.09967199152198],[8.523018840605019,47.09965792989343],[8.52305839120833,47.09963593980271],[8.52307301171224,47.09961759434487],[8.523080865506762,47.0995936183925],[8.523083494279595,47.09955947251132],[8.523074525178503,47.0995276850164],[8.523053909493278,47.09949714988125],[8.523021739518592,47.09947242710051],[8.522921982649862,47.099400547284894],[8.522756420511334,47.09928945473965],[8.522736081489692,47.099272581561735],[8.522717461071746,47.0992579591112],[8.522702021880491,47.099236487832535],[8.522693454366834,47.09922518895709],[8.5226431076081,47.09912439810281],[8.522606721261456,47.09905532968986],[8.522567104525134,47.098991977079635],[8.522508904097322,47.09891515308831],[8.522466300562083,47.09886890264474],[8.522425530991065,47.09883060517155],[8.522332371370034,47.09875523523792],[8.522257934052607,47.09870018113897],[8.522223970399184,47.09866749577433],[8.52220850847887,47.09864488217751],[8.522201337995895,47.09861992346186],[8.522202537609884,47.09859716176731],[8.52221699717127,47.09857085664662],[8.522246366458514,47.09853985906793],[8.522321522787177,47.09846632039064],[8.522362617384282,47.09843863062154],[8.522466380085994,47.09837846872147],[8.522565427292154,47.09833202482084],[8.522659607464094,47.098292454555846],[8.522727162406643,47.09825541131009],[8.522769735077866,47.09821745223121],[8.522815386996223,47.09816695991886],[8.522850877481888,47.09810972664047],[8.522879519450957,47.098043463203155],[8.522883672550838,47.09800131465985],[8.522879294759038,47.09794901837017],[8.522866704600444,47.09790361837822],[8.52283739738855,47.09785495768975],[8.522804630206403,47.097800662277365],[8.522764958372077,47.09773390083425],[8.522752565850297,47.097697611715134],[8.522736574691988,47.097648834380664],[8.52272543963107,47.09759590914848],[8.522723675665134,47.09758750571452],[8.522681935451047,47.097336430704345],[8.522655802505078,47.09719785393467],[8.52265460573458,47.09713869081211],[8.522663612705772,47.09708967766362],[8.52268229413385,47.09702465067944],[8.522723895943473,47.096940048504266],[8.522768612960322,47.09684404622385],[8.522792170457592,47.09677326987542],[8.522807358436927,47.09670031453124],[8.52282954825612,47.09656129088872],[8.522857238109593,47.096365316862695],[8.52287267116568,47.096221796071035],[8.522878322838007,47.09615866414234],[8.522882196232892,47.096117021984504],[8.522889244153548,47.09597575727892],[8.522888666396755,47.09594720103752],[8.522884115807578,47.09592867662249],[8.522879494367054,47.095907301204264],[8.522860153881389,47.095881773654526],[8.522828143816778,47.095891539243446],[8.52277819588219,47.09590343513506],[8.52273652431039,47.095910961929036],[8.522659277202639,47.0959174029546],[8.522577739556311,47.0959181720589],[8.522479347064449,47.09591339672732],[8.522397796251402,47.095914165828184],[8.522350253209122,47.09591536082911],[8.522305843435394,47.09591646329371],[8.52222435008271,47.09592007440475],[8.522122142196418,47.09593247175637],[8.52203043581514,47.09594761269051],[8.521930439753747,47.09596712269393],[8.521807749822964,47.09600112285689],[8.521645799720512,47.09605835122673],[8.521432268321831,47.09615033940312],[8.521225107339275,47.09624797050331],[8.52106786272837,47.09633083673863],[8.521024500490702,47.0963583854999],[8.520983289715275,47.09638875665577],[8.520960713407073,47.09641038829245],[8.520934230981258,47.09643559206257],[8.520914242964007,47.09649080763921],[8.520902829359796,47.096546617147744],[8.520899794542684,47.096603769085085],[8.52090968596637,47.09667935763327],[8.520931938297732,47.096849096798],[8.520943174279997,47.096887546995696],[8.520956318303512,47.0969174152174],[8.520982129099787,47.09695286748113],[8.52103779517679,47.0970166092218],[8.521070077312153,47.09706200384872],[8.521085373171337,47.097094703457515],[8.521092088312892,47.0971160682118],[8.52109692669885,47.09714886631742],[8.521099597648616,47.097177402835484],[8.5210907568977,47.09721515153532],[8.52106578041717,47.097263406383064],[8.521031213171097,47.097312282307236],[8.520955751824273,47.097407251032436],[8.520635742784712,47.09781869175009],[8.52050137095633,47.09799989977713],[8.520448167736607,47.09805752393854],[8.520402940010511,47.09809650566965],[8.520376538219018,47.09811596921197],[8.520339089471184,47.09813570764548],[8.520303800632776,47.09814889478664],[8.520260090521523,47.09815930050998],[8.520224642183551,47.09816393412164],[8.520191146041011,47.09816281902566],[8.520147132137904,47.098157520898],[8.520111439737867,47.09815071411399],[8.520061056935589,47.09814119388578],[8.51999757770528,47.09811459689538],[8.519936289473357,47.09808232989346],[8.51977802329467,47.09801241021763],[8.519693754659796,47.09798178960402],[8.519636987551028,47.09796661691399],[8.519597120180409,47.09795984924223],[8.519540583519253,47.09795609900268],[8.519479973543596,47.09795809038097],[8.519427842427902,47.09796572331756],[8.519367533648959,47.09798199713277],[8.519319721673352,47.0979967320677],[8.519272066668789,47.09801859917485],[8.519214040454795,47.09804485477349],[8.519164435186816,47.09807388283634],[8.519096382941454,47.098121651634926],[8.519016252256321,47.09819237426989],[8.518940383215032,47.0982673567776],[8.518917904946449,47.098293278062634],[8.518893703550582,47.098327824518144],[8.51884288313421,47.09840965119751],[8.518810349655174,47.09845564663587],[8.51877146061488,47.098497428793614],[8.518726202474069,47.098534979800114],[8.518676552195696,47.09856115639791],[8.518626888516517,47.098587324103725],[8.518514865475233,47.098632654071594],[8.518456866860248,47.098660330351024],[8.518401135089412,47.09869655829643],[8.518368945995475,47.09872175208569],[8.51834759916128,47.098738468918945],[8.518279846450586,47.09880052871738],[8.518127931342995,47.098941903329575],[8.51794918828369,47.09910065767422],[8.51789757354471,47.09913399503321],[8.517845843540055,47.099161612125364],[8.517764962161671,47.099195215248486],[8.51767775379114,47.099226026050424],[8.517584205441104,47.09925405363478],[8.517507154254524,47.099270492623724],[8.517428008620222,47.09928694222471],[8.5172196630594,47.09932602335581],[8.517201319277746,47.09933030658632],[8.517123918119655,47.09934834985142],[8.517032434348883,47.09937490928425],[8.516936918910627,47.099408649129295],[8.516864204443502,47.0994402948614],[8.51682288463514,47.099458278277034],[8.516744297250318,47.09950184447733],[8.516684432526185,47.09954097099604],[8.516624739960607,47.099588659861155],[8.516561216646174,47.09965352160528],[8.516475372169587,47.09975286661366],[8.516383816559035,47.09987939641356],[8.516245622980293,47.10007919335029],[8.516176504930721,47.100178381281324]]}},{"type":"Feature","properties":{"id":23,"t_id":22,"liniennummer":"603"},"geometry":{"type":"LineString","coordinates":[[8.53902809146242,47.197185490645],[8.539022161618423,47.19722314901111],[8.539016730309605,47.19728568449924],[8.539003552668438,47.1973476193434],[8.538985342011566,47.19740163216287],[8.538954828431146,47.19746771772711],[8.538895086883148,47.197571288461056],[8.538798295812214,47.19775558902419],[8.538653626213558,47.198023547383094],[8.53857313782762,47.19818496904169],[8.53852288201927,47.19828779225406],[8.538501237758215,47.19833917507224],[8.538479862519669,47.19840364393897],[8.538450019703063,47.19849021495006],[8.538417488408475,47.19860715384477],[8.538376970351637,47.198758676191254],[8.538328877627034,47.19896740201409],[8.538259114896707,47.19922630539111],[8.538232397265784,47.19937056234008],[8.538210404448485,47.19948977534499],[8.538193527897516,47.199602984388726],[8.53816356544855,47.199843669286174],[8.538144438911102,47.20001758420232],[8.538128173603745,47.200160544869235],[8.538104797903229,47.20038331052807],[8.538088325584322,47.20051556837251],[8.538079692770223,47.20059258127157],[8.53806746824642,47.200690705179355],[8.538064456266051,47.20072011360449],[8.538036140865893,47.200950446706884],[8.538024208739508,47.20105509862131],[8.537964917117755,47.2010697428186],[8.537897196872192,47.20107566074505],[8.53783874205014,47.20106037748855],[8.537799238765283,47.20102508697774],[8.537798288801847,47.20097885860817],[8.537816914214671,47.200941699863506],[8.537870145582657,47.200890996215904],[8.537932791302119,47.20082698811431],[8.537982346779506,47.200786889346865],[8.538064456266051,47.20072011360449]]}},{"type":"Feature","properties":{"id":24,"t_id":23,"liniennummer":"642"},"geometry":{"type":"LineString","coordinates":[[8.460807808541842,47.1829155507428],[8.460983404509735,47.18289734063393],[8.461193193407256,47.18287880853089],[8.461373632557125,47.18285720846396],[8.461485523627767,47.18283123370272],[8.461587601829947,47.18280199969662],[8.461691910745511,47.18276108756381],[8.461788794642715,47.18271690398814],[8.461902241490154,47.1826425999823],[8.461998342115443,47.18255679186153],[8.462067902186796,47.182487861361594],[8.46213675328508,47.182383944494866],[8.46217419693251,47.18229698457248],[8.462192823053789,47.18224850393969],[8.462215756471075,47.182169993891144],[8.462233381402235,47.18206986979358],[8.462229124434426,47.18197493279354],[8.462226957244619,47.181958202379114],[8.46221513925577,47.18188873600089],[8.462201953055477,47.18183740778974],[8.462187470569905,47.181776249987806],[8.462177896821295,47.18173926451639],[8.462177689779022,47.18173602796473],[8.462176312574178,47.181715071618136],[8.462174611113962,47.181684061146285],[8.462176348631752,47.18165832746122],[8.46217867324772,47.1816046574181]]}},{"type":"Feature","properties":{"id":25,"t_id":24,"liniennummer":"601,602,604,605,612,613"},"geometry":{"type":"LineString","coordinates":[[8.515054916172428,47.173057911126726],[8.514941130218924,47.17286737724422],[8.51478217317512,47.17259992114984],[8.514660605262081,47.17240344167206]]}},{"type":"Feature","properties":{"id":26,"t_id":25,"liniennummer":"602,605,612,613"},"geometry":{"type":"LineString","coordinates":[[8.514660605262081,47.17240344167206],[8.514615518628752,47.17233008099037],[8.514518089715576,47.17217151717884],[8.514426065229973,47.172021250717194],[8.514349210412,47.17189389821103],[8.514330378577307,47.17186267945504],[8.51418948737212,47.171624793252334],[8.514086894705036,47.17146383951323],[8.51405604427453,47.171410882617366]]}},{"type":"Feature","properties":{"id":27,"t_id":26,"liniennummer":"601,603"},"geometry":{"type":"LineString","coordinates":[[8.517092155919416,47.174469127420046],[8.517130143626643,47.17461154119749],[8.517144884216945,47.17466022238409],[8.517199197369784,47.17484418691892],[8.517256319827753,47.175080461701384],[8.517280949010294,47.175176628108346],[8.517363398501992,47.17545790450842],[8.517466108603632,47.17579133652428],[8.517520183928717,47.175963392888406],[8.517570430468759,47.17611761978716],[8.517655490611704,47.176354837845366],[8.517729923717013,47.176583825512665],[8.517779342618752,47.1766976067085],[8.51782945750983,47.17684588860158],[8.517878130356571,47.17700965647866],[8.517915575685596,47.17713545110375],[8.517947616627088,47.17725296643825],[8.517977724644338,47.17736098250991],[8.51798908565339,47.17740490059078],[8.517994007784838,47.17747625275755],[8.51802223083454,47.1775771439593],[8.518031867213415,47.17760750380078],[8.518057647834727,47.177688681483076],[8.518105828886421,47.17782865141784],[8.518158156225281,47.177999527410236],[8.518219525931482,47.17818698746472],[8.518243510109759,47.17825102728285],[8.518269584584564,47.17833169839932],[8.518293363707292,47.17838622275329],[8.518317084026041,47.17843717638877],[8.518344419876824,47.17849404221474],[8.518374035826103,47.17857825134933],[8.518400577671166,47.17868272048341],[8.518447670092577,47.178823573046394],[8.518493535712176,47.17896507578674],[8.518534623722914,47.17909798752683],[8.518568274622691,47.179202974632595],[8.518584760001556,47.17925691966805],[8.51858864676337,47.17926646354452],[8.518635246923843,47.179413599587036],[8.518672730443628,47.179541768411866],[8.51872686359229,47.17971500200844]]}},{"type":"Feature","properties":{"id":28,"t_id":27,"liniennummer":"611"},"geometry":{"type":"LineString","coordinates":[[8.511242232134371,47.17494134450484],[8.511208243223914,47.175227389312596],[8.511218952245038,47.17531477196897],[8.511286422311233,47.1758810024689],[8.51135002198178,47.17635806834],[8.511364276747623,47.176465676058946],[8.51137625919702,47.176536926654634],[8.511392614472355,47.176634142836264],[8.511399722211861,47.176680053215165],[8.511453612310962,47.177028059312136],[8.511470658187534,47.17709324462393],[8.511487402228703,47.17714403075606],[8.511513657517364,47.1771980656034],[8.51155897895591,47.1772607744073],[8.511596079551657,47.17730694491654],[8.511640957174867,47.177347510606054],[8.511692024779629,47.17738359272411],[8.511747783272575,47.177417409166736],[8.511816169896028,47.177453320761884],[8.511882809449027,47.17748039691623],[8.511973148934224,47.17751168686676],[8.512072875149212,47.17754066728676],[8.512201023753885,47.17757382635797],[8.512333859144107,47.17760582611033],[8.512484067400543,47.17764099200781],[8.512604633807808,47.17767234128805],[8.512713050174737,47.17770897630714],[8.51279685918357,47.17774351100822],[8.512877719808916,47.17778692485902],[8.512962025459997,47.17784355705015],[8.512983290559205,47.177859883521094],[8.513027361907795,47.17789372747906],[8.513089851871847,47.177957192986085],[8.513188470075594,47.17809648711275],[8.513200080421775,47.17812541658864],[8.513208343513767,47.178145993393485],[8.513225011153743,47.17819221921127],[8.513235479734305,47.17824181329079],[8.513249344732175,47.178303519748596],[8.513255721212877,47.17834905902228],[8.51326231344031,47.17839614352791],[8.51328698424542,47.178545249501255],[8.513305237892627,47.17865795612832],[8.513324629825561,47.17881945336487],[8.513363285422521,47.17913670080871],[8.513370156596876,47.17919306617616],[8.513399080518063,47.17944879345205],[8.513403576251584,47.179484760938266],[8.513446231181891,47.179825692414845],[8.51346874963879,47.18000092369052],[8.513477786290624,47.18007312809564]]}},{"type":"Feature","properties":{"id":29,"t_id":28,"liniennummer":"631"},"geometry":{"type":"LineString","coordinates":[[8.57374698835167,47.21613583172061],[8.57375088194961,47.216130800772056],[8.573755530229445,47.21612587033364],[8.573760752975083,47.216121258076484],[8.57376704509866,47.2161166442759],[8.573772922818165,47.2161130330745],[8.573779752262457,47.21610947546278],[8.573787563076728,47.21610612407422],[8.573795217184015,47.21610347588915],[8.57380315822448,47.21610128365302],[8.57381072906985,47.21609968877672],[8.573819112551549,47.216098436720735],[8.573827612132694,47.21609767827985],[8.573836848779075,47.21609743432091],[8.573845410298354,47.216097727757614],[8.573853254800046,47.216098451055295],[8.573861625742943,47.216099717897656],[8.573870433019664,47.216101637120325],[8.573878336572225,47.21610389808798],[8.573891636064985,47.21610908342723],[8.573898897168688,47.21611279902287],[8.573904795824674,47.216116393112145],[8.573911111862582,47.21612099059851],[8.573916020697553,47.21612522413773],[8.573921070290613,47.216130490787386],[8.573925101013515,47.21613565053607],[8.573928476136137,47.21614102364614],[8.573931129086178,47.21614658378691],[8.573933071917624,47.216152276865785],[8.573934215119973,47.21615761800078],[8.57393474458766,47.21616390073117],[8.573934472516308,47.2161697415801],[8.573933556540242,47.21617510301138],[8.57393170716787,47.216181274254296],[8.57392921159896,47.216186858154366],[8.573926320249033,47.21619183425227],[8.57392248480908,47.2161971165113],[8.573918384440933,47.21620173570447],[8.573913335781626,47.21620646319613],[8.573907726043736,47.216210881370486],[8.573901071987272,47.21621523787248],[8.573894898903445,47.21621861810501],[8.573887786145397,47.21622189065544],[8.57388029481582,47.216224744141755],[8.573872476568738,47.216227124081065],[8.573864962707239,47.21622891630352],[8.573856004903236,47.2162304798746],[8.573848207568018,47.21623135733515],[8.573839648674726,47.216231810510244],[8.573831066080281,47.21623176915839],[8.573821877271879,47.21623115805989],[8.573813456946509,47.216230053622574],[8.573805808541001,47.21622861773423],[8.573797870528397,47.21622659998329],[8.57379059960061,47.216224287797225],[8.57378261094244,47.21622112809868],[8.573775634093572,47.21621774253285],[8.573769084631925,47.216213965942465],[8.57376305514761,47.2162098064106],[8.57375755998599,47.21620531776981],[8.573753029943262,47.21620089158268],[8.573748724134848,47.2161958334911],[8.5737450867477,47.21619054392132],[8.573742131745197,47.21618505871826],[8.573739873090673,47.216179413726934],[8.57373826297505,47.21617322260627],[8.57373756801457,47.21616785006527],[8.573737566373588,47.21616155313698],[8.573738340442949,47.21615572533285],[8.573739693370007,47.216150422566585],[8.573742072666924,47.21614433606102],[8.57374698835167,47.21613583172061]]}},{"type":"Feature","properties":{"id":30,"t_id":29,"liniennummer":"611"},"geometry":{"type":"LineString","coordinates":[[8.513378215788006,47.18015793297744],[8.512954259434776,47.18018124926868],[8.51290274951662,47.18018442870322],[8.512688276128848,47.18019765669585],[8.5124893121681,47.180209920995225],[8.512244174338619,47.1802204027099],[8.512024506064954,47.18023315617039],[8.511813546590506,47.180244649589426],[8.511560763375385,47.18026009474113],[8.511506591573491,47.180263442291164],[8.511462263271095,47.180266185320825],[8.51125749794643,47.180281955872175],[8.51120010949824,47.180292016993434],[8.511132520144768,47.18031644917281],[8.5111210124507,47.18032288930752],[8.51106030987873,47.18035850179366],[8.510998456524593,47.18041898884361],[8.510961881172797,47.180486014067846],[8.510951989565378,47.180549399352365],[8.510959691453262,47.18062955947512],[8.510985072668593,47.18082030887794],[8.510993865764028,47.18090685470854],[8.510998384328733,47.18095127792466],[8.510993660247026,47.18103946094393],[8.510968108762308,47.181107516902316],[8.510949722183435,47.181142690114996],[8.510922291725343,47.18118480222924],[8.510885668265963,47.18122377954218],[8.510846496067842,47.18125671754173],[8.51079377020232,47.18129474734964],[8.510740763426117,47.18132666273315],[8.510694911320392,47.181350199511876],[8.510647150826536,47.181369364186764],[8.510624483048908,47.18137657387718],[8.510589976203951,47.18138752804297],[8.5105406989904,47.18139750428781],[8.510384139898921,47.18142514830893],[8.510353673387776,47.181429668905224],[8.510248843192077,47.18144524475896],[8.510129055870038,47.181463037733124],[8.509845701913925,47.18150512975195],[8.509446124775629,47.18156382872972],[8.509175721207605,47.1816063293555],[8.508820056467044,47.181661289364236],[8.508745788398834,47.18167319734586],[8.508610588241451,47.18169488318206],[8.508554459340196,47.18169875127194],[8.508495656406165,47.181690958894634],[8.50843675369037,47.18167817485309],[8.508395500775928,47.18174241805474],[8.508389566866818,47.181765025186536],[8.508396613235261,47.1817947621455],[8.508429605652685,47.18190006394465],[8.508480663941802,47.182070191080086],[8.508488210386474,47.18212427448916],[8.508463619334163,47.182173241232604],[8.508433460435944,47.18220241541016],[8.508377520621346,47.18222368814728],[8.508322876248894,47.18223782429912],[8.508084293801337,47.18229952907451],[8.507555196446843,47.182436211130806],[8.50734846594536,47.18249079991133],[8.507282395180026,47.18250825307824],[8.507171143094265,47.18253671344448],[8.506883330954023,47.182610333071175],[8.506377169293838,47.18273959131861],[8.506359134801041,47.1827443193705],[8.505848099467565,47.18287808228686],[8.505489953294763,47.18297527122946],[8.505293583453133,47.18302492961316],[8.505228307717552,47.18303004125354],[8.505198194244757,47.18302652413002],[8.50516406005957,47.18302252250662],[8.505109784048912,47.18300226352872],[8.505075846310369,47.18297369307984],[8.505051798711541,47.18292696783527],[8.50494646947986,47.1826138262654],[8.504872676072116,47.18239209362426],[8.50483147088512,47.18226827304681],[8.504694605191979,47.18185883756055],[8.504650314486087,47.18173970520675],[8.50676400758202,47.1811359814459],[8.507090170027992,47.181059244396344],[8.50811804964058,47.18089308523699],[8.507605702497514,47.179204654919204],[8.507594875648872,47.179168575121444],[8.507564914866474,47.17907881629246],[8.507555134242983,47.17904953645186],[8.5075221848304,47.178950836740334],[8.507388044403944,47.17897043338762],[8.507242011690968,47.178991759495304],[8.507103713087712,47.17901257283825],[8.507073577804782,47.17901710749576],[8.506864393228573,47.17904858164287],[8.506734422774246,47.17906692441588],[8.506523265003155,47.179096725074544],[8.506274707808892,47.179130686386316],[8.506164852426254,47.179146826916416],[8.506097000103756,47.179156793637894],[8.505887313071325,47.17918760498223],[8.505816035109962,47.17920045490757],[8.505692540965404,47.17922272150545]]}},{"type":"Feature","properties":{"id":31,"t_id":30,"liniennummer":"611"},"geometry":{"type":"LineString","coordinates":[[8.50843675369037,47.18167817485309],[8.508397254367697,47.18165854471325],[8.50836181235458,47.1816253924403],[8.508339527054293,47.181582456610194],[8.508306109906389,47.18149944984135],[8.508248525652414,47.181308396504576],[8.508172767107146,47.181064195038374],[8.50811804964058,47.18089308523699]]}},{"type":"Feature","properties":{"id":32,"t_id":31,"liniennummer":"634"},"geometry":{"type":"LineString","coordinates":[[8.53950072249739,47.18741479213124],[8.539596696869854,47.18744832762878],[8.53963126245706,47.18746468397239],[8.539669399104003,47.18748272431946],[8.539706736245671,47.18750038548828],[8.539765740581787,47.1875411381175],[8.539794752422228,47.187569745627364],[8.539820295753433,47.18760934300212],[8.539835275399943,47.187640891366584],[8.539842551355047,47.1876770472246],[8.539844437577159,47.18770329646105],[8.539839963391522,47.18773594846752],[8.539823666120334,47.18777565820437],[8.539742629155091,47.187935791151126],[8.539622092899537,47.18816047670713],[8.539562382809672,47.18826564906412],[8.539513281700302,47.188347088384795],[8.539471482067645,47.18842745934648],[8.539390375291596,47.18858045012837],[8.539308963127915,47.188733371797404],[8.539278114463974,47.188791247826074],[8.539247225968587,47.188849115230106],[8.539216297641637,47.1889069740095],[8.539185475348562,47.188964858752406],[8.539155162714994,47.18902250472691],[8.539124956302079,47.189080185659144],[8.53906443699436,47.18919551253067],[8.539003497399568,47.189311590019706],[8.538973047385362,47.18936963305868],[8.53894254434666,47.18942766759924],[8.53890875721408,47.18949156269062],[8.538874903478925,47.18955543141985],[8.538874903663888,47.189555440413734],[8.538841102806325,47.18961931762151],[8.538807262657619,47.18968321318436],[8.538748075078846,47.18979470398695],[8.53871450363729,47.18985627607554],[8.53869009254974,47.18990384437351],[8.538688887438017,47.18990620374985],[8.538668695517579,47.189949107969824],[8.538654868778906,47.18998068882984],[8.538641863533655,47.19001243275567],[8.53862966640478,47.19004433087979],[8.53862477931051,47.19006400605296],[8.538621425882116,47.19007933067552],[8.538618468996706,47.19009468749163],[8.538615895461115,47.19011007662738],[8.53861373166271,47.1901254978307],[8.538612153049419,47.19014434977581],[8.53861112270991,47.19016226993172],[8.538610541319539,47.190180203789375],[8.538609216797894,47.19020756317811],[8.538607337776238,47.19023490987325],[8.538602980076357,47.19028033449176],[8.53859988004618,47.190303491890354],[8.538596198571847,47.190326609865835],[8.53859190926547,47.19034968867035],[8.538587037958692,47.19037270106995],[8.53858157164208,47.19039565618463],[8.538577947669978,47.19040680941431],[8.538574294415286,47.19041718030328],[8.538570363354129,47.19042751786373],[8.538566167310115,47.19043780398192],[8.538561719291799,47.19044802953777],[8.53855700647526,47.19045821264514],[8.538552028490548,47.19046833531621],[8.538546798346225,47.190478388431075],[8.538541316411978,47.19048838997739],[8.538535569124262,47.19049832209346],[8.538529569491654,47.19050817565929],[8.53852331788386,47.19051796866261],[8.538516826939663,47.19052767399578],[8.538510083835138,47.190537309772445],[8.538503088200391,47.190546858004865],[8.538494170785462,47.19055792686746],[8.53848760049683,47.19056569889527],[8.538480830452903,47.19057338287457],[8.538473861023432,47.19058099679323],[8.538466704847297,47.19058851354338],[8.538459362294239,47.19059595111285],[8.538451819985696,47.19060330063374],[8.53844409111525,47.19061056197997],[8.538436175497985,47.19061772615768],[8.538428086327498,47.19062479304071],[8.538419810595022,47.19063177174897],[8.538411361124375,47.19063864416869],[8.538402737915563,47.1906454102998],[8.538393941153435,47.19065207913613],[8.538384970653109,47.190658641683726],[8.538375839608209,47.19066509781659],[8.538366534640211,47.190671438666776],[8.53835708232129,47.19067767297608],[8.53834559175676,47.19068489828272],[8.538335920200058,47.19069073887655],[8.538326101292533,47.19069647292934],[8.538316134664463,47.19070208245343],[8.538306020500746,47.190707576442634],[8.538295785003843,47.19071294565089],[8.538285401971333,47.19071819932422],[8.538274884227194,47.190723319348756],[8.538264232141168,47.19072832371223],[8.538253471730902,47.19073319417485],[8.538242576793984,47.19073793998238],[8.538231560339252,47.190742552014974],[8.538220422366768,47.19074703027262],[8.538209176070252,47.190751374629286],[8.538197834828283,47.19075559395269],[8.538186371883873,47.19075967050716],[8.538174813809281,47.190763613034534],[8.538163147226053,47.19076741266685],[8.53813758531738,47.19077443950132],[8.538121268754448,47.190778643363224],[8.538104842573112,47.190782650365755],[8.538088319782409,47.19078645138889],[8.538071700752152,47.19079006442046],[8.538054998491354,47.190793480340425],[8.538038199621681,47.19079669028091],[8.538021330715496,47.19079970298378],[8.538004391772969,47.19080251844903],[8.537987369415783,47.19080512780871],[8.53797029003149,47.19080753081079],[8.537953153805084,47.19080973644919],[8.537935960551955,47.190811735729966],[8.537834595123737,47.19081920741872],[8.53776763862964,47.19082313008218],[8.537700586519257,47.190826253008],[8.53753976649521,47.19083153933948],[8.537378914510798,47.19083655588198],[8.537286835479756,47.190839350687796],[8.537194755515756,47.190842100450624],[8.537102674065025,47.19084477818884],[8.53701060967654,47.19084764459876],[8.536861663480881,47.19085279870771],[8.536721307376554,47.190858563355576],[8.536712789783937,47.19085891446471],[8.536652205084367,47.190864673782634],[8.536618447496927,47.19086845905406],[8.536584790382191,47.19087263916517],[8.536551233924026,47.19087722310989],[8.536517817702801,47.19088221051077],[8.536484528339539,47.190887592500005],[8.536451378658121,47.190893350964046],[8.536418382589835,47.19089952175276],[8.536350593321075,47.190914318252695],[8.536312075337154,47.19092342026233],[8.536273804422565,47.19093298767615],[8.53623579340114,47.19094300238088],[8.536198015884606,47.190953464628336],[8.536034360317117,47.19100646171893],[8.535871791099616,47.19106096848092],[8.535712306679043,47.191115337666346],[8.535553093739532,47.19117009085245],[8.535392427579078,47.19122542438294],[8.535232127274297,47.19128123996444],[8.535156821772965,47.19131051833964],[8.535112537592061,47.19132868848016],[8.53506872585592,47.191347375850356],[8.535025399757606,47.191366580325145],[8.534993545244893,47.19138211327302],[8.534966313672378,47.19139592000714],[8.534939444954494,47.19141004712198],[8.534912939275367,47.1914245036116],[8.534886809275754,47.19143926236912],[8.534861055139816,47.19145433238863],[8.534835703070826,47.191469704425145],[8.534785575697857,47.19150154945165],[8.534760971544904,47.19151800282112],[8.534736809039835,47.191534757831654],[8.534713061426356,47.191551796747035],[8.534689768101876,47.19156911019676],[8.53466691587259,47.19158669830675],[8.534629135048824,47.19161700441374],[8.534609637753864,47.191633454111916],[8.53459056762642,47.19165014262219],[8.534571924298142,47.191667051957],[8.534553720778883,47.19168417299712],[8.534535957253075,47.19170151473659],[8.534523494593545,47.19171414628158],[8.534518633536694,47.19171906818176],[8.534490374708627,47.19175102875485],[8.53447184896479,47.19177303747299],[8.534453895150605,47.19179526563489],[8.534436499888422,47.19181770437246],[8.534419689566603,47.1918403534348],[8.534403463633069,47.19186318584061],[8.5343878224568,47.19188621957778],[8.534355211985932,47.191935097324425],[8.53433920290147,47.191960788265035],[8.534323870747308,47.19198667066464],[8.534309188952072,47.19201273578061],[8.534295183536166,47.19203896537447],[8.534281499319711,47.19206670317447],[8.534271276833232,47.192088848733164],[8.534261611065629,47.19211111493155],[8.534252528405567,47.19213350151872],[8.534244028301156,47.192155981513],[8.53423609774324,47.19217856403415],[8.534228736364124,47.192201231094415],[8.534221970736747,47.19222399143678],[8.534208119885207,47.19228548239395],[8.534202257281642,47.19231689692746],[8.534197201167338,47.19234838474667],[8.534192951175315,47.19237992786387],[8.534184779172815,47.19249060682137],[8.534178059780498,47.19260133492186],[8.534171177589164,47.19273118026708],[8.534164691558425,47.19286103982899],[8.534161714719046,47.19292253524526],[8.534158790649652,47.19298403015838],[8.534156118244745,47.19306039243962],[8.534152902907685,47.19310702035811],[8.534146877870525,47.19315499736729],[8.534140682525118,47.193195302730324],[8.534133443163604,47.193235537065796],[8.534129834322849,47.19325328378365],[8.53412586849684,47.193270997915526],[8.534120695422319,47.193289047376375],[8.534116973793346,47.19330064216139],[8.534112960967025,47.19331219473882],[8.534108643564693,47.19332369624027],[8.534104034596327,47.193335137546406],[8.534099147440223,47.1933465275254],[8.534093955523423,47.19335785743455],[8.53408847204006,47.193369127148166],[8.534082710000138,47.193380327546826],[8.534076656209173,47.19339145875607],[8.53407032367717,47.19340251165642],[8.534055737756612,47.19342490560024],[8.53404498520039,47.19344051635446],[8.534033834045063,47.19345599596556],[8.534022284106209,47.19347133543955],[8.534010335567727,47.193486543770234],[8.534009061001392,47.19348810314318],[8.533998014449777,47.19350160271857],[8.533985307557783,47.1935165124101],[8.533972214891538,47.19353127284464],[8.533958749461041,47.19354587490266],[8.533890215045668,47.193612779629774],[8.533820107684468,47.19367892565218],[8.533680081647425,47.193806277170765],[8.533539548583494,47.19393339044853],[8.533468617901624,47.19399739411998],[8.533397620341223,47.194061362398564],[8.53325569123551,47.1941893251755],[8.53308190177123,47.194355902963],[8.532944775427202,47.194492923243544],[8.532883797871598,47.194556472107394],[8.532823539304012,47.19462033794589],[8.532763560255477,47.194684327032846],[8.532702302786857,47.1947477615103],[8.532610128311727,47.19483786486159],[8.532562141332903,47.19488230936202],[8.532560289250705,47.19488402713018],[8.532526526202103,47.19490962559061],[8.532505874428132,47.19492456561062],[8.532484848225131,47.194939266302406],[8.53246344722527,47.19495370967798],[8.53244167142855,47.19496789573713],[8.532419547040563,47.19498181523513],[8.532397061050514,47.19499547729098],[8.532374239480152,47.19500886366605],[8.532351069318722,47.195021983479286],[8.532327563393306,47.19503481861747],[8.532181007679517,47.19510455934163],[8.532071655933091,47.19515433612329],[8.531995448307809,47.19518825364167],[8.531918903179987,47.19522180549303],[8.531842452525288,47.19525546434258],[8.531766136662984,47.195289265790265],[8.531677167391415,47.19532902546287],[8.531663651229216,47.19533732179225],[8.531575562901168,47.19538338794174],[8.53147899321189,47.19544260514895],[8.531441535222658,47.19547407650259],[8.531339968056075,47.19555936532733],[8.531288720772489,47.19561097373433],[8.531257881860206,47.19564345268796],[8.531196530154947,47.19571662946306],[8.531164184360957,47.19575739865107],[8.531123748520649,47.195829189494226],[8.531076829297659,47.1959260226472],[8.531038779767272,47.19602872671911],[8.531016650898142,47.19614199350121],[8.531011649887738,47.19623962532832],[8.53102041670209,47.196326403765035],[8.531042531219382,47.19646899925953],[8.531047181653788,47.19649121027629],[8.531075174745268,47.19662567192901]]}},{"type":"Feature","properties":{"id":33,"t_id":32,"liniennummer":"604"},"geometry":{"type":"LineString","coordinates":[[8.527503768394594,47.18340712943082],[8.527588649137265,47.183399399855844],[8.52761863636902,47.183577499580686],[8.527646700335128,47.18375574342561],[8.527664730505242,47.183873397647],[8.527685996580075,47.18397435234249],[8.527705112742575,47.18401570432257],[8.527718859974277,47.18404544875555],[8.527763672743449,47.18410333446187],[8.527833051716145,47.18416694281771],[8.527886172894677,47.18420451868633],[8.527911234490345,47.18423522651501],[8.527936939004693,47.18429686423283],[8.528005602623114,47.184325963015446],[8.528097704766282,47.18438186281146],[8.528228404383634,47.18445798820514],[8.528376656340061,47.18453750056749],[8.528519307965388,47.184599218430414],[8.528684540547912,47.18465597260216],[8.5288232363899,47.18469512152684],[8.528933678117417,47.18471786898854],[8.529149069200388,47.184751532396234],[8.529371221054854,47.184774426540145],[8.529608926050152,47.184790021328205],[8.52986848904704,47.184805327464574],[8.529921767758072,47.184808474623075],[8.530173468037745,47.18482513199157],[8.53036585404493,47.18484353877695],[8.530610842827818,47.18487333849554],[8.53081213242861,47.18489999003671],[8.53093656865873,47.184925004645756],[8.53112759214779,47.18497229008677],[8.531415044289249,47.185024767901105],[8.53158648712206,47.185054598020116],[8.53176264581898,47.1850840322742],[8.531762551099554,47.18509360453065],[8.531762071254354,47.18514116002061],[8.53176524700216,47.18521134979981],[8.531775122711844,47.18526718188952],[8.531791394493661,47.185325427039984],[8.53185376861916,47.18550762602867],[8.531868331186224,47.18555001909704],[8.531880494898934,47.18558543634063],[8.53189612518886,47.18566716617394],[8.531897525557614,47.18573569961489],[8.531882404891768,47.18581581440987],[8.531834058179443,47.185957882821704],[8.531807161692507,47.18602480488476]]}},{"type":"Feature","properties":{"id":34,"t_id":33,"liniennummer":"603,631,632,634"},"geometry":{"type":"LineString","coordinates":[[8.528525116893242,47.1962357075665],[8.52888050364126,47.19636920216538],[8.52910224691606,47.19645515129884],[8.529220130201248,47.19649926470608],[8.529320386546829,47.196535206041325],[8.529510094045882,47.19659171838069],[8.529627686499706,47.19662154011097],[8.529759191117433,47.196648855045225],[8.529864260948013,47.19666452817166],[8.529962290772673,47.19667668767759],[8.530063693894512,47.19668405644838],[8.530217274254863,47.196681404132384],[8.530398729423625,47.196674934041276],[8.530457984714985,47.19667158353033],[8.53060104095549,47.19666348920137],[8.530806750007267,47.19664844951673],[8.531075174745268,47.19662567192901]]}},{"type":"Feature","properties":{"id":35,"t_id":34,"liniennummer":"601,634"},"geometry":{"type":"LineString","coordinates":[[8.53950072249739,47.18741479213124],[8.539545165178968,47.187312851287544],[8.53962342265609,47.187172202613255],[8.539657808168995,47.18712018477651],[8.539746195313933,47.18700884588759],[8.53978583578643,47.18695891870826],[8.539902517088136,47.18682469399028],[8.539932241509737,47.18679049604802],[8.54008589920753,47.186630828528195],[8.540223283435516,47.18649409349136],[8.540266616254394,47.18643896729781],[8.540392124937956,47.186288186537936],[8.540470206234183,47.18616479255547],[8.540507851148321,47.186088508964104],[8.540535732765202,47.186023815251396],[8.5405482933783,47.18598531958398],[8.540566732148168,47.18592214655688],[8.54058799022666,47.18582864919201],[8.540596161672257,47.18575643486072],[8.540596776112999,47.18575103158944],[8.540603422940261,47.18568231316682],[8.540603382810739,47.185667551690386],[8.540603266046215,47.185624724521205],[8.540593259928428,47.185518806575644],[8.540551947509037,47.18535484251733],[8.54035732143595,47.184890226927195],[8.540153235121224,47.18440303247082],[8.540096562582429,47.18427862515509],[8.540010408415723,47.184078333703106],[8.53993345105425,47.183901738700634],[8.539873014355075,47.18376427860755],[8.539805269650234,47.18361021944605],[8.539774045295339,47.18353554836721],[8.539731883330624,47.18343717940583],[8.539673079481638,47.183293739465135],[8.539605298327055,47.1831384931017],[8.539561259973286,47.18303418689826],[8.539517050436876,47.18292155233874],[8.539492940994807,47.18285276825635],[8.539475981002754,47.18279222777997],[8.539464307370123,47.182734029589646],[8.53945560410732,47.18264961664201],[8.539451915805566,47.18255563833088],[8.53945716951619,47.18247110090127],[8.539466395217707,47.18241031899092],[8.539483899962171,47.18232803924772],[8.53950497369592,47.182249287646336],[8.539544653726592,47.18214180587792],[8.539596437855758,47.18202944961977],[8.539668742206155,47.18189546940168],[8.539714123751663,47.18181053910813],[8.539808295648278,47.18163708356742],[8.539878820048656,47.181501932795285],[8.53995466792678,47.18137031131002],[8.540005517259154,47.18129722982271],[8.540042899894564,47.18124807968014],[8.5400924504974,47.181195241812844],[8.540152448324037,47.18114229495216],[8.54022814384417,47.181089206824694],[8.540302405398462,47.1810504264719],[8.540402837941992,47.181011377579225],[8.54050515863917,47.1809794530762],[8.540628672157249,47.180959235842074],[8.540752441742761,47.1809520957124],[8.540869393605883,47.180952172284634],[8.540989999165818,47.18096052573739],[8.54114051742968,47.18098051180928],[8.541473049291818,47.18102374389321],[8.541714642565035,47.18105832012918],[8.541950923685743,47.1810905629286],[8.542211833691846,47.181130908098446],[8.542366020192919,47.18115917839437],[8.542506237453477,47.181187591446616],[8.54273936951379,47.18123533537579],[8.542974341440503,47.18128781989011],[8.543127479576771,47.181318950856394],[8.543270574850508,47.18134804602607],[8.543465221538115,47.18139259553621],[8.543663328231265,47.181434727652906],[8.543782538271945,47.18145976055532],[8.543880592641706,47.181474291631396],[8.543983797088476,47.18148520189081],[8.544055420857022,47.18148808535946],[8.544116423144517,47.18148392823461],[8.544219099887906,47.181468656972136],[8.544300730559492,47.181448838067475],[8.544368255107218,47.1814231904847],[8.544454729313571,47.18138429011413],[8.54453411328018,47.181340681099165],[8.544602975786884,47.18129360184122],[8.544651000432658,47.18125268689194],[8.544692022079103,47.18121064278991],[8.544739442723007,47.1811411543741],[8.54476620124629,47.181083774756466],[8.54478445970402,47.181038369086814],[8.544792146108627,47.18098831529845],[8.544797697829747,47.1809192471922],[8.544804080464104,47.180806128313975],[8.544803744115079,47.180704975269705],[8.544807480558102,47.180632344327144],[8.544805808122833,47.18055144437059],[8.544812215238036,47.18043951267397],[8.544811706890417,47.18033004028055],[8.54480796006294,47.180233678708305],[8.544799273497915,47.180150462298606],[8.544785593890216,47.18008036457653],[8.54475589761106,47.17999496621087],[8.544723014237299,47.1799238835852],[8.544686697614601,47.17985520879712],[8.544632670321981,47.17977480290584],[8.544575319913143,47.17970276790379],[8.544509299349986,47.179633182034905],[8.544431126817763,47.17956610572159],[8.544333600809663,47.17949206371378],[8.544230702461407,47.17941213608618],[8.544126051521745,47.179331019780875],[8.544064043908659,47.17928639408282],[8.543985908484101,47.17922170096763],[8.543921777786608,47.17915923018356],[8.543882409655557,47.17911201213062],[8.543835411464451,47.179033922225614],[8.543798949281028,47.17895811499116],[8.543765526914536,47.17886084187782],[8.543744723994623,47.1787836878493],[8.54372897451329,47.17869696787906],[8.543713102123597,47.17860429395168],[8.54370287119039,47.17853180611584],[8.543690592663115,47.17844385638778],[8.5436735525308,47.178295267577674],[8.543654415861221,47.178128842481534],[8.543643912396433,47.178052093301936],[8.543631808341893,47.17796363812671],[8.543612978166845,47.17781268262537],[8.543593645369373,47.177636741964875],[8.543574924981401,47.17749173153283],[8.543566950095896,47.17735852820854],[8.543570183212786,47.17726209054671],[8.543576006329495,47.177206108546606],[8.54358704128496,47.17714888008669],[8.543604906421713,47.177084443488454],[8.543641670300385,47.177004352889384],[8.543678727325794,47.17693974101589],[8.543734743329823,47.1768630368237],[8.543811679038575,47.17678614072465],[8.543902497677488,47.176704343546724],[8.543993573157868,47.176635632533106],[8.544117502264383,47.17655114232867],[8.544255372951458,47.17646651806235],[8.544372654487395,47.17639874242515],[8.544507705030458,47.17631302947518],[8.544538794436368,47.17629295825805]]}},{"type":"Feature","properties":{"id":36,"t_id":35,"liniennummer":"604"},"geometry":{"type":"LineString","coordinates":[[8.527503768394594,47.18340712943082],[8.527491831991423,47.183345109500316],[8.527489689611434,47.1833273633895],[8.527485542800095,47.18329281440416],[8.52747400308479,47.18324055997617],[8.527457129417732,47.18318359730969],[8.527434461899354,47.18309932472462],[8.527428802000172,47.183077950659914],[8.527414178158487,47.183045956576464],[8.527399508062693,47.18301039166184],[8.527366681214946,47.18294168764257],[8.5273195584852,47.18285644991089],[8.527270646105709,47.18276884524178],[8.527212796425527,47.18267062026543],[8.527156567134181,47.18256642482669],[8.527093456645598,47.18246706211386],[8.52701031632051,47.18232741739173],[8.52695684893067,47.18224415556901],[8.526918397361856,47.182184284338504],[8.52686630529085,47.18211219104509],[8.526839539100553,47.18208387395046],[8.526814696971632,47.18206387761437],[8.526776043427429,47.1820511543693],[8.526741042015315,47.182046735542194],[8.526714869981141,47.18204698293931],[8.526673156162774,47.18205570719433],[8.526628018988568,47.18206802606257],[8.526593369265102,47.18208025478626],[8.526530997587276,47.182103459303875],[8.526439151466104,47.182136459711444],[8.526346346999874,47.18216970298666],[8.526217350538817,47.18221590901707],[8.526125147401006,47.18224694249889],[8.525959047586964,47.18230283622851],[8.525568924042911,47.18243148799976],[8.525414898572572,47.18248427137157],[8.525329716065372,47.182513465782236],[8.525186731936516,47.18256031543789],[8.525008141660003,47.18261912331319],[8.524718605459135,47.18271586883202],[8.524392759363534,47.18282960701198],[8.524117215265223,47.18292741543192],[8.523915183812226,47.18299569912968],[8.523707139360852,47.18306548744331],[8.523557057444982,47.18311511862553],[8.523462795660848,47.1831462862841],[8.523197540557367,47.1832356655473],[8.522958373653278,47.18332002177027],[8.522696503111503,47.1834046092912],[8.522556452122178,47.18344927804726],[8.522465837721029,47.183478179616046],[8.522335707982926,47.18351630482284],[8.522215664337693,47.18353646962796],[8.522152940728326,47.183541818729026],[8.522102191886566,47.18353515387591],[8.522058288016574,47.18352247846904]]}},{"type":"Feature","properties":{"id":37,"t_id":36,"liniennummer":"604"},"geometry":{"type":"LineString","coordinates":[[8.519689538899302,47.17647975298991],[8.519741328826873,47.17667151227235],[8.519800444960122,47.17687260314675],[8.519840028500997,47.17700018522925],[8.519880712314912,47.17713128324878],[8.519901958220203,47.17720794236444],[8.519912943901657,47.17724757287988],[8.519925252625455,47.17729195865118],[8.51992777087799,47.17730102058444],[8.519977777705726,47.17744754844837],[8.520007534587407,47.177534715442626],[8.52004858190397,47.17766156403903],[8.520082016399785,47.17776487960404],[8.520122811698448,47.1778831576992],[8.520128389684283,47.17790130345469],[8.52013503842308,47.177922164825794],[8.52018057922139,47.17806503734838],[8.520225015370519,47.17820089464111],[8.520243830608687,47.17825842482043],[8.520305341101377,47.178451819617436],[8.520368315665145,47.17863212096779],[8.520385479705475,47.178704545414575],[8.520420854194406,47.17881369879112],[8.520441538750209,47.17887230883188],[8.52049493079107,47.17902364427538],[8.520630442832921,47.179422478199896],[8.520737906913938,47.17977953005308],[8.52081296310188,47.180011037619145],[8.520893941264513,47.18020719059803],[8.520948874442004,47.18036283821376],[8.5211916659826,47.181111591106095]]}},{"type":"Feature","properties":{"id":38,"t_id":37,"liniennummer":"602,603,606,607,611,613,614"},"geometry":{"type":"LineString","coordinates":[[8.51595293260945,47.17079946510783],[8.515932416647354,47.170739656222466],[8.515911434788869,47.17067111692515],[8.515808354466268,47.17005747245915],[8.515795629988515,47.169840778545456],[8.515794506043656,47.16982163733865],[8.515792300643907,47.16978415513943],[8.515789705024797,47.16973777090416],[8.51575341099124,47.169090586074134],[8.515753182836542,47.16908645920812],[8.515750958962228,47.16904150179314],[8.515730156056426,47.16846597511774],[8.515713424449697,47.168151724840634]]}},{"type":"Feature","properties":{"id":39,"t_id":38,"liniennummer":"602,603,605,606,607,611,612,613,614"},"geometry":{"type":"LineString","coordinates":[[8.51380973601981,47.171051163521966],[8.513691919545964,47.17088150894345],[8.513652058108544,47.1708080900752],[8.51361563110886,47.17073227325939],[8.513602701285022,47.170696690342666],[8.51359262950266,47.17064380910142],[8.51358559667576,47.170626639147685],[8.51358962443323,47.17056709537295],[8.513597481940124,47.17052418474444],[8.51361417894476,47.17048594124457],[8.513629347824455,47.17045962224255],[8.513731147873312,47.17031467807905],[8.513845187866714,47.17016378128855],[8.513855236133438,47.170150481807816],[8.514050723952133,47.169891604754845],[8.514106642189248,47.16980896098778],[8.51416611666336,47.16972868579098],[8.514186822915878,47.16969568516675],[8.514198326579297,47.16967736147816],[8.514206699001237,47.16966404164347],[8.514236290813022,47.169611095585104],[8.514252169128188,47.16958269186611],[8.514285655578027,47.16951022482974],[8.514300243498525,47.16947865770221],[8.514312379310107,47.169452411926095],[8.514339186123388,47.16939742287016],[8.514360961336132,47.16935198923467],[8.514370550734021,47.169333593463364],[8.514433216056744,47.16921326666575],[8.51444177002902,47.16919520440985],[8.514510214787498,47.16905070621379],[8.514589003972652,47.168889307388966],[8.514697971625061,47.168668129121045],[8.514810231234868,47.168436215126114],[8.514848507156087,47.16835601182517],[8.514914033149573,47.168218656191634],[8.514922107745589,47.168203009209286],[8.514944274787997,47.16816005457485],[8.514964582184412,47.16812891961721],[8.514990234299797,47.168102502358124],[8.515029815555653,47.168074767381135],[8.515069502969371,47.168052968524066],[8.515105937321833,47.168041913898655],[8.515135256044498,47.16803122268116],[8.515156168044573,47.168023596653434],[8.515216869913656,47.168005172431016],[8.515281234487865,47.167995061869654],[8.515382354841115,47.167990535498774],[8.51545208517179,47.16798749918876]]}},{"type":"Feature","properties":{"id":40,"t_id":39,"liniennummer":"602,603,605,611,612,613,614"},"geometry":{"type":"LineString","coordinates":[[8.51545208517179,47.16798749918876],[8.515535603605365,47.167974825408514],[8.51559114146073,47.16796002058364],[8.515640977664631,47.16793456427152],[8.51567400141001,47.167910695597726],[8.515696880008043,47.16789526982869],[8.515697114316666,47.167895114709694]]}},{"type":"Feature","properties":{"id":41,"t_id":40,"liniennummer":"606,607"},"geometry":{"type":"LineString","coordinates":[[8.51545208517179,47.16798749918876],[8.51545712177323,47.16806475166089],[8.515489203419234,47.16806419958114],[8.515552136323087,47.168065535733874],[8.515580499105067,47.168075516351195],[8.51562611607444,47.16810389350681],[8.515713424449697,47.168151724840634]]}},{"type":"Feature","properties":{"id":42,"t_id":41,"liniennummer":"603,631,632,634,636"},"geometry":{"type":"LineString","coordinates":[[8.526061392688657,47.195366458508445],[8.525981319836191,47.19537792849538],[8.525906665508924,47.19539886460718],[8.525838991199002,47.1954197347607],[8.52576461607407,47.195453765741426],[8.52568858225331,47.19549255301604],[8.525633634066136,47.195538301676166],[8.525595986413704,47.195575548061235],[8.525532836889221,47.19564635488343],[8.525379737478202,47.195845343447814],[8.52527947785639,47.195981862419835]]}},{"type":"Feature","properties":{"id":43,"t_id":42,"liniennummer":"601,604"},"geometry":{"type":"LineString","coordinates":[[8.53173379094689,47.186225366596624],[8.531748747757769,47.18622698771794],[8.531757307567892,47.18622744617508],[8.53176584757041,47.186227580976926],[8.531774420351676,47.18622738262836],[8.531782959948707,47.18622685175587],[8.53179209831833,47.18622591938892],[8.53180049220719,47.18622471522618],[8.531808760747118,47.18622318841034],[8.531816904121738,47.18622134793536],[8.531824869376875,47.186219185308374],[8.53183265706372,47.186216727511216],[8.531840214411897,47.186213975044915],[8.53184697928654,47.1862111851257],[8.531854599249282,47.18620762245683],[8.531861374151871,47.18620403183008],[8.531867358602433,47.18620050268335],[8.531873972029276,47.18619611297784],[8.531879768986478,47.186191802990855],[8.5318847901546,47.18618762630993],[8.531889853249405,47.18618291848824],[8.531894529532295,47.18617800744016],[8.531899088879696,47.18617253977314],[8.531902887468677,47.186167295226],[8.531906005741313,47.18616233600434],[8.531909029971953,47.18615664902934],[8.531912402563336,47.18614863787219],[8.531914321886909,47.186142475626106],[8.53191551915141,47.18613713884017],[8.53191639405777,47.186130878565315],[8.5319167061349,47.1861254872165],[8.53191657348527,47.186119641314036],[8.531915890936274,47.18611335984786],[8.531914756572668,47.18610756843687],[8.531913275934867,47.186102266078656],[8.531911052983938,47.18609615216754],[8.531908497870536,47.18609057215328],[8.53190548322432,47.18608510445078],[8.53190202223794,47.186079748934695],[8.531898128839142,47.18607454145524],[8.531894141111218,47.1860698836052],[8.531889449218001,47.186064989560265],[8.5318843392078,47.186060297389815],[8.531878863666982,47.18605579759881],[8.531873010138158,47.18605152628816],[8.531866323827265,47.18604718192508],[8.53186030122554,47.18604367684826],[8.531852939931621,47.186039878632556],[8.531846373169145,47.18603686448694],[8.531838429974766,47.18603364751692],[8.531831412134043,47.18603115940083],[8.531822993681658,47.18602857663737],[8.531815604652541,47.18602664977462],[8.531807161692507,47.18602480488476],[8.531797203798506,47.18602308232778],[8.531788128555645,47.18602193610455],[8.531779629228033,47.186021207206615],[8.531771070737003,47.186020811708296],[8.53176315210213,47.18602073397628],[8.531753921014282,47.18602100154479],[8.531746054452038,47.186021535020274],[8.531737575191237,47.18602243413848],[8.531729194708985,47.186023647165314],[8.531720913372617,47.18602519208854],[8.531712783584588,47.186027050419334],[8.531704214988732,47.18602938968474],[8.531697057256931,47.18603167957064],[8.531688924233482,47.18603467138038],[8.531682186492944,47.18603749701546],[8.53167512922801,47.18604082943958],[8.531667858897304,47.186044712619946],[8.531661432703437,47.18604857878924],[8.531655341282674,47.18605268466166],[8.531649584451278,47.1860570212434],[8.531644214795623,47.186061579039524],[8.531639218572025,47.18606633119377],[8.531634970279697,47.18607087834246],[8.531630566652135,47.18607621858161],[8.531624622249938,47.18608493781668],[8.531621377945813,47.18609083377309],[8.531619028860202,47.18609598358784],[8.531616927896149,47.18610165279345],[8.531615303332938,47.186107389441],[8.531614085018175,47.18611363498249],[8.531613451916048,47.18611946116851],[8.531613307489108,47.186125309701715],[8.531613637810059,47.18613114473185],[8.531614456071607,47.186136966133596],[8.531615761722724,47.18614274692532],[8.531617387082733,47.186148029921654],[8.531619793963038,47.186154106109264],[8.531622286908867,47.186159227942476],[8.53162567882226,47.18616507888232],[8.531629283985927,47.18617038805931],[8.53163300986818,47.1861751473564],[8.531637453293772,47.18618015171828],[8.531642678939612,47.186185337561305],[8.531647529462603,47.18618960041557],[8.531653135269627,47.186194018019776],[8.53165957441384,47.186198535658946],[8.531665909451961,47.18620247856565],[8.531672555967855,47.1862061666368],[8.5316795005852,47.18620959100373],[8.531686716918802,47.18621275191693],[8.531694191224815,47.18621562251988],[8.531701286401299,47.18621801995372],[8.531709171295033,47.18622031993219],[8.53171784461985,47.18622245949791],[8.531725437036147,47.186224006619256],[8.53173379094689,47.186225366596624]]}},{"type":"Feature","properties":{"id":44,"t_id":43,"liniennummer":"602,612"},"geometry":{"type":"LineString","coordinates":[[8.525739094565424,47.171133923661095],[8.525797498059696,47.17125950906787],[8.525848901135213,47.17138399114165],[8.52587824819075,47.17145392499855],[8.525907122587036,47.17150123923611],[8.525941246606981,47.171548521860444],[8.525992758085822,47.17159325634626],[8.526040583298277,47.171627311812415],[8.52610757235706,47.17166119517296],[8.526163897956778,47.17168445643901],[8.526249848536047,47.171706259281464],[8.526351338020897,47.17171958521969],[8.52645958680727,47.17172213335058],[8.52659729310319,47.171713689080136],[8.526841128740095,47.17169114350089],[8.52712331144263,47.171664681436006],[8.527363653964422,47.17164098935168],[8.527698048836589,47.17160807679934],[8.527853082474685,47.17159351192361],[8.528102155448712,47.171569735661464],[8.528399956654251,47.171540729752635],[8.528696091703344,47.17151413169719],[8.52875702425944,47.17150641198862],[8.528899855352414,47.17149314870925],[8.529060073956561,47.17147735464902],[8.529230753475762,47.17146027380599],[8.529371856762173,47.171447035307345],[8.529511349235607,47.17144214188736],[8.529661375469296,47.17143953228762],[8.529785307657551,47.1714407411768],[8.529900532805998,47.171443210926896],[8.530003739249642,47.17145532094474],[8.530117417753251,47.17146733155294],[8.530225908914169,47.171481775102365],[8.530394039565335,47.17151112533768],[8.530536016712322,47.171540723469185],[8.530648344371317,47.17156215583677],[8.530702442223049,47.17157247328581],[8.53080415080305,47.17159648907153],[8.530946236554621,47.17163203180427],[8.531146232428927,47.17168368460781],[8.531279898057772,47.17171642825133],[8.531328620835769,47.17172837068128],[8.53151108459686,47.17177543960384],[8.53164268815863,47.171809893596304],[8.53178299664499,47.17184426475615],[8.531890039464614,47.171872987629826],[8.532002402827999,47.17190643655616],[8.532127211078958,47.17195046297637],[8.532208074205819,47.17197944329575],[8.532283690290704,47.17200728599288],[8.532375233737987,47.17204570010834],[8.532509041455356,47.17210273828109],[8.532612966465864,47.172150551939986],[8.532688788613259,47.17218909725823],[8.532775167294107,47.172232309869194],[8.532856435609446,47.172279133288285],[8.532939478661048,47.172329520050994],[8.533047228795214,47.17239275150677],[8.533156877481694,47.17246430379003],[8.533271751291839,47.17253460984903],[8.533404366894421,47.172619032146585],[8.533559851977053,47.17271156670751],[8.533708188161029,47.172797035520304],[8.533830040718241,47.172867283622416],[8.533934127372731,47.172922219134655],[8.534027547169632,47.172967738664305],[8.534140330312285,47.17302022536032],[8.534258323089421,47.17307264436145],[8.534370922782934,47.17311679359756],[8.534502859571132,47.17316791015568],[8.534629413818912,47.17321191727132],[8.534808609593084,47.17326971698989],[8.534940363190753,47.17331249581323],[8.535124796010805,47.1733702541536],[8.53535492857979,47.17344421871087],[8.53555715295813,47.17351844880929],[8.535783987013094,47.17360197936407],[8.535965145995887,47.17367047242652],[8.53614289627791,47.173742551001766],[8.536287282304562,47.17380424267008],[8.536480960084628,47.17388807908834],[8.536685159867398,47.17397419864989],[8.53691224163322,47.17406961691809],[8.537144671327392,47.17416974240853],[8.537389388595008,47.174273312414215],[8.537683463335124,47.17440022212287],[8.537995060765589,47.1745317224232],[8.538223950253172,47.17462949572487],[8.538310203791605,47.17466556287008],[8.538495098233613,47.17474473014974],[8.53867295150653,47.17482275901493],[8.538834970186558,47.174892878856056],[8.53890183065912,47.174920549075445],[8.539083193777655,47.17499855275682],[8.539280390530589,47.17508115445277],[8.539428203685786,47.17514042560313],[8.539568917626703,47.17519382733155],[8.53973414591271,47.175250556649544],[8.539888643929281,47.17529549612695],[8.540034276541741,47.17533336867892],[8.54019559406168,47.1753699035006],[8.540244670044295,47.17538015662505],[8.540395356803003,47.17540846292794],[8.540516132718919,47.17542634155282],[8.540656175653051,47.17544642842079],[8.540778619455054,47.17546072851547],[8.540951563318096,47.17546858069454],[8.541105144723357,47.17546830608479],[8.541300494549175,47.17546167597672],[8.541415508342647,47.17545343145669],[8.54152526124737,47.17544404980527],[8.541664593288358,47.17542962586235],[8.541863166165358,47.17541104463997],[8.542011265679692,47.175398920088554],[8.542197772139286,47.175387614520695],[8.542379227108809,47.175384687088524],[8.542571324733949,47.1753911747146],[8.54272516441424,47.17540278774631],[8.5428650588812,47.175416918220705],[8.543012066748316,47.17543692641142],[8.543119726866367,47.175457833767396],[8.543256725751839,47.1754857009655],[8.543371139391379,47.17551421658223],[8.54350776929751,47.175556147267685],[8.543645243529367,47.1756050953097],[8.543769171748933,47.17565799642146],[8.543775863347358,47.17565047475265],[8.543844871517372,47.17568167479893],[8.543903166188002,47.17571089968693],[8.543930614087612,47.175724669353194],[8.544064162843116,47.17579813183512],[8.544212181646335,47.17588934757012],[8.544382208620043,47.17600940771781],[8.544530364074497,47.176109734357624],[8.544589787006197,47.17615074139438]]}},{"type":"Feature","properties":{"id":45,"t_id":44,"liniennummer":"601,602,612,634"},"geometry":{"type":"LineString","coordinates":[[8.544721438035491,47.176294414626916],[8.544741332611062,47.17630845459602],[8.544952278123052,47.1764523820074],[8.545153505910356,47.176590771169565],[8.545353508417096,47.17673620638636],[8.545551886895156,47.176877698781816],[8.545725359986465,47.17699504312198],[8.546030415814407,47.17723012508367],[8.546209559518074,47.17736764542342],[8.546411747442404,47.177522773130626],[8.546608526070134,47.17767082798369],[8.546725429472364,47.17775300254576],[8.546831611972417,47.177824575359],[8.546921840242998,47.17788321299],[8.54700831518199,47.17792878898932],[8.547114141963169,47.17798251754827],[8.54723388814846,47.17803371909491],[8.547415065401216,47.1781010067408],[8.547597773310962,47.178158734943594],[8.54779432756267,47.178210401278186],[8.547885607936731,47.17823569904034],[8.54804900758019,47.1782777892145],[8.548233032786886,47.178325176683295],[8.548376927160795,47.17836187711055],[8.548543570063009,47.17840191129104],[8.548629491127839,47.17842131400476],[8.548745275532273,47.178449955058554]]}},{"type":"Feature","properties":{"id":46,"t_id":45,"liniennummer":"601"},"geometry":{"type":"LineString","coordinates":[[8.562728806282092,47.17253246223302],[8.562742077329066,47.172416908592574],[8.562754924501343,47.17227992229763],[8.562773031337185,47.172145268485345],[8.56280113537064,47.171987910777744],[8.56282237871023,47.17188954201482],[8.562859325417818,47.17173805306639],[8.562893752663776,47.171631792188705],[8.562923205894151,47.17153868664898],[8.562964508772879,47.17142880526409],[8.563015934698711,47.17130096845736],[8.563079234599245,47.171157524978526],[8.56313455364502,47.1710498814377],[8.56318816969082,47.17094344194126],[8.5632280938617,47.17085023398019],[8.563254275985358,47.17076786519945],[8.56326825832327,47.170685606636404],[8.563270228083644,47.17061299192946],[8.563256340493647,47.17053340757518],[8.563228135815159,47.17043728506188],[8.563200369460098,47.17036138963189],[8.563155029792968,47.1702797197422],[8.563088371750235,47.17018040163164],[8.563006269605554,47.1700931357141],[8.562875945635234,47.169953985740136],[8.562777861850508,47.16985378701395],[8.562686805174886,47.169755903434215],[8.562579566583624,47.16963556258495],[8.562524144996054,47.169571847419384],[8.562489889798613,47.169519808868735],[8.562444726999274,47.16944647600629],[8.562409922589332,47.16936827424284],[8.562389409156957,47.169305387566595],[8.562377663668988,47.16924481712581],[8.562369301091017,47.16917824948636],[8.562362178636972,47.16908907248337],[8.562358855958184,47.1689308252051],[8.562353187519,47.16882733979608],[8.562346133560357,47.16865723659791],[8.562342960702614,47.16850612144859],[8.562338696819863,47.16838597123047],[8.562334669408267,47.168277711046045],[8.562328023120036,47.16820994819119],[8.562317768748564,47.16813745283304],[8.562302092166673,47.16805549294255],[8.56228898067726,47.16801277433668],[8.56226706397959,47.16796657939857],[8.562230769780903,47.16790029345438],[8.562178657002393,47.16782820677439],[8.562119767688365,47.167765703706145],[8.562058911591976,47.16769370233275],[8.561968022976586,47.16760295914659],[8.5618414022503,47.16747328932982],[8.561716572757495,47.16734597676538],[8.561623781494708,47.16724810927502],[8.561548662769702,47.16716078316954],[8.561509038064905,47.1671016631079],[8.561488838292489,47.16705426383268],[8.561464845447277,47.166991419922354],[8.561454717385285,47.166924878417134],[8.561455085309516,47.166859421933424],[8.561466073901899,47.16680099542842],[8.561485817821783,47.1667436799217],[8.561517199491675,47.16665888585419],[8.561570801156678,47.16655244712716],[8.561619255226327,47.166449629908286],[8.561642541924133,47.166395842101025],[8.561665642289332,47.166332547623625],[8.561708111657529,47.16619409372083],[8.561748814762089,47.166054451607025],[8.561784518916625,47.16592676860691],[8.561817240627445,47.16582290840088],[8.561842898122471,47.16571555482691],[8.5618536246174,47.165644042036114],[8.561856094254555,47.16559642153179],[8.56184600406972,47.1655310671029],[8.561818997326986,47.165407558483885],[8.561790398750432,47.165292413429675],[8.561761663255938,47.165170109102355],[8.561742730254792,47.165100082227454],[8.561712379185913,47.164983748825485],[8.561686358707865,47.16490784493548],[8.56165887197438,47.164845035139656],[8.561610306089307,47.16477648487481],[8.561554877307175,47.164712760303104],[8.561476405551796,47.16463141303163],[8.561374290534616,47.16450507486522],[8.561290221507413,47.164407121989626],[8.56121289724309,47.16430938212114],[8.561157883948418,47.16424152426703],[8.561074332245074,47.164126690199026],[8.561008240268762,47.16402488250636],[8.560950165100328,47.163888974731464],[8.560932802786423,47.163823961010365],[8.560924014174036,47.16374449748236],[8.56092111236913,47.163696686488166],[8.560931515323752,47.163609704254995],[8.560954327741578,47.16353332389397],[8.56099427515405,47.16344130373514],[8.561066824981602,47.163322769968126],[8.561139835485342,47.16322684692568],[8.561214712922016,47.163135682352376],[8.561311820550063,47.16302406043312],[8.561403917326631,47.162923201237476],[8.561430339219779,47.162891926130484],[8.561494161201875,47.162816395872234],[8.561546275281358,47.16274673710213],[8.561584884783318,47.162689723167496],[8.56163944155071,47.162598828570175],[8.561674499645727,47.16250959955358],[8.561700774410575,47.16241601235861],[8.561718283835754,47.16231955111203],[8.561727409473693,47.162236512366384],[8.561728298181425,47.16207206164697],[8.56173459617559,47.16175054654264],[8.561733322277565,47.16158611691242],[8.561740525771848,47.16141273473275],[8.561749060545017,47.161301545074956],[8.561762635064254,47.161224373078284],[8.561788580645029,47.16111450675441],[8.56182911281814,47.16097634137138],[8.561878116716239,47.16082771218321],[8.561944002792906,47.16065523236992],[8.561992851111516,47.16049921913221],[8.56201676193703,47.16039675809784],[8.562036552268804,47.16030471837008],[8.562045290701557,47.16020389875309],[8.562047390983341,47.16009722474891],[8.562034220697972,47.15998624694792],[8.56201242795089,47.159879806220474],[8.561984103270266,47.1597719359672],[8.561927094581975,47.159642126264096],[8.56182282912835,47.15943427202213],[8.561705088542334,47.15920580503357],[8.56158493800284,47.15896551405062],[8.561439932749776,47.15867953323125],[8.561322315200398,47.15845551753425],[8.56120675452481,47.15822702875347],[8.561037004740172,47.15789980946844],[8.560936817883357,47.15767858292379],[8.56090030436743,47.15759450503929],[8.560861180382187,47.15748969942349],[8.560839945095845,47.157408432094236],[8.560822617818776,47.15730786675426],[8.560807168846546,47.15719246709843],[8.560810950241546,47.157062072878794],[8.560820885771205,47.15691384303684],[8.560837558523946,47.15667368291951],[8.56085277233965,47.156363936925025],[8.560869129684189,47.1561074885472],[8.560882395718615,47.15591180959144],[8.560886611633343,47.15580215528278],[8.560880428637295,47.15571481290854],[8.5608659245996,47.15564384299848],[8.560842873894035,47.1555803689479],[8.560808710555795,47.15550515588322],[8.560739023990699,47.15539176049033],[8.560678528210032,47.15530347251154],[8.560595802551681,47.15519021319407],[8.560544102338,47.15510628326944],[8.560503284109508,47.15502371351583],[8.560484491974343,47.1549557539643],[8.560476457851651,47.15488324560754],[8.560477006214514,47.15480620966078],[8.56048658465568,47.15474537696101],[8.560511409351887,47.15468587988659],[8.560532570280126,47.15464789138749],[8.56056566425745,47.15459598703445],[8.56061054117087,47.15454565896148],[8.560682952216117,47.154478294255824]]}},{"type":"Feature","properties":{"id":47,"t_id":46,"liniennummer":"601,602,612,634"},"geometry":{"type":"LineString","coordinates":[[8.544538794436368,47.17629295825805],[8.544533124323682,47.17628862284938],[8.544527870718706,47.17628401356825],[8.544522736190656,47.17627878244097],[8.544518774100798,47.176274106775836],[8.544514712797584,47.17626846053085],[8.544511707080007,47.17626346082764],[8.54450878681023,47.17625748877028],[8.54450679245517,47.17625227244892],[8.544505081398986,47.17624608187244],[8.544504077595336,47.176240280310225],[8.544503640221745,47.17623443732285],[8.544503753120404,47.17622904782781],[8.544504437460805,47.17622322104972],[8.544505799506775,47.176216991950284],[8.544507660551073,47.176211288801156],[8.544509875316955,47.17620610400264],[8.544513051278201,47.17620019031436],[8.544516260874092,47.17619526582726],[8.544520565238352,47.17618969212802],[8.544525545268877,47.17618425586732],[8.544530890723514,47.176179265879085],[8.54453640523831,47.176174796015296],[8.544542360414441,47.176170582791805],[8.544548208774867,47.17616694631762],[8.544555358303509,47.17616307244865],[8.544561864685111,47.176159996378665],[8.544569792804028,47.17615677171191],[8.544577442822705,47.17615413443578],[8.544589787006197,47.17615074139438],[8.544598496510083,47.17614893952981],[8.544606215465606,47.17614772290633],[8.54461532402358,47.176146717821155],[8.544623861884794,47.17614618599451],[8.544632434304908,47.176146049644935],[8.544641001528072,47.176146300158685],[8.544648863180345,47.17614688129648],[8.54465794928532,47.17614798141211],[8.544665627958492,47.176149283961266],[8.544674427609175,47.176151205434984],[8.544682387930145,47.17615336886146],[8.544689533628453,47.176155693042304],[8.544697578862438,47.17615877321076],[8.54470420978676,47.1761617230394],[8.544711570449481,47.17616551144846],[8.544718048308724,47.17616935331938],[8.544724123039943,47.17617347792996],[8.544729351749114,47.17617752071399],[8.544734605732808,47.17618214797386],[8.544739727082263,47.176187379218554],[8.544743974542097,47.17619245693925],[8.544747711308235,47.17619771948128],[8.544750703854117,47.17620271930516],[8.544753597767787,47.17620869160999],[8.544755720151258,47.17621435648076],[8.54475811253677,47.176224786465504],[8.544758624430848,47.176230403844094],[8.54475858698951,47.17623625139396],[8.544757911971967,47.176242527868084],[8.544756808727497,47.1762478729072],[8.544754891053401,47.17625402638857],[8.544752742445594,47.17625921955192],[8.544749646019632,47.17626515047388],[8.544746489759078,47.17627010144204],[8.544742251734098,47.1762756925036],[8.544737790211293,47.17628068300251],[8.544732862572873,47.17628546208451],[8.544727883465574,47.17628966593753],[8.544721438035491,47.176294414626916],[8.54471538365072,47.17629829597291],[8.544708758373103,47.17630200289138],[8.544701234866913,47.17630565547167],[8.544693909760262,47.1763086944388],[8.54468631397274,47.17631140316672],[8.544678460136891,47.17631375454676],[8.544671031163539,47.17631559808559],[8.544662806322483,47.17631723337571],[8.544653783940753,47.176318579471875],[8.544645950518227,47.176319365405774],[8.544636752567065,47.17631987658983],[8.54462883832277,47.17631994364512],[8.544620269956564,47.17631963916706],[8.544611759547982,47.17631894731738],[8.54460269812219,47.17631776599961],[8.54459440859258,47.17631627141094],[8.544586282727801,47.176314397430666],[8.544578971117854,47.176312344707846],[8.544570681389718,47.17630956373767],[8.544563844431563,47.176306858764285],[8.544556185963925,47.17630334307767],[8.544549422936608,47.17629974682112],[8.544538794436368,47.17629295825805]]}},{"type":"Feature","properties":{"id":48,"t_id":47,"liniennummer":"631"},"geometry":{"type":"LineString","coordinates":[[8.573934472516308,47.2161697415801],[8.574049943801821,47.21619342233481],[8.574309052589353,47.216250949723715],[8.574375365257877,47.216265669419066],[8.574798276970462,47.21635908325442],[8.57482012690879,47.21636403122001],[8.575293330760102,47.21647117824733],[8.575545220895329,47.216529970532825],[8.575658765310862,47.21655671822719],[8.575789573264881,47.21658754131748],[8.575962429560148,47.21663438411057],[8.576141886367498,47.216695446535574],[8.576169888542518,47.216706576462705],[8.576226198823472,47.216728941223046],[8.576301772408156,47.21676249517654],[8.576329838180447,47.21677661098886],[8.57639855497382,47.21681118614317],[8.576509774491642,47.21687753677882],[8.57658811170949,47.21693360631454],[8.576663399573647,47.21699651562351],[8.576729597172626,47.2170603423007],[8.576762331963423,47.2170984122382],[8.576786118138848,47.21712607267982],[8.576822212488752,47.21717434644012],[8.576863827717844,47.21724194223694],[8.57688157268838,47.21727792934748]]}},{"type":"Feature","properties":{"id":49,"t_id":48,"liniennummer":"636"},"geometry":{"type":"LineString","coordinates":[[8.522538957091182,47.197421792413444],[8.522500367944499,47.19740688114968],[8.522454788288734,47.19738827551558],[8.522371975161803,47.19734284462663],[8.52225069160194,47.197274666053026],[8.522092913118026,47.197184170865775],[8.521886915993868,47.197073745098805],[8.521747212138434,47.19700178123679],[8.521408897702344,47.19684906055405],[8.521218665837349,47.196767550114366],[8.52092186285034,47.19664753249921],[8.520812202836948,47.19660575318559],[8.520786313468538,47.1965955346345],[8.52063267935944,47.19653484589949],[8.520407476687495,47.19645010050143],[8.520066624261231,47.19634381702471],[8.519558938679934,47.19619030678903],[8.519306010518664,47.196115327880335],[8.518979483469243,47.196026772006604],[8.518682787634,47.19594624731862],[8.518743112841356,47.195820723673975],[8.51891081028143,47.19547879318108],[8.519026554112232,47.1952456478584],[8.519128651735016,47.195026915461],[8.519184086761278,47.19490244493446],[8.519225507630196,47.194809410571104],[8.519248924233054,47.19475803285172],[8.519277408073727,47.1946994470736],[8.519337730476089,47.19457392307798],[8.519433337185504,47.19438024104007],[8.519514117821158,47.19423072254128],[8.519558305481132,47.19415188409598],[8.51957646958753,47.19411947334717],[8.519595090642552,47.19409073750406],[8.519616477369661,47.1940578017344],[8.519640295424795,47.19402110096424],[8.519730492782163,47.19387199762891],[8.519798301801366,47.193779416892646],[8.519879826170062,47.193666791056195],[8.519914805121779,47.19362404831338],[8.520073252833964,47.19342977547519],[8.520217926898967,47.19325076238957],[8.520241886925698,47.193221121692254],[8.520369625122417,47.19306283143909],[8.520525959773863,47.1928634232931],[8.520575735606267,47.19280197436452],[8.520626451763002,47.19273939212529],[8.520747632470142,47.19259041051657],[8.520885541490978,47.19241773003019],[8.520939985422423,47.192347016555914],[8.521011293502054,47.192247556484496],[8.520812576566856,47.19217566055014],[8.52065498256076,47.19212147695754],[8.520489083674006,47.1920644566151],[8.520296083615403,47.19199654510454],[8.520202501038202,47.191963609809676],[8.519910642071228,47.191862820848044],[8.519689054786319,47.19178159345125],[8.51951668365703,47.19171894727502],[8.51935491159815,47.191660969020226],[8.519168317954843,47.19158537622807],[8.51915248749228,47.191579101941414],[8.518983540407035,47.191512122942974],[8.518784551163805,47.19142711951051],[8.518580215354747,47.191337407217425],[8.518439229013167,47.19127089379118],[8.518303358748062,47.19119958253921],[8.518227090731552,47.191164603200974],[8.517966590473772,47.19104530820858],[8.517874193913828,47.19100297751192],[8.517722310740725,47.190936538380406],[8.517745924315058,47.19090017272656],[8.517760989103202,47.190867197578434],[8.517771643555989,47.19084389805623],[8.517778115785097,47.19082326444999],[8.517781872381388,47.19081127408397],[8.517785396524323,47.19077990937162],[8.517784136178912,47.19069322157956],[8.517759323079328,47.190500669423066],[8.51773818294128,47.19031879658879],[8.517734473461672,47.19022124706427],[8.517732817831693,47.19005345861161],[8.517735957088872,47.18994871137333],[8.517741843157957,47.189895096381186],[8.517747542165784,47.189829590953735],[8.517747566533608,47.189745095022396],[8.51774290756867,47.1896868291899],[8.517729764559553,47.18958346695698],[8.517724647134948,47.18953518154369],[8.517719104177464,47.189495239043254],[8.517707911384925,47.18945781429387],[8.517691742544907,47.18930125342209],[8.517682956750322,47.18924380887962],[8.517663603285813,47.189154412044296],[8.517636762269177,47.18906800895304],[8.517623345426133,47.18902629614287],[8.517594628213466,47.18893257021094],[8.517580181429983,47.188852869611374],[8.51756513048076,47.18874255363017],[8.51755033102261,47.188645359876354],[8.5175417712025,47.18861808446006],[8.517528515266342,47.188597428841064],[8.517507215941603,47.18857576013059],[8.517477989349656,47.18855425566039],[8.517447970921415,47.188536671691594],[8.517416342357397,47.188526272300834],[8.517374357936898,47.18852189804347],[8.517290989493834,47.1885239475797],[8.517199908427054,47.18852830022362],[8.516832006897534,47.188549584703715],[8.516567003809836,47.18856753874218],[8.516172950933166,47.188590280376026],[8.51612810381661,47.18859380361202],[8.516052140082252,47.18860119829856],[8.515812171729678,47.18861864642877],[8.515297988553446,47.18865797245965],[8.515175725703607,47.18866691501044],[8.514924967634,47.18868526278963],[8.514755993980863,47.18870349325333],[8.514617681760365,47.1887188371724],[8.514646535716285,47.18884521655387],[8.514660534237873,47.18893434006371],[8.51466451441031,47.189044975732905],[8.514662300889704,47.18912059544499],[8.514661406263587,47.18915090998295],[8.514652534141838,47.18923072990369],[8.514648559690823,47.18926209872457],[8.514643507505696,47.18930221234522],[8.514632415185458,47.189358250655694],[8.514621322661037,47.189414279970464],[8.51458360522466,47.1895348316741],[8.514548998467067,47.1896374980259],[8.514504384024077,47.189762881816826],[8.514445462320774,47.18987173043799],[8.514407320685706,47.18994825257662],[8.514354857414533,47.19005346054556],[8.514255600193117,47.190240030076374],[8.514213691242366,47.19032610467746],[8.51418192322453,47.19039543367303],[8.514153699175475,47.19046710438765],[8.514119653999408,47.19059712093396],[8.514084760595681,47.19077357165597],[8.514077020173692,47.190822436070334],[8.514058708257696,47.19086664056305],[8.514010048909869,47.19092285877582],[8.513971274363936,47.19095089139746],[8.513919699257759,47.19097300751717],[8.513860376088598,47.190989123948754],[8.513790837453936,47.19100188144081],[8.513732073051367,47.19101034633215],[8.513617491648603,47.19102685269779],[8.513460413662756,47.19104641839301],[8.513159262301464,47.191083907507604],[8.513019989178883,47.19109904250965],[8.512890775516547,47.191109774590416],[8.512789283155362,47.19111701847196],[8.51273489691522,47.191120746303895],[8.512621092858772,47.191128671620504],[8.512554320832004,47.19113333350609],[8.512432863008884,47.19114258041696],[8.512400909060625,47.19114821282916],[8.512111835929359,47.191199097919096],[8.511791144565501,47.19126449003754],[8.511691379148026,47.19128877248886],[8.511591731092974,47.19131825321011],[8.5115021760091,47.19134894415095],[8.511420409514782,47.191380435018935],[8.511337170983328,47.191416176465836],[8.511252490295089,47.19145831815564],[8.511231938270605,47.191467928010155],[8.511169302165593,47.191497243447266],[8.51108145664002,47.1915362210569],[8.510942682310233,47.191594761591766],[8.510817831729497,47.191648125762924],[8.510744441461469,47.19167619177557],[8.510670320980154,47.191703382972236],[8.510595535897538,47.191729680749496],[8.510520086396566,47.19175509409999],[8.510397742237396,47.191793960570905],[8.510225096994656,47.19184093235517],[8.510052123624998,47.19188734920426],[8.509891855316507,47.191930328203284],[8.509731300132263,47.19197283287913],[8.509695244561762,47.19198126433497],[8.509658982606652,47.19198927490686],[8.509622513907626,47.19199684660667],[8.509585864853571,47.1920039791888],[8.509549035625362,47.19201068164699],[8.509502173587942,47.19201852989499],[8.50948263142795,47.192020600732995],[8.50946304518371,47.19202244708807],[8.509443401301393,47.192024051095046],[8.509423726349375,47.192025421502436],[8.509404020507908,47.19202656730407],[8.509384283417237,47.192027470512215],[8.509364541645725,47.19202813987525],[8.509344768805523,47.192028575638616],[8.509324991285013,47.19202877755691],[8.509305208904436,47.19202873663616],[8.509285448412163,47.192028470618894],[8.50926186674018,47.19202783533079],[8.509259236804551,47.19202764389297],[8.509258866651205,47.1920276113527],[8.50921200261908,47.192024152050415],[8.509162232359039,47.19201988316273],[8.509112595363824,47.19201501930591],[8.50902795701507,47.19200532637574],[8.50895027165618,47.19199489407673],[8.508854047621218,47.19198062202517],[8.508767124350573,47.191968188499445],[8.508680138388293,47.19195591741172],[8.508545466458532,47.191937351719865],[8.508410571877356,47.19191952557806],[8.508372569163953,47.19191572272555],[8.508334483089461,47.19191237041418],[8.508296313832773,47.19190947763788],[8.508220200753668,47.1919050662774],[8.508103979649,47.19190639780584],[8.50798777622705,47.191907953942206],[8.50791625861879,47.19190897800768],[8.50784474190659,47.19191004699832],[8.507818410157588,47.19191112812436],[8.507792058922535,47.1919118945799],[8.50776570139592,47.19191234624243],[8.50773932438419,47.19191248323446],[8.507701694381094,47.19191213999931],[8.507677322470421,47.19191091801662],[8.507652971018196,47.191909398984635],[8.507628666592604,47.1919075916522],[8.507604422388033,47.1919054958969],[8.507580212016837,47.19190311196372],[8.507556088435187,47.1919004483566],[8.507532024896015,47.19189748733279],[8.507508048147137,47.191894246635165],[8.50748415800922,47.19189071726988],[8.507460367856346,47.191886908108366],[8.507436664494845,47.19188281927314],[8.50739749400512,47.1918753837296],[8.507358898009054,47.19186565796205],[8.507320556744473,47.19185547104249],[8.507282470391894,47.191844831965035],[8.507244678534134,47.19183374036266],[8.507207168157617,47.191822205351826],[8.507139409100786,47.1917999764538],[8.507092718573727,47.19178470348225],[8.507046439324462,47.19176887794478],[8.507000558160081,47.19175249996434],[8.506955114843196,47.19173557816809],[8.506910109554346,47.191718121550274],[8.5068641318806,47.19169954948961],[8.506836426237543,47.191687995351224],[8.506809004409025,47.19167611473222],[8.506781905977256,47.191663907265344],[8.506755117928124,47.191651382067256],[8.506728666470247,47.19163852989947],[8.50670095234852,47.19162456499169],[8.50669910841974,47.19162342166774],[8.506698827935093,47.19162325335373],[8.506677168509627,47.19160982597924],[8.506653748368823,47.191594795729486],[8.506630732046649,47.191579500857124],[8.506608106169615,47.19156393249099],[8.506585883931665,47.191548090508824],[8.50656406569186,47.19153199289874],[8.506542664644062,47.19151563953859],[8.50652169398212,47.19149903030616],[8.506501140691556,47.19148217431806],[8.50648103116007,47.19146507132966],[8.50646133935873,47.191447739573874],[8.506436644922628,47.1914250568638],[8.506412002565131,47.19140101533272],[8.50638797459873,47.19137668023976],[8.506364574575866,47.19135206945071],[8.506339183649102,47.19132423871097],[8.506299869201422,47.19128245000587],[8.50624172274288,47.191223420473044],[8.506210390139149,47.1911934318895],[8.506178286671464,47.191163828259825],[8.506145438548634,47.19113460034479],[8.506111833115707,47.1911057752479],[8.506077509954638,47.191077352601475],[8.506022282824375,47.19103366034619],[8.505981521982651,47.191005999011814],[8.505940071421456,47.1909788208231],[8.505897918126347,47.190952134895554],[8.50584712882407,47.19092119313573],[8.50572451855401,47.19085151641],[8.505482177298216,47.1907208436144],[8.505435794962674,47.19069580691776],[8.505389905782685,47.19067035183644],[8.505362267499368,47.19065419098624],[8.505335044975947,47.190637702436504],[8.505308238391873,47.1906208951813],[8.505281874134635,47.190603768976445],[8.5052559523836,47.190586332816224],[8.505218237483083,47.19055983940824],[8.50518567189386,47.190534809542605],[8.505153758488976,47.19050939581178],[8.505122484253805,47.190483607332425],[8.505091888948368,47.190457452732375],[8.50505415115498,47.19042384397815],[8.505016802799474,47.19038858541304],[8.504974229449678,47.190346736491634],[8.50493433411382,47.190308155134296],[8.504894321168372,47.19026962882603],[8.504892505075361,47.19026789150732],[8.504892289854629,47.19026768660221],[8.504808656811102,47.190187743784094],[8.504722103796366,47.190106280704995],[8.504671055515475,47.19006160457803],[8.504618858292798,47.190017541770885],[8.504522033599143,47.189939762887626],[8.50443688563643,47.189876457664404],[8.504279106666383,47.189764753794044],[8.504155559475643,47.18968092504723],[8.504030541691373,47.189598108288415],[8.503901803984942,47.189514012461416],[8.503771765963313,47.18943086406345],[8.503685333915898,47.18937654776338],[8.50359780991147,47.189323051102804],[8.503571727467424,47.189308089840246],[8.503545255502036,47.18929344702035],[8.503518420580924,47.18927913139265],[8.50347091013374,47.189254985917344],[8.503415859542729,47.189233222025436],[8.503360254747857,47.18921211991044],[8.503299377740122,47.189189996051546],[8.503153153295246,47.18913949769032],[8.503006325322197,47.189089823323016],[8.50300586033464,47.189089665701495],[8.50300566100314,47.189089595579816],[8.502974375804655,47.18907908112418],[8.50294241346446,47.18906835702626],[8.50291043830159,47.18905765102923],[8.50287850165806,47.18904689069386],[8.50282612985879,47.18902908680218],[8.502773937791993,47.18901102934933],[8.502758411539762,47.18900531673914],[8.50274302683965,47.18899942290682],[8.502727796885098,47.18899334773065],[8.502712734869517,47.18898709108856],[8.502697827599683,47.18898065310263],[8.502683088447885,47.1889740426449],[8.502668517235323,47.188967250721525],[8.50265412751313,47.188960295198484],[8.502636146225477,47.18895123191911],[8.502626073268722,47.188945028107504],[8.50261615612986,47.188938696916765],[8.502606395166636,47.188932256334894],[8.502596816586772,47.188925697124105],[8.502587407375842,47.18891902840028],[8.50257816735497,47.188912241169504],[8.502569096881869,47.188905353419756],[8.502560208970962,47.18889835603516],[8.50255150362224,47.188891249015796],[8.502542981193379,47.188884050349515],[8.502534641326644,47.18887674204856],[8.502526497572994,47.188869341978844],[8.50251853656027,47.18886184126842],[8.502508213430087,47.18885168170274],[8.502483153259636,47.18882174210238],[8.502458865618365,47.18879149850378],[8.502435351041875,47.18876097788921],[8.502397799030549,47.18870935740583],[8.502372304111091,47.18867281004621],[8.502347451760679,47.188636058840956],[8.502325011494488,47.188602487770964],[8.502297104628715,47.18856276025274],[8.502276115306246,47.18853513084265],[8.50225441875804,47.18850776883457],[8.50223202782046,47.18848065611845],[8.502208956223809,47.18845381955372],[8.502182816749237,47.18842466347957],[8.502155920754493,47.188397277522405],[8.502128331806896,47.188370212805786],[8.502100050085767,47.18834347832312],[8.502044993461741,47.18829411539508],[8.501970216807266,47.18823183701929],[8.501894148328965,47.188170281177676],[8.501817895533636,47.18810940165727],[8.501740912319894,47.18804894262893],[8.50164872322847,47.18797761336564],[8.501555517475309,47.18790690511584],[8.501490125250848,47.187857979185715],[8.50142379503958,47.187809655586726],[8.501405501865122,47.18779748252601],[8.501386909725833,47.18778553711184],[8.501368005071344,47.187773801478066],[8.501348814823615,47.187762302362714],[8.501329325610909,47.18775103089347],[8.501303280957757,47.18773657252796],[8.501279405791262,47.18772504468191],[8.501255232912133,47.18771380743757],[8.50123078852755,47.18770285155733],[8.501206059801527,47.18769219515062],[8.501181059748212,47.18768182910154],[8.501133742563674,47.18766330313011],[8.501132838474572,47.18766296064655],[8.501132652343834,47.18766289039975],[8.501132838474572,47.18766296064655],[8.501133742563674,47.18766330313011],[8.50111787253834,47.18765553348654],[8.501045054513447,47.18762932671625],[8.500863087236567,47.18757269650803],[8.500723101349216,47.18753899525893],[8.500622497492065,47.187518270999284],[8.500440749173224,47.18747329638306],[8.500305605730226,47.18743623059726],[8.500258882113622,47.1874216568516],[8.500229190708744,47.187403606656304],[8.50021488154537,47.18739402338003],[8.500208112008567,47.18738669143667],[8.500200930052621,47.18737652968798],[8.50019547047059,47.18736538952924],[8.500189578293549,47.187349737577485],[8.500181903089539,47.18733267176958],[8.5001739783686,47.18731965627347],[8.500162136203128,47.18730405918529],[8.500152119542006,47.18729201650894],[8.500142510841524,47.1872825787885],[8.500135057641096,47.18727670143339],[8.500125571890207,47.187273460533355],[8.500113650997633,47.18727118662188],[8.5001018934282,47.187269828752555],[8.50004567187586,47.187268682943085],[8.499945742805405,47.18728127150811],[8.499721398133978,47.18730665608297],[8.499509065329455,47.18732028025038],[8.499419626476634,47.187316903482696],[8.499373706938009,47.1873129187645],[8.499320597445646,47.18730701225076],[8.49927530333271,47.187299297561026],[8.49921890597732,47.18728795197989],[8.499136575513448,47.18727039544045],[8.498964519486192,47.187220336677186],[8.498797265655961,47.187166887079705],[8.498649478455182,47.18710827444687],[8.498511256163143,47.18703957048203],[8.498308883924024,47.18693980142244],[8.498079375141176,47.18682696829362],[8.497814063429978,47.186693198580286],[8.497747138609272,47.186657921953184],[8.497616400106546,47.18658520801252],[8.49757252632232,47.18655387519504],[8.49752946057,47.18652203117623],[8.497487229234778,47.18648967571428],[8.497424387988024,47.186439356716534],[8.497372906934626,47.18639632757307],[8.497322339663327,47.18635279524651],[8.497271720415485,47.186309299358385],[8.497220305039464,47.186266242556876],[8.4971774578761,47.186231418861546],[8.49713373700391,47.18619711593203],[8.497061719685277,47.18614314794574],[8.49704795603376,47.186134413845586],[8.49703395794413,47.186125834824054],[8.497019752513259,47.18611744661432],[8.497005339029444,47.18610921324043],[8.496990704477955,47.18610114381758],[8.496975875777698,47.18609326508495],[8.496960839202284,47.18608555018192],[8.496945608477972,47.18607802596901],[8.49693019661939,47.18607068333084],[8.496914590433853,47.1860635223886],[8.496898803113886,47.18605654302105],[8.496882835015166,47.18604976321593],[8.496853081064666,47.18603779374765],[8.496836004591891,47.18603168080193],[8.49681877372519,47.186025767175714],[8.496801401834885,47.1860200617415],[8.496783875728237,47.18601456462055],[8.496766221968128,47.1860092845642],[8.496748427006066,47.186004203705735],[8.496730504390213,47.18599933991179],[8.496712467312966,47.185994693060934],[8.49669431559628,47.18599025415932],[8.49666853525138,47.18598438310683],[8.496668508688352,47.18598437435539],[8.496668018250576,47.18598426192037],[8.496589411133513,47.18597001571437],[8.496510540173334,47.18595643755245],[8.496449431624477,47.185946294352064],[8.496388248210707,47.185936367701196],[8.496327014894112,47.185926585405745],[8.496265956339975,47.185916297719906],[8.496200223270634,47.185904496710634],[8.496134804756842,47.18589191915483],[8.496069727364118,47.18587857380448],[8.496005003932087,47.185864442551214],[8.495914039215304,47.18584313991625],[8.495879051898962,47.18583407885696],[8.495844307078082,47.18582460176354],[8.495809804931058,47.18581471763022],[8.495775558473374,47.18580441734204],[8.495741581253611,47.18579371876596],[8.495707886287219,47.18578261278717],[8.495642805489336,47.185759731916455],[8.49562246580259,47.18575206553338],[8.495602319212448,47.18574415449322],[8.495582392281836,47.18573600754782],[8.495562658803522,47.185727633933396],[8.495543157999899,47.18571901529887],[8.49552387703395,47.18571016975329],[8.495504815905793,47.18570109729683],[8.495472045249338,47.185684675373174],[8.495458168525778,47.18567687766354],[8.495444486673946,47.18566892523845],[8.495431012708742,47.18566080898298],[8.495417759822702,47.18565252877604],[8.495404715000978,47.1856440937328],[8.495391878243586,47.18563550385322],[8.495379276113182,47.1856267678892],[8.495355861022738,47.185609693330065],[8.49534417017047,47.18559966262966],[8.495332740685637,47.18558950359082],[8.495321585583053,47.18557920709858],[8.495310678477644,47.185568773395254],[8.495300046109584,47.18555822022657],[8.495282490764348,47.18553986846735],[8.495245923462337,47.18550490546149],[8.49520913388992,47.18547004343561],[8.495138977289795,47.18540457882864],[8.495067384078116,47.18533985600507],[8.495058196623809,47.18533297774109],[8.495048839801255,47.18532620897761],[8.495039313610462,47.185319549714535],[8.49502960503657,47.18531300906692],[8.495019740286871,47.18530657779856],[8.49500971971649,47.185300273897376],[8.494999529955432,47.18529408849038],[8.494989184373669,47.18528803045045],[8.494969785613485,47.18527721586282],[8.494960758411311,47.1852731067586],[8.494951614787112,47.185269115664454],[8.494942380770546,47.18526522435041],[8.494933043524302,47.18526145092537],[8.494923616063183,47.18525778627427],[8.494914085194742,47.18525423051814],[8.494904477481315,47.1852507924089],[8.494894779730448,47.1852474720675],[8.49488499176453,47.18524426050001],[8.494875140145899,47.185241166458226],[8.49486519866722,47.185238199178144],[8.494855180165771,47.18523534055089],[8.494845084996566,47.18523260856422],[8.49482895941063,47.185228519600145],[8.494805315810098,47.185223914897485],[8.494781572177958,47.18521958997067],[8.494757702306593,47.185215554055645],[8.494733745595303,47.18521179779524],[8.494709702043735,47.18520832118947],[8.494685558814176,47.18520514234713],[8.494661341936,47.18520224303833],[8.494637051763869,47.18519964125085],[8.49460927773643,47.18519701744243],[8.49453698043356,47.18519084396905],[8.494500894674665,47.1851882693864]]}},{"type":"Feature","properties":{"id":50,"t_id":49,"liniennummer":"604"},"geometry":{"type":"LineString","coordinates":[[8.53173379094689,47.186225366596624],[8.53171130761503,47.186291302183776],[8.531692661076264,47.18638292884579],[8.531683416337296,47.18649556099217],[8.531684499753371,47.1865272783029],[8.531685763752598,47.18656395948816],[8.531704337314018,47.1866366837398],[8.531759447191387,47.18674421599149],[8.53182231776936,47.18683697565622],[8.532000165312137,47.18711534768319],[8.53207950276543,47.18726677324815],[8.532121086455614,47.187366445676865],[8.532155514084355,47.1875136829996],[8.532187957228409,47.187649037939266],[8.53221566274051,47.18780824930681],[8.532233988867999,47.18793659579747],[8.532247223607936,47.1880721421745],[8.532257850730188,47.188250541512744],[8.532261377428691,47.18842307117898],[8.532254234094511,47.188586175827595],[8.53224472980163,47.1887183489372],[8.532231789419077,47.18885414393767],[8.53221015231518,47.18899119997022],[8.532181717524029,47.18913785592897],[8.532143184803552,47.18930244611873],[8.532136098551558,47.18932826790863],[8.53209932984622,47.18946231915522],[8.53205002954305,47.189612744502206],[8.531993762641433,47.189763226986734],[8.531944249119242,47.189882583404675],[8.531923888175816,47.18993168598117],[8.531856923914722,47.19007274359916],[8.531803228442747,47.19017798053868],[8.531720855007865,47.19033346942892],[8.531626215108085,47.19048669086476],[8.531538191723069,47.190620814661926],[8.531426241404617,47.19078134276285],[8.531359442621495,47.1908718250771],[8.531298832895368,47.19095391866279],[8.53121902979276,47.1910641617516],[8.531110368582171,47.19121395350576],[8.531030624233392,47.19132775815788],[8.53099674687191,47.19137805926701],[8.5308706399427,47.19152920371854],[8.530841660219156,47.19156279842392],[8.530775602397348,47.19164959412504],[8.530664847367753,47.19179067052911],[8.530598633125358,47.19187500280223],[8.530447293758977,47.19207278546616],[8.530313021035107,47.19225138934897],[8.530168440856265,47.19243840273197],[8.530020133662642,47.192613550044044],[8.52990616470537,47.19278229064514],[8.529859152433666,47.19285189453271],[8.529661853985813,47.1931084482156],[8.52949862955417,47.1933230110027],[8.529411141573831,47.19343469284901],[8.529381224079026,47.19347287480391],[8.529348220552787,47.19352734105942],[8.52930500250719,47.193598635907954],[8.529198471599505,47.1937686366151],[8.529127648256273,47.19389188165404],[8.529055847921649,47.19405202690021],[8.529019537526311,47.19415471385758],[8.528998710184304,47.19424654039895],[8.528995015998893,47.19429191326509],[8.528991066547805,47.19434030207766],[8.528975173228895,47.1944178058487],[8.52895093528523,47.194513244925155],[8.528926708256462,47.194609871310625],[8.528914757572316,47.19464707337956],[8.528874190581279,47.19477340505758],[8.52878562579984,47.1950539081563],[8.528723393004292,47.19525560320876],[8.528707065595546,47.195317665568716],[8.52870394283276,47.19532956933673],[8.528678245954929,47.19541433535519],[8.528663047153412,47.19546443185751],[8.528638880930336,47.195563441410776],[8.528619534062573,47.19565285199701],[8.528613334269213,47.19568149872943],[8.528581827714548,47.19584840462993],[8.528562295105216,47.19598376651644],[8.528552765635068,47.19604979452071],[8.528525116893242,47.1962357075665]]}},{"type":"Feature","properties":{"id":51,"t_id":50,"liniennummer":"528"},"geometry":{"type":"LineString","coordinates":[[8.434419190778629,47.14894077783733],[8.434475440894309,47.14898685196302],[8.434655783898796,47.149138638070504],[8.434752137250765,47.14925443129238],[8.434828607386464,47.1493518297701],[8.434903493981016,47.149437808548534],[8.434969133744698,47.149515789346495],[8.435011037331568,47.14955541170654],[8.43505294985184,47.14959551073903],[8.435093447213262,47.14963466848447],[8.435135350985174,47.14967429079811],[8.435175083225111,47.149709173254124],[8.435218251670978,47.14974164210456],[8.43526559055724,47.14977359804451],[8.435321991246202,47.14980500768693],[8.435372040951414,47.149831704679244],[8.435420591459284,47.14985365598642],[8.43547404664382,47.149876995068844],[8.43553937162125,47.149899754502954],[8.435603223850554,47.14991918930908],[8.435671940863585,47.14993716061892],[8.4357419755109,47.14995082958318],[8.435817551610935,47.149962552407516],[8.435891650514593,47.14997000609897],[8.435971971668204,47.14997454521018],[8.436060606881021,47.149975207057544],[8.436138681015123,47.14997166952591],[8.436224361545758,47.14996378409277],[8.436242863494329,47.149961770563536],[8.436404722274043,47.14994413885051],[8.436507139290804,47.14993149332127],[8.436599311771326,47.14992102354204],[8.436736500510566,47.14990698769921],[8.436827125201928,47.149901910513975],[8.43694100265958,47.14990068847645],[8.437115522247133,47.149905119962526],[8.437226960630506,47.1499032081617],[8.437309218145312,47.14989915675572],[8.437385899061663,47.149895162700915],[8.437458808151991,47.14988548016231],[8.437527863108084,47.149874886507945],[8.437604985120405,47.14985708028032],[8.437696730319885,47.1498286761667],[8.437871778341705,47.14976463664582],[8.438018413339014,47.14968804299384],[8.43812236548308,47.14963265373021],[8.438343138903262,47.14948870436259],[8.438614141254071,47.14925679105478],[8.438515794901246,47.14944918855914],[8.438420872323132,47.1496081916429],[8.438278343062786,47.14983967182552],[8.438168479663108,47.150026942637595],[8.43811116683936,47.15013113249565],[8.4380687938376,47.150207081382234],[8.4380214953064,47.15029536998027],[8.437999584063997,47.15036410654655],[8.43797344931812,47.15048208554635],[8.437974958208056,47.15056292459283],[8.437992574662383,47.15067876939325],[8.438030712641458,47.15078916451475],[8.438073631752777,47.150880186614465],[8.43814933767736,47.151071107463025],[8.438182485316773,47.15119033455348],[8.438186192888125,47.151261790099994],[8.438175713453647,47.151336148537155],[8.43816263539679,47.151382913164156],[8.438142582879665,47.15142973838345],[8.438124417988531,47.1514660763614],[8.43809314498641,47.15151013846233],[8.438056971855667,47.15155377535327],[8.438026728477835,47.15158306676828],[8.438004531651972,47.151600504086915],[8.437964231731687,47.15163216771665],[8.437904255258694,47.15167076690639],[8.437829600175734,47.15170854901796],[8.43774382222094,47.15174880250578],[8.437416345853542,47.15190615380157],[8.437131503049244,47.15196753828734],[8.437416345853542,47.15190615380157],[8.43774382222094,47.15174880250578],[8.437829600175734,47.15170854901796],[8.437904255258694,47.15167076690639],[8.437964231731687,47.15163216771665],[8.438004531651972,47.151600504086915],[8.438026728477835,47.15158306676828],[8.438056971855667,47.15155377535327],[8.43809314498641,47.15151013846233],[8.438124417988531,47.1514660763614],[8.438142582879665,47.15142973838345],[8.43816263539679,47.151382913164156],[8.438175713453647,47.151336148537155],[8.438186192888125,47.151261790099994],[8.438182485316773,47.15119033455348],[8.43814933767736,47.151071107463025],[8.438073631752777,47.150880186614465],[8.438030712641458,47.15078916451475],[8.437992574662383,47.15067876939325],[8.437974958208056,47.15056292459283],[8.43797344931812,47.15048208554635],[8.437999584063997,47.15036410654655],[8.4380214953064,47.15029536998027],[8.4380687938376,47.150207081382234],[8.43811116683936,47.15013113249565],[8.438168479663108,47.150026942637595],[8.438278343062786,47.14983967182552],[8.438420872323132,47.1496081916429],[8.438515794901246,47.14944918855914],[8.438614141254071,47.14925679105478],[8.438880046507443,47.148987904617805],[8.43911861409152,47.1487429496208],[8.439355558556617,47.14850509672689],[8.439539594499356,47.148316297755656],[8.439773054964606,47.14807848325373],[8.439972535137013,47.14787595682193],[8.439986109091492,47.147862183382955],[8.440142873046115,47.14770086836918],[8.440378024241733,47.14746068099703],[8.440575748259915,47.14726108330932],[8.44084668550679,47.14698383628331],[8.44107676042931,47.14674961969955],[8.441373263115933,47.14644727578535],[8.441642429898499,47.14616886377142],[8.442145082006755,47.1456538276428],[8.44251212461156,47.14527200991484],[8.442848137890486,47.144916180206195],[8.443127777010083,47.14461558889069],[8.443476196076492,47.144229936457506],[8.443754070290009,47.14391085499882],[8.443948041678887,47.143682686931754],[8.44420212351082,47.14337612720329],[8.444448643688709,47.14306653850345],[8.444702359786803,47.14274152181576],[8.445011590811488,47.14233300747113],[8.445237115150736,47.14202566061078],[8.445494622968981,47.14166371788657],[8.445789854998294,47.14123073881066],[8.44594686894772,47.14098935229439],[8.446015857346634,47.1408827079799],[8.4460438112562,47.14083949117268],[8.446090764442411,47.140766926222454],[8.446297991749208,47.14044144026722],[8.446517486969363,47.14007654460946],[8.446521232477227,47.14007031381911],[8.446708935946061,47.13974795765919],[8.446926164678914,47.13936381239465],[8.447180058014098,47.138890333654196],[8.447374364306905,47.1385116148521],[8.447509270245428,47.13823814357552],[8.447645741166163,47.13794635232041],[8.44779684900302,47.13761776634325],[8.44792748239163,47.13732207683174],[8.448057892418419,47.13701461384556],[8.448200830611528,47.1366599216951],[8.448358085484083,47.13625011345378],[8.448467475795411,47.135946756508346],[8.44861122189155,47.13553314434134],[8.448714578142038,47.13521544709062],[8.448857431683491,47.13475472331438],[8.448981415035924,47.13430985342481],[8.449081619355628,47.13392804464812],[8.449200985030462,47.13344264473232],[8.449302086009656,47.13300583755335],[8.449388523059158,47.13260582526081],[8.449499669004648,47.132091693096484],[8.449594696197781,47.131639241505944],[8.449672066095879,47.13126678118145],[8.44972640185068,47.131005754191406],[8.449747684128178,47.13090352069994],[8.44981468503626,47.1305900637211],[8.449886935446859,47.13025169659888],[8.449959011715826,47.12990415538806],[8.450024245746,47.129599871281584],[8.450103730275702,47.12923919410685],[8.450188268793985,47.12884049282973],[8.450274482939408,47.128428688058406],[8.450348379571613,47.12807590393748],[8.450415248341834,47.12775722104282],[8.450499856273225,47.127362440845566],[8.450610733711569,47.12683523850266],[8.450705779799165,47.12638408048784],[8.450811413507449,47.12588439662666],[8.450943388336619,47.12525620289164],[8.451029689816771,47.124849631807386],[8.45113000432227,47.12437356283733],[8.451248043451843,47.123820101037616],[8.451356005141056,47.12330118109834],[8.45150808546527,47.122583428418594],[8.451549366563057,47.12239265393917],[8.451628329669163,47.12202781454036],[8.451675073554693,47.12182628703582],[8.45171551205685,47.121659313364255],[8.451759474058207,47.12149469246945],[8.451810239826784,47.121320512191005],[8.451859522406941,47.12116060305352],[8.451913977739888,47.12099827344848],[8.451968558551641,47.12084189782266],[8.452029871177801,47.12067356158448],[8.452094530641826,47.12049685683531],[8.452159221937698,47.12032255359698],[8.452234194358946,47.120138615289974],[8.452297315913986,47.11997263777247],[8.452380411784215,47.11975770067522],[8.452500183718662,47.11945438164465],[8.452618079520256,47.1191439184622],[8.452746102049128,47.11881433999351],[8.452849113378258,47.1185468540982],[8.452971113930984,47.1182334576431],[8.453090130611175,47.11792471111987],[8.453214800277694,47.117603491550284],[8.453336079997515,47.11728705143588],[8.453472370581963,47.11693597130716],[8.45360537465535,47.11659444639192],[8.453733358480143,47.11626485787198],[8.453874607679072,47.11589826081783],[8.4539629285886,47.11567043931427],[8.45405931894709,47.11542205433038],[8.454203658491704,47.115035198217996],[8.454292751819027,47.114769030043895],[8.454338521553217,47.1146135943811],[8.454383901309887,47.11442787373099],[8.454413896990694,47.11426338382086],[8.454435174326246,47.114097774506895],[8.454449433132275,47.113931039770485],[8.454452411270893,47.11374757381014],[8.454446994963169,47.11359673733838],[8.454445100596898,47.113544084442836],[8.454423952181942,47.11334605176856],[8.454399733003847,47.11318829283643],[8.45436708019914,47.11302911513002],[8.454327706284388,47.11288308549146],[8.45427961114653,47.1127371418833],[8.454229947935254,47.11259952410401],[8.45416599504327,47.11244419412321],[8.454106058001903,47.11231857731104],[8.454046367634053,47.1122024847021],[8.45397422225663,47.112075788225496],[8.453891485238906,47.11194085525417],[8.453803572710731,47.11180953021266],[8.453683629281505,47.11164278412013],[8.453542450403397,47.111459574398765],[8.453408534690201,47.11129177294342],[8.453217739763067,47.11106496699348],[8.452893255291949,47.110683445384815],[8.452705938620541,47.1104577863369],[8.452582681642886,47.11029941631638],[8.45247188126828,47.11015520343876],[8.45235012616084,47.10998490965515],[8.452264031016586,47.10985595126737],[8.452188563369905,47.10973642552796],[8.45211300183008,47.10961331129341],[8.452044472086499,47.109491349432986],[8.451974019845709,47.10936107448589],[8.451894377775185,47.10920467610626],[8.451821746588063,47.1090518051494],[8.451763520490859,47.108921413311684],[8.451710485102534,47.108790975696884],[8.451657283061921,47.108651013106574],[8.45160006375873,47.10848253362272],[8.451555461546006,47.10833536162732],[8.451501315712271,47.108145427309225],[8.451465273550827,47.10799103728015],[8.451432645624795,47.10783184944633],[8.451401082540828,47.107636975370156],[8.451380437895152,47.10746696808171],[8.45136313632394,47.10728979775976],[8.451355028150395,47.107137554411985],[8.451348334453531,47.10696743318377],[8.451350807510138,47.10682223017257],[8.451356514489735,47.10666270453357],[8.451365721744644,47.10650434447423],[8.451379992138769,47.10633643136714],[8.451399443007785,47.106167267186],[8.451427276979736,47.10598018170354],[8.451472873672099,47.105717969700144],[8.451536530433916,47.10539847594585],[8.451602446033979,47.10510512165902],[8.451654648944462,47.104538752290814],[8.451696109001269,47.104239046565795],[8.451786544176699,47.10394519709714],[8.45185210533972,47.10367855385372],[8.451918867884054,47.10332707965236],[8.451965057129964,47.10308181890056],[8.452027005720343,47.1027747267535],[8.4520463149956,47.102601038718205],[8.452029751888594,47.10247200670226],[8.451982506926768,47.10236253194667],[8.451893205483486,47.10226884654836],[8.451750340746706,47.10217949238312],[8.45148852742347,47.10206997449231],[8.451169682953259,47.10193389942355],[8.451017707375028,47.10188099418082],[8.4508766581127,47.10181508370156],[8.450697440122898,47.10174340108256],[8.450584634872067,47.101717146404326],[8.45058732286374,47.101711590391076],[8.450589402738036,47.10170592278808],[8.450590864550394,47.10170031460089],[8.450591975187407,47.101690760399684],[8.450591803604034,47.10168446493041],[8.45059108295283,47.10167909185538],[8.450589722236408,47.10167331061436],[8.450671766217134,47.10168912229166],[8.450773544081423,47.10172510837365],[8.450959554095798,47.10179369051024],[8.451187784883322,47.101880944269276],[8.451451125776961,47.10198214635659],[8.451568737181374,47.102026340212],[8.451783017042924,47.102105853521174],[8.452025050867695,47.10218511273604],[8.452150470777768,47.10221164159075],[8.45232275487484,47.10224669870964],[8.452517204820092,47.10228906244654],[8.452770607151413,47.10231805086989],[8.452918655299243,47.10232408495798],[8.453220208896228,47.10233979262158],[8.453494226275167,47.102322692476356],[8.453655075525457,47.10229371830743],[8.453826277292345,47.10224445714896],[8.453972933534112,47.1021770343745],[8.45407363910929,47.10209717153927],[8.454137068294505,47.10203783329463],[8.45419142698154,47.10192532067111],[8.454197399961805,47.10181506168704],[8.4541663193718,47.10173636313966],[8.454108563624693,47.101668910993155],[8.454040242358463,47.1016125808782],[8.453934310751132,47.10155841808954],[8.453804787222257,47.101535687627994],[8.453689046842262,47.1015311954996],[8.453613882386634,47.10153920877592],[8.453512168586721,47.10156581664201],[8.453402602301233,47.10160352246365],[8.453235132318333,47.101707848669164],[8.452962402202486,47.10193616463857],[8.452772332033948,47.102125177097214],[8.452559960684312,47.10235479458443],[8.452469395516498,47.102513980542504],[8.452335953033254,47.10278071919477],[8.45226332427651,47.102950046830365],[8.452202150385828,47.10310231653005],[8.45214989460735,47.10324201254375],[8.452089575033447,47.10340256865574],[8.452046142600407,47.103534441524985],[8.451978801060639,47.103744499752615],[8.451937207535103,47.10387541180671],[8.451931960858541,47.103891965139994],[8.451848197269364,47.1041818607932],[8.451774672438397,47.10444194437693],[8.451689938664499,47.10475448154995],[8.451602446033979,47.10510512165902]]}},{"type":"Feature","properties":{"id":52,"t_id":51,"liniennummer":"642"},"geometry":{"type":"LineString","coordinates":[[8.459655278867334,47.209159731510645],[8.459496946711148,47.209001843286664],[8.459427856728553,47.208932776766844],[8.459358806519315,47.20886370985341],[8.459356128389471,47.208861025952594],[8.459223381834459,47.208728106905696],[8.459088154093932,47.20859241210055],[8.458985411902294,47.208488471198834],[8.458883363780917,47.20838421821172],[8.458759866745625,47.208254428079066],[8.458639342271447,47.20812335212237],[8.458478952166255,47.20793544486183],[8.458270290486226,47.20767902347289],[8.458138353637858,47.207510725824996],[8.45800727000022,47.2073421326191],[8.458004658002947,47.20733875545045],[8.457861826698561,47.207154209143916],[8.457716751730594,47.206966165284804],[8.457634240574215,47.20685890474394],[8.457551795052302,47.20675160758139],[8.457551794880963,47.20675159858746],[8.457469389111738,47.20664429201877],[8.45738683952581,47.20653704063623],[8.457305063088107,47.206431554463755],[8.45722314265472,47.20632611448427],[8.45714126196597,47.2062206650996],[8.45705946044331,47.20611519696573],[8.456779312877698,47.20575286264828],[8.456776687666782,47.205749476573175],[8.456610895410911,47.2055350058694],[8.456410049772778,47.205274940823976],[8.456209795862181,47.20501465430859],[8.456054235368196,47.204805606620404],[8.455902859845747,47.204595145446575],[8.455784315801782,47.20441678679893],[8.455612739122856,47.20414271675494],[8.455610910510988,47.204139566496195],[8.455487274740982,47.20392655695716],[8.455362967241976,47.20371009895074],[8.455298208567042,47.20359674298357],[8.455233607675641,47.20348334060888],[8.45510426240245,47.20325658199229],[8.454992415071798,47.20306081113454],[8.454880568388552,47.20286503116459],[8.454768077158347,47.202667934435866],[8.454655652569587,47.20247082801141],[8.454654491724591,47.20246877828918],[8.454572358781611,47.20232445084471],[8.45448911806514,47.202178064152776],[8.454405969838877,47.20203165859252],[8.454322598750046,47.20188530890937],[8.454267737613167,47.201789712079844],[8.45421277144139,47.20169413414089],[8.454157792610923,47.2015985742777],[8.454102945088112,47.20150296825246],[8.454038592768821,47.201389877842196],[8.453974437814631,47.20127674067755],[8.4539102964988,47.20116361235158],[8.453845944994635,47.20105052182408],[8.453795031770362,47.200961870450726],[8.45374398743398,47.20087325619211],[8.453692930240976,47.20078465101919],[8.453642030719386,47.200695999456016],[8.45364129371414,47.2006947195987],[8.453599237602212,47.200620688679805],[8.453556575885575,47.20054534074737],[8.453513875041578,47.20047001113445],[8.453471121874122,47.20039469995747],[8.45342522119797,47.20031418113274],[8.453379254849574,47.20023367186343],[8.453333275613907,47.20015317168446],[8.453287401744577,47.2000726525673],[8.453185165564593,47.19989233042142],[8.453146790811957,47.19982096554263]]}},{"type":"Feature","properties":{"id":53,"t_id":52,"liniennummer":"648"},"geometry":{"type":"LineString","coordinates":[[8.456283225663801,47.177939471023656],[8.456231388509005,47.17791160237985],[8.456083768654551,47.17785793565518],[8.455970497434585,47.17781228602472],[8.455800559340323,47.17774214747461],[8.45550521317169,47.177629794176895],[8.45521986424144,47.177529028036126],[8.454929527546795,47.177423294722644],[8.454779520094295,47.17737297577134],[8.454592426677047,47.177299649564524],[8.454444809985912,47.17724597173594],[8.454358911489095,47.17722508654029],[8.454290334045913,47.177217352833644],[8.454224463019706,47.17722292658646],[8.454192903250743,47.17723320808258],[8.45415516053552,47.17725345719884]]}},{"type":"Feature","properties":{"id":54,"t_id":53,"liniennummer":"606,616,636"},"geometry":{"type":"LineString","coordinates":[[8.489775098238267,47.188991376427346],[8.489938678695323,47.18892119264834],[8.490173704189068,47.18882838892025],[8.49041846740033,47.188731564678015],[8.490675667921119,47.18862574762875],[8.490842344209987,47.18855072162065],[8.490932699578988,47.18851005440672],[8.49116173990979,47.188395579038136],[8.491235743699821,47.188356833200444],[8.491277643449413,47.18833489672131],[8.491350524236577,47.18829608911141],[8.491375716268287,47.18828343587185],[8.491538993772247,47.188190025986664],[8.49171496496345,47.18808388796489],[8.49172956068236,47.18807457897329],[8.49175184508756,47.18806036003126],[8.491892197944743,47.18797082952549],[8.491973341734905,47.18791678838034],[8.492089196121471,47.18783963478692],[8.492149441485958,47.18779716413888],[8.492224779375256,47.187742483281625],[8.492323691339791,47.18766606021272],[8.492543220739599,47.18749043622479],[8.492708769526743,47.18735179209596],[8.492789904332348,47.187280640859264],[8.492856083057188,47.18722259813497],[8.492917734550094,47.18716583821974],[8.492989778191351,47.187099420800465],[8.49316191374218,47.186946286762364],[8.49322966288631,47.18687825333698],[8.493386123922681,47.186721241511805]]}},{"type":"Feature","properties":{"id":55,"t_id":54,"liniennummer":"642"},"geometry":{"type":"LineString","coordinates":[[8.452823485473573,47.1968471179267],[8.453043700022938,47.196888878140925],[8.453148583300342,47.19691126138793],[8.453385646341424,47.19696456663596],[8.453369151189348,47.19717547627921],[8.453359983085507,47.19739138579692],[8.453353565127493,47.197503894935124],[8.453349014762066,47.19765433057276],[8.453349879332855,47.19775278754511],[8.453360316018218,47.19798432933114],[8.453378823644726,47.19813622591627],[8.453406147997288,47.19828396983896],[8.453426611936278,47.19838035602151],[8.453519223824266,47.19870810886263],[8.45358858462371,47.198885761020165],[8.453638294819294,47.19899877388923],[8.453680557216627,47.19909486891586],[8.453798014782274,47.19932685245985],[8.45382297592424,47.19938683916655],[8.45382370305966,47.19942515351349],[8.453816726975482,47.19944353881509],[8.453800162451627,47.1994720116257],[8.453766501063763,47.199502299320976],[8.45351245114359,47.19963947991227],[8.453289623949148,47.199750055035544],[8.453146790811957,47.19982096554263]]}},{"type":"Feature","properties":{"id":56,"t_id":55,"liniennummer":"601"},"geometry":{"type":"LineString","coordinates":[[8.524599440497637,47.18633783155628],[8.52452724961175,47.18630986148735],[8.524421136118178,47.186265083669724],[8.524377362578656,47.18624661471964],[8.524361737777289,47.18624002436381],[8.524199770582188,47.18617252842342],[8.524100881343287,47.18611633871015],[8.524024209835554,47.18606000240456],[8.52396976023008,47.186019990494486],[8.523682336622826,47.18579182735079],[8.523613542834475,47.18573936560128],[8.523327742067668,47.18552145928988],[8.523033103958413,47.18528146131981],[8.522873383570044,47.18515206149278],[8.52285932457512,47.18513871846734],[8.522689046316591,47.18494795973808],[8.522524248803872,47.18472677093796],[8.522389520207987,47.184500216293635],[8.522279372270654,47.18426834757129],[8.522209692600471,47.1840729438874],[8.522142951866442,47.183885815454424],[8.522057833305533,47.18360102354316],[8.522056362769458,47.18352514130275],[8.522058288016574,47.18352247846904]]}},{"type":"Feature","properties":{"id":57,"t_id":56,"liniennummer":"601"},"geometry":{"type":"LineString","coordinates":[[8.52775882957516,47.18508144825658],[8.52785332068836,47.18509196068326],[8.527907590747494,47.185100370834604],[8.527983608472523,47.18511214642771],[8.528208623336296,47.18515571467588],[8.528484279442704,47.18521737003838],[8.52888017063937,47.185319301966864],[8.529476022976471,47.18546930862292],[8.529656323137608,47.18551547471309],[8.529922429966764,47.185583613057446],[8.530371052815756,47.18570359799229],[8.530750270971758,47.185809963587666],[8.531173853291278,47.18593446490061],[8.53141210089979,47.18600800073795],[8.531630566652135,47.18607621858161]]}},{"type":"Feature","properties":{"id":58,"t_id":57,"liniennummer":"601"},"geometry":{"type":"LineString","coordinates":[[8.527502149944812,47.18506067672314],[8.527501612711099,47.1850699383075],[8.527502070642507,47.185076230916636],[8.52750298464414,47.185081592662044],[8.527504513545175,47.18508734439874],[8.527506788353659,47.18509343990956],[8.527509241462358,47.1850985712014],[8.527512413179036,47.18510400154727],[8.527516096467597,47.18510928312407],[8.527520290595989,47.18511437995605],[8.527525359078123,47.18511964842988],[8.527530533845344,47.185124304195284],[8.527536152209828,47.185128712882445],[8.527542200796278,47.18513286562213],[8.527548118938174,47.18513644387508],[8.527554881754815,47.185140032128935],[8.527562540368226,47.18514354893935],[8.527569390969774,47.1851462637859],[8.527577654979952,47.185149055218204],[8.5275849675098,47.18515112700453],[8.527593717270205,47.185153149212134],[8.527601359072559,47.18515454321042],[8.527609774279423,47.185155687009896],[8.527618274144567,47.18515645219149],[8.52762710932181,47.18515683638398],[8.52763568560762,47.185156818221586],[8.52764358176305,47.18515644666747],[8.527652090085569,47.18515568250952],[8.52766048499769,47.18515453261176],[8.527669397350486,47.185152874063014],[8.527676882553084,47.185151112071736],[8.527685383025661,47.18514866580287],[8.527693034978968,47.18514602066133],[8.527700416311788,47.18514304524119],[8.527706951871382,47.18514000585718],[8.527714222366326,47.18513612292612],[8.527720113159994,47.18513252291659],[8.527726124159319,47.185128346049176],[8.527732122891795,47.18512356659033],[8.52773685094025,47.18511923993883],[8.527741527694243,47.18511433805216],[8.527745725496832,47.18510924279279],[8.527749673571087,47.18510354718879],[8.527752566615899,47.18509852724288],[8.527755197838793,47.185092961040624],[8.527757285980037,47.185087292028946],[8.52775882957516,47.18508144825658],[8.527760091608279,47.185072143830624],[8.52776013091523,47.185066296299254],[8.527759678252089,47.185060912199596],[8.527758623331389,47.18505511100344],[8.527756874539637,47.18504892955992],[8.527754868299493,47.18504371308452],[8.527751923038315,47.18503774086477],[8.527748646312181,47.185032338505515],[8.527744858383066,47.18502710290411],[8.527740897113365,47.18502242667163],[8.527735776399295,47.18501718568806],[8.527730536395458,47.18501256653139],[8.527725307926046,47.18500851399004],[8.527718751991575,47.185004069204005],[8.527712795008343,47.18500052730967],[8.527705446978855,47.18499671071516],[8.527698269706264,47.18499350420755],[8.527690808794894,47.18499062422557],[8.527683090995334,47.18498808850731],[8.527675753014723,47.18498606194626],[8.527666977992363,47.18498409395775],[8.527659323935676,47.18498274505814],[8.527650896477983,47.184981646356476],[8.527642292017251,47.184980927145176],[8.527627890096706,47.184980613607046],[8.527619333255243,47.18498093743656],[8.527611469184725,47.18498158755027],[8.5276024016759,47.184982752803],[8.527594736574592,47.18498410269248],[8.527585962760078,47.184986083767996],[8.527578628000954,47.18498810520367],[8.527570907906673,47.18499064303492],[8.527563445603613,47.184993529256616],[8.527555744544328,47.1849970024523],[8.527548942389231,47.18500055710057],[8.527542971346683,47.18500410388685],[8.5275368799121,47.18500821853625],[8.527531216120677,47.185012599009056],[8.52752596641408,47.18501722744239],[8.527520847883654,47.185022466337344],[8.527516596748239,47.18502753510611],[8.527512837570281,47.185032788129455],[8.527509596368397,47.18503820717013],[8.527506898795139,47.185043756002926],[8.527504744301567,47.1850494076463],[8.527503145897084,47.185055152981526],[8.527502149944812,47.18506067672314]]}},{"type":"Feature","properties":{"id":59,"t_id":58,"liniennummer":"601"},"geometry":{"type":"LineString","coordinates":[[8.527502149944812,47.18506067672314],[8.527423190173444,47.18505604418303],[8.527272431390086,47.18505890029988],[8.527125970734122,47.18506742780207],[8.526937856641895,47.185087764369456],[8.526766655239948,47.18511509228617],[8.526618545417001,47.185145053319246],[8.52647056742786,47.18518215544247],[8.526245127414033,47.185259111239645],[8.526071199670936,47.18533087527957],[8.525991971520506,47.18537148329624],[8.525919886557322,47.18540843453404],[8.525757225893456,47.18549965715512],[8.525681658069976,47.18555159185992],[8.525640874362477,47.18557961153467],[8.525510663523574,47.18567104912405],[8.525460297085736,47.18571256268817],[8.52539322808021,47.18576783529468],[8.52523474698911,47.185906424632066],[8.525055821424953,47.18606948587237],[8.525002582903635,47.18611580300623],[8.524841751760727,47.18625572730945],[8.524791501462907,47.186308214128246]]}},{"type":"Feature","properties":{"id":60,"t_id":59,"liniennummer":"601"},"geometry":{"type":"LineString","coordinates":[[8.524791501462907,47.186308214128246],[8.524798014130758,47.18631183188977],[8.524804738747626,47.186316140314055],[8.524810149628813,47.18632008331733],[8.52481597527807,47.18632495795155],[8.524820564338523,47.18632936748523],[8.524825059179317,47.186334335636275],[8.524829069911256,47.18633950625866],[8.52483255622603,47.186344843750256],[8.524835517758348,47.18635033012326],[8.524838094833388,47.18635637785236],[8.524839785310823,47.18636165132776],[8.524841090052526,47.18636742320196],[8.52484185074696,47.18637369496884],[8.524841956238703,47.18637954112797],[8.524841494265047,47.186385383645884],[8.524840573699532,47.186390735731564],[8.524838865364579,47.186396931843134],[8.52483689965954,47.18640214986024],[8.524834241500615,47.18640770724904],[8.524831039704441,47.18641313483283],[8.524826998143897,47.18641879523064],[8.524823081981934,47.18642348291789],[8.524817976427391,47.18642873056031],[8.524813167958333,47.18643301286776],[8.524807530726015,47.186437419937725],[8.52480147904346,47.18644156104916],[8.524795038930767,47.18644541796522],[8.524787687429521,47.18644922950623],[8.52478052176648,47.18645244558227],[8.52477364839593,47.18645511016716],[8.524765338304807,47.18645785127631],[8.524757373094378,47.186460031402376],[8.524749215518106,47.18646183552665],[8.524741549767846,47.1864631672378],[8.524732468387736,47.18646431440067],[8.52472395780726,47.186464979409635],[8.52471538660548,47.186465258178146],[8.524707876887556,47.18646517610228],[8.52469866956546,47.1864646692562],[8.524690841811555,47.18646387053002],[8.524681299062244,47.18646244029797],[8.5246735880826,47.18646089383227],[8.524665537794123,47.18645888279477],[8.524657691286087,47.18645651000938],[8.524650114886963,47.1864537928417],[8.524642808596841,47.18645073129167],[8.524635292186662,47.18644706901681],[8.524628684974232,47.18644334419054],[8.524622909811663,47.18643965649283],[8.524616614526671,47.186435047152386],[8.524611230995017,47.1864305011755],[8.5246062912675,47.186425717125566],[8.524601835652154,47.18642073060495],[8.524598162601578,47.18641594360113],[8.52459467630557,47.18641060610261],[8.524591521335463,47.18640468975857],[8.524589164130367,47.18639907174002],[8.524587473676469,47.18639379826097],[8.524586107063577,47.18638757718671],[8.524585434499535,47.18638174537261],[8.524585329035839,47.18637589921322],[8.524585734384244,47.186370516007486],[8.524586834609359,47.18636426266708],[8.524588297192425,47.18635895944428],[8.524590601413506,47.18635286566286],[8.524593325740632,47.186347316651364],[8.524599440497637,47.18633783155628],[8.524603934641025,47.18633236480079],[8.524608249879744,47.18632783527752],[8.524613366946024,47.186323154259945],[8.524618950681635,47.186318711721626],[8.524625417408183,47.18631421587501],[8.524631335289735,47.186310633763554],[8.524638632917284,47.1863067687668],[8.524645182533222,47.1863037564148],[8.524653167403777,47.18630059558788],[8.524660860527419,47.18629801323262],[8.524668798419627,47.18629578839259],[8.52467692849269,47.18629393055943],[8.52468521116895,47.18629244010652],[8.524693633803672,47.18629134414],[8.52470148436172,47.18629066736862],[8.524710053892475,47.18629030765609],[8.524718618081042,47.18629033480499],[8.524727824643032,47.186290805673906],[8.524736312915078,47.18629164314375],[8.524744703497296,47.18629286834644],[8.524752320463401,47.18629433473363],[8.524760395837548,47.186296282558914],[8.5247682806264,47.186298592006665],[8.5247759086845,47.18630125470544],[8.524783266636767,47.1863042617858],[8.524791501462907,47.186308214128246]]}},{"type":"Feature","properties":{"id":61,"t_id":60,"liniennummer":"642"},"geometry":{"type":"LineString","coordinates":[[8.452823485473573,47.1968471179267],[8.45288564580028,47.19669605790281],[8.452925941957087,47.19659952318709],[8.452970510316286,47.196504884848366],[8.453019848409639,47.19640010253475],[8.453075501459693,47.19629011014381],[8.453110875295147,47.19622076710122],[8.45315528976303,47.19613822896539],[8.453204626327505,47.19604871191615],[8.453245958712879,47.19597555620634],[8.453326149147316,47.195837272526866],[8.453375088479056,47.19575536907852],[8.45341513857864,47.19569673432597],[8.453506769846951,47.19556608579288],[8.453599160461575,47.19543583528217],[8.453599250437685,47.19543570855212],[8.45363866061387,47.19538023677134],[8.453678203340667,47.19532479978902],[8.4537819781329,47.195181117436086],[8.453887784501953,47.19503811871442],[8.453939780038757,47.19496991516967],[8.453992240506908,47.19490187841358],[8.45413098452559,47.19472475692933],[8.454272053104718,47.19454847832448],[8.45441654745921,47.194371962411225],[8.454562542962472,47.19419601776204],[8.45462982778708,47.19411577792765],[8.454697338597958,47.19403563500671],[8.454764755989778,47.19395544788973],[8.454831939605558,47.19387546968957],[8.454832133253822,47.193875243093],[8.45494646578768,47.19373883371505],[8.455060704863563,47.19360239805219],[8.45517490343101,47.19346594463286],[8.455289287505632,47.19332956141628],[8.455363986174945,47.19324096180086],[8.455438751252641,47.193152397528344],[8.455588227203455,47.19297523332196],[8.455764735930904,47.19276582410148],[8.455941123671842,47.192556370678645],[8.456095669274886,47.19237255826374],[8.45624952666887,47.19218939038695],[8.45625010723515,47.19218869260189],[8.456349156938916,47.19207062368552],[8.456448153257513,47.19195254615302],[8.45664619753033,47.19171639934935],[8.456783662036438,47.191552679995965],[8.456852626666521,47.191470912650054],[8.456921138723455,47.19138895136097],[8.457047374013651,47.19123506411912],[8.457171349000596,47.19108032415864],[8.457281233096491,47.19093684516375],[8.457388127433626,47.190792313048235],[8.457520973915814,47.1906039229373],[8.457650448200248,47.19041520268306],[8.457650871774293,47.190414578243846],[8.457794179570772,47.19020118662267],[8.457935786982683,47.189987261129936],[8.457996516525327,47.1898945644335],[8.45805700683002,47.1898017888598],[8.458117324551202,47.18970896980097],[8.458178212642563,47.189616316570216],[8.458327229459192,47.18939805205251],[8.458477413454904,47.189180163786865],[8.458523477373454,47.1891135937243],[8.45856959429387,47.1890470411626],[8.458615724292867,47.188980488464466],[8.458661774673724,47.188913918460116],[8.45871503332503,47.18883646296267],[8.458768185760729,47.18875898139232],[8.458872914556519,47.1886065059032],[8.458874596402397,47.18860405321422],[8.458953567769557,47.18848898436482],[8.4589931130384,47.188431467380354],[8.45903253896826,47.18837392445195],[8.459132200702753,47.18822706183468],[8.459231503443384,47.18808008536178],[8.459323334151788,47.18794402363375],[8.459414765853774,47.187807821433296],[8.459472348765475,47.1877178324279],[8.459542181243643,47.18760249333831],[8.459563699423557,47.18756220948942],[8.459584196901256,47.187521682813276],[8.459603634099672,47.1874809136614],[8.459622037750268,47.187439919788254],[8.459645806289094,47.18738273137485],[8.459662636336772,47.18733741560965],[8.459678301597043,47.18729191227052],[8.459692802244355,47.1872462303519],[8.459716247430796,47.18716242704597],[8.459738795762336,47.18705859866558],[8.459765253071833,47.18691622578386],[8.459765803986855,47.1869132883577],[8.459796132782646,47.18670206539078],[8.459826329066846,47.18649082558709],[8.459852247462575,47.186309182994606],[8.459864922521515,47.18621834172436],[8.459878165681644,47.18612754038821],[8.459896319170843,47.18601264146086],[8.459915767520837,47.185897838985646],[8.459937568760541,47.18578464381865],[8.45996119408994,47.1856716213664],[8.45998869369366,47.18554659149041],[8.460019048934665,47.18542186010515],[8.460035301658362,47.18536293914977],[8.46005306241135,47.185304220703124],[8.46008258945715,47.185216297329404],[8.460098319069242,47.18517628959484],[8.460115068425944,47.18513647970602],[8.460132837525158,47.185096867662566],[8.460163293488293,47.185034114492595],[8.460163459323384,47.18503381616866],[8.460197871535057,47.184970263261285],[8.46023384191329,47.184906777473806],[8.460304761136769,47.18478782094373],[8.460377139445646,47.18466928319851],[8.460416539240583,47.18460575791138],[8.460456217354398,47.18454230210261],[8.460496160937499,47.184478933877116],[8.460535294887464,47.18441532094846],[8.460589286435999,47.18432342010625],[8.460661227704415,47.18419311988757],[8.460686206907923,47.18414349467611],[8.460709926965205,47.18409357478988],[8.460748330594349,47.18400557239045],[8.460763074555011,47.183968577803455],[8.460776878244157,47.18393140265691],[8.460789715794755,47.183894074167426],[8.460801600572667,47.18385660121222],[8.460812519559484,47.183818992902665],[8.460823294774313,47.18377800354957],[8.460831141037467,47.18374116915113],[8.460838035740405,47.18370425324614],[8.460843992077166,47.18366725571769],[8.4608489970294,47.18363018567704],[8.46085425172378,47.18357994396347],[8.46085767666615,47.18353614130522],[8.460859979419734,47.183492303633756],[8.4608611599873,47.18344843094931],[8.460860439800816,47.18336929467658],[8.460856009115169,47.18329414938511],[8.46085000445387,47.18322156380409],[8.460849798383688,47.18321906487675],[8.460840577668945,47.18313145833109],[8.460830974589914,47.18304386417397],[8.460807808541842,47.1829155507428]]}},{"type":"Feature","properties":{"id":62,"t_id":61,"liniennummer":"606,616,636"},"geometry":{"type":"LineString","coordinates":[[8.485091204223155,47.19689967056793],[8.485110526126874,47.196796478080024],[8.485173452361146,47.19663929386194],[8.485269081107278,47.19640517935625],[8.485360185296816,47.19618942979305],[8.48540886092805,47.196054036214846],[8.485436139932325,47.195948819269745],[8.48546738843478,47.19579692435372],[8.485499956335538,47.195588372511864],[8.485534730762275,47.19536647818964],[8.485562715015622,47.19522382433361],[8.485565834844987,47.1952079098409],[8.485600351933682,47.19509764348363],[8.485642387576492,47.194997302788785],[8.48571061627403,47.19486174021473],[8.485807491740838,47.19469092439628],[8.4859438175436,47.19445429807335],[8.486064573504411,47.19425493781669],[8.486197024752297,47.19402880821349],[8.486265479068173,47.193904901426734],[8.486303060695342,47.193827917420755],[8.48640227561345,47.19365208720764],[8.486506515561828,47.19348287686117],[8.486540858501165,47.19343326870026],[8.486556425742979,47.19341078207655],[8.486662811454059,47.193226529476114],[8.486807038231328,47.19297863959386],[8.486856963853567,47.19289996877562],[8.4869516688224,47.192750751926155],[8.48704430730146,47.19261328400177],[8.487166151982912,47.19247056647854],[8.487266621524615,47.19235968984689],[8.487409256804382,47.19223888475027],[8.48750551008282,47.19216137481738],[8.487640517429016,47.192066851945555],[8.487871662089459,47.19191253195347],[8.488163910046465,47.19173494071251],[8.488453681996914,47.19155568011732],[8.488697480470819,47.19140017255005],[8.488938542844043,47.19122972080479],[8.489083007932111,47.19111844112923],[8.48920798467028,47.19101067645006],[8.48923194850113,47.19098713229834],[8.489323723436568,47.19090693598875],[8.489383632947714,47.19084640686036],[8.48953947568802,47.19069169114416],[8.48966214346152,47.19056254658787],[8.489754984530055,47.19046481683364],[8.48991782692445,47.1902950590585],[8.489994172900383,47.190199386777294],[8.490015269945532,47.190154225316014],[8.490045468877396,47.19007397900616],[8.49004920480299,47.19001563567214],[8.490045408542041,47.18994735806338],[8.490024546487398,47.18988091847619],[8.489932002168462,47.189648499731724],[8.48983209093418,47.189414510981095],[8.489752144945546,47.189201974177564],[8.489732806496615,47.189136483145454],[8.489728975235627,47.18912349255268],[8.48972651537964,47.189114483467975],[8.489724592918337,47.18910730457125]]}},{"type":"Feature","properties":{"id":63,"t_id":62,"liniennummer":"606,616,636"},"geometry":{"type":"LineString","coordinates":[[8.489724592918337,47.18910730457125],[8.489716856772615,47.18910847265993],[8.489707702398146,47.18910932086049],[8.489699790262225,47.189109590998704],[8.489690562617868,47.1891093963818],[8.489682699133294,47.18910878450973],[8.489673662440843,47.18910756265419],[8.489665409400262,47.18910592884342],[8.48965739820003,47.189103843046176],[8.489649681613843,47.189101304780735],[8.489642845627184,47.18909858755998],[8.489635279531335,47.189094977448036],[8.48962918143387,47.18909153384523],[8.48962305759972,47.18908745179226],[8.489617428754023,47.18908304138007],[8.489612348200266,47.189078329108725],[8.489607882611885,47.18907335035195],[8.489603747331193,47.18906772089925],[8.489599382822554,47.18905982665771],[8.489597299051276,47.18905451131258],[8.489595773937793,47.18904875008502],[8.489594933995775,47.18904293762482],[8.489594810501437,47.18903665085517],[8.48959544821521,47.1890308249057],[8.489596772866486,47.18902503766311],[8.489598799238442,47.18901936995239],[8.489601297977604,47.18901423766318],[8.489604623126944,47.189008854949435],[8.489608907856384,47.18900328356446],[8.489613548509222,47.18899836560601],[8.489618333285325,47.18899406702537],[8.48962450931119,47.188989386925726],[8.48963076490694,47.188985398757474],[8.489636953532617,47.188982031893964],[8.489644054618134,47.18897876464683],[8.489652136250228,47.18897570434092],[8.489659350359316,47.188973488541656],[8.489668044418552,47.188971376173],[8.489676341675002,47.188969888120035],[8.489684134992094,47.188968944400884],[8.489692661540092,47.188968380796254],[8.489701237032515,47.1889682935088],[8.489710456583303,47.188968749069815],[8.489718919932058,47.18896967030779],[8.489727234149193,47.18897106067589],[8.489735372848232,47.18897292041506],[8.48974325616255,47.188975214272276],[8.489750818655704,47.188977969831775],[8.489757619823328,47.18898093024419],[8.48976393849253,47.18898418291955],[8.489775098238267,47.188991376427346],[8.489780475883686,47.18899576213889],[8.489785412377868,47.18900052969163],[8.489790097905523,47.18900595621162],[8.489793518756919,47.18901081856272],[8.489796801433318,47.18901670766929],[8.489799168291354,47.18902232627536],[8.489800838022735,47.18902805919328],[8.489801748134932,47.18903341223786],[8.489802074088578,47.189039256376525],[8.489801630292984,47.18904554832584],[8.489800463983647,47.18905133412521],[8.489798623222404,47.18905704512267],[8.489796067192009,47.18906261872192],[8.489792861682353,47.18906804532664],[8.489789327692062,47.18907287222793],[8.489784551110564,47.18907825920371],[8.48977948403792,47.18908296516895],[8.489774312594996,47.18908706038873],[8.489767735468856,47.18909147429169],[8.48976165415269,47.189094930137955],[8.48975464735621,47.189098295482445],[8.489746673555477,47.18910147175309],[8.48973893735223,47.18910398018241],[8.489724592918337,47.18910730457125]]}},{"type":"Feature","properties":{"id":64,"t_id":63,"liniennummer":"603,604,631,632,634"},"geometry":{"type":"LineString","coordinates":[[8.526061392688657,47.195366458508445],[8.526110350069814,47.195370763788866],[8.526159382118816,47.19537744318282],[8.526276873297228,47.19540251058323],[8.526468376941017,47.19546139474982],[8.526588105112461,47.195511430489894],[8.526654591258337,47.19554181008753],[8.526685030403392,47.19555572650417],[8.526847018188413,47.19562203147665],[8.527068744499495,47.19570681521368],[8.527351876503838,47.19580766877883],[8.527656205602133,47.195920231350755],[8.527964045668124,47.196032750914675],[8.528525116893242,47.1962357075665]]}},{"type":"Feature","properties":{"id":65,"t_id":64,"liniennummer":"642"},"geometry":{"type":"LineString","coordinates":[[8.453146790811957,47.19982096554263],[8.453037382033322,47.19962427171115],[8.452992163019706,47.19953647835572],[8.452943518998836,47.19943788459172],[8.452897411747934,47.199338728732926],[8.45284856320235,47.1992265445553],[8.45281808645877,47.1991505492891],[8.452789556657542,47.19907421302938],[8.452762469581762,47.198996001990736],[8.452762061665613,47.19899467425195],[8.45273990526705,47.19892383205944],[8.452719183999507,47.19885141200913],[8.452696940990712,47.19876485546126],[8.45267931359312,47.19868784744555],[8.452663649180083,47.1986106512253],[8.45264997413482,47.198533266568774],[8.45263511008269,47.19843214430383],[8.452625839327316,47.19835385729044],[8.452618586008391,47.19827547155024],[8.452613337432854,47.198197014181545],[8.452610090182262,47.198118305305144],[8.452609169542805,47.19802865542121],[8.452612513614516,47.19788409552437],[8.45261743173753,47.197787764546455],[8.4526322602053,47.19761687267177],[8.45264371543978,47.19752494587896],[8.452648450788999,47.19749486825154],[8.452651398467536,47.197479792845726],[8.452658029016296,47.1974459564055],[8.452672838831297,47.19736877964634],[8.452690143595866,47.19728258542473],[8.452706502488363,47.19721959888766],[8.452708421684212,47.19721223267315],[8.452734473904188,47.19711685796929],[8.452765817682613,47.197016579088334],[8.452791070301087,47.19694238678422],[8.452823485473573,47.1968471179267]]}},{"type":"Feature","properties":{"id":66,"t_id":65,"liniennummer":"606,607,611,616"},"geometry":{"type":"LineString","coordinates":[[8.511367773325759,47.17484476685265],[8.511555746999981,47.17482619286262],[8.512115221931147,47.174782330766114],[8.513052477809627,47.17474349474623],[8.51388917246697,47.17470619332128],[8.514293580992627,47.17468389243089]]}},{"type":"Feature","properties":{"id":67,"t_id":66,"liniennummer":"616"},"geometry":{"type":"LineString","coordinates":[[8.514660605262081,47.17240344167206],[8.514324717937045,47.17250184537756],[8.513931179483537,47.17263165977014],[8.513638038927654,47.17272127810924],[8.513565117886518,47.1727398155499],[8.513528621488899,47.17274729895435],[8.513481917141913,47.17274833785632],[8.513453579557025,47.1728152511592],[8.513343546842998,47.17305107373938],[8.513336464232607,47.17306625254085],[8.513307876699507,47.17312007948704],[8.513264225474778,47.1732061704857],[8.513215614044563,47.17330540541883],[8.513164877468023,47.17340655824699],[8.513270758253533,47.173444124933],[8.513334211607948,47.17347566483051],[8.513406611414943,47.1735178259502],[8.513544577745217,47.173609363403635],[8.513647142999226,47.17367623250206],[8.513718089227497,47.17373269207036],[8.513797669148246,47.173785508670775],[8.51395690318919,47.17389349787144],[8.514153222309954,47.17402256790183],[8.514220855043986,47.17408739708026],[8.514276152153942,47.174147573822864],[8.514304911611907,47.174188954813786],[8.514335675191452,47.17424340571131],[8.514352375339977,47.17429322935671],[8.514375015054924,47.17441736437482],[8.514380913911438,47.17448833874992],[8.514390756624827,47.174610470401205]]}},{"type":"Feature","properties":{"id":68,"t_id":67,"liniennummer":"606,607,611,616"},"geometry":{"type":"LineString","coordinates":[[8.514390756624827,47.174610470401205],[8.514399889350882,47.17461065490756],[8.514407750988699,47.174611265093155],[8.514416786522547,47.17461252098689],[8.514424389798823,47.1746140601363],[8.514432387330329,47.17461618031618],[8.514440648847174,47.17461896370462],[8.514447406914677,47.17462177014142],[8.51445484327415,47.174625505783226],[8.514461279564365,47.17462936771591],[8.51446718230819,47.174633594460836],[8.514472550963198,47.17463815903622],[8.514476954778393,47.17464263367844],[8.514481133654796,47.17464773112164],[8.514484657745458,47.174653068571864],[8.514487486215259,47.17465858344143],[8.514489732899492,47.17466468846526],[8.514491398540512,47.17467273298142],[8.5144917088625,47.17467898204463],[8.514491232671238,47.174684824660886],[8.514490139625245,47.17469016928792],[8.514488249055153,47.174695872199614],[8.514485643344333,47.174701437865984],[8.514482361519448,47.17470683893539],[8.514478054146608,47.17471241151246],[8.514473791928491,47.17471694916964],[8.514468568664535,47.1747215857663],[8.514462784739347,47.174725894765125],[8.514455983754294,47.17473014130546],[8.514449155656283,47.17473369543521],[8.51444190999571,47.17473682167728],[8.514434902283728,47.17473931600055],[8.514427006336073,47.174741593735064],[8.51441884983792,47.1747433791446],[8.514409854247335,47.17474476759318],[8.514401479471251,47.17474553853549],[8.514393451055833,47.174745820475614],[8.51438422489351,47.174745582868006],[8.514376362151472,47.17474491871725],[8.51436733870123,47.17474360873346],[8.514359151261454,47.174741886131784],[8.514351205026847,47.17473969350228],[8.514344150816251,47.17473724965294],[8.514336846896807,47.17473419643415],[8.514329969743747,47.174730716431505],[8.51432354627903,47.174726836380465],[8.514317201223259,47.174722262932626],[8.514312287714237,47.17471802693453],[8.514307533198982,47.174713168751765],[8.514303134439434,47.17470763257152],[8.51429997462214,47.174702696514906],[8.514297224765585,47.17469715391931],[8.514295158246354,47.17469147899838],[8.514293580992627,47.17468389243089],[8.514293217573147,47.17467762587237],[8.514293584117164,47.17467223406342],[8.514294830932782,47.17466600642942],[8.514296734531406,47.17466029440365],[8.514299111521778,47.17465516266955],[8.514302366801697,47.17464975285796],[8.514306285907304,47.17464455273723],[8.51431124501381,47.17463924394435],[8.514316481473093,47.17463460723141],[8.514321562554601,47.174630772581644],[8.514328323245287,47.174626490443195],[8.514334575689258,47.1746231755872],[8.514341740575135,47.174619969145986],[8.514349886563357,47.17461700541212],[8.514357165651358,47.17461488637394],[8.514365281477987,47.17461304737489],[8.514373631292528,47.17461169195225],[8.514382109758063,47.17461083008635],[8.514390756624827,47.174610470401205]]}},{"type":"Feature","properties":{"id":69,"t_id":68,"liniennummer":"601,603,606,607,611,616"},"geometry":{"type":"LineString","coordinates":[[8.517092155919416,47.174469127420046],[8.516859106150301,47.173695374302696]]}},{"type":"Feature","properties":{"id":70,"t_id":69,"liniennummer":"606,607,616,636"},"geometry":{"type":"LineString","coordinates":[[8.493386123922681,47.186721241511805],[8.493399173409706,47.18672723893836],[8.493406343431348,47.186729503097524],[8.493415104460432,47.186731482811574],[8.49342350598815,47.18673262923076],[8.493432039870408,47.1867331267554],[8.493440613048199,47.18673294025592],[8.493448449097775,47.18673217579769],[8.493456746256529,47.18673070545926],[8.493465330712901,47.186728413890705],[8.493472327247847,47.18672589399108],[8.493479923096265,47.186722316117624],[8.49348588339431,47.186718771221365],[8.493492072366458,47.18671410877853],[8.493496683347246,47.18670972166623],[8.49350098688605,47.18670446480046],[8.493503940080267,47.1866996520954],[8.493506525968698,47.18669361036258],[8.493507859536845,47.18668829975085],[8.493508342454927,47.186682007420764],[8.493507765625228,47.18667617458004],[8.493506381129146,47.186670870883326],[8.49350370239506,47.18666484140904],[8.493500570000911,47.18665989556032],[8.49349593671832,47.18665445071675],[8.493491608855875,47.18665044236597],[8.493485810391942,47.18664613264521],[8.493479335480878,47.1866423148833],[8.493471851466705,47.18663884819915],[8.493457923787114,47.18663448702614],[8.493449659237928,47.18663292555814],[8.493441183356218,47.18663202270283],[8.493432615231065,47.18663179535986],[8.493424086612372,47.18663223332668],[8.493415663818205,47.18663335398668],[8.4934068740368,47.186635269618954],[8.49339908434963,47.18663771582169],[8.493392317418728,47.1866405034805],[8.49338500358844,47.186644330640405],[8.493378895971633,47.186648434606724],[8.493373898318568,47.1866526183589],[8.49336902641901,47.18665782645385],[8.493365482377534,47.1866627884979],[8.493362432423114,47.18666871753676],[8.493360591947093,47.186674419600614],[8.49335973039475,47.186680247629155],[8.493359845284235,47.1866860757072],[8.493360949454027,47.18669188572586],[8.493363027052178,47.186697542896866],[8.493365778973068,47.18670260018195],[8.493369966883737,47.18670821103141],[8.493374344071613,47.18671271369126],[8.493379842468709,47.18671719708262],[8.493386123922681,47.186721241511805]]}},{"type":"Feature","properties":{"id":71,"t_id":70,"liniennummer":"601,604"},"geometry":{"type":"LineString","coordinates":[[8.52119166580064,47.18111158211216],[8.521216115717932,47.18117231553539],[8.521222075776937,47.181187138249804],[8.521236850726938,47.181231374723076],[8.521251794188181,47.1812761133645],[8.521320844790024,47.18148838141804],[8.521335546673148,47.18153356310507],[8.521378614750184,47.18167716000383],[8.521432695245005,47.181838122800585],[8.521449415921717,47.18188786425483],[8.521454750853,47.18190373632916],[8.521483045360988,47.18199272477041],[8.521551683979439,47.182208666756644],[8.521607364655233,47.18237236706795],[8.52168715661552,47.182606069342654],[8.52176241836185,47.18283625191442],[8.521801611817041,47.18296757907243],[8.52188765594673,47.183255843791756],[8.521921159204897,47.18336807276414],[8.521936506652638,47.18341054960077],[8.521956102262564,47.183457565228416],[8.521977363662048,47.18348323655052],[8.522017291467249,47.183508723195224],[8.522058288016574,47.18352247846904]]}},{"type":"Feature","properties":{"id":72,"t_id":71,"liniennummer":"606,607,616,636"},"geometry":{"type":"LineString","coordinates":[[8.494500894674665,47.1851882693864],[8.494493496637022,47.185248661581134],[8.494488826135838,47.18527944230524],[8.494483362841406,47.18531016733135],[8.494477119767321,47.1853408275443],[8.494470083187382,47.18537139608322],[8.494462279840125,47.18540189069382],[8.494453682629437,47.185432275642114],[8.494440086115581,47.18547544417701],[8.494429273136745,47.18550521075878],[8.494417705334921,47.18553484033275],[8.49440538253148,47.1855643239047],[8.494392304725269,47.18559366147437],[8.49437847173769,47.18562284404772],[8.494363909597714,47.185651853394376],[8.494339035593557,47.185697913965825],[8.4943218310582,47.1857280899768],[8.494303844062387,47.18575806626194],[8.494285100457713,47.1857878155971],[8.494265600243157,47.18581733798199],[8.494227218458617,47.185871627404126],[8.494225549737612,47.18587399055075],[8.494224638262244,47.185875276280285],[8.494189131537205,47.18591946428108],[8.494152494689581,47.18596322184881],[8.494114740732652,47.18600653986747],[8.494075882502415,47.186049400227134],[8.494031692054723,47.186096204541634],[8.493931986549585,47.18619634876469],[8.493831081978646,47.186295928169486],[8.493703025411694,47.186416446148804],[8.493644841713827,47.1864716544786],[8.493538510684033,47.18657446777337],[8.493471851466705,47.18663884819915]]}},{"type":"Feature","properties":{"id":73,"t_id":72,"liniennummer":"614"},"geometry":{"type":"LineString","coordinates":[[8.53176264581898,47.1850840322742],[8.5318520189558,47.18510103989696],[8.532081979199623,47.18514044263204],[8.53227160624807,47.185165799094776],[8.5324413653485,47.18518680123296],[8.532612817236249,47.185205403191],[8.532771858567079,47.18521460546902],[8.532957011574503,47.18522117546169],[8.533220735986,47.18522818550616],[8.533445814327624,47.18522367026354],[8.533542342226825,47.18521757969925],[8.533623636538202,47.18521245256099],[8.533806598820103,47.18519643598455],[8.533998159214999,47.18517438218903],[8.534163472821822,47.185149006591814],[8.534221552959801,47.18513916134501],[8.534297424048736,47.18512630411433],[8.534445211027611,47.18509753265194],[8.534558150840887,47.18507265502997],[8.534716143930545,47.18503068839796],[8.534854953170019,47.184990091656864],[8.535012640111859,47.1849338514441],[8.535180668190224,47.184870369965616],[8.535305202221547,47.18481443614728],[8.535417617729383,47.1847633853446],[8.535431428689947,47.184756111215904],[8.53551957143376,47.184712425121056],[8.53565071754678,47.18463858055842],[8.535769634543184,47.18456487038729],[8.535860841221506,47.184498827632375],[8.535893444984287,47.1844711431144],[8.536015222258701,47.18436644240625],[8.536049030415017,47.18433508513274],[8.536098765020744,47.18428895808773],[8.536111156476306,47.18427746045882],[8.536126726491808,47.18426075103251],[8.536176044453505,47.184207827216255],[8.536232165273871,47.184134697261996],[8.53629984084045,47.18403052107078],[8.536322655416132,47.183987484243566],[8.53633345290764,47.18396711408994],[8.536363471776392,47.18389900065714],[8.536388131202076,47.183824983206165],[8.53641260852029,47.183741450090274],[8.536433467557286,47.18365198735948],[8.536462167979394,47.183519630557385],[8.536477494338756,47.18344283247548],[8.536493813526718,47.18336105032745],[8.536522802865457,47.18315726529526],[8.53654138350931,47.18304166491246],[8.53655803830801,47.18291773492924],[8.53656171302304,47.182841542715295],[8.53655650810212,47.182758283652966],[8.536551966573795,47.182710569067815],[8.536549721617908,47.18268218221937],[8.536537733774585,47.18260851424136],[8.53651697756571,47.182532555039955],[8.536492603285573,47.18245066622556],[8.536468497760403,47.18238187250819],[8.536462609545062,47.18236819230834],[8.536428181686627,47.18228824347016],[8.536400907321422,47.182228979365185],[8.536391641159753,47.18220885450791],[8.536349961672656,47.18213429123086],[8.536249480644674,47.18200077343087],[8.536123690656485,47.18182464157307],[8.536019384771855,47.1816756965172],[8.53593665036587,47.18155628535339],[8.535871892207252,47.18146288911679],[8.535780645603454,47.18135428179773],[8.535655736940061,47.18122098731649],[8.535488727332885,47.18107739806103],[8.535320354239154,47.18095285635577],[8.53515777969665,47.180855632936435],[8.534986681320161,47.18076800787738],[8.534951422898224,47.18075168375314],[8.534919868314205,47.18074484174124],[8.534900675103291,47.18074502453872],[8.534872933126662,47.180753618722406],[8.534826312775884,47.18077905263138],[8.534790569610227,47.18080089262533],[8.534676774952338,47.180891159116406],[8.5345446131773,47.18100070712178],[8.534414289730053,47.18111500516113],[8.534306071976737,47.18119933502129],[8.534262305239674,47.18122820485474],[8.534218226282887,47.18125729353811],[8.534113185223637,47.1813273258741],[8.534006342357118,47.18139378599296],[8.533972046838796,47.18142386095545],[8.533941282780171,47.18145629514594],[8.533904113288866,47.1815161370458],[8.5338522316127,47.18162492929835],[8.533813662110806,47.181701471410626],[8.533793274065683,47.18172903014667],[8.533762547028456,47.18176264236172],[8.533690545728998,47.1818263958326],[8.533565772028298,47.18195611256632],[8.533518863459472,47.182003650966024],[8.533497690612455,47.182025109066274],[8.533461458959552,47.18206183207197],[8.53341509344601,47.18209916419916],[8.53333953565592,47.18215937999071],[8.533229679501497,47.18225087589974],[8.533133453898168,47.182324376744916],[8.533063046689335,47.182380990092426],[8.533030393805596,47.182406281446646],[8.532999252195713,47.18241966618157],[8.532940097855578,47.18242975494326],[8.532887837574826,47.18243501044689],[8.532835590659396,47.18244027479534],[8.53281323095235,47.18237145476661],[8.532783127816858,47.18226463877045],[8.532774908612222,47.18220402328414],[8.532764072178383,47.182100586418755],[8.532764848021273,47.18199980083667],[8.532765024701417,47.18197682428036],[8.532765257373498,47.18190303079328],[8.532754859085172,47.18182101738241],[8.532734084094011,47.181743861296376],[8.532707669839008,47.18164772401987],[8.53267968643864,47.1815587262013],[8.532649922660816,47.18146976328746],[8.532634738680104,47.18140921397704],[8.532633546551331,47.18135090653436],[8.532644556608052,47.18129249211422],[8.5326590268054,47.18123166095908],[8.532703676021205,47.18111104575213],[8.532754951361191,47.18097251117987],[8.532797969196288,47.180856661133134],[8.532826468433955,47.180799267862895],[8.532850181986129,47.18076334771074],[8.532885913685874,47.18071897433785],[8.532931780596094,47.180656657233236],[8.53295698961505,47.18061000002666],[8.532971789022586,47.18056464719774],[8.53298315239745,47.18052288931062],[8.532989302964616,47.180482359412245],[8.532992044270623,47.180445442194696],[8.532971924580572,47.18040160877559],[8.53295923608852,47.1803779269216],[8.532934173398631,47.1803472201629],[8.532891342732842,47.18030121879306],[8.532812927112472,47.180222226802414],[8.532748076246676,47.18015363073076],[8.532705880820162,47.18010899958881],[8.532616883717875,47.18002416191925],[8.532522271907272,47.17992152117784],[8.532438183006986,47.17982117320612],[8.532368319873438,47.179732582246984],[8.532338046553924,47.17968445532111],[8.532308769316153,47.17963793813973],[8.53225971930926,47.17954321222488],[8.532242151304294,47.17950411313187],[8.53219206146326,47.17939271013688],[8.532144277642553,47.17927534808237],[8.532105604186249,47.17917574682825],[8.532101914351758,47.179166273479524],[8.532072384754782,47.179088012985055],[8.532037509847372,47.17900383914363],[8.531993805915434,47.17891500845097],[8.531961169911671,47.1788558122303],[8.531921507568605,47.17879430788801],[8.531874929125847,47.17873524407349],[8.531824890749062,47.17867859694899],[8.531773100061038,47.17862077002336],[8.531705564258155,47.17856072674502],[8.531597341469402,47.1784748834465],[8.53145365767284,47.178362002971376],[8.531232050112456,47.178193927085886],[8.531148111155874,47.17813039595359],[8.531044152653923,47.17805171718296],[8.530826054375733,47.17788480364248],[8.530664741596427,47.1777625630848],[8.53056535108038,47.17768138473567],[8.53040189690126,47.17754012933312],[8.530382224056309,47.177521919831754],[8.530290557798573,47.177435837317034],[8.530215214276359,47.177358298723064],[8.530141300007925,47.17728355316948],[8.53006854131727,47.177199477116716],[8.5299986273452,47.17712096933964],[8.529936059306111,47.17703521334057],[8.529889193514837,47.176961875358565],[8.529860153656694,47.17690741214719],[8.529820047117589,47.1768232872363],[8.529781876209535,47.17674867935141],[8.529739579161163,47.17664316552705],[8.529701954258794,47.17650538497081],[8.529628279569229,47.176149162857406],[8.529623773863404,47.17584209397415],[8.529616268622213,47.17569591378216],[8.529605056925176,47.17560347277168],[8.529585346697868,47.17549860835512],[8.529558246666456,47.17538005062689],[8.529552785085825,47.175356110984644],[8.529532117177917,47.1752754449466],[8.529520550006058,47.17523027045897],[8.529479025522264,47.1750771441888],[8.52944462423563,47.17493109293959],[8.52943872590479,47.174899313218326],[8.529428960652,47.17484674520377],[8.529413174064327,47.17484114659651],[8.529315505034452,47.17480653036732],[8.529205122553249,47.17476044812049],[8.529148281468702,47.174736716431376],[8.528989752558484,47.174665632458556],[8.528813460774685,47.17457803858112],[8.528756174336635,47.17454602592122],[8.528633394754111,47.17447740049985],[8.528449543479207,47.17436252187984],[8.528283398153478,47.174259367593386],[8.528184319704799,47.174193665782454],[8.528108608016598,47.174159875174595],[8.528050726381693,47.17414199997609],[8.527992672405368,47.174124081401715],[8.527843752092206,47.1740945458082],[8.527635344487033,47.17405961778788],[8.527388544908042,47.17402388314892],[8.527125662624194,47.17396924729517],[8.526976668371496,47.17393732743833],[8.526808217603534,47.17389251167152],[8.526646755325523,47.173848817021025],[8.526465994723175,47.17379934943211],[8.526345834180331,47.17376653552714],[8.526289070322614,47.17375168042141],[8.526189741705844,47.1737267295874],[8.526074766973316,47.1736978604678],[8.526053723768998,47.173692571945956],[8.526023684328932,47.17376068298339],[8.52600715345924,47.173806069305996],[8.525936953366509,47.173959046906155],[8.525871725901332,47.174097719372085],[8.525801283673363,47.17423881590413],[8.525730878197098,47.1743810904677],[8.525665478062997,47.17451261288178],[8.525630131273278,47.1745760242177],[8.525564778878975,47.17470992096417],[8.525509138985578,47.17480565636077],[8.525456556828146,47.17488112264264],[8.525381687908826,47.17497584312606],[8.525327028376092,47.175033481591505],[8.525243089118684,47.17511162767713],[8.525169260067802,47.17517183088873],[8.525131492549013,47.17520313245144],[8.525018294915927,47.17527752451228],[8.524926834994856,47.17532836758915],[8.524828445997052,47.1753816688259],[8.524729922408618,47.175428998136844],[8.524627844407888,47.1754728076193],[8.524524796587738,47.175507189726645],[8.524503031356272,47.17551445665629],[8.524308668806356,47.175569832301306],[8.52417316515439,47.17560086800431],[8.52400103260601,47.17563223997355],[8.523853218027758,47.175658623698254],[8.523618261189444,47.17569058743732],[8.523245828119714,47.17574289007495],[8.522948324873381,47.175788530494046],[8.522864785491194,47.17580004029503],[8.522795805992892,47.17581001856191],[8.522706424678207,47.175822950613885],[8.522567206946526,47.17584329658633],[8.522394976505575,47.1758699173583],[8.522307656446474,47.17588627502001],[8.522165076964066,47.17591261626502],[8.5220526958499,47.175929218653906],[8.522010210883161,47.175935492719134],[8.521994756109143,47.17593909251736],[8.521930310633117,47.17595409213019],[8.521888013783071,47.17596900918997],[8.521843660633504,47.17598466523781],[8.521720584948824,47.17602627687771],[8.521559415128698,47.17608254088529],[8.52139279158002,47.17612813316661],[8.521099224174963,47.17619634677587],[8.521013222832915,47.176214679079045],[8.520888956289014,47.17624117035122],[8.52071524487556,47.17628207858989],[8.520499763842333,47.17632813788241],[8.52036765509931,47.176354369460896],[8.520308698662802,47.176364890712804],[8.52021983673844,47.17638074851375],[8.520124201714745,47.176398307094054],[8.520023367491369,47.17641711086298],[8.519872173690429,47.176449476290635],[8.519689538899302,47.17647975298991]]}},{"type":"Feature","properties":{"id":74,"t_id":73,"liniennummer":"604,614"},"geometry":{"type":"LineString","coordinates":[[8.516859106150301,47.173695374302696],[8.517025033048554,47.17366973838031],[8.517078952517581,47.17366141593762],[8.517468802864103,47.173607782462305],[8.517896937850818,47.17354902995666],[8.518264172723784,47.173499177113904],[8.518584582243713,47.17346403856966],[8.51876791315278,47.173447817164075],[8.51881873508252,47.173631795804006],[8.518873041813793,47.17381455428395],[8.518934985506633,47.17403056090126],[8.518992438836877,47.174196629854315],[8.519180143646501,47.174805257857],[8.519242584469803,47.17500591305267],[8.519312425956707,47.17526467351249],[8.51933961589624,47.17535680341159],[8.519387382245448,47.17551863619491],[8.519448550267748,47.17569538381124],[8.51948597421303,47.17581998177306],[8.519626490845225,47.176282513126004],[8.519667121192285,47.176410364311394],[8.519689538899302,47.17647975298991]]}},{"type":"Feature","properties":{"id":75,"t_id":74,"liniennummer":"602,603,611,613,614"},"geometry":{"type":"LineString","coordinates":[[8.515697114316666,47.167895114709694],[8.515697804065045,47.16801591081469],[8.515706897310078,47.1680771130576],[8.515713424449697,47.168151724840634]]}},{"type":"Feature","properties":{"id":76,"t_id":75,"liniennummer":"631"},"geometry":{"type":"LineString","coordinates":[[8.539091947373642,47.19717096414],[8.539124223660933,47.19719763352578],[8.53919821675278,47.19726078621438],[8.539273810112356,47.1973099803465],[8.539359955666752,47.197353739151005],[8.539480179721366,47.19740718420783],[8.539626914193837,47.1974668255116],[8.53975411813669,47.19753939120449],[8.539863804837958,47.19760856202957],[8.539973698983173,47.19768843555704],[8.540064320447502,47.19776491308298],[8.540151801947966,47.19785809845912],[8.540181286614448,47.197889516960196],[8.540487044574224,47.19829890575142],[8.54068933129022,47.198584568822405],[8.540692226633144,47.19858865210961],[8.540697178625027,47.198595828197],[8.540844007368904,47.19880841960913],[8.540993494559888,47.199028910524326],[8.541144019145198,47.19924908546116],[8.54129475461906,47.199469186216575],[8.541380446548713,47.19959376452459],[8.54146619129002,47.19971832427176],[8.541551962451447,47.19984286571073],[8.54163762937194,47.19996745306243],[8.54175832586586,47.20014004722662],[8.541765397741008,47.200150162518085],[8.541766485693502,47.2001517173331],[8.541845794423192,47.20027194859279],[8.541949812320784,47.20042421932502],[8.542053948833042,47.20057645284408],[8.54230678058843,47.200944145520204],[8.542559825473923,47.201311763632575],[8.5427313380639,47.201560809118604],[8.54277850062973,47.201624882465694],[8.542821538117408,47.20168605378213],[8.542862988782886,47.20174771706677],[8.542879340593844,47.20177320676657],[8.542885259440276,47.201782433484496],[8.54290286581821,47.201809872194765],[8.543134741076656,47.2021477726287],[8.543366501237774,47.20248570968186],[8.543543747478857,47.20274422530791],[8.543632344755475,47.202873478768694],[8.543720981864347,47.203002722783346],[8.543809068675111,47.20313086555043],[8.543897208508914,47.20325899874549],[8.543995664737473,47.20339897902461],[8.544001254036889,47.203406931470845],[8.544011344556417,47.20342128157017],[8.544073450224303,47.203515283288624],[8.544219712958675,47.20372919818172],[8.54436509824739,47.20394339118246],[8.544451407156801,47.2040760483361],[8.544536640664697,47.20420902160312],[8.544621887793227,47.204341994675865],[8.544708197982208,47.204474651623705],[8.544897786760345,47.204756822020116],[8.545091840872896,47.2050339746264],[8.545093894674096,47.2050369054544],[8.545096771923395,47.205040718936196],[8.54533806343291,47.205360911045254],[8.54548281414474,47.20554209483316],[8.545632189318702,47.20572153381626],[8.545720916641843,47.205821512696964],[8.545811214579258,47.20592082872574],[8.545901198720648,47.20602027364017],[8.545990227976404,47.20612012347386],[8.546217946598262,47.20638485138097],[8.546405362999113,47.2066124098455],[8.546408612939068,47.206616363639576],[8.546409900984354,47.20661800644211],[8.546512348519762,47.20674868070091],[8.546562807724678,47.20681724558078],[8.546611510500476,47.20688640305616],[8.546658429887664,47.20695612640193],[8.546703552496748,47.207026406753265],[8.546702971054009,47.20702637636531],[8.546866135103182,47.207282233736365],[8.547034718596457,47.20753645548811],[8.547211449506918,47.20780219390707],[8.547393205093918,47.20806634542958],[8.547516985532047,47.20822545543413],[8.54752052530333,47.20823000911211],[8.547522736057552,47.208232857425145],[8.54759867574724,47.208325005877356],[8.547676973062867,47.20841625000635],[8.547757600497361,47.208506536098845],[8.547840518277528,47.20859585553746],[8.547925712466089,47.20868417246915],[8.54804486268824,47.208787292858496],[8.548136442422074,47.20886331409527],[8.548229953348736,47.20893823718086],[8.548325381525995,47.20901202626256],[8.548422674163028,47.209084681844416],[8.548521817129833,47.20915615907982],[8.548622770832667,47.209226458345746],[8.54872550812883,47.209295543916674],[8.548991224515314,47.20946576107868],[8.549254946473384,47.20963393687524],[8.549257501716173,47.20963556742617],[8.549259133762098,47.20963660417391],[8.549378035902567,47.209712297983884],[8.54949863567942,47.20978899180222],[8.549619235802282,47.20986568549283],[8.549739784411914,47.20994242453396],[8.54986453933453,47.21002209141693],[8.549989229384463,47.210101794775156],[8.550113711808779,47.21018165292951],[8.550238675844218,47.2102611644697],[8.550493228321342,47.21042096110578],[8.55075120041935,47.21057816941384],[8.55080424588433,47.21060688391897],[8.550847605660444,47.21062943998682],[8.550891548559072,47.21065146866173],[8.550936034983948,47.210672970325476],[8.550981064934417,47.21069394497742],[8.551026638035637,47.21071437462935],[8.551072714691124,47.210734259663056],[8.551119308098599,47.21075359995047],[8.55116637828727,47.210772377885775],[8.551212048912642,47.2107898739544],[8.551213925256139,47.210790593468566],[8.551215573107351,47.21079111728657],[8.551266015119865,47.21080698401392],[8.551296446013103,47.210815964501656],[8.551327107006253,47.210824582934],[8.551357984900221,47.21083283943827],[8.551389079507343,47.21084072502055],[8.551420351231261,47.21084824006314],[8.551451826281449,47.21085537531709],[8.55148346543584,47.21086214915247],[8.551515281330955,47.21086853446015],[8.551547260954727,47.210874540361374],[8.551579377909336,47.21088016711102],[8.55161164539273,47.2108854145815],[8.551667491678309,47.210892629105984],[8.551708989970317,47.21089739153443],[8.551750596948606,47.210901667134635],[8.551792299039043,47.21090543804636],[8.551834096427692,47.210908713263365],[8.551875975727562,47.21091148391925],[8.5519179109147,47.210913768256795],[8.551959901613504,47.210915548288256],[8.55200193481142,47.21091683313497],[8.552043997121418,47.21091761393075],[8.55218754105507,47.21091538955481],[8.552303365627345,47.21091205671084],[8.552419082147944,47.210907339470964],[8.552534677596633,47.210901246956944],[8.552703103891442,47.21089005553771],[8.552871240366319,47.21087699558794],[8.553039513163624,47.210864779660355],[8.55320780264431,47.21085273424127],[8.55356473518019,47.21082788790178],[8.553920577954091,47.21080460724673],[8.553921896312046,47.21080452251521],[8.554095959040213,47.210795865208006],[8.554242064542187,47.21079051896605],[8.554388272035025,47.210786898708534],[8.554534555511031,47.210785022678344],[8.554612256046717,47.21078682456318],[8.55467265850606,47.210789045896696],[8.55473299679487,47.21079198746974],[8.554793244330689,47.21079564054431],[8.554853388105052,47.210800014242416],[8.554913414734061,47.21080509969825],[8.554973419050755,47.21081101293591],[8.555017959257615,47.21081603254919],[8.555062365365892,47.21082158418657],[8.55510663718912,47.21082765885441],[8.55515073532055,47.210834265930515],[8.555194659573651,47.210841396421266],[8.555238396563276,47.21084904146114],[8.555281933279797,47.21085721017188],[8.555325256338017,47.21086589368816],[8.555368339341873,47.21087509226594],[8.555399554208574,47.210881752201345],[8.555426069681085,47.21088779202166],[8.55545241996363,47.2108941392888],[8.555478605244417,47.21090080299657],[8.555504612137433,47.21090777427929],[8.555530440830884,47.210915062130944],[8.555556090949468,47.21092264856403],[8.55558215000568,47.21092832395472],[8.555684773721655,47.210964201686345],[8.555724745828616,47.21098246190396],[8.555773181193157,47.21100457110119],[8.555856888254306,47.211049321932784],[8.555955336945173,47.21111345018099],[8.556020140208,47.2111670560607],[8.556075254452418,47.211220692941815],[8.556108524169492,47.2112833484571],[8.556133737776705,47.21134710763015],[8.556151219076972,47.21142178154188],[8.556180734941211,47.211548009497626],[8.556401030240227,47.21156014776169],[8.556757881942339,47.211588096619344],[8.557096065422424,47.21162479848957],[8.557400814005403,47.211666106068975],[8.557737331396421,47.21172281950852],[8.558037887895189,47.211777605599096],[8.558069001420282,47.21178442772389],[8.558212513628725,47.21181589375651],[8.558482194336333,47.211878948947714],[8.558521091842984,47.21188805211878],[8.558844827676532,47.21197225129998],[8.559177729126178,47.21206854947141],[8.559522632589335,47.21216676289594],[8.55977303091024,47.21223746011731],[8.56008958218911,47.2123339148345],[8.560440705726823,47.21244527953896],[8.561153282450283,47.212661788072715],[8.56159735495052,47.2127966124928],[8.561800064121606,47.21285802805123],[8.561852084186876,47.21287398274192],[8.562015980117787,47.212930972770124],[8.562448331772572,47.213060043116386],[8.562799791907604,47.2131637151559],[8.563223209189953,47.21328334345912],[8.563481826459151,47.21336017741756],[8.563579975716369,47.21338934516963],[8.563924345926207,47.213487136951294],[8.564256545060864,47.21358743050192],[8.564604577749455,47.21369351442529],[8.564945617586101,47.213798478267606],[8.565320105567743,47.21391500613871],[8.5656523350035,47.21401648283047],[8.565975815697497,47.21411684778654],[8.566218427404536,47.21419182629505],[8.56674406857262,47.214354483566815],[8.567090393542202,47.21446174621295],[8.567491178106996,47.21458397355737],[8.56780057488901,47.21467851636882],[8.567887265002533,47.21470434750111],[8.56803674910184,47.214752870528706],[8.568221310107305,47.21480818289845],[8.568489027934781,47.21489638590281],[8.568698486385612,47.21495717450238],[8.568981064643646,47.2150381780006],[8.569225584133726,47.21510432479554],[8.569467245427452,47.21516763852748],[8.56979591931742,47.21524819646856],[8.570382894264576,47.2153871521508],[8.570629953258592,47.21544088405402],[8.571083469422254,47.215544958321466],[8.571583329046161,47.215659045899635],[8.572021323123542,47.21575565887644],[8.572115328432561,47.21577263513694],[8.572301346669011,47.215811617607024],[8.572643779409306,47.2158881279633],[8.573029764989919,47.21596883213471],[8.573206859726291,47.21600159509848],[8.573327901863076,47.216027767461554],[8.573522726475131,47.21607227449568],[8.57374698835167,47.21613583172061]]}},{"type":"Feature","properties":{"id":77,"t_id":76,"liniennummer":"602,632"},"geometry":{"type":"LineString","coordinates":[[8.569863902147418,47.1823822336398],[8.57002835962636,47.18242547889326],[8.570203650606176,47.18246064722127],[8.57030862873928,47.1824727039409],[8.57043620895294,47.18247977960465],[8.570579196932263,47.18247360586494],[8.570735765451031,47.18244827246375],[8.570860735143912,47.18241491064418],[8.570963015245649,47.18238177188866],[8.571063377675351,47.182340321882016],[8.571187818061569,47.18228197483439],[8.571232201187224,47.18225568447496],[8.571353310075247,47.18218395742309],[8.57147907599382,47.182105365659964],[8.571634092734936,47.18200744192761],[8.571775480188673,47.18192513376437],[8.571821582277671,47.18190029254823],[8.571879020982054,47.181869357556366],[8.57200680402932,47.18180384308988],[8.5721520639068,47.18173933481307],[8.572288961337556,47.18167932560207],[8.572335369509307,47.181658988010625],[8.572563889434068,47.181569865476774],[8.572787297469691,47.181486730017475],[8.572972532252733,47.18141469319816],[8.573168290941833,47.18134493621065],[8.573362445935183,47.18128232829388],[8.573487461627012,47.18125133798415],[8.573598546215207,47.18122168133115],[8.573720839226494,47.18119607905629],[8.573786782360905,47.18118237597331],[8.573925472766987,47.1811535442306],[8.573958260467691,47.18114673492893],[8.57413553064582,47.18111047875411],[8.574188974327182,47.1810996694236],[8.574401447871887,47.181056678578386],[8.574681321026855,47.181002749038676],[8.574719157133512,47.18099571877336],[8.574870830285228,47.18096754936305],[8.575074257332632,47.180931033523045],[8.575219499752217,47.18091319125333],[8.575274467401224,47.18090644142572],[8.575424329014684,47.18089425656707],[8.575524361403035,47.180889103573435],[8.575606778228412,47.18088449332003],[8.575640501324024,47.18088260394865],[8.575806326136098,47.18088215324461],[8.575986156696436,47.18088513521169],[8.576080999172355,47.18089093582593],[8.576187150314121,47.18089742522091],[8.576410934173527,47.18091425733864],[8.576500240662707,47.18091968953096],[8.576545501663798,47.180922444571614],[8.576910806220702,47.18094620661438],[8.577239415508934,47.18096795562201],[8.577541688203365,47.180982803690945],[8.577777434556873,47.180987613456324],[8.57791882871567,47.180988597919445],[8.577986895165484,47.18098792419184],[8.578163091654806,47.18098379613033],[8.578398457977391,47.180970760873514],[8.578483861768381,47.180965156439484],[8.578518963180484,47.180962937724885],[8.578833465071428,47.18094301876849],[8.578884772988594,47.18093976681816],[8.579120087950946,47.18092433772803],[8.579241584235861,47.18091721466291],[8.579339743120837,47.18091145621001],[8.579611664325126,47.18089447589706],[8.579787695956988,47.18088201693693],[8.579953240743833,47.18086967068518],[8.580097800278972,47.180855148434745],[8.580223064941393,47.18083604963242],[8.580360442976437,47.18081207180132],[8.58051509538933,47.18077961038656],[8.580695677608599,47.18073497215212],[8.58088989781222,47.18067592207392],[8.581038944295909,47.18062564106779],[8.581253564593784,47.18054140675733],[8.5814222112678,47.180468027551136],[8.581466291311505,47.18044885179856],[8.581658285410187,47.18036720724004],[8.581831353442677,47.180297651677755],[8.581943905206503,47.18025607097447],[8.582054830639343,47.180219274051666],[8.58218667741377,47.18018106373988],[8.582320277774475,47.180144041278744],[8.582454081359144,47.18011653412419],[8.582690458379988,47.180070150809684],[8.582831342131751,47.180046135149],[8.58316693670166,47.17998686316265],[8.583439893848004,47.17993655224126],[8.583651915908897,47.17989397147529],[8.583782159377163,47.17986292687092],[8.583898497570212,47.17983439534921],[8.584084017421501,47.17977662280014],[8.584234761176413,47.179725142257006],[8.584407849205597,47.17965676999286],[8.584509816465062,47.17961519314931],[8.584584342891551,47.17958480124478],[8.584819543422235,47.179483686166755],[8.585096037341735,47.179354785274285],[8.585174871720493,47.179317972091276],[8.585280955316732,47.17926844629156],[8.585493452679216,47.17916635953745],[8.585740532594562,47.179049651493486],[8.586075780069887,47.17889279758569],[8.586328081850109,47.17877484875184],[8.586490524423848,47.17869943681196],[8.586563122327888,47.17866658899886],[8.58679991619806,47.17855831126257],[8.586979668656427,47.17847559231606],[8.587080074798275,47.17843769897874],[8.587187510442462,47.17840092284396],[8.587282922796717,47.178373793088106],[8.587404504811243,47.17834639306685],[8.587536649998713,47.1783224677817],[8.587638842770264,47.17831927068985],[8.587648269529952,47.178318969682124],[8.587763474588666,47.17831901598289],[8.58786316075366,47.17832872562269],[8.587992679150616,47.178345288897006],[8.588120315196647,47.178355906646715],[8.588324874512269,47.178371720094304],[8.588634241378767,47.178392423243636],[8.588901460690083,47.178400466968334],[8.589009661766722,47.17840058201904],[8.589109936080618,47.17840142389441],[8.589203440959473,47.17840220741177],[8.589362548627749,47.178414902050214],[8.589426472562929,47.17842052397734],[8.589593380662542,47.17843520033239],[8.589800628316143,47.17845757816395],[8.58989602680424,47.17846787767277],[8.590029079559947,47.17848677818988],[8.590099139687169,47.17849796969917],[8.590146499324089,47.17850940626758],[8.590190363934328,47.17851967235401],[8.590228953371124,47.17852881276038],[8.590258695541065,47.17853207749494],[8.590286568807706,47.17852942372812],[8.590324876421533,47.17852546911359],[8.590366423411503,47.178509580697224],[8.590369621795581,47.17850800142403],[8.590464868879625,47.17846099906251],[8.590636804758423,47.17834027355983],[8.590786039898637,47.178218587589896],[8.590935030306404,47.1780861809323],[8.590965719313408,47.17805255342847],[8.591054893064088,47.17797906490541],[8.591144336040385,47.17791747499169],[8.591226890395735,47.17786071274074],[8.591292841625487,47.177825112786365],[8.5914649768082,47.17773218986012],[8.59173401953663,47.17758191946187],[8.592034171706878,47.1774182568407],[8.592315348616104,47.17726430112175],[8.592517171998452,47.177153978055664],[8.592805233711195,47.17699638975924],[8.593098440358949,47.17683397236575],[8.593346861956627,47.176699377613055],[8.593548668842292,47.17658787440089],[8.593651341867456,47.17652702229623],[8.593831487645822,47.176430318070544],[8.59405054984035,47.17631031068514],[8.594157514004806,47.17625211376293],[8.594279929458303,47.17618304764447],[8.594392039409419,47.17612123650787],[8.594526501221539,47.176043710079924],[8.594633296877888,47.17597837175934],[8.594743394859924,47.17590468808094],[8.594835364397333,47.175840101208536],[8.594843122733062,47.17583465279998],[8.594889902816954,47.17579856862406],[8.594947842254617,47.175753862322374],[8.59505074343653,47.17566952769292],[8.595064226394976,47.17565731990655],[8.59519965187427,47.175534750190906],[8.595307222667731,47.175424181727735],[8.595407776794833,47.17531249623961],[8.595525008753306,47.175164938825894],[8.595647013158803,47.174995905392194],[8.595696193923002,47.17492996677782],[8.595802964699063,47.17478250522569],[8.595886105642412,47.17467218179885],[8.595969516261496,47.17457495342906],[8.596075110324973,47.17445488654327],[8.596177646931345,47.1743538943422],[8.596285496416632,47.17425641092671],[8.59640047702913,47.17416598931064],[8.596510439825753,47.17408634101223],[8.59665501828756,47.17399325546424],[8.59678427455699,47.173916984081394],[8.596887825566084,47.17386357761756],[8.597045028068225,47.17378939956094],[8.59720064355168,47.173722370905615],[8.597453514979021,47.17363296186996],[8.597665179066759,47.17357488573348],[8.597901308079269,47.173518964643335],[8.598075157698734,47.17348745532957],[8.598290895770285,47.17345672011596],[8.598412371583713,47.17344405340339],[8.598492885790165,47.173435649573165],[8.598802924656006,47.17340752531369],[8.599003302215001,47.17339241633205],[8.599254092983406,47.17336846852339],[8.599478573932716,47.17333883933904],[8.599692466397991,47.17330336133326],[8.599810970692008,47.17327780518131],[8.599866172073286,47.17326590453857],[8.59989010098093,47.17325975286833],[8.600040339098362,47.17322114724887],[8.600083106745334,47.1732101546082],[8.600426583237912,47.17311386933416],[8.60073530168371,47.17302506765057],[8.600857854990927,47.17298858463063],[8.601045682317938,47.172932668017914],[8.601340522386547,47.172847585181316],[8.601628370910039,47.1727625542392],[8.602004714008363,47.17265403063203],[8.60227186234716,47.17257992128133],[8.602509619805609,47.172518009958814],[8.602724976109574,47.172470619027074],[8.602947490368619,47.17243027993114],[8.603105754947276,47.172404875823254],[8.603222376894694,47.172391794321776],[8.603394738150033,47.172372211367964],[8.60360204828625,47.17235582771875],[8.603697164719632,47.17235111360528],[8.603812996198718,47.172345362073244],[8.604064220219193,47.172341621841],[8.604329567080175,47.172344889659975],[8.604334636934157,47.172292392878475],[8.604334939052661,47.17222692748709],[8.604326977462854,47.17218179531165],[8.604313961094865,47.172145035436614],[8.604286861179638,47.17210246299821],[8.604247587296522,47.172062406735115],[8.604203181427804,47.172025964766696],[8.604162878884079,47.172019230288164],[8.604122654438841,47.172014869892145],[8.6040808315904,47.17201767731849],[8.60404268516226,47.17202877759764],[8.603996234749706,47.17206018447722],[8.603919366676173,47.172135942698645],[8.603801503548105,47.172253757411085],[8.603697164719632,47.17235111360528]]}},{"type":"Feature","properties":{"id":78,"t_id":77,"liniennummer":"632"},"geometry":{"type":"LineString","coordinates":[[8.5722572854653,47.195600052687],[8.572183483046802,47.19545610179802],[8.572105751729781,47.195316678383044],[8.572002317925635,47.19513205275448],[8.571862560230244,47.19488113556129],[8.571728823336585,47.194667050228844],[8.57160916145317,47.194457593947924],[8.571520207554705,47.19429660997114],[8.571443711200367,47.194147413636884],[8.571401104973619,47.19403122181634],[8.57136364791939,47.19391139004202],[8.571335278374152,47.19380812885233],[8.571300587825974,47.19365377139557],[8.57127147488236,47.193516010062055],[8.571247751204936,47.193385329277596],[8.571210803587338,47.1932059949837],[8.571183432938007,47.19306822547363],[8.571143088776667,47.19289487070671],[8.571106771474374,47.19274527889071],[8.571082516077212,47.19267173487406],[8.571047482533082,47.192584020714136],[8.571012826618881,47.19251414127041],[8.570941674202425,47.19236846330112],[8.570856473129624,47.192220548585304],[8.57074575586214,47.19202052083722],[8.570615753418007,47.19181710231723],[8.570495026992619,47.19163977889528],[8.570374239216141,47.19145889365846],[8.570228386882338,47.19124968435985],[8.570104243491004,47.19107477797078],[8.570010716158501,47.19094478290052],[8.569967780220331,47.19088761445018],[8.569938857494268,47.190849100271066],[8.569836886884545,47.19073228574788],[8.56976717274653,47.19065561681279],[8.569624689590809,47.19052254012709],[8.56942010346471,47.190341289663],[8.569219139136102,47.190167127856846],[8.569016271999628,47.189984663378425],[8.568761740914656,47.189752725686866],[8.568642457644202,47.18964321364944],[8.568517473169763,47.18951116027981],[8.568420330667129,47.189375253264224],[8.5683639386498,47.18926750758796],[8.568333886173308,47.18916664599326],[8.568319570835776,47.18906801382136],[8.568326294692323,47.188972737483965],[8.568343581529817,47.18888213419886],[8.568351157457691,47.18885533366649],[8.568361445847515,47.18881888112906],[8.568379398714358,47.18875919847432],[8.568421030208793,47.18866477597965],[8.568472823543242,47.18855479014651],[8.568589941307636,47.188313239859674],[8.56867866787531,47.18813386746883],[8.568816041148445,47.18786118189357],[8.568903289320128,47.18769372510833],[8.568970591952132,47.18757405129784],[8.56906188713375,47.18743392852594],[8.56918065799436,47.18727209910981],[8.569301233133718,47.187112635695165],[8.569450748460888,47.18691837138448],[8.569574591803212,47.186748170672985],[8.569689712780447,47.186579242944475],[8.569779036306564,47.186428416036456],[8.569854817619698,47.186296775009296],[8.569920148652425,47.18616641505908],[8.569953482713723,47.18609229577021],[8.570021843218273,47.18594048722318],[8.570093233068173,47.18576722109894],[8.570147950704266,47.18562984071491],[8.570189896217197,47.185499368601846],[8.570224192055482,47.18538716096761],[8.57025311168745,47.18526906900736],[8.5702733070465,47.185182061980086],[8.570281918262376,47.18514501399785],[8.570303644321644,47.185017466286624],[8.570320461467999,47.18490425199769],[8.570339992832741,47.184755298087936],[8.570349566135917,47.184630244693864],[8.570350112673092,47.184573116620875],[8.570345106863568,47.18450176695657],[8.570340290227213,47.18443873645464],[8.570329959578078,47.18436267141586],[8.570312422740566,47.184277159767646],[8.570279074956149,47.18418585739208],[8.570254900082507,47.184115883596775],[8.57022017516297,47.18404243321725],[8.5701801510142,47.183965472620315],[8.570132808318622,47.18387312033585],[8.570056746333195,47.18374295351671],[8.569996949986615,47.18363882226711],[8.5699568321135,47.183571128085674],[8.569940837517672,47.18354416323851],[8.569902555460862,47.183467185422025],[8.569884021101212,47.18341620001374],[8.56986528540577,47.18335569013167],[8.569850183355864,47.18330228712542],[8.569834705369422,47.183229852903764],[8.569834949203917,47.18315963004982],[8.569839626728799,47.183050106374836],[8.569850564938337,47.18290719208897],[8.569852599359798,47.182878601741095],[8.569862678760138,47.182736883320075],[8.569863709438929,47.18262025288175],[8.569863299309148,47.18251910021573],[8.569863902147418,47.1823822336398]]}},{"type":"Feature","properties":{"id":79,"t_id":78,"liniennummer":"606,616,636"},"geometry":{"type":"LineString","coordinates":[[8.48055519067267,47.19644722123173],[8.480567842081888,47.19645306178944],[8.480575431023503,47.19645579072599],[8.480583289006876,47.19645810343301],[8.480591415856686,47.19645999091653],[8.480599718855963,47.19646143602445],[8.480608819755814,47.196462514089916],[8.480617355595857,47.196463039545364],[8.480625934931947,47.196463087843526],[8.480634492838954,47.196462713544975],[8.480642330321201,47.19646194096658],[8.48065134380899,47.196460564039995],[8.48065951881551,47.19645882588418],[8.4806675008545,47.196456666684156],[8.480675184364165,47.19645408739538],[8.480682007031387,47.19645135397723],[8.48068957802537,47.19644774121972],[8.480696183315903,47.196444011264106],[8.480701890981544,47.19644027144081],[8.480707586732699,47.19643592002897],[8.480712801674139,47.19643127611587],[8.480722105342066,47.19642040627269],[8.480725484802088,47.196415032341854],[8.48072822756333,47.196409493258244],[8.480730347697175,47.19640383387227],[8.480731889574713,47.196397621996795],[8.480732634079285,47.19639180414583],[8.480732726883843,47.19638640598751],[8.480732177734446,47.19638057285818],[8.480730969526824,47.19637478167582],[8.480728936209998,47.1963686381399],[8.4807265922866,47.19636348692343],[8.480723178908223,47.19635763473909],[8.480719381589067,47.19635239772554],[8.480715197000276,47.19634760499789],[8.480710650130577,47.196343184365496],[8.48070524329769,47.19633865457412],[8.480698846477306,47.196334115750986],[8.480692423037183,47.1963302428377],[8.480685943958772,47.196326901163964],[8.480673730053912,47.19632183927085],[8.480665363312038,47.19631915336206],[8.480657338888903,47.196317103037345],[8.480649085537701,47.19631549556488],[8.480640708644426,47.19631432099532],[8.480632195364086,47.19631359743595],[8.480624284976265,47.19631333618758],[8.480615050285415,47.196313518708585],[8.480606523872822,47.196314153591246],[8.480598756767128,47.19631515041879],[8.480589827553779,47.1963167874493],[8.480581762857925,47.19631876748149],[8.48057394373275,47.196321159085386],[8.480566409763625,47.19632396190267],[8.480559226751101,47.19632716634251],[8.480552942586039,47.196330443608026],[8.480546082680306,47.19633465262265],[8.480540186897112,47.19633889789031],[8.48053518733392,47.196343081074694],[8.480530162898797,47.196348020108445],[8.480522743076998,47.196357361640565],[8.480519522818279,47.19636277910248],[8.480516749385902,47.19636877723062],[8.480514854424818,47.1963744795527],[8.480513607603912,47.19638025696967],[8.480513034963444,47.19638609125495],[8.480513087283775,47.196391488099714],[8.48051386931087,47.196397759903626],[8.480515301288234,47.19640352207659],[8.480517185112992,47.1964087674157],[8.48052008596157,47.19641473218999],[8.480523450626913,47.19642011705335],[8.480527067810755,47.19642491492212],[8.480531923184403,47.19643026830511],[8.480536600597318,47.19643461579882],[8.480542177386646,47.19643906310032],[8.480548704231348,47.1964435018046],[8.48055519067267,47.19644722123173]]}},{"type":"Feature","properties":{"id":80,"t_id":79,"liniennummer":"606,616,636"},"geometry":{"type":"LineString","coordinates":[[8.485026735805597,47.19693756094802],[8.485010616939368,47.19693732961878],[8.48483166257953,47.196910637802006],[8.484566772169028,47.19686472029327],[8.484346071152167,47.19682842189126],[8.484055876116763,47.19677748862742],[8.48389402366316,47.19675063109033],[8.483712498988345,47.196717286190214],[8.483646216774552,47.19670290121332],[8.483591835579936,47.19668497189927],[8.483518273819989,47.196660730839],[8.483373224285508,47.196617069358126],[8.483267571326044,47.19658971000519],[8.483174326088351,47.19657055886616],[8.483083606648258,47.19655639525325],[8.483046871977102,47.196553391122514],[8.482925044646434,47.19654727269458],[8.482878068189235,47.19654491912131],[8.482599399343005,47.19654411772924],[8.482260322361153,47.19654181222403],[8.482052075211275,47.19654030822939],[8.481892897728871,47.19653886301757],[8.481824979333982,47.19653866878136],[8.481494436484425,47.19653747111157],[8.481291515431145,47.19653431629768],[8.481193589721052,47.19652687314877],[8.481071109644294,47.19651297753763],[8.480950895626574,47.19649074941301],[8.48080843864634,47.19645538211926],[8.480717573113871,47.196426222421984]]}},{"type":"Feature","properties":{"id":81,"t_id":80,"liniennummer":"632"},"geometry":{"type":"LineString","coordinates":[[8.539088063129505,47.19707196846884],[8.539114137190314,47.19704414768613],[8.539155858205179,47.19700322364953],[8.53919669856186,47.19696696774658],[8.539215309310507,47.19695294559491],[8.539239573542448,47.19693466844472],[8.539342124270464,47.19687071878886],[8.539373400019814,47.196855181215646],[8.539402552939293,47.19684038357813],[8.53945460210021,47.19681395158799],[8.539547717408889,47.19675712652762],[8.539633852107889,47.196700359143755],[8.539740549111485,47.19662437830667],[8.539871313470744,47.196531489295],[8.539929709566085,47.196484513342796],[8.539964011403837,47.196454436717985],[8.540065235076465,47.19636778513455],[8.540150927827522,47.196289611987496],[8.540224127312237,47.1962238643169],[8.540279483457754,47.196174137613674],[8.540337769748106,47.19612122538078],[8.540437544617832,47.19604887236753],[8.54062033398313,47.19593882471059],[8.540818777370628,47.19582505563979],[8.54104822028283,47.19569076723848],[8.541260121921967,47.19556540809227],[8.541301779849434,47.19554076592747],[8.541455468150609,47.19545837828597],[8.541578425629757,47.195409586637375],[8.541701664564512,47.195375095209016],[8.54177985845542,47.19535649872386],[8.541941542763208,47.19532400453127],[8.542193799380243,47.19527993723638],[8.542421851009228,47.19524799365657],[8.542681319281272,47.1952157573695],[8.542883290350888,47.19518883063694],[8.543111046487493,47.19514261244907],[8.54326741936205,47.195105417635375],[8.54340967114125,47.195061206575645],[8.543596894873655,47.19499634156929],[8.54365625929174,47.19497475803711],[8.543822157196665,47.19491444222048],[8.544050904078794,47.19483132154387],[8.544180764116655,47.19477889852872],[8.54426557878961,47.1947435768463],[8.544334716275062,47.194709593079295],[8.544421051007118,47.19466354288004],[8.544460723313293,47.19463935040647],[8.54454005352072,47.194592188961614],[8.544641856637812,47.19453408878701],[8.544707570688951,47.19450369994718],[8.544787318542,47.194476756505],[8.544856812986914,47.19445942890533],[8.544928121072033,47.19444684252844],[8.545001271040297,47.194437809675804],[8.545088477402977,47.19443458781137],[8.545189954060142,47.19444432637928],[8.545286400722297,47.194464818013564],[8.545528967937633,47.19454340203032],[8.545794844904202,47.19465272437984],[8.546080316395598,47.19477967801209],[8.546204527877599,47.19483825922445],[8.546448806761566,47.19495346409396],[8.546757678174407,47.1951147161781],[8.546881586735731,47.19519682317941],[8.54691944965074,47.195229292805614],[8.546990015840045,47.195289792866554],[8.547057910637427,47.195365305335535],[8.547102890199845,47.19542912815474],[8.547140988772377,47.19549779388805],[8.547174032897074,47.19557601666168],[8.547196822378801,47.1956650519631],[8.547207455872702,47.19575657914764],[8.54722077968541,47.19589449791496],[8.547228434576185,47.19601105264725],[8.547237346882161,47.196188279834345],[8.547251177267208,47.19634999616137],[8.547263700733634,47.196448647664866],[8.547287156365773,47.19656979993571],[8.547317518690395,47.196687332419074],[8.547365893794638,47.19683085974568],[8.547426573509538,47.196979036245054],[8.547510370238458,47.19714602484643],[8.547547274313045,47.19722128674112],[8.54757599314755,47.19727986858917],[8.547664839091954,47.19747200521741],[8.547805819728481,47.19773870813845],[8.547886644501046,47.1979010113739],[8.547928110818258,47.1979842892791],[8.548070215538935,47.19824842627873],[8.548150506435922,47.198415457174804],[8.548191495632942,47.198490328662885],[8.54824123692952,47.19858118199594],[8.54833505858262,47.19872665477108],[8.548460286210064,47.19887181577213],[8.548600786592054,47.19899542880512],[8.548774831785343,47.1991365566021],[8.54892904733289,47.199248117796394],[8.549109358542855,47.19935467742882],[8.549448928978764,47.19956322226725],[8.549676390592719,47.19970361750961],[8.549733693998691,47.1997389841425],[8.55009980949294,47.199963939850676],[8.550363401157126,47.20012919976295],[8.550694160113515,47.200333076361794],[8.550939950503743,47.200481837982515],[8.551098931540615,47.20056954783612],[8.551305468956949,47.20067823454594],[8.551363442028933,47.20070635242407],[8.551457922008597,47.2007521896971],[8.551581946167266,47.20080525269956],[8.551667873206236,47.200839649062246],[8.551759342643173,47.20087208471028],[8.551859165444197,47.20090254145081],[8.55196317799913,47.20093390213859],[8.552086740923226,47.20096412914913],[8.552187321742705,47.20098786753535],[8.552272689308218,47.20100803776912],[8.55243913338436,47.20103498907239],[8.552652838583427,47.20106744702416],[8.552827782589347,47.201083601735114],[8.553037668744436,47.20110061444154],[8.553231653090068,47.20110825431169],[8.553521441466659,47.201105448934726],[8.553839215839485,47.201104755636365],[8.554113250997878,47.20109971749129],[8.554273988124315,47.20110168657945],[8.554383962840584,47.20110304085503],[8.554504591392858,47.20111020191805],[8.554642902219621,47.20112791428383],[8.5548531117633,47.201160384055356],[8.55492805836019,47.20117319596423],[8.555070414859367,47.201197543362845],[8.555293154387929,47.201245363349045],[8.555598384078674,47.201312613970664],[8.55580357993503,47.20135585345273],[8.555952518448187,47.201380585692625],[8.556143280624774,47.20140134059116],[8.556356553480969,47.20141355570808],[8.556539788299311,47.201408214700024],[8.556680937307844,47.201394934082586],[8.557020727578468,47.2013606984017],[8.557271568518878,47.20133207555143],[8.557597208980827,47.20128964565497],[8.557877465399805,47.201248834396324],[8.558011696310837,47.201238021218934],[8.558088486436013,47.2012360782945],[8.55821604669928,47.20124078424303],[8.558333267023052,47.20125154571053],[8.558436612203671,47.201267200687035],[8.558550709424674,47.20129584865811],[8.558633273339503,47.201320026540216],[8.558733746298662,47.20136427935326],[8.558809879077561,47.20140089767338],[8.55886955881259,47.20142960691473],[8.55899536703833,47.201517628713226],[8.559098616145668,47.201611833999465],[8.559195333008692,47.20172750339801],[8.5593373864548,47.20192368328754],[8.559464667772982,47.202081910237695],[8.559604207840858,47.20224120513894],[8.55977388990887,47.20242163403307],[8.559914836236777,47.20256544236449],[8.560037876789004,47.202686818848825],[8.56015383563909,47.20280469290452],[8.560234329410351,47.20289554753529],[8.560295409410733,47.202977064826854],[8.560361953316503,47.203069242672285],[8.56044699151911,47.20321122010275],[8.560530562688957,47.20336630042193],[8.560628908348002,47.20355931528018],[8.560711232701097,47.203701471880336],[8.5607797577589,47.20380432599694],[8.560836993171383,47.203869229532025],[8.560906373729903,47.20393042541605],[8.56098963030164,47.20398673632011],[8.56108672460767,47.20403696616733],[8.561178218619101,47.20406940317239],[8.561292348020038,47.204099226595005],[8.561386963214481,47.204114964083],[8.561495267552068,47.204116291931214],[8.561570293489142,47.2041143729232],[8.561685304039155,47.20410253754201],[8.561801793464623,47.204078786385935],[8.56186680208715,47.20406121351603],[8.561905797022646,47.20405068606821],[8.56197849412917,47.20402021934663],[8.562070006081807,47.20397053424496],[8.562128552748199,47.203931884503234],[8.562161193913399,47.20390668409172],[8.56219727742482,47.20387884134719],[8.562267470867665,47.203811525720695],[8.562402579195002,47.20367572243497],[8.562547925909762,47.20353031965175],[8.562662551374393,47.203417322006395],[8.562835246920407,47.20324308170788],[8.562953293412992,47.2031264880786],[8.563047170004845,47.20302678127076],[8.563117264291332,47.202952341505465],[8.563245336125137,47.20281542744049],[8.563400707004954,47.202647301548495],[8.5635407483418,47.202497172550785],[8.563716821653607,47.20231813014058],[8.563839978104072,47.20219553948451],[8.56396842188093,47.202076477285544],[8.564129239495234,47.20191901092736],[8.564155553578086,47.20189055236179],[8.564251938811992,47.201794229328826],[8.564300221685532,47.20174597244328],[8.564429892401813,47.201601898782265],[8.564581583519253,47.201425468179046],[8.564745168012603,47.20123346651365],[8.564886605031639,47.20106785857208],[8.564978773682773,47.2009669883404],[8.56506597890365,47.20087926425751],[8.565146403511156,47.200801123843156],[8.565247594631437,47.20071445021399],[8.565359301477741,47.20062887001754],[8.565476320437476,47.20054798743],[8.565601999570855,47.200463448684744],[8.565685992809591,47.200415678267284],[8.565809510831691,47.20033697163396],[8.566052632733532,47.20019178539557],[8.56625958495663,47.20006956792442],[8.566449241664696,47.199954653029664],[8.566676782412651,47.19981556416644],[8.566912932203453,47.19967044434828],[8.567204324071279,47.19949503394789],[8.567405605417612,47.199352638678405],[8.567530789832105,47.1992443090648],[8.567660696734475,47.19911212148009],[8.567779749180637,47.19896220177844],[8.567946258545085,47.198743971198766],[8.568138204954,47.19849099245217],[8.56828424788339,47.198295586195165],[8.568415063057316,47.19812411369255],[8.568540928820157,47.19796579628288],[8.568609313063213,47.19789729786404],[8.568695016718921,47.197821477865816],[8.568793001247373,47.19774910854017],[8.568917253837414,47.19768006154798],[8.569045304487908,47.197625253257144],[8.569189132537211,47.197573852191546],[8.569301945201788,47.19754181733677],[8.569456576653872,47.19750577340099],[8.569624350192834,47.19747271266831],[8.569818028735884,47.19742892623208],[8.56988848583514,47.19741299535164],[8.569987424044086,47.19738582785422],[8.570048165869938,47.19736858001417],[8.570112253150509,47.197344147707135],[8.570191627997538,47.197299333858695],[8.57024011673895,47.19735046549293],[8.570302333943891,47.19741606215306],[8.570378849040141,47.1975068140742],[8.570409796653983,47.19754353606681],[8.570488771246975,47.19764509452905],[8.570601686888283,47.197783228507504],[8.57068348388608,47.19787343353951],[8.570732186401564,47.19792713562921],[8.570848020571564,47.1980378578491],[8.570878652058006,47.198063356227486],[8.5709582137827,47.198129600586974],[8.571105366484414,47.19823525584874],[8.571177913833823,47.198279367730045],[8.57127871277277,47.19834065326683],[8.57144466310145,47.198427088350236],[8.571461146383092,47.19843575093643],[8.571642436823685,47.19853105747458],[8.571841965081596,47.19863619642528],[8.571950546020744,47.19869780060422],[8.57202752002021,47.19874147257893],[8.572213240220762,47.198853889374504],[8.572235026422891,47.1988686346933],[8.572372667245048,47.19896181505135],[8.572502153326774,47.19905692865839],[8.57265318697122,47.19918040016495],[8.572717269287134,47.199239725179766],[8.572751141058067,47.19927106532764],[8.572879479044458,47.19939475108339],[8.573032899300587,47.19954914370104],[8.57306562796389,47.19958133161698],[8.573189843530344,47.19970349239923],[8.573293454103583,47.19981433263837],[8.57335439920521,47.19988871098943],[8.573388645637207,47.199939540880436],[8.5734277896073,47.20002400228897],[8.573452089878836,47.200131701862475],[8.573458742385654,47.200198285226435],[8.573456295226897,47.2002695730491],[8.573453351842973,47.200355420756],[8.573450129421794,47.200429360943104],[8.573447481756904,47.20048995488533],[8.573452691607203,47.20060673930526],[8.573454121169014,47.200638659845126],[8.57346491352187,47.20073612951435],[8.573497532989812,47.20087385558017],[8.573520090903163,47.20094979958936],[8.573562266242993,47.20104458507883],[8.573600679073769,47.20112750636692],[8.573647866467946,47.20121153757631],[8.57368566178091,47.20126472524045],[8.573737860813232,47.201337984174685],[8.573856196112049,47.20148319513448],[8.573969140361768,47.2016225039946],[8.574076746459049,47.20175591924493],[8.574184314883441,47.201888156334505],[8.574258064099805,47.2019897637646],[8.574306730364953,47.202060682426094],[8.57435391988182,47.20214472232035],[8.574386755258768,47.202211038375395],[8.574413110000227,47.20226244055445],[8.574423175604984,47.202282077769205],[8.574476551219554,47.2024112688224],[8.574518894445818,47.20251320385456],[8.574553762311988,47.20259378493111],[8.574574946286987,47.20263787062675],[8.574588479608572,47.20266602849833],[8.5746303550461,47.20274654042257],[8.574666511335074,47.20280449364593],[8.57470340847616,47.20286065840681],[8.574722450039557,47.20288962550345],[8.574844679814852,47.20305384085565],[8.574943415291775,47.2031813966876],[8.57505294586742,47.20332312202564],[8.575150180795514,47.20346138833729],[8.575190138757439,47.20353358899379],[8.575237696953309,47.20363547228438],[8.575273412109787,47.203734719778],[8.575288339344569,47.203793655971815],[8.575296799875442,47.203818481459614],[8.57531228820559,47.20389946948358],[8.575312541343667,47.20394864628899],[8.575312869457326,47.204011909565914],[8.575307459860724,47.20419772344978],[8.575279587974018,47.20447128685409],[8.575270739447637,47.20455553762703],[8.575249526630031,47.20475736681691],[8.575434993445992,47.204774579911536],[8.575643095444805,47.20478918537094],[8.575809133037458,47.204795875861706],[8.57585959304146,47.20478704757491],[8.575921742221501,47.204753113868065],[8.575959184200093,47.2047075228797],[8.575987358386945,47.20463703345425],[8.576001604744988,47.2044857565751],[8.576005528661039,47.20445488967382],[8.576042013824122,47.20416879997515],[8.576072442072931,47.203956669471026],[8.576085590790202,47.20383634848824],[8.575956166206954,47.203826912972566],[8.575851232645155,47.20381961030922],[8.575716759646326,47.20381857235942],[8.575601335828031,47.20381018562469],[8.575401972774307,47.20379668128518],[8.575288339344569,47.203793655971815]]}},{"type":"Feature","properties":{"id":82,"t_id":81,"liniennummer":"632"},"geometry":{"type":"LineString","coordinates":[[8.585981088783882,47.2067490971877],[8.585921638928244,47.20668530740647],[8.585739839252872,47.206513366927624],[8.585565111200282,47.20634612344607],[8.585338853867146,47.20613654640457],[8.585193297995735,47.206002430824],[8.585047697214602,47.20586988075722],[8.584846649280617,47.20569694307478],[8.584667388783252,47.20556186692929],[8.58456277852697,47.20548793796083],[8.58441598696798,47.20540133088727],[8.584325395454494,47.205353268728764],[8.584255245714363,47.20531605883012],[8.583904224922366,47.20515175396353],[8.583613855712874,47.20501007185456],[8.583498476481653,47.20495523888121],[8.583456843033057,47.20493545748687],[8.583206427929923,47.20482133572401],[8.582980607969152,47.204712897169124],[8.58279370043979,47.20462907054857],[8.582636817566419,47.204560417922046],[8.582481893600873,47.20450125405681],[8.582353495903392,47.20445849552134],[8.582223534678574,47.20442409136311],[8.58211295403788,47.20439662818713],[8.581928833934093,47.20436157404355],[8.581790403987133,47.2043391367671],[8.58167834821984,47.20432477652852],[8.581599545035017,47.20431485385066],[8.581501129273953,47.20430626821653],[8.581477087312612,47.204304167942745],[8.581230581545103,47.20429114151187],[8.580938705108291,47.20427857361849],[8.580728873801332,47.20426518231353],[8.580573137572085,47.204250057784485],[8.580424306753066,47.20423131128658],[8.580252485533308,47.20419849839379],[8.580108538461522,47.20416303409173],[8.579892402411163,47.204099723805165],[8.579667315426226,47.20402579695812],[8.579656105482023,47.20402192294966],[8.579422785812858,47.20394133944453],[8.579141279754092,47.20384178408058],[8.578836885536937,47.20373412467244],[8.578576489220579,47.203642688916744],[8.578358349467939,47.203566306914325],[8.578083840526354,47.20346786717067],[8.577951888844327,47.20342156766082],[8.577747839595062,47.20335099124391],[8.577536644781025,47.203273351574204],[8.577376528667873,47.20321661611852],[8.577177693634205,47.20314598714008],[8.576996395378446,47.2030775683148],[8.576864255364884,47.203022948439724],[8.576661419423466,47.20292736815533],[8.576513247101637,47.202857433771754],[8.576384162509363,47.2027813464793],[8.576207307688172,47.20267598228682],[8.57604783698915,47.20256689282767],[8.575911279055834,47.202468272712004],[8.57580464138122,47.20238007081003],[8.575655131075324,47.20224707091407],[8.575569487613851,47.20216104534932],[8.575521161393414,47.202105587405484],[8.575420899255459,47.20198876995066],[8.575300577006935,47.20183167890559],[8.575170937990386,47.201647305867006],[8.575023170932393,47.201432175473656],[8.574885971867298,47.20122051189186],[8.574750402316502,47.201002867938506],[8.574640068917278,47.20082308052354],[8.574557028606344,47.200695369576685],[8.574533446913607,47.200653943248504],[8.574441154213343,47.200501342508375],[8.574392480972584,47.20041760512432],[8.574346931139265,47.20033923431633],[8.5742779041676,47.20021376880419],[8.574190573910567,47.20004803021513],[8.574114024495923,47.19989645238425],[8.574093524708848,47.199852818620485],[8.57403171863148,47.19972113770733],[8.573960232084042,47.199561179854896],[8.573892280219052,47.199403570959895],[8.573833619929356,47.199272056825],[8.573738024185662,47.19904569656231],[8.573648033518339,47.198837137378305],[8.573528620271263,47.198557460455746],[8.573473495783542,47.19842828613558],[8.573396345128533,47.19824816146159],[8.573306357132616,47.19803960196906],[8.573201715592383,47.19779785781419],[8.573106086778601,47.19757030989249],[8.573047342534545,47.197434028454296],[8.573014727242432,47.1973579585015],[8.572933780096143,47.19716358576832],[8.572840185970206,47.19694910627799],[8.572753951291032,47.19675241063775],[8.57267481128185,47.196560394770216],[8.572599520761827,47.19638620634935],[8.572496615404928,47.19614325698875],[8.572441571381049,47.196017643642215],[8.572375420717455,47.19586239991898],[8.572363187334513,47.195835038578835],[8.5722572854653,47.195600052687]]}},{"type":"Feature","properties":{"id":83,"t_id":82,"liniennummer":"632"},"geometry":{"type":"LineString","coordinates":[[8.570191627997538,47.197299333858695],[8.570234521533669,47.197264404912985],[8.570278906139526,47.19721636359658],[8.57032152359505,47.19716714320619],[8.570369001040195,47.197101233034445],[8.570455323230378,47.19697186334665],[8.570555138897287,47.196820933239856],[8.570619556930428,47.19672984843797],[8.570658551375326,47.196674726384025],[8.570704638536917,47.19662548071962],[8.570757869926656,47.19658329835905],[8.570842380827079,47.196533674823776],[8.570978997687703,47.19647164651405],[8.571124657160823,47.19640786489668],[8.571233377748516,47.19634728909054],[8.571285043241378,47.19631346087155],[8.571389963295589,47.196239833589885],[8.571470611529898,47.196172391161205],[8.57155109531642,47.19609781671906],[8.571626402934692,47.196026864435986],[8.571741358280635,47.195931719359265],[8.57183254476629,47.19586774423638],[8.57194963254667,47.195790434374885],[8.572085249332533,47.19571561370211],[8.572221989675588,47.19562345612416],[8.5722572854653,47.195600052687]]}},{"type":"Feature","properties":{"id":84,"t_id":83,"liniennummer":"606,616,636"},"geometry":{"type":"LineString","coordinates":[[8.485091204223155,47.19689967056793],[8.485099139527263,47.196900524989296],[8.485107342081003,47.19690222256159],[8.485115072243962,47.19690473402497],[8.485122222518578,47.19690796140546],[8.485125668782517,47.19691007102134],[8.485128594095702,47.196911861532584],[8.485134092848785,47.196916345306484],[8.48513858488926,47.19692131499331],[8.485142169270192,47.19692711152326],[8.485144299176484,47.19693276834841],[8.48514518274153,47.196938130653024],[8.485144927463761,47.1969439710762],[8.48514243531892,47.19695217966465],[8.485139447905393,47.196957334272135],[8.485135205176492,47.19696241033332],[8.48512993690602,47.19696700995618],[8.485123747072892,47.196971051235785],[8.48511676587086,47.19697444303324],[8.48510915041232,47.19697712095185],[8.485101044262544,47.196979002726785],[8.485091959898647,47.19698012877089],[8.485083397893113,47.19698029654014],[8.485074462371916,47.19697958614083],[8.485065984464931,47.196977981023934],[8.485058125331363,47.19697562365347],[8.48505087195207,47.19697252314349],[8.485044357336058,47.19696873225846],[8.485038689157145,47.19696435796646],[8.485034432702323,47.19695996184924],[8.485030494168466,47.196954276480966],[8.48502803562197,47.196948685609165],[8.485026787702262,47.19694291282031],[8.485026735805597,47.19693756094802],[8.485027862162733,47.196931721604564],[8.485029977815458,47.19692652994476],[8.485033718954332,47.196920774785106],[8.485037918760458,47.1969162028677],[8.48504389606175,47.19691141689467],[8.485050367041888,47.19690757996162],[8.485057577133862,47.19690441997183],[8.48506536940165,47.19690201031577],[8.485073599400907,47.196900388288235],[8.485082096296773,47.19689959142376],[8.485091204047215,47.196899661574015],[8.485091204223155,47.19689967056793]]}},{"type":"Feature","properties":{"id":85,"t_id":84,"liniennummer":"641"},"geometry":{"type":"LineString","coordinates":[[8.430259843825489,47.178776070478484],[8.430559358845152,47.178870362252475],[8.430779895110783,47.1789380057237],[8.430876357423779,47.17896758799629],[8.431233309378634,47.1790763783833],[8.431495605689612,47.17915550744128],[8.431814463768939,47.17925108639998],[8.431963810997729,47.17929944381344],[8.432026436338973,47.179319197196385],[8.432211343978299,47.179379157427235],[8.432306684804196,47.179410070530096],[8.43254255309899,47.17947968324245],[8.43283187106924,47.17956793127061],[8.432970000289576,47.17960675910093],[8.433118425470639,47.17964443634487],[8.433245814630814,47.179674684978345],[8.43337732404322,47.17970300881083],[8.433520006520963,47.179731235923946],[8.433675255893702,47.179761243281824],[8.433831846477903,47.17978745173137],[8.434091821817573,47.17983148556284],[8.434337885031983,47.179871609171386],[8.434508708007824,47.179899735568604],[8.434570748794922,47.17990996640342],[8.434658052837982,47.17992434142107],[8.434766041447588,47.1799421175798],[8.434969449531696,47.17997575440329],[8.435184687776209,47.18000985516574],[8.435443623740731,47.1800517990077],[8.435639729576858,47.180080802238336],[8.43581173101508,47.18010766613034],[8.43615865845488,47.18016254621331],[8.43655029528134,47.18022570932307],[8.436824641726338,47.18027039503392],[8.43699730104585,47.1802985108286],[8.437354944533046,47.18035906949265],[8.437735964701659,47.18042088142316],[8.438001198344544,47.180464959782505],[8.438174465290908,47.180493752203574],[8.438485251128277,47.18054458531729],[8.438783267789013,47.18059408926488],[8.439117471579046,47.18064906203346],[8.43929504432429,47.18067804023987],[8.4394878495213,47.18070950342238],[8.43973252768569,47.18074355563768],[8.439974892663985,47.18076748952482],[8.44016188769988,47.18078031846418],[8.44028666583339,47.1807834876131],[8.440374194048015,47.18078571243579],[8.440448891061223,47.18078615081355],[8.440473948306849,47.18078629255297],[8.440519735731845,47.18078589403713],[8.440592776632876,47.18078525827991],[8.440847275932462,47.180777258613745],[8.440944661238147,47.18077181396888],[8.441184335002,47.180758401417194],[8.441584974316994,47.18073465343545],[8.441808689866786,47.1807215765258],[8.441905055526256,47.18071594205155],[8.442193373347093,47.18070041225368],[8.442581309427574,47.18067822881884],[8.442700576051742,47.180671737266344],[8.44308799146584,47.18065065411369],[8.44364975870803,47.180619708676936],[8.443853590463037,47.18060872642724],[8.44410911474007,47.180594953458865],[8.444311265047123,47.180587880140585],[8.444584727843573,47.180572465128456],[8.444887815896882,47.18055245465409],[8.445116663830065,47.18053454981687],[8.445353897697656,47.18051076907569],[8.445578306776898,47.18048275520031],[8.44571569805374,47.18045860569018],[8.445777242631916,47.18045353348055],[8.445840228658076,47.18044233167589],[8.445965477309795,47.18042005123468],[8.446145243980789,47.180388100070665],[8.446413170089427,47.18033727783809],[8.446607675520323,47.180297037973915],[8.446861196636554,47.18025338431874],[8.447189869626207,47.18018885873019],[8.447268519827412,47.18017367780383],[8.44736650717716,47.18015476514104],[8.447506376450436,47.180127776164355],[8.447550946356024,47.18011881278947],[8.447878812604579,47.180052870996114],[8.447953214749635,47.180039121149456],[8.448295222017515,47.17997590574221],[8.44849089483099,47.17994033909329],[8.448539793164521,47.17993144530408],[8.448718938320546,47.17989888384595],[8.449062007015566,47.17983118605454],[8.449196079650038,47.179804731649256],[8.449396562872986,47.17976406573339],[8.449522275448068,47.179738565916175],[8.449634145043762,47.17971569729701],[8.449692669028211,47.179703740952306],[8.449804865328042,47.179682110678],[8.450045689096898,47.1796356649364],[8.450488810186771,47.179551800282226],[8.45069292034202,47.17951535508771],[8.450812706669629,47.17949397193113],[8.45106857185658,47.17945673811338],[8.451209968182292,47.17943882564158],[8.451334344625792,47.17942855600903],[8.451390499663379,47.17942391500601],[8.451589085362453,47.17941140893091],[8.451845484948542,47.17940314325952],[8.452072700906118,47.17940114297605],[8.452240405155287,47.179402787760154],[8.452393537229367,47.17940964311325],[8.452616284492935,47.1794182868385],[8.452907250155201,47.17943019711094],[8.453172585770673,47.179441639899075],[8.453613691622238,47.17945983517276],[8.453850195256827,47.17946962358084],[8.45410234736789,47.17948155831714],[8.454248605281323,47.17948627694124],[8.45446179421014,47.17949315735266],[8.45485685706451,47.179511385381],[8.455066165494,47.17952025096372],[8.455185647755926,47.17952531278236],[8.455586693584445,47.179541767324906],[8.455919280267915,47.17955547918568],[8.456171167055611,47.17956659314854],[8.456231800033649,47.17956988023643],[8.456303249350547,47.179573746328664],[8.456413405766787,47.17958443956855],[8.456496314403669,47.17959494186894],[8.456556444494488,47.17960369352071],[8.456714767614123,47.179626752153304],[8.456852143112362,47.1796555281243],[8.457080311023454,47.179703488717855],[8.4572176684348,47.17973060024208],[8.457315673721844,47.17974472849525],[8.457433164963273,47.17975535585063],[8.457604365080464,47.179763834475246],[8.457697185788257,47.17976134857427],[8.45771553911991,47.17975795668988],[8.457782404995328,47.17974558952692],[8.457865025504283,47.179721541554144],[8.457908483736794,47.17969449397529],[8.457960671009097,47.17966372588828]]}},{"type":"Feature","properties":{"id":86,"t_id":85,"liniennummer":"110,651"},"geometry":{"type":"LineString","coordinates":[[8.426432427570742,47.1398447571873],[8.426412658219196,47.13983363752364],[8.426367007101291,47.139817369763634],[8.426317955007281,47.13980469343697],[8.426267224551795,47.13979679915433],[8.426204367379201,47.139792589209414],[8.42608792935136,47.139787480909504],[8.426086079845494,47.139792993082175],[8.426083546069908,47.13979857409833],[8.426080403132119,47.1398040074194],[8.426076650534444,47.13980926606288],[8.426072313810204,47.139814304831624],[8.426067043364812,47.13981946855861],[8.426061602635414,47.13982397707041],[8.426056280782838,47.139827782906835],[8.42604943718885,47.13983199761199],[8.4260431830205,47.139835289708266],[8.426036031026236,47.13983850855164],[8.426027953018938,47.13984155543258],[8.426020153392038,47.13984397023315],[8.426012712394893,47.13984581523352],[8.42600447603784,47.13984742418065],[8.425996086393571,47.13984858466446],[8.42598692476733,47.139849346973804],[8.425978360031229,47.13984959141102],[8.425970459750639,47.139849407352],[8.425954241859507,47.13984785539925]]}},{"type":"Feature","properties":{"id":87,"t_id":86,"liniennummer":"606,642,643"},"geometry":{"type":"LineString","coordinates":[[8.459032018340661,47.181286652933096],[8.459042428229411,47.1812901138881],[8.459050487599743,47.18129208442972],[8.459058152925428,47.181293455763274],[8.459067263314449,47.18129449944243],[8.4590751475642,47.18129489731671],[8.45908372170203,47.18129480331592],[8.45909224631713,47.18129418801272],[8.459101286414333,47.181292929456255],[8.4591088694419,47.18129136897276],[8.459117413546444,47.181289008361766],[8.459125027383717,47.18128629617602],[8.459132223707181,47.18128313791467],[8.459138623908222,47.18127974383156],[8.459148341955823,47.181273216874985],[8.45915370359538,47.181268635592744],[8.459161583682864,47.18125982207365],[8.459164841010299,47.18125489962583],[8.459167841163893,47.18124894497177],[8.459169720399274,47.1812437109025],[8.459171008744981,47.18123793334449],[8.459171517591564,47.18123209972863],[8.45917121300882,47.18122581455228],[8.459170086453524,47.18122001342662],[8.459168196507429,47.18121430902427],[8.459165557391476,47.1812087551924],[8.459162441340634,47.181203790298426],[8.459158060949768,47.18119825190402],[8.459153982452865,47.18119401518513],[8.459148228621993,47.18118910066293],[8.459142744813034,47.181185200241714],[8.459135792119271,47.18118106996332],[8.459129359399157,47.18117791558765],[8.459121395782107,47.18117473880149],[8.459114227444068,47.18117244552202],[8.459105544487961,47.181170291607],[8.459097257464038,47.181168835832885],[8.459088795707984,47.18116790334798],[8.459080238368454,47.18116749345066],[8.459072297784981,47.18116759982602],[8.459060561329812,47.18116860342178],[8.45905157830641,47.181170086357604],[8.459043487515656,47.18117200216446],[8.459035683178456,47.18117441018555],[8.459028217889054,47.18117730095937],[8.459021196493115,47.18118063757434],[8.459015114092605,47.18118409180269],[8.459009044725768,47.181188229575525],[8.459003575834966,47.181192721846465],[8.458998370958797,47.181197913428285],[8.458994220200019,47.18120303269709],[8.458990799774355,47.18120839736686],[8.458988284930193,47.181213511129855],[8.458986158827035,47.18121963794196],[8.45898498935675,47.18122542343956],[8.458984599384834,47.18123126499626],[8.458985014094033,47.18123709942011],[8.45898700892411,47.18124553753708],[8.458989525541016,47.18125158721293],[8.458992624285258,47.181257029028046],[8.458996457981108,47.1812622664265],[8.459000609116934,47.181266853332716],[8.459006141088114,47.18127189576618],[8.459011909978392,47.18127621645668],[8.459018239072519,47.18128016336422],[8.45902454211292,47.1812834358376],[8.459032018340661,47.181286652933096]]}},{"type":"Feature","properties":{"id":88,"t_id":87,"liniennummer":"643"},"geometry":{"type":"LineString","coordinates":[[8.44703268603917,47.19103735617941],[8.446934169101603,47.19110275267224],[8.446846632631289,47.19117103042922],[8.446823796671119,47.191187485254936],[8.446580660277032,47.19135503218146],[8.44651027751194,47.19140016702127],[8.446287093188095,47.19154325981231],[8.446147719958768,47.191643753758086],[8.446061445976387,47.19170208882459],[8.445965109090329,47.19176845488397],[8.445756443457562,47.19190133563595],[8.445729192961048,47.1919216609295],[8.44567025414901,47.191965615674754],[8.445573432519307,47.19203221951614],[8.445530149164902,47.19205890086202],[8.445424709596299,47.19213319911851],[8.445379042566001,47.19216645895947],[8.445200835113617,47.19230795987128],[8.44490931900207,47.192532093892254],[8.444643569979302,47.1927314893054],[8.444511657580987,47.192830458727485],[8.444203147811812,47.19306140499625],[8.44399950372413,47.19321691619163],[8.443967017835245,47.19324172153748],[8.443917173853626,47.19327822863181],[8.443711444320888,47.19342889094766],[8.44349442755044,47.19358572333964],[8.443330257321968,47.193693788446076],[8.443248064859471,47.19374282035795],[8.443049880751072,47.19386117580686],[8.442916180507883,47.1939362129534],[8.442829767556844,47.193984714654725],[8.442377189922516,47.19422356891253],[8.442231829506804,47.1943004250267],[8.442040798466167,47.19440143602388],[8.441634084217684,47.194609896662165],[8.441421082691647,47.194721721646324],[8.44112822650462,47.19487588157914],[8.440823212461584,47.19503347489493],[8.440513394937291,47.1951961106603],[8.440251652245905,47.19531501417557],[8.440039680458822,47.195393319444946],[8.440004069076952,47.19540713136169],[8.439863156523279,47.1954533341332],[8.439675854834919,47.195501613204954],[8.439517591734818,47.19553464410067],[8.43934457534198,47.19556281051478],[8.439149482077344,47.19558615802819],[8.43902979907809,47.19559758771173],[8.438861571021329,47.19561365786361],[8.438505304990468,47.19564506091243],[8.438041592238605,47.19568241499239],[8.437573027551602,47.195721464458735],[8.437148454887014,47.19576013951548],[8.436743742594281,47.19580796014524],[8.436563941538209,47.19583193531113],[8.436283652664178,47.195874825818024],[8.436090605072442,47.19591458511365],[8.435964582638114,47.19594423735279],[8.435840268464322,47.195972084560665],[8.43568909048499,47.19601087785549],[8.435550166525395,47.19605076125031],[8.435431331902613,47.19608656653145],[8.435190980428219,47.19617361815832],[8.434955572224144,47.19626394582672],[8.434674119272309,47.19637634138778],[8.434294887881217,47.19652574354219],[8.43418638385877,47.19656716130915],[8.433771480322626,47.196732351314864],[8.433390511125136,47.19688225120682],[8.43302656149652,47.19702701035493],[8.432660168567645,47.19717178042718],[8.432296170891322,47.19731487347705],[8.432192237057258,47.19735666368082],[8.431864308911749,47.197488532611864],[8.431463896968909,47.197645268341326],[8.431167844012762,47.19776110936729],[8.430847647173856,47.19789381724436],[8.43073983077696,47.197933462667656],[8.430638870029005,47.19797059316783],[8.43047852338844,47.19802361734863],[8.430298589713699,47.19807515482763],[8.430144561800585,47.19811096079817],[8.430165679532644,47.198195758979544],[8.430190411526638,47.19834381802262],[8.430220484962026,47.19851516525642],[8.430253048314896,47.198689819350854],[8.430304764931254,47.198974259859284],[8.430364375160568,47.199288632166315],[8.430397314034966,47.19946071026178],[8.430403761785705,47.199495260217674],[8.430437749829109,47.19968618371702],[8.430466367231979,47.19984084783267],[8.43048392405416,47.19993568853305],[8.430529882403128,47.20017352808369],[8.430551738256376,47.20029663141159],[8.430587332166008,47.20050292321729],[8.430604883157443,47.20057109244018],[8.43062158003349,47.20063590472063],[8.430653095663276,47.20075392333603],[8.430689198209514,47.20085523386359],[8.430740160802548,47.20096641928774],[8.430765680211284,47.20101089778996],[8.430780615077103,47.20103690987825],[8.430813417846071,47.20109407216294],[8.430851344498128,47.201162056786224],[8.430911826034281,47.201259837857904],[8.431003133109673,47.20139283128963],[8.431123150602643,47.201582887181445],[8.431170856499058,47.20165077841719],[8.431289071409502,47.201829695319844],[8.431397632667798,47.20199548101783],[8.431477975914554,47.2021143557875],[8.431540920827768,47.20220749162801],[8.431655984437176,47.202375784716494],[8.43170171989131,47.20244268523258],[8.431847915968794,47.20267966871724],[8.431934110774382,47.202805068365684],[8.431993635973082,47.202891657784704],[8.432024341544293,47.20294094880616],[8.432079304744866,47.20302920570878],[8.432092963214654,47.20305749548672],[8.432157218165964,47.20318409172651],[8.432173839859423,47.20321770821763],[8.432177996416772,47.20322901560916],[8.432215111680923,47.2033369915153],[8.432230887400317,47.20339682801445],[8.432260576429169,47.203492976002806],[8.4323309546007,47.20375445092823],[8.432375795440537,47.20391233878145],[8.432418914772576,47.2040478877989],[8.43242674149264,47.20406988607348],[8.43246652941018,47.204237820417895],[8.432511407386519,47.204406898213],[8.43252961696301,47.20447550220046],[8.432569313195339,47.204612187131495],[8.432574023103951,47.20462840124066],[8.43264466645503,47.20487770280758],[8.432665815464325,47.20495530382221],[8.432704884843027,47.20509870470406],[8.432720750651306,47.20515693915297],[8.432741936922408,47.20524505549599],[8.432783685783646,47.20538630129556],[8.432824833543677,47.205495906315285],[8.432834701570114,47.20551692442321],[8.432873182234678,47.205598783532],[8.432938705703858,47.2057031766007],[8.433018741843089,47.205800787699104],[8.433123326129936,47.20590317023435],[8.4331928532621,47.20596088724157],[8.433289622623663,47.20603835678661],[8.433411276604451,47.20613726332221],[8.433503163449169,47.20621477486414],[8.433565632188014,47.20628753902196],[8.433596117293895,47.20634892138379],[8.433617057689439,47.2064237174377],[8.433613475862265,47.2064937148921],[8.433580200674763,47.206595281991994],[8.433539446648728,47.20668225112626],[8.43351466839533,47.20673040185959],[8.433453245514961,47.20684589412585],[8.433451523691186,47.20684912936513],[8.433371632326946,47.20700003422384],[8.43328688119936,47.20717569144902],[8.433266504417814,47.2072625114606],[8.433263404619385,47.20735916718934],[8.433279213803852,47.207420676366056],[8.433324578837066,47.207493579361056],[8.433414398111767,47.20759110567369],[8.433508662646007,47.20766360420092],[8.433644988363696,47.20776404789821],[8.43370680835394,47.207801834330354],[8.433758272795524,47.20780804628012],[8.433786389886672,47.207800984789486],[8.433821356924756,47.20778252085821],[8.433837947860964,47.20775405086978],[8.433834452398985,47.207697436824496],[8.433806252930008,47.20762770501505],[8.43377086581972,47.20756470092196],[8.433757360633788,47.20749651527993],[8.433760446182244,47.207399850661275],[8.433778097402906,47.20729641255463],[8.433810663713283,47.207207822959774],[8.43384599500165,47.20713588699729],[8.433893839319158,47.207078820287315],[8.433927459372136,47.207046874802344],[8.433955958128868,47.207030553663],[8.434014312681189,47.20701338077958],[8.43407038532565,47.20700623051505],[8.434131487044548,47.20700403821475],[8.43419281029697,47.207015166208485],[8.434332902935347,47.20705562195668],[8.434485398192601,47.20710428207448],[8.43459367933662,47.20714333043173],[8.434657847776716,47.2071760945867],[8.434736630911928,47.20722527491054],[8.434863159806937,47.2073042668454],[8.435061041567913,47.20742750156617],[8.435182326234246,47.20750553103839],[8.435216929417365,47.20752779216755],[8.43533828455788,47.207611703883366],[8.435479417034207,47.20770711137241],[8.435598052043364,47.207776059964196],[8.435613774999588,47.2077839297951],[8.435728859965494,47.20784157473483],[8.435847060604251,47.20788719267025],[8.43597477984509,47.20791941480975]]}},{"type":"Feature","properties":{"id":89,"t_id":88,"liniennummer":"612,634"},"geometry":{"type":"LineString","coordinates":[[8.548745275532273,47.178449955058554],[8.54880539062964,47.17837205738982],[8.548829103631311,47.17833731224895],[8.548847420527593,47.17829429814851],[8.548843258488095,47.178262205728025],[8.548835688225855,47.17823371746603],[8.54880498575432,47.178184024614566],[8.548771182854509,47.17815340551178],[8.548686361505696,47.17810304716367],[8.54846051398625,47.17798503381032],[8.548292885450216,47.17789740388758],[8.548199346059764,47.17784712923522],[8.54811797020937,47.17779554982972],[8.54802055275306,47.177727473984866],[8.547890965968387,47.17762161139282],[8.54781080258583,47.177543842662374],[8.547726824950232,47.17744944163783],[8.547658642913444,47.177359656065555],[8.54758340942853,47.17726636710828],[8.547513401344487,47.17717184032988],[8.547473684385393,47.17710914526217],[8.547437489507816,47.17704642524607],[8.547402751493282,47.17697060247009],[8.547381945654813,47.17689225262226],[8.547373265247716,47.176811411105376],[8.54737872762211,47.17673757591762],[8.547394020336133,47.176633897314765],[8.547419933743996,47.17653724996691],[8.547444119338584,47.17644062825111],[8.547476752153111,47.17633082743427],[8.54751885828051,47.17617333018702],[8.547548069411743,47.17606713359165],[8.547583159066871,47.17595240641236],[8.547585680219811,47.17594419605003],[8.547606887492682,47.17587258398709],[8.54761927203365,47.17582722537027],[8.547652945384819,47.17573647630583],[8.547677881228095,47.175676729585525],[8.547706139923136,47.17560862983182],[8.547747748238944,47.17551183113474],[8.54780612930057,47.17538155076624],[8.547869759628506,47.17525121977046],[8.547931561574474,47.17511734406372],[8.547986446470285,47.174987097279704],[8.548037898420352,47.17485926741045],[8.548080829195689,47.174741046084286],[8.54810920994935,47.17467888218239],[8.548139603173853,47.17462979659019],[8.548177220381147,47.17459254263911],[8.548232473323722,47.17456344865583],[8.548287972938818,47.174546253560216],[8.548324526560727,47.17454232983611],[8.548368207349753,47.174544292523834],[8.54841028163855,47.17455339526952],[8.548447268119707,47.17456970762764],[8.548486291679113,47.174600276484874],[8.54852019066299,47.17463564447047],[8.548545443797941,47.174675863538276],[8.548562029586584,47.174717353617794],[8.548586948492456,47.17482541237081],[8.548613868355336,47.17494534411595],[8.548645667742184,47.17504738135116],[8.548682924044122,47.175161267237854],[8.548730284824005,47.17525602078106],[8.54877179044736,47.17532226048322],[8.548827277609737,47.17538837430098],[8.548898496745721,47.17545670219834],[8.548950031189488,47.175501426365116],[8.549026005038865,47.175547111153854],[8.549117714391558,47.175592635074764],[8.549195159747775,47.1756240294026],[8.549288251549969,47.17565287984018],[8.549342664503508,47.175667827323906],[8.54938830947291,47.17568047554402],[8.549477659328959,47.175697469645996],[8.549594994821792,47.17571656840898],[8.549715776434066,47.175733258924296],[8.54981194384485,47.175741838956924],[8.549951742272809,47.175751203051284],[8.550070437050799,47.17575125333414],[8.550147067390613,47.17574337073392],[8.550211286165048,47.17572609051671],[8.550261487434703,47.17570657078946],[8.550301031194008,47.17567762754591],[8.550328347855604,47.17564880239022],[8.550345242554148,47.175621256330516],[8.550358467548204,47.175586621130144],[8.550366556695062,47.17555560682486],[8.550370878461083,47.17551153118805],[8.550356934061066,47.1754283478211],[8.550328540842777,47.17532151941481],[8.55030006056107,47.17521112954826],[8.550273668802497,47.175116174093354],[8.550246893285415,47.17500337489136],[8.550227713443626,47.17492026905467],[8.550213856963241,47.17484066509713],[8.55020727282342,47.174776463485244],[8.550205949852373,47.174713407485896],[8.55020557901909,47.1746955546243],[8.550211023888798,47.17462171039717],[8.550216561429012,47.174592339962516],[8.550225175816719,47.17454660363787],[8.550243180424252,47.174489307112715],[8.550261432164255,47.17444390949433],[8.55029855512267,47.17438166957919],[8.550344419260968,47.17432172007838],[8.550405843723617,47.174254477668576],[8.550472665843591,47.174194325657695],[8.550539598332996,47.17414012768695],[8.55061528701328,47.174087041502034],[8.550701434645827,47.17403384520989],[8.550794498340615,47.17397701072909],[8.550875546138052,47.17392980973568],[8.551001471131032,47.173858381339535],[8.551072194765132,47.17381843156292],[8.551235967698794,47.17372163803457],[8.551396357338263,47.173629653690355],[8.551520551240786,47.17355941988051],[8.551637941032887,47.17349759074214],[8.55173306555811,47.17345620814076],[8.551835266079486,47.173419515738914],[8.551961857129019,47.17338022143476],[8.552121468561245,47.173334634379614],[8.552239339188544,47.173296602571455],[8.552343268531661,47.17325870555063],[8.552408927357746,47.17322712495988],[8.552455494872454,47.17320049681586],[8.552503629982622,47.17316552346578],[8.55252247353114,47.173148672063995],[8.552556543915369,47.17310789765584],[8.552585128381597,47.17305644446928],[8.552603154671159,47.173000334746675],[8.552612363792992,47.172939551641136],[8.552610692972046,47.17285865151776],[8.55259953447349,47.17274213030816],[8.552585389442926,47.17264944061795],[8.55257470168565,47.17255553002904],[8.552571623300786,47.17249129455913],[8.552572250002857,47.17243774609852],[8.552575287666876,47.17241510151156],[8.55258289102561,47.17236146753024],[8.552602459971265,47.17229582541529],[8.552646256762321,47.17222042233303],[8.552721345985862,47.172138770153886],[8.552798362509588,47.17206542928099],[8.552911658082266,47.17197508606041],[8.553071370603085,47.17185097317822],[8.553169316921789,47.17177742037067],[8.553291205134263,47.17168103838892],[8.553445816743269,47.17156291152871],[8.553535130281412,47.17149420974069],[8.553667365283035,47.17139178094529],[8.55388376404045,47.17122427111366],[8.553996906981096,47.17112677666577],[8.554036122919463,47.17108236262086],[8.554082117324185,47.171028365407025],[8.554117714185006,47.170978040249445],[8.554151432771333,47.170921778129845],[8.554201472370158,47.170810618931064],[8.55427153764644,47.17065523159987],[8.554309772352294,47.17056440912553],[8.55432936326935,47.17049995388123],[8.554337040847251,47.17044871187731],[8.554330874162167,47.17040474667991],[8.55431789239886,47.17036797215052],[8.554285597311376,47.170325438690476],[8.55424115088499,47.170286594312394],[8.55420021708465,47.17025615383904],[8.55416848841947,47.1702325598118],[8.554095961752834,47.170185666539936],[8.55398456056533,47.17011534735706],[8.553866145010922,47.17004390860981],[8.553793593940124,47.169995818958036],[8.553726215988688,47.16994529527398],[8.5536622605539,47.16988998865776],[8.553603341005607,47.1698262941973],[8.553553325670311,47.169770834469894],[8.553502913994322,47.169696343647665],[8.553464726670127,47.169622930810995],[8.553447979819701,47.16957191647296],[8.553441714672863,47.16952318445639],[8.553443623536968,47.16944700831809],[8.553452509040206,47.169370764593694],[8.553467118656398,47.16923495881654],[8.55348588638485,47.16904673974438],[8.553482906211253,47.1689872620131],[8.55347476487157,47.1689314145719],[8.553459856534328,47.168886328580825],[8.55341413639399,47.16878561475532],[8.553377469594933,47.168700303821886],[8.553328464627697,47.16861032667255],[8.553300955597393,47.16855746448257],[8.553292106706117,47.168540467344855],[8.553224577197714,47.1683983145595],[8.553173683221472,47.16830121304671],[8.55311192364351,47.16818400338373],[8.553075367966033,47.16810461944603],[8.55304057793727,47.168026405831284],[8.553022288206424,47.16798613824193],[8.553010863617946,47.167939822023286],[8.55300461390367,47.1678899023865],[8.553003598175254,47.16784111949815],[8.55301139895213,47.16779701895828],[8.553027644298007,47.167739738888685],[8.55305564403181,47.167659729771486],[8.55307295860259,47.167620862551004],[8.553143991660283,47.16746131938316],[8.553210772365453,47.167315490827484],[8.553247488763892,47.16723539722407],[8.553332427954912,47.167040599963926],[8.55340242797555,47.166882829765235],[8.553499230891568,47.166671257366524],[8.553589329384016,47.16647283858978],[8.55365943875437,47.16632102230116],[8.553714561753553,47.166202671305236],[8.553813028372753,47.165987502167795],[8.553873088713672,47.165854827032376],[8.553908049181748,47.165774750188234],[8.553941295363073,47.16569469894201],[8.553967750393518,47.16562423097366],[8.553977427676848,47.16558604931789],[8.553996893277105,47.16551564908556],[8.554012592906894,47.16543100015499],[8.554046227246317,47.16528667971075],[8.554073305222401,47.16516384160484],[8.554092734058193,47.16509105783788],[8.554100604628527,47.165051634278356],[8.55411704469994,47.16499746462788],[8.554133613127565,47.164951353892114],[8.554160494435486,47.1648988371798],[8.554186948976843,47.16485369208975],[8.554204818996409,47.16482826786835],[8.554239675405162,47.16478691846504],[8.554254191341986,47.1647739678302],[8.554284370001056,47.164741704459715],[8.55433581730677,47.16469836803769],[8.554406388844969,47.16465245329421],[8.554496298310482,47.16461231514349],[8.554589788067553,47.16457689193816],[8.554688698423057,47.16455094254747],[8.554772716797036,47.16453318868771],[8.55480683395505,47.16452599402322],[8.554909351123015,47.16450476818992],[8.555100704567366,47.16447672519394],[8.555333728473014,47.1644387600189],[8.555575419195073,47.1643983353724],[8.555827692623799,47.16436256620473],[8.556184283873634,47.16430911432075],[8.556344275626104,47.16428257025354],[8.556556469449488,47.164249572645396],[8.556657984764303,47.164233482535835],[8.556713295679394,47.164224309220394],[8.556768636449469,47.164216565908035],[8.556890402244898,47.16419752612293],[8.556985866197802,47.16417400109238],[8.557046537501012,47.16415435847001],[8.55710352715374,47.164126430556585],[8.557151775293343,47.16409740015047],[8.557180998647972,47.16407569726409],[8.557202062107134,47.164052319525574],[8.557220707790371,47.16400918368912],[8.557226169783375,47.16395876353329],[8.557216290279353,47.163902573326254],[8.557181613465922,47.163802167299316],[8.55711403425244,47.16358210510321],[8.557065078258526,47.16342259198856],[8.557022588031604,47.16326004741674],[8.556963978555297,47.1630532206049],[8.556917278945555,47.162898129374966],[8.55690060260329,47.16282718922671],[8.55689518109238,47.162775390550145],[8.556900612260826,47.16272348640134],[8.556914689454144,47.162670022924935],[8.556941759433592,47.16261346458114],[8.556987943305764,47.162537460606245],[8.557036099541039,47.162451074361634],[8.55707159858273,47.162382586680366],[8.557100446308619,47.16230823545495],[8.557118441572984,47.1622339987078],[8.55713384079697,47.16213904304272],[8.557153224600611,47.162027748379984],[8.557171325541113,47.16195794548482],[8.557200270197633,47.161889512470296],[8.557240075999724,47.161819498559495],[8.557318219102097,47.161712085489945],[8.557389728364713,47.16160028397625],[8.557457115942405,47.161498903562105],[8.557494807025462,47.161431860712604],[8.55752592265211,47.161361949181995],[8.55754641986314,47.16130397028479],[8.557564413981599,47.161229724456106],[8.557592282937515,47.161107984086115],[8.557617139912221,47.160946268979494],[8.557656289280112,47.16074145124569],[8.557685236512608,47.16056784894733],[8.557707011301078,47.160466911953726],[8.55772708755025,47.160388192941326],[8.557753677872107,47.160309419560924],[8.55779113365134,47.16023054948295],[8.557837327443217,47.16015454499525],[8.557894373234369,47.16007843492235],[8.557985637852724,47.15997682186301],[8.558069309635734,47.15988676115496],[8.558093971310115,47.15986021768628],[8.55819568430781,47.15973923392616],[8.55824201425657,47.15966915612181],[8.558277266814587,47.15959030730106],[8.558288975400862,47.15952648556524],[8.55829203015353,47.15946571663243],[8.558284339025553,47.15940949616253],[8.558265610254779,47.15934450430828],[8.558233326980663,47.15925444729034],[8.558162853768113,47.159104040644195],[8.558124167607739,47.159019965089215],[8.558105656039093,47.15896534317684],[8.558091526472971,47.158912144931186],[8.55808811205679,47.15885293223125],[8.558099962320265,47.158796512616895],[8.558119851900388,47.158708925512386],[8.558164774030889,47.15857220299904],[8.558208002591089,47.158459191713995],[8.55823914621604,47.15839074594759],[8.558275030598104,47.15834151391235],[8.55833676578815,47.158281649209904],[8.55841571181656,47.15821423146713],[8.558537674548074,47.15812711709912],[8.558674729192072,47.15803393648359],[8.558890975797398,47.15788516461649],[8.559104939787355,47.15773198865093],[8.559288864088355,47.15759538715936],[8.559427879423978,47.15749330771379],[8.559521976537578,47.15742276398863],[8.559716519909076,47.157275686236105],[8.559889687326127,47.15714511674816],[8.560035009648054,47.157032593981675],[8.560128843807602,47.15695020490463],[8.560190513699185,47.15688739817959],[8.560230542322754,47.15682775299676],[8.560261775503214,47.156763749646196],[8.56028853329395,47.15669386172078],[8.560308573606342,47.156613676179774],[8.56033424497744,47.15649194735579],[8.560356946868302,47.15633172769004],[8.560385603631111,47.1561447955564],[8.56042001084824,47.15592077184735],[8.560427926645799,47.15577995620501],[8.560426157639439,47.155695539371195],[8.560411428446319,47.155615683806516],[8.560388267278041,47.15554628254928],[8.5603539758681,47.15546366710392],[8.560308806643715,47.1553811397102],[8.56023466420595,47.15526335255944],[8.560182809410433,47.155172020485296],[8.560146515849276,47.15509830329743],[8.560123417237811,47.15503186097525],[8.560110939531812,47.154954952015224],[8.560115484800706,47.15486157681892],[8.56012911749058,47.15478588863523],[8.560151678760159,47.15472345410577],[8.560199822844758,47.15463706637509],[8.560267537398417,47.15455196312686],[8.56032519470166,47.154505486687505],[8.560391943914802,47.15447817247281],[8.56049777223716,47.15445046815582],[8.560558442540216,47.154443948323944],[8.560617261191817,47.15445227151426],[8.560682952216117,47.154478294255824]]}},{"type":"Feature","properties":{"id":90,"t_id":89,"liniennummer":"606,607,611,616"},"geometry":{"type":"LineString","coordinates":[[8.517092155919416,47.174469127420046],[8.516959869413938,47.17449228028434],[8.516837651597992,47.17450904172587],[8.516662133479052,47.17452889303504],[8.516120574480503,47.17456660948584],[8.51529543595657,47.17461618806263],[8.51505040206104,47.174643658798196],[8.514763956687888,47.17465796879548],[8.51455697164651,47.17466917843272],[8.514551041680523,47.1746695037365],[8.514491398540512,47.17467273298142]]}},{"type":"Feature","properties":{"id":91,"t_id":90,"liniennummer":"603,606,607,611,614"},"geometry":{"type":"LineString","coordinates":[[8.51380973601981,47.171051163521966],[8.513870887118877,47.17114223077547],[8.513897712532373,47.17117411256442],[8.513948724504267,47.17121945972156],[8.51399121119893,47.1712495219663],[8.514026021520134,47.1712619075314],[8.514036318475242,47.17126557149022],[8.51408766137165,47.17127354761222],[8.514108711798142,47.17127405255789],[8.514150033963743,47.171275042727906]]}},{"type":"Feature","properties":{"id":92,"t_id":91,"liniennummer":"602,603,606,607,611,613,614"},"geometry":{"type":"LineString","coordinates":[[8.514150033963743,47.171275042727906],[8.51416379850368,47.17127533688765],[8.514193079686248,47.17127186978581],[8.514389796756085,47.1712131517283],[8.51451944492108,47.17117394219543],[8.514759850310597,47.17109944151609],[8.514940841987846,47.17104334334557],[8.515112014881984,47.17098966660002],[8.515286318575988,47.17093491681203],[8.515653633720824,47.17085640226027],[8.51571769751044,47.17083970050262],[8.515788217024353,47.170825879860566],[8.51595293260945,47.17079946510783]]}},{"type":"Feature","properties":{"id":93,"t_id":92,"liniennummer":"602,613"},"geometry":{"type":"LineString","coordinates":[[8.514150033963743,47.171275042727906],[8.51405604427453,47.171410882617366]]}},{"type":"Feature","properties":{"id":94,"t_id":93,"liniennummer":"280,604,636"},"geometry":{"type":"LineString","coordinates":[[8.52527947785639,47.195981862419835],[8.525233630462893,47.196044274794865],[8.525129697259475,47.1961702044861],[8.525068251038311,47.19623981653384],[8.52489993144187,47.19637706727784],[8.524835982717281,47.19640860643682],[8.524778915422422,47.19643651838812],[8.524749494237902,47.196448688102876],[8.524688822647805,47.19647068791615],[8.524616017828063,47.196496364392665],[8.524424981727023,47.196545770751975],[8.524304530808765,47.19657263396529],[8.524235528914414,47.19658801935718],[8.524120604220352,47.196610161556634],[8.52404074079005,47.19662555927065],[8.523898275451618,47.196660212865936],[8.523773388281194,47.196700673697094],[8.523672927146917,47.19673969880365],[8.523572487814722,47.196781107448494],[8.523470512728887,47.19683204781471],[8.523379038524894,47.19688407657901],[8.523306666730205,47.196931166648675],[8.523239494097524,47.19697822568778],[8.52322783940911,47.19698728608919],[8.52317587050478,47.197025233265876],[8.523065882784378,47.197111943257426],[8.522945085785857,47.197210377240175],[8.52281514378232,47.19731409665277],[8.522731420214553,47.1973774403247],[8.522696375386753,47.19740261610598]]}},{"type":"Feature","properties":{"id":95,"t_id":94,"liniennummer":"528,653"},"geometry":{"type":"LineString","coordinates":[[8.441370346817097,47.08141661739145],[8.441367580560943,47.08142220987998],[8.441364248168913,47.08142710564405],[8.441359476158572,47.081432481749474],[8.441352280876329,47.08143855368238],[8.44134627007989,47.08144247429777],[8.441338940062126,47.08144627149065],[8.441331568399953,47.08144925043669],[8.441324380109839,47.08145147214215],[8.441315619734379,47.0814534287001],[8.441307239563047,47.081454590316646],[8.441299360454211,47.081455081877166],[8.441289783860448,47.081454940559844],[8.441281948043809,47.081454226315955],[8.441274272967997,47.08145295293466],[8.441265620385929,47.081450815499416],[8.441257959578426,47.08144819263583],[8.441251307413395,47.081445282102564],[8.441244161556405,47.08144132337898],[8.44123818352324,47.081437138566756],[8.441233297339869,47.08143289025197],[8.441228443470731,47.08142755317386],[8.44122283645608,47.08141856141335],[8.441220661079587,47.08141279615417],[8.44121945972212,47.08140700440378],[8.441219232046954,47.08140116817387],[8.441219926395227,47.081395341889376],[8.441221407518514,47.081390039486145],[8.441224126549402,47.08138403361053],[8.44122758221018,47.08137868698931],[8.441231886274586,47.08137363881855],[8.441236558966928,47.08136928909624],[8.441242338523347,47.08136497469319],[8.441248759008078,47.08136113146933],[8.441255781424964,47.08135778675204],[8.44126330144787,47.081354995425905],[8.441271870406442,47.08135266272235],[8.44128582767305,47.08135044491735],[8.441294497456266,47.08134998244026],[8.441302388830508,47.08135014745988],[8.44131150502232,47.081351021446636],[8.441319155264642,47.081352376003444],[8.44132717396894,47.081354420013874],[8.441335366154918,47.081357290115164],[8.441341953824756,47.08136027317212],[8.441349009023684,47.0813643136423],[8.441354468162686,47.081368215114736],[8.44136005316338,47.08137321296523],[8.441364373296503,47.08137817687633],[8.441367718907642,47.08138314029685],[8.44137060952037,47.08138912420378],[8.441372222478314,47.081394390609084],[8.44137311676186,47.08140066181076],[8.4413729364463,47.08140651059708],[8.441370346817097,47.08141661739145]]}},{"type":"Feature","properties":{"id":96,"t_id":95,"liniennummer":"606,642"},"geometry":{"type":"LineString","coordinates":[[8.46217867324772,47.1816046574181],[8.462131629957401,47.18160427510917],[8.46189451595735,47.18159972646126],[8.461640133124476,47.18158699193761],[8.461527626687992,47.181581326059124],[8.461393021150062,47.18157085490773],[8.461211994701733,47.18156080498387],[8.46100398295368,47.181544328763316],[8.46079589440199,47.18152451550699],[8.460612133122185,47.181501130559994],[8.460551577829067,47.18149375210199],[8.460421130700349,47.18147785457567],[8.460207875513923,47.181443090569246],[8.459901715981738,47.18139826587227],[8.459718329631162,47.181368210489126],[8.45956928890593,47.18134379624716],[8.459331726574359,47.181301141235615],[8.459233036814446,47.181283125677865],[8.45915370359538,47.181268635592744]]}},{"type":"Feature","properties":{"id":97,"t_id":96,"liniennummer":"643"},"geometry":{"type":"LineString","coordinates":[[8.44703268603917,47.19103735617941],[8.447027097910063,47.19103352806704],[8.447021472544607,47.19102912456901],[8.447016237573463,47.19102442979571],[8.447011513945759,47.19101955962924],[8.44700697670069,47.19101407613677],[8.447003546588412,47.191009221627205],[8.447000110854379,47.1910033686672],[8.44699748571417,47.19099781445435],[8.446995539567284,47.19099257813226],[8.446993865718493,47.190986385903095],[8.446992911800582,47.19098058317016],[8.446992533019184,47.190975189192635],[8.44699267351891,47.19096934089237],[8.446993439529006,47.190963073321086],[8.446994645373866,47.19095773742869],[8.4469964907702,47.190952027119664],[8.446998865787403,47.190946411122354],[8.44700205357169,47.1909405091462],[8.447005555494819,47.19093517113451],[8.447009239448171,47.19093038924896],[8.447014086979124,47.190925030456036],[8.4470186755756,47.190920636448425],[8.447024508777425,47.190915763774],[8.447029923870447,47.1909118123015],[8.447037356753658,47.19090709652963],[8.447043821961323,47.19090354965138],[8.44705084487206,47.19090018679331],[8.44705875397719,47.19089693311403],[8.447066397028692,47.19089426647157],[8.447073640901165,47.190892125063506],[8.447082349804578,47.190889997809094],[8.44708994943206,47.190888527945894],[8.447098990584823,47.19088722536525],[8.447107486578693,47.190886404320196],[8.44711537008813,47.19088599343675],[8.447124606156635,47.19088593052463],[8.447132516253296,47.19088623005098],[8.447141675731736,47.190887004389204],[8.44714944123469,47.19088803381585],[8.447158378651865,47.1908896286877],[8.447166503134067,47.19089150054484],[8.447173826010253,47.19089355033786],[8.447181528149933,47.19089611854658],[8.447189544601168,47.1908992597129],[8.447196106841679,47.19090226069438],[8.447203937085114,47.19090602417989],[8.447217641240677,47.190915475331764],[8.447223096954646,47.190919979256954],[8.447227758322162,47.190924346212825],[8.447232338184595,47.190929289594],[8.44723670494209,47.19093482854442],[8.44724023641465,47.19094015892037],[8.447243036796838,47.19094520784519],[8.447245557086879,47.190950798953224],[8.44724763895777,47.190956933631554],[8.447248900570349,47.19096225690602],[8.447249736109551,47.19096807866517],[8.44724998673955,47.19097437331402],[8.447249634995622,47.190980214469896],[8.447248715234677,47.19098602461999],[8.447247213753911,47.19099177689783],[8.44724535939641,47.19099701052844],[8.44724258268203,47.191003016856214],[8.44723943921842,47.191008468676245],[8.447235777969329,47.19101375411788],[8.447231947710328,47.19101847432398],[8.447226953872578,47.19102377143936],[8.447222231988576,47.191028094658975],[8.44721571847265,47.19103327914981],[8.447209309119458,47.19103768911546],[8.44720337217268,47.19104125836162],[8.44719602839066,47.1910451008008],[8.447189460306385,47.191048090868044],[8.447181456625149,47.191051228443165],[8.447173745722228,47.191053796736966],[8.447166433997161,47.19105583979503],[8.4471583008563,47.19105771013821],[8.44714937082256,47.19105930860102],[8.44714094568825,47.19106038989744],[8.447132434269307,47.191061094138355],[8.447123862614735,47.19106140310467],[8.447115283670009,47.191061325328036],[8.44710738453754,47.19106090876284],[8.44709824904425,47.19106000827472],[8.447089885890705,47.191058777183095],[8.447082270384417,47.191057305659314],[8.447073560430244,47.19105517805501],[8.447066301640694,47.191053028743845],[8.44705867678281,47.19105036090005],[8.4470513357504,47.19104734874105],[8.447043759233294,47.191043744941766],[8.44703268603917,47.19103735617941]]}},{"type":"Feature","properties":{"id":98,"t_id":97,"liniennummer":"607"},"geometry":{"type":"LineString","coordinates":[[8.477335098822188,47.186642583414034],[8.477584554757389,47.186518361740646],[8.477892152072844,47.18637334767846],[8.478069216637353,47.1863197098222],[8.478632055947228,47.18621749253436],[8.47963626393147,47.18604536270307],[8.480234784826187,47.185946278137635],[8.480392029683616,47.18592056727905],[8.480544452290054,47.18590877998871],[8.480676802119625,47.185911054333964],[8.480794225872962,47.18593080708089],[8.480901883626084,47.185971463841426],[8.480994467032723,47.1860226558567],[8.481072002839973,47.186084400911554],[8.4811395700411,47.18615664404589],[8.48120209933008,47.186232396054656],[8.481280865397224,47.18635656796968],[8.48134394921849,47.18646007515849],[8.481407168255789,47.1865705076639],[8.481454907659517,47.18667068149744],[8.48150286326273,47.186781261207095],[8.48153501393599,47.18686422379892],[8.481567367725384,47.18695760139131],[8.48160507123528,47.18706480164908],[8.481647812875021,47.18716848396389],[8.481685314004348,47.187265287167456],[8.481722625413928,47.18735167522698],[8.481772077154824,47.18738597696742],[8.482102765075311,47.187313615373036],[8.482547044501237,47.18722000083356],[8.483041232558218,47.18712465442321],[8.483384243145885,47.18705845621532],[8.483662733443511,47.18700670483847],[8.483985556716847,47.18695078108921],[8.484303589926142,47.186897580612936],[8.484455794546964,47.18687318736747],[8.48466107523201,47.18684028762674],[8.484699993397426,47.186833826012574],[8.48495280661303,47.186797075513354],[8.485255043222127,47.18675600704213],[8.4855621869098,47.186714884151314],[8.485832836931232,47.18668410446684],[8.48608658442687,47.186663472004206],[8.486350186103563,47.186646086650484],[8.486482862841543,47.18663933781086],[8.486589439181722,47.18663391487918],[8.486840973493745,47.186624941152466],[8.487165820254319,47.186615317149744],[8.487423406130135,47.18660946246361],[8.487617693736954,47.18660287064392],[8.487861891149757,47.18659388957289],[8.487918061772652,47.18659182137678],[8.488179450319565,47.18658610125249],[8.488394465619546,47.1865841317717],[8.4886561156629,47.18659173960676],[8.488885997804992,47.18659964566911],[8.489238273637744,47.18661808361254],[8.489536691164298,47.18663201961174],[8.489791137717894,47.18664637433485],[8.489981818291644,47.18664961662675],[8.490120950313207,47.18664168918559],[8.490240314540262,47.18662227490274],[8.490349929060091,47.1866029405715],[8.49047633353726,47.18656846611216],[8.490575772261481,47.18653090056687],[8.490689567000967,47.18647655294167],[8.490793552816447,47.18642062167632],[8.490885204104888,47.18635813734221],[8.490981264581286,47.18627228711552],[8.49105768807563,47.186181614791025],[8.491114723845607,47.186099458559234],[8.491171890721295,47.18602397581014],[8.491202739670209,47.18598435612437],[8.491232515167574,47.185951879731924],[8.491529208892665,47.18605069950873],[8.491667058902742,47.18610108220015],[8.491874111200715,47.18617261888068],[8.492211091747382,47.186282825532444],[8.492506398612855,47.18638674700199],[8.492558278287296,47.18640399332893],[8.492779451752174,47.18647754006304],[8.493045065880615,47.18656174389573],[8.49336902641901,47.18665782645385]]}},{"type":"Feature","properties":{"id":99,"t_id":98,"liniennummer":"606"},"geometry":{"type":"LineString","coordinates":[[8.474392324999844,47.18700231047839],[8.474360021470371,47.18697427414974],[8.474344673732908,47.18693941957098],[8.47432937785785,47.18677772737755],[8.474330674775493,47.18667090263792],[8.474331414072727,47.18661229902152],[8.47433295666632,47.18642068907334],[8.474325696568318,47.18622558708015],[8.474305792251702,47.18600917144601],[8.47429407359189,47.185945012705105],[8.474267821478628,47.18585123644393],[8.474238372668518,47.18577295227382],[8.474201839975214,47.18568998217225],[8.474047346443255,47.18528318100097],[8.47389020977129,47.18493946214946],[8.47385704348852,47.184868119884506],[8.473796405542565,47.18476537831497],[8.473696259885447,47.18464132168025],[8.473571172944212,47.18449249956544],[8.47341612350139,47.18430896297401],[8.473233706351856,47.18410068251738],[8.473044043895065,47.18390043693411],[8.472969262382968,47.18382148930446],[8.472738606465192,47.183579566366554],[8.472688516903242,47.18352406402265],[8.472613834767891,47.183441328146245],[8.472489120382352,47.183306705487055],[8.472375453962437,47.18319549784232],[8.47227536878539,47.18310498383324],[8.472256568244552,47.183087971152965],[8.472154025162144,47.18300202186108],[8.472043828740984,47.18293241413163],[8.471891063253272,47.182857764093434],[8.47171459580669,47.182792385087765],[8.471455733259923,47.182722311807375],[8.47131710944451,47.18268027792286],[8.471218062141483,47.182650239754224],[8.47116009421294,47.18263350626781],[8.471108627446098,47.18261863948871],[8.470913700818434,47.18256065725137],[8.470718648328479,47.18249544339602],[8.470489099674872,47.18243052944501],[8.470262294663236,47.18237102376154],[8.470033013020489,47.182320589344506],[8.469774538518102,47.18227041598077],[8.469550922670997,47.182238028894105],[8.469437793673134,47.18222208540068],[8.469212845670118,47.18219038425568],[8.469156971261942,47.18218364306685],[8.468819068980759,47.18214503623524],[8.46843857699013,47.18209956802651],[8.468201913733052,47.18207814368087],[8.467897267548604,47.182046019341655],[8.467355890985557,47.18197588093971],[8.467007119567693,47.18192559977632],[8.466985871382217,47.181922542210344],[8.466657712990635,47.18188548819576],[8.466275652576655,47.181840593593485],[8.465925344685033,47.181795396369196],[8.465597155877067,47.18175667543983],[8.465234665784662,47.18171325797674],[8.465098978783786,47.18169599117168],[8.464862446416472,47.18167159029038],[8.464691258093024,47.18166480446134],[8.464498079092333,47.18165819637056],[8.46438050973504,47.18165274031723],[8.463954147967726,47.18164226292043],[8.463320950940167,47.18162718453349],[8.462892723162511,47.181617763301546],[8.462885317520945,47.181617559331215],[8.462881264951134,47.181617451462394],[8.462412839370122,47.181604769913434],[8.46217867324772,47.1816046574181]]}},{"type":"Feature","properties":{"id":100,"t_id":99,"liniennummer":"604"},"geometry":{"type":"LineString","coordinates":[[8.515473933995139,47.20203023741628],[8.515253238080374,47.20199045360989],[8.515162351699962,47.201972835402195],[8.515013083116564,47.20194390669433],[8.514955676513054,47.201932542139346]]}},{"type":"Feature","properties":{"id":101,"t_id":100,"liniennummer":"280"},"geometry":{"type":"LineString","coordinates":[[8.515473933995139,47.20203023741628],[8.515405340901374,47.202070990089936],[8.515254452861456,47.202168185754566],[8.51519528831391,47.202203929569116],[8.515163530523807,47.20222355794797],[8.51513725953057,47.20224102106587],[8.515028642812743,47.202316357813416],[8.515003486970226,47.202335456665175],[8.514984569925968,47.202350404212424],[8.514966053293328,47.20236557290305],[8.514947910860197,47.202380971977796],[8.514930168476933,47.202396574208635],[8.514912839521248,47.20241238846615],[8.514895910796705,47.20242841487389],[8.514879394957175,47.20244462632715],[8.514841982618229,47.20249089836706],[8.514816643419033,47.20252385206732],[8.514792167941359,47.20255709454345],[8.514768542989769,47.202590625919356],[8.514744002241528,47.20262653168271],[8.514720072306504,47.2026626206393],[8.514689167638966,47.20270958743978],[8.51467158847689,47.20273462445472],[8.514642324301693,47.20277259833375],[8.514626954625589,47.202791335788426],[8.514611119073946,47.20280987969127],[8.514594804630663,47.202828239159444],[8.514593732281233,47.20282939161626],[8.514578024130296,47.202846396081526],[8.514568857807886,47.20285593606894],[8.514560777572555,47.202864350457396],[8.514541450625732,47.20288255815261],[8.514528110367094,47.20289457493314],[8.514514449943869,47.20290642378749],[8.514500495930344,47.20291811346286],[8.514486234948802,47.202929635088424],[8.514471693392657,47.20294098841763],[8.51442821344716,47.202971745668115],[8.51439931752743,47.20299129311613],[8.514369926433297,47.20301050335061],[8.514321559405643,47.20304044263764],[8.514276822847687,47.203067136574504],[8.51423015031097,47.203095359831586],[8.514183732442506,47.20312377859294],[8.514112312335099,47.20316846993853],[8.514041816430472,47.2032138362704],[8.513936937218288,47.20328879520134],[8.513873674320159,47.2033361358793],[8.513764967912568,47.20342099851828],[8.513657009223008,47.20350630384773],[8.513607146822338,47.20354594500703],[8.513557377810459,47.20358563924533],[8.513457732905312,47.20366497467822],[8.513326091637984,47.20376989516041],[8.513260143722881,47.20382227107207],[8.513194462870244,47.20387480637223],[8.51313210520042,47.20392522365461],[8.513070201530681,47.203975906532506],[8.513046577915622,47.2039977612726],[8.513029395571243,47.20401435647637],[8.513012639675448,47.20403115459666],[8.512996323244806,47.20404814651682],[8.51298043308253,47.20406533236006],[8.512966229437344,47.2040810541814],[8.512955277718298,47.20409373214952],[8.512944645432297,47.20410654206999],[8.512934345595863,47.20411947482585],[8.51292439122557,47.20413252130025],[8.512914756108167,47.20414569073338],[8.512904786291685,47.20416322613604],[8.512896489814286,47.20417864096605],[8.51288860478876,47.204194168899484],[8.51288603254578,47.20419950927249],[8.51288110409876,47.20420977420706],[8.51287401431935,47.204225465636604],[8.512873976715188,47.204225564938525],[8.512867322253776,47.20424124331117],[8.5128610409188,47.204257098113914],[8.512855170134113,47.20427302105108],[8.512849696703,47.20428901224573],[8.512825680610355,47.20437151868178],[8.512802643919459,47.20445415990386],[8.512795456642259,47.204480116173144],[8.512788322327177,47.204506080943275],[8.512779823886916,47.2045383913125],[8.512773987690526,47.20455801109728],[8.512766818928112,47.204578317978125],[8.51276047297082,47.2045949020167],[8.512753689878172,47.20461140917201],[8.512746496044114,47.20462783919786],[8.512738877909902,47.20464417422944],[8.51272710237321,47.20466644912522],[8.512718792039905,47.2046811804058],[8.512710096636221,47.20469579833489],[8.512701029539677,47.20471031178316],[8.512691590750011,47.20472472075057],[8.512681793102955,47.204739007126165],[8.51267162358171,47.20475318002687],[8.512639569329219,47.20479366215027],[8.512620297515417,47.20481665462581],[8.512600440312665,47.2048394186726],[8.512580010737118,47.204861945173256],[8.51251452430139,47.20492886214226],[8.512448464803263,47.20499551454804],[8.512392434600116,47.20505153060327],[8.512336177939908,47.205107449789566],[8.51227970801952,47.20516327198353],[8.512223890606279,47.20521938491835],[8.512129826700196,47.20531857426582],[8.512036934100031,47.20541826535995],[8.511989409132745,47.20546994702886],[8.51194209703636,47.205521716648235],[8.511894718500432,47.20557346887472],[8.51184724676909,47.205625185966426],[8.511778115163345,47.20569998957837],[8.511714500116646,47.2057688316608],[8.51169643859544,47.205788367392856],[8.51169032774836,47.20579498209434],[8.51163695592142,47.20585331182994],[8.511583996527644,47.20591180861172],[8.511533194062716,47.20596860310333],[8.511483123486121,47.20602569660129],[8.511424994021688,47.206094955176226],[8.51139517864828,47.20613263643986],[8.511378651956157,47.20615631376785],[8.511370532575825,47.206168749294335],[8.511362744934038,47.20618127168554],[8.511355262816284,47.206193890181424],[8.511348112437453,47.20620659554222],[8.511341293617352,47.20621937877415],[8.51133480653658,47.20623224887108],[8.511328637637028,47.206245187968335],[8.511322778561915,47.20625909569934],[8.511319176835665,47.20626840366595],[8.511315813566169,47.206277754389056],[8.511312688753538,47.206287147868714],[8.51130981541508,47.20629657498817],[8.511307167155797,47.206306035993244],[8.511304770190556,47.20631552164428],[8.51130262469986,47.2063250409351],[8.511300704108322,47.20633458511774],[8.511299047828413,47.20634414482957],[8.511297629465112,47.20635372031641],[8.511296449198916,47.206363320572144],[8.511295519866794,47.20637292748615],[8.51129507962677,47.206389150573536],[8.511295160736406,47.20639846021819],[8.511295479222396,47.20640775865624],[8.511296035265218,47.206417054881584],[8.511296828684625,47.206426339900375],[8.511297859661113,47.206435622706465],[8.511299114636453,47.20644488543501],[8.511300620186345,47.20645413683405],[8.511302362752552,47.20646335903876],[8.511304342695945,47.20647257003683],[8.511306559475534,47.20648174284665],[8.511309000434936,47.20649090457277],[8.511311678050355,47.2065000191167],[8.51131459286307,47.20650911346014],[8.51131774469281,47.20651817860913],[8.511321119800916,47.20652718770498],[8.511324731745882,47.206536158612494],[8.5113285673302,47.20654509145456],[8.511334972819292,47.20655842617207],[8.511340963291202,47.206570154550576],[8.511347256048662,47.20658181714422],[8.51135385073109,47.20659339596513],[8.511360734140993,47.20660489113622],[8.511367906458934,47.206616311651246],[8.511375380521915,47.206627639399606],[8.511383130115187,47.206638883620904],[8.511391181273405,47.20665002608148],[8.511399507781809,47.20666107602106],[8.511423357939913,47.20668990949443],[8.511441018603534,47.20671025484382],[8.511459189840505,47.20673038853642],[8.51147787147077,47.20675030157823],[8.51149706349468,47.206769993968855],[8.51151675235404,47.20678944784326],[8.511570169098112,47.20683990101771],[8.511616083486496,47.20688156344544],[8.511663069333009,47.206922676138696],[8.511699152163017,47.20695327564945],[8.511735666048246,47.206983646243614],[8.511772114527606,47.20701404442249],[8.511808262748536,47.207044607308],[8.51187033436782,47.20709875782628],[8.511931164958114,47.20715354956635],[8.511985587452616,47.207204748803875],[8.512018958706939,47.20723768534554],[8.512043430218277,47.20726324751417],[8.512057832676412,47.20727908038327],[8.512068089570436,47.20728961752678],[8.512076224389832,47.2072983393558],[8.512084123275839,47.207307144343446],[8.512091812985043,47.207316050231384],[8.51209925374342,47.20732504839478],[8.512106471765993,47.20733412959395],[8.512113182858224,47.2073429456512],[8.512113453854871,47.20734329395182],[8.512120213207787,47.20735254134542],[8.512125255460942,47.20735976275335],[8.512126723248473,47.20736186302699],[8.51213298415736,47.20737126799045],[8.512139021968963,47.207380738002],[8.512144797450723,47.20739029141858],[8.512150349654465,47.207399900889435],[8.512155639167098,47.2074095757776],[8.51216067918633,47.207419315960124],[8.51216548272938,47.20742911232009],[8.512170023400419,47.207438965103535],[8.512174314397175,47.207448874187556],[8.512178355538989,47.207458830578254],[8.512182133447359,47.20746882540483],[8.51218566168105,47.20747887653201],[8.512188926500484,47.207488957101276],[8.51219625702247,47.207510217226876],[8.512199929478527,47.207522192057795],[8.51220328572895,47.207534196822934],[8.512206352530347,47.20754624926391],[8.512209103125716,47.20755833163918],[8.51221153751483,47.20757044394864],[8.51221444682218,47.207589775261035],[8.512216033984167,47.20760308288143],[8.512217278182348,47.20761640269443],[8.512218179416443,47.20762973470013],[8.512218737866748,47.20764308789225],[8.512218966189293,47.20765643516634],[8.512218838168572,47.207669785762185],[8.512215576611439,47.20771576545708],[8.512212780067749,47.20774216649104],[8.512209309524305,47.207768528829895],[8.51220197130089,47.207818567538176],[8.51219545045342,47.207855402148546],[8.512187990736571,47.20789215555441],[8.51216981301598,47.20796511702055],[8.512156023478395,47.208014028446],[8.512143695821042,47.20805685424398],[8.512130974449171,47.20809716495494],[8.512117233561248,47.20813732324703],[8.512100979692384,47.20817460839224],[8.512091593119179,47.20819428819775],[8.512081715864971,47.208213855633666],[8.512071334550704,47.20823330182904],[8.512061251569811,47.208251827696316],[8.512051774491102,47.20826831492029],[8.512041872722158,47.208284689159484],[8.512031545901635,47.20830093242608],[8.512020807588293,47.20831706258462],[8.512006098348436,47.2083366030837],[8.511995412898472,47.20835010604565],[8.511984368387587,47.20836347741963],[8.511972991211763,47.20837671695953],[8.511961281190338,47.20838981567144],[8.511949225125058,47.2084027736782],[8.511936849411967,47.208415590733715],[8.51191296044629,47.2084388149906],[8.51188936565377,47.20846091205678],[8.511865210565515,47.208482717485964],[8.511840495181236,47.20850423127771],[8.511778131143885,47.20855597910571],[8.511714632151495,47.20860708979339],[8.511653661410703,47.20865526233008],[8.51159235663647,47.20870324004274],[8.511559029694713,47.20872913387288],[8.511525649206284,47.20875499220958],[8.511492148278185,47.20878077069813],[8.51145895466471,47.20880673522029],[8.51136128980824,47.2088867068434],[8.51132050324921,47.20892176458383],[8.511307124080187,47.20893326856779],[8.511306591972643,47.20893372330128],[8.511264571982336,47.20897178802689],[8.511225871456135,47.20900818463143],[8.511188117331717,47.20904504017694],[8.511114342639512,47.209121604665235],[8.51107378253609,47.209165997584],[8.51102198823133,47.20922551766043],[8.510970885893677,47.20928531912624],[8.510914496879032,47.20935205138326],[8.510858413809729,47.209418906699575],[8.5108280422826,47.20945529758218],[8.510797724048452,47.20949171494663],[8.510767418971344,47.20952813217991],[8.510737033941519,47.2095645141665],[8.510709259452057,47.20959744454032],[8.5106814050169,47.209630339668806],[8.510653550727715,47.20966324378418],[8.510625762756817,47.20969616526602],[8.510587422673487,47.20974203059611],[8.51054917581466,47.2097879400224],[8.510510902312983,47.20983384068723],[8.51047257541099,47.20987971484852],[8.510392538027071,47.209975218772364],[8.510312047643174,47.21007052894875],[8.510266541192616,47.21012112053854],[8.510233010855647,47.210156704056104],[8.510215692136537,47.210171905746485],[8.510204915764326,47.21018091160164],[8.510193912670829,47.210189802623034],[8.510182682315397,47.21019855182903],[8.510171238076742,47.21020716809063],[8.510159566576109,47.210215642536646],[8.510147681192212,47.21022398403824],[8.510135594763204,47.21023217448468],[8.510123281072204,47.21024022311541],[8.510110779714816,47.21024812956195],[8.510078116560514,47.21026704521482],[8.510057918226423,47.210278207683146],[8.510037424470699,47.21028912102074],[8.510016662050944,47.21029980296967],[8.509995630426722,47.210310226548216],[8.509974329778366,47.210320400749964],[8.509889768846394,47.210357547304014],[8.509804357551866,47.21039376616674],[8.509785454078198,47.21040169613813],[8.509766536859944,47.21040959924753],[8.509747619816226,47.210417511347714],[8.509741362228354,47.21042013327385],[8.50972871614563,47.210425432315844],[8.509728493570885,47.21042552434122],[8.509676445741865,47.21044747173929],[8.50962420277288,47.210469564856595],[8.509571932643116,47.21049162222005],[8.509519702606353,47.2105137061731],[8.509386173157536,47.21057037820541],[8.509253008071179,47.21062746048747],[8.509156546348358,47.21067158071628],[8.509081567355135,47.210707360232036],[8.509014538412922,47.21074065500739],[8.508967490066773,47.21076508336114],[8.508921072995115,47.21079005455684],[8.508875300576099,47.21081557746639],[8.50883018582794,47.21084164297418],[8.508767552077966,47.21088085180943],[8.508730428745194,47.21090517884886],[8.508693947914693,47.21092994968348],[8.508658096207775,47.21095515544268],[8.50862289966202,47.21098077789404],[8.508588371476266,47.21100681691551],[8.508539192697937,47.211045531807706],[8.508498447468481,47.21107886996424],[8.508458569823084,47.21111268580601],[8.508419546563553,47.211146979456394],[8.508381416747126,47.211181723566966],[8.508293580306523,47.2112677541174],[8.508207462599616,47.21135458722923],[8.508150058042204,47.21141372624481],[8.508093146211607,47.211473085542856],[8.508036007895575,47.21153234796279],[8.507978816117804,47.21159158386196],[8.507931695214317,47.21164017446545],[8.507884534088976,47.21168873843496],[8.507837386436469,47.21173732024986],[8.507792437385092,47.21178362375463],[8.507790238518444,47.21178589305088],[8.507787845623376,47.2117883620501],[8.507748094761569,47.211829228955054],[8.507705937557613,47.21187255597197],[8.507663753887378,47.21191588321795],[8.507621623304189,47.21195922794575],[8.507574970443558,47.21200749020917],[8.50752837101371,47.212055787938596],[8.507481758300615,47.21210408577106],[8.507435118745747,47.21215236584127],[8.507369191172298,47.21222043513788],[8.507303223294578,47.21228847778131],[8.50717132699189,47.21242458057159],[8.50705271365498,47.21254694973918],[8.506993433091267,47.21260812953392],[8.50693409959524,47.21266930978687],[8.506803836750517,47.21280334599295],[8.50667347960055,47.21293731994672],[8.506673479780169,47.212937328940576],[8.506590737635811,47.21302224039303],[8.506507929411839,47.213107161389956],[8.506507916392179,47.21310717050624],[8.50642486780388,47.21319196773019],[8.506342351951892,47.21327701182638],[8.506342093532432,47.21327729308341],[8.50634089077756,47.21327854561642],[8.506201706645859,47.213424789769086],[8.506063311541931,47.213573563168296],[8.505858857907342,47.21380590526857],[8.50569799846604,47.21399672454933],[8.505521127777289,47.214201634963864],[8.505399295505905,47.214344362010124],[8.505284609225415,47.21447870187698],[8.505167168402222,47.214598080577375],[8.505063960166698,47.21469567514262],[8.50498700123209,47.214759698171],[8.504982604199236,47.21476363394166],[8.50480158364229,47.21490303118411],[8.504664040619133,47.21499426850133],[8.504536052575787,47.215075423197796],[8.504376471298855,47.21516519093176],[8.504226478537456,47.2152465578673],[8.504006265832292,47.21536188453798],[8.503769190717284,47.21548903390138],[8.503522386427516,47.21561960105328],[8.503336451277528,47.21573794683728],[8.503184987998207,47.21586763191589],[8.503069895092413,47.21598198515354],[8.502990954094397,47.216069350488084],[8.502917148921263,47.21616999967096],[8.502858207579097,47.216280505494105],[8.502827558588532,47.216353841277275],[8.502795937751399,47.216449332996916],[8.502767467714827,47.216563839109504],[8.502757991754782,47.21664959997205],[8.50274440986337,47.216809674757684],[8.502733612957464,47.21696971481103],[8.502703246348323,47.21726892537492],[8.502658080172393,47.217526389489],[8.502583696466083,47.21786219551851],[8.502527411052675,47.218123576332935],[8.502450620646002,47.21847653189613],[8.502388598689144,47.21873035536343],[8.50233598834526,47.21889648456901],[8.502277328008686,47.21903792295015],[8.50214351800378,47.21933619023389],[8.501974829563448,47.21970713917817],[8.501878478369365,47.219921285105514],[8.501800530051245,47.22007623255696],[8.501710944141001,47.22021034580007],[8.501599237157123,47.2203541803388],[8.501437711981684,47.22052322104112],[8.501272933330437,47.22066945192024],[8.501104938916606,47.22079476167512],[8.500917190497374,47.220910736093025],[8.50074871622828,47.221011303095594],[8.50058030368084,47.22111567437281],[8.50051418636521,47.22116387907869],[8.500459150376093,47.22120627845309],[8.500323914549444,47.221293207092124],[8.500193973343169,47.22136485738773],[8.500069402232318,47.221425024767],[8.50001127157306,47.22145922154791],[8.499931292781019,47.22150626726257],[8.499815519443327,47.22158729483588],[8.499724781418749,47.22166239753534],[8.499606837805857,47.22177581969116],[8.499505534784891,47.221881469284206],[8.499453684956128,47.221944780340856],[8.49942671955214,47.22199453989112],[8.499525020309393,47.2220183902719],[8.499611899654463,47.22203092147514],[8.49989778849729,47.222072078174804],[8.500018326544946,47.22209002012594],[8.500186779154141,47.222128452960966],[8.500338466090229,47.22216704007058],[8.500429243988407,47.22220033233135],[8.500611561185728,47.22226734140558],[8.500755281572818,47.22232693394603],[8.500986463458084,47.22242762982624],[8.501105149335467,47.22249317393809],[8.5012437275729,47.22257567087368],[8.501376848485242,47.22266392113878],[8.501490165097248,47.22274094767551],[8.501643406564948,47.222857590709495],[8.501779806713056,47.22297057487404],[8.50191635892548,47.22309117666606],[8.50208420188482,47.22323814312152],[8.502172257728189,47.22330969003912],[8.502271470828658,47.22337921783509],[8.502353601928911,47.2234336828866],[8.502497782289193,47.22351613560186],[8.502596414770338,47.22355710776395],[8.502709077655837,47.22360176434243],[8.502903141233583,47.22366280526658],[8.503127889730571,47.22371974824102],[8.503358109562773,47.22377093706426],[8.503594021417658,47.22382148810456],[8.503605107477501,47.223823859384524],[8.50381273678744,47.22386384084562],[8.504042741707426,47.22390550405918],[8.504353869700553,47.2239502304794],[8.504575188617927,47.22397674360008],[8.504813135533487,47.223995483216434],[8.5050676841365,47.22400645846369],[8.505252343265617,47.22401617320657],[8.505367150909665,47.22402653447608],[8.505451211235462,47.22403718036777],[8.505546516368511,47.22405152715732],[8.505729074009494,47.22409553347829],[8.505897955346441,47.224154913596664],[8.5060700403253,47.2242351873334],[8.506247989445576,47.22432872881674],[8.506499402087172,47.22446159210479],[8.506699970280179,47.22456826356712],[8.50689738641497,47.224655920426],[8.507029761279494,47.2247061021805],[8.507187184020085,47.224752246360445],[8.507321964301035,47.22478335298803],[8.507521051086847,47.22481577887018],[8.507859742483966,47.224841205650876],[8.50827387279696,47.224864023984395],[8.508687976880855,47.22488683208024],[8.509088113247193,47.22490975948137],[8.509286795692086,47.224921253531285],[8.509426857378251,47.22493708822449],[8.509539097731327,47.22495889351959],[8.509660013192878,47.22499583845899],[8.509803650157144,47.22504972644838],[8.509961776479681,47.22513015120768],[8.510171080894235,47.22525387190173],[8.510357843901984,47.22536827567458],[8.510502232416506,47.22546022481198],[8.510586944990346,47.225503235756065],[8.510748063172931,47.225593130870855],[8.510948644096263,47.22569979490514],[8.511157622356016,47.2258063714235],[8.51136908165305,47.22589769506615],[8.511619979426492,47.226003889413114],[8.511828437172552,47.226085722927195],[8.512045076573296,47.22615607352984],[8.512310583605913,47.2262406669806],[8.512553018216726,47.226308617311915],[8.512902428061373,47.22639698799284],[8.513531803268606,47.226553891364354],[8.514847042147606,47.22684533708892],[8.515110304755718,47.226905945079835],[8.515642204239132,47.227034269460304],[8.516184601887968,47.227162466228904],[8.516809395886208,47.227305379672025],[8.51722710036475,47.2274014280394],[8.51784837724354,47.22754318141022],[8.518650461742801,47.22772726970689],[8.519770234216827,47.22798450978442],[8.520361710943083,47.22812058330882],[8.52072326200478,47.22820405783431],[8.520982835725919,47.22825398248712],[8.521179053116263,47.22828188714509],[8.521383927750934,47.228304942484385],[8.52156760623227,47.22831749202692],[8.521731919305454,47.2283219114709],[8.522401249643808,47.22833346428168],[8.522970992668837,47.22834477212489],[8.523649002556589,47.228353861182775],[8.52422225539952,47.22836629920622],[8.524289066922078,47.22836783757069],[8.524405792214857,47.228370524705184],[8.524538390011875,47.22836213255499],[8.524646390782951,47.228346829665114],[8.5247473940967,47.228331601635126],[8.52486560111748,47.228301926421395],[8.524950930711515,47.22827376648935],[8.52513768589812,47.22819464390166],[8.52573484880822,47.22792243727305],[8.52613995096665,47.227741303209015],[8.526280224592035,47.22767929518403],[8.526445030458119,47.22762298340737],[8.526530188460974,47.22760076095283],[8.526620179883986,47.22758828892325],[8.526659091815057,47.22758289294785],[8.526827934555529,47.22756080647084],[8.526837009485483,47.22773936300937],[8.526840706692882,47.22781201197778],[8.526842548687679,47.22784866036298],[8.526859441562811,47.228110270738824],[8.526945444197738,47.228106157006],[8.527095814987671,47.228091899840436],[8.527218684197322,47.228072073230265],[8.52734131614162,47.22804059951726],[8.52738465723202,47.22802507745491],[8.527448397664603,47.22800227411158],[8.52755804531627,47.227947957281785],[8.527612632041533,47.22791207989955],[8.527669901429,47.22786722657796],[8.527737159861099,47.2278071033353],[8.527844365282254,47.2276906321885],[8.527996639583336,47.22751775558956],[8.528055009381177,47.22744139829646],[8.528140381358192,47.227346128882296],[8.528227337405779,47.22724501531178],[8.528316294515085,47.22715787079965],[8.528397195193845,47.227095297262814],[8.528490226140569,47.227039598446886],[8.52860713533403,47.226980183377734],[8.528748152259068,47.226926369185435],[8.529045848953304,47.226833749507996],[8.529513931133557,47.226701041908576],[8.530067139941195,47.22654419152235],[8.530526746125055,47.226415041321644],[8.530872348650174,47.22632196280769],[8.531175653121528,47.22625144039696],[8.531434808942615,47.22619883229351],[8.53161741615701,47.22616888998712],[8.531631024444401,47.226166655924814],[8.531786394598486,47.22614535559765],[8.53201511403599,47.226112870146395],[8.532083570714875,47.226105869573125],[8.532228653875263,47.226091026131165],[8.532401276846823,47.22607655073327],[8.532582526648868,47.22606550142143],[8.532851081171122,47.22605478306767],[8.533092407787455,47.22605249071077],[8.533366349739817,47.22605337820019],[8.533952136815106,47.22606763650728],[8.534452264144862,47.226078055953366],[8.534757137703458,47.22608564445252],[8.534916284487382,47.22608180029716],[8.535047988502702,47.22607588725096],[8.535211957538314,47.22605799971975],[8.535362153040005,47.22603557438548],[8.535493436842554,47.226009829643054],[8.535644965486043,47.225968725479646],[8.535821776862287,47.22590874155139],[8.535920255537535,47.225869311664205],[8.536010120532824,47.22582647346646],[8.536133727090824,47.22575998830045],[8.536422987925423,47.22558928535343],[8.536839111897283,47.225346244544106],[8.53727384762743,47.22509019702995],[8.537822038416737,47.22477592559361],[8.538131577807114,47.22459335748536],[8.538359953411193,47.2244605531452],[8.53851577180462,47.224378600325224],[8.538666776621804,47.22431301119435],[8.538770468843799,47.22427820671282],[8.538867479331483,47.22425045549946],[8.538995279149297,47.22422124969247],[8.539143703710705,47.22419650641726],[8.539340064114388,47.2241712959549],[8.540014717339604,47.22409604987415],[8.540361430568957,47.2240577328733],[8.54052216705776,47.22404803658156],[8.540700144152327,47.2240451736821],[8.540849264379524,47.224054235859484],[8.540974495548037,47.22406703470662],[8.541108463007301,47.22408790878751],[8.541235795416789,47.22411935303566],[8.541377010528386,47.224159983658836],[8.54150634818201,47.22420540551181],[8.541682288377169,47.22427019823959],[8.541894538689741,47.22435213034879],[8.54215329879449,47.224447622656015],[8.542334306195933,47.22450769716277],[8.542542633488548,47.22456517075582],[8.54275073146863,47.22461215734557],[8.542962142153733,47.22465329167681],[8.543137231508332,47.22467609906698],[8.543154415869871,47.2246782641619],[8.543303669835629,47.22469432944427],[8.543511144709937,47.224709827171665],[8.543708263000863,47.22472192459699],[8.543860660690166,47.224723970899696],[8.544045456392986,47.22471868959285],[8.544218192447996,47.224710033445085],[8.544595766908035,47.22467494279657],[8.545067402742056,47.22463308244299],[8.545513335915231,47.22459030668011],[8.545851651823472,47.22455906138267],[8.54617783517116,47.22452094217187],[8.546509008822722,47.22447578448347],[8.546836982136579,47.22443997603489],[8.546929406353975,47.22442939867719],[8.547093151195778,47.2244106687029],[8.547247226788294,47.22438731786483],[8.54735596808769,47.22437083496802],[8.547671633996146,47.22432231489164],[8.547838920205336,47.22429736979964],[8.547985915008049,47.224286625972255],[8.548172350305423,47.22427899238309],[8.548473530629042,47.2242737793707],[8.548822635620319,47.224266916317134],[8.549248782306956,47.22426163035739],[8.54950197961348,47.2242533599609],[8.549705478148322,47.22424206906404],[8.549855880809883,47.22423012954815],[8.550019766337844,47.22420871335767],[8.5502790262122,47.224163069106424],[8.550550235060033,47.22411612151998],[8.550685073940548,47.22409616315082],[8.55080129197709,47.22408688223285],[8.55093141809909,47.22408793776518],[8.551068507066354,47.22409363060197],[8.551205701497866,47.22410629383117],[8.551358485930102,47.22412698329662],[8.551423615540214,47.22413102289787],[8.551407328220373,47.22418973245075],[8.551379000576775,47.224254261497066],[8.551350151385499,47.22429500226605],[8.551283526483308,47.224368231093635],[8.551220141186652,47.22442835801694],[8.551132528206123,47.224499414613675],[8.551001640637837,47.22458874522107],[8.55078080023442,47.22472177204364],[8.550554854911251,47.22486082076224],[8.55044120873298,47.22493925257158],[8.550360713261222,47.22501739134592],[8.550352049851307,47.225028134705944],[8.550297723380453,47.22509535214393],[8.5502621725396,47.225150433264794],[8.550198067971136,47.22526053695191],[8.550164817099565,47.22534178196405],[8.550134075780988,47.22545990259707],[8.550108811124783,47.22558866611628],[8.550089021617344,47.225729268950346],[8.550071532352161,47.22589604469219],[8.550047416635833,47.22599624514755],[8.550005993823651,47.226104933459595],[8.549970938588515,47.22618263354991],[8.549955893971706,47.2262161072726],[8.549901974904731,47.226310631112796],[8.549832491797797,47.226413652934994],[8.549730632885932,47.22655623463638],[8.549584408858433,47.22674925043869],[8.549483055036767,47.226883155296115],[8.54935992232713,47.227042979366146],[8.549169031059911,47.22727329805644],[8.549069191650993,47.22740519089757],[8.549034720665457,47.227450725869225],[8.548978708471367,47.227529806012356],[8.548818930361584,47.22774317340441],[8.548622458254622,47.2280413894349],[8.54849358301177,47.22822827249208],[8.548387897555761,47.228355435352704],[8.548127845119204,47.228619746880476],[8.54763741353372,47.22914810041244],[8.547360601001385,47.22944706938028],[8.547061618920772,47.229772454980456],[8.546769395563054,47.23008705203125],[8.546499385712977,47.2303776414392],[8.546333668548668,47.23055893002806],[8.546234713102356,47.23067292850868],[8.546151185329272,47.230773699061444],[8.546071267944232,47.230879193494],[8.545994798009456,47.230983458322555],[8.545896555990774,47.23113197456476],[8.545737726866927,47.23139291461428],[8.545604170013625,47.231608417953254],[8.545401309693988,47.23193642854401],[8.545198496588178,47.23226684008368],[8.545078461576043,47.23246077646314],[8.544792812972267,47.23292525167729],[8.544659297597144,47.2331431281864],[8.544502076417528,47.23339810478723],[8.544336470616976,47.233669839344444],[8.544204633661685,47.23388411891471],[8.544018635226893,47.234183413061096],[8.543846358829972,47.234470665145956],[8.543669330688454,47.23478178269863],[8.543539575592288,47.235012701169104],[8.543411709970693,47.235250743811285],[8.543278723975174,47.235494790420475],[8.543144152794728,47.23574719090783],[8.543011188308816,47.23599239737075],[8.54281585988401,47.236347730932394],[8.542667299732829,47.236600237826146],[8.542631661511047,47.23665055847458],[8.542544986939461,47.23676921238458],[8.542429008499964,47.236905985075744],[8.542286975918804,47.237051328053994],[8.542212264185142,47.237119986874376],[8.54209084796235,47.23722439137318],[8.541934834827792,47.23734389766301],[8.541736705749635,47.23748025974267],[8.54147101347691,47.23764651258323],[8.541082819351615,47.23788399404829],[8.540694569470912,47.2381221403595],[8.5403339304658,47.238342165216736],[8.540188993160237,47.238431617034834],[8.540026720427573,47.238527189395036],[8.539741693489027,47.23868699319509],[8.539529105642291,47.238799696322026],[8.539385565690923,47.23887246503604],[8.539297461277929,47.23892091991702],[8.539162382118986,47.23897933163342],[8.538990835878005,47.23904998349545],[8.538932475558177,47.23907148233492],[8.538761903175097,47.23913428944896],[8.53859389340642,47.23920611234507],[8.53842587178055,47.239276738699125],[8.538193879839385,47.23938128563578],[8.53794133269257,47.2395062771037],[8.537663059898547,47.239655297512755],[8.537305371039102,47.239850303888026],[8.537251218913116,47.23987997464404],[8.536964966567687,47.24003681452987],[8.53672812415134,47.24016851715534],[8.536546900130109,47.24026928454408],[8.535966222303932,47.24058423420118],[8.535509972997955,47.24083015239121],[8.535086595272492,47.241061228209695],[8.5349571394541,47.2411386248626],[8.534872695473341,47.241196549689384],[8.53472304834258,47.24131221614373],[8.534587689898679,47.241443218785655],[8.534500820823522,47.24155234185074],[8.534432822935049,47.24164581312476],[8.534377359438588,47.241753432052576],[8.534348954863543,47.241831126482666],[8.534322775929114,47.24190270078689],[8.534295183913953,47.242006510432624],[8.534281565646019,47.24210897282059],[8.534276384353523,47.242197088113635],[8.534276641038721,47.24229466895166],[8.534277790829004,47.242311452634716],[8.534286600739238,47.24244094917409],[8.53429417528778,47.2425752610551],[8.53430035655975,47.24268477656767],[8.534305989276888,47.24278944829775],[8.53430811151781,47.24289297540841],[8.534299736058989,47.24299538792933],[8.534279410996454,47.24311220791524],[8.534246696911396,47.2432220032429],[8.534191561870538,47.24334510016368],[8.534108858418167,47.24348751159247],[8.534054769937903,47.24357727013772],[8.534022508203858,47.243622806187844],[8.53397638211622,47.24367441103572],[8.533931622447206,47.243706968388594],[8.53389182444705,47.243726390109515],[8.533824191410279,47.24375082596686],[8.533751162335504,47.243766560433976],[8.533772647650895,47.24387584954669],[8.533774766257489,47.243980537082365],[8.53376787626741,47.24407105234711],[8.533747197048159,47.24417001948168],[8.533717603966785,47.24426073247869],[8.533677219225511,47.24433729013316],[8.533621290463504,47.244421119897964],[8.533537960957306,47.24453377067706],[8.533459655041451,47.2446356690187],[8.533263635102179,47.2448767303839],[8.533055718832323,47.24483236917857],[8.53297020515817,47.24481778990778],[8.532892731326164,47.24494169193017],[8.532840724272964,47.245034569503765],[8.532824335352402,47.245084461224245],[8.532822993171171,47.24510342748532],[8.532826891917448,47.24512352239815],[8.532837640942473,47.24513882963475],[8.53286052923909,47.24515282521277],[8.532920080705507,47.24517357911834],[8.533015313653216,47.24520991620681],[8.533084902465646,47.245109288387205],[8.533263635102179,47.2448767303839]]}},{"type":"Feature","properties":{"id":102,"t_id":101,"liniennummer":"528,653"},"geometry":{"type":"LineString","coordinates":[[8.450408457455937,47.1016215620191],[8.450395784550114,47.1016055443141],[8.450367506223309,47.1015661132733],[8.45035307135064,47.10153073436671],[8.450341574186092,47.101489068601914],[8.450337683802706,47.10144419638339],[8.450335224240174,47.10141370466712],[8.450331687276183,47.10137010672418],[8.450329716168307,47.101265702150826],[8.450335388043756,47.10107976536175],[8.450340458761584,47.10094293231501],[8.450339236665725,47.10087820111406],[8.450333043056336,47.10079366918838],[8.450318855172537,47.10069041563932],[8.450287249806511,47.10053124527897],[8.450186939144434,47.10011084213302],[8.450091679638376,47.09977371249156],[8.450028926973808,47.09952766591401],[8.449982108262262,47.09932245444686],[8.449941642783811,47.09911811360621],[8.449924150274944,47.09902187871082],[8.449881372767804,47.098694991901105],[8.449855373279126,47.098425071075106],[8.449849243514803,47.09819307215653],[8.449843126464591,47.097961046127395],[8.449847476485623,47.09782296895722],[8.449827198341689,47.097301909954226],[8.44981463789422,47.09682123662339],[8.449805218548839,47.09622986156694],[8.449797913557852,47.09574914188389],[8.449794219142952,47.09546117716525],[8.44978629655788,47.09531844018444],[8.449774672713223,47.09516384345308],[8.449754285069252,47.09500693096838],[8.449738631530547,47.09491661695348],[8.449704467283532,47.094768164675806],[8.449667522130234,47.094656628209215],[8.449619747491859,47.09452613411139],[8.449539874633716,47.09435666512567],[8.449433433036223,47.0941648055961],[8.449306216814602,47.09397908382823],[8.449072035441942,47.093665780928994],[8.449004205800785,47.093579505848794],[8.448932411388121,47.093469462964705],[8.448858699478103,47.09334991944218],[8.448813657000262,47.09327056852155],[8.448791067556947,47.09323146488097],[8.448801860009812,47.09322821252041],[8.448809768434177,47.093224994506585],[8.448816644693217,47.093221524690335],[8.448822517330594,47.093217919764854],[8.44882832423405,47.093213622748095],[8.448833840668371,47.09320859063709],[8.448838237665028,47.093203568366434],[8.448841905403167,47.093198291631175],[8.448844602302119,47.09319322133564],[8.44884688460918,47.09318712017914],[8.448848075059654,47.09318179325544],[8.448848570845534,47.09317595068782],[8.448848210592075,47.09317011564553],[8.448847005434981,47.09316418008225],[8.448843385576621,47.09315522519962],[8.448840096419868,47.09314983870258],[8.448836047652005,47.093144683775535],[8.448831267138601,47.09313984113471],[8.448826261944799,47.09313565715491],[8.448819749966834,47.093131198558055],[8.448813133871296,47.09312750551053],[8.448806570339592,47.09312450466952],[8.448799049480142,47.09312172814027],[8.448791143020092,47.09311945875927],[8.44878233564099,47.0931176110993],[8.448773936918728,47.09311647950247],[8.44876672234673,47.09311597619086],[8.448757869344998,47.093115901082896],[8.448749343607055,47.093116416813885],[8.448740303789634,47.09311761174041],[8.448732719432755,47.09311915370088],[8.448724189103942,47.09312152258443],[8.448716627290915,47.09312426077381],[8.448709770597175,47.093127370584256],[8.448701911404427,47.09313180257803],[8.44869594442771,47.09313599304707],[8.448690978526459,47.09314018371251],[8.448685927436912,47.09314544561483],[8.44868226370362,47.09315023654213],[8.44867903310005,47.09315564436559],[8.448676420173376,47.093161676458976],[8.448674952631258,47.0931669788291],[8.448674122377453,47.09317324713349],[8.448674184569903,47.09317864400666],[8.448675184923383,47.09318489622112],[8.44867677295283,47.093190180730424],[8.448679533827939,47.09319619257852],[8.448682901651441,47.09320156039712],[8.448686679045228,47.09320629491676],[8.448691472890836,47.09321114644199],[8.448697372834863,47.09321597924918],[8.448703002720395,47.093219761933],[8.448709645159417,47.09322345475521],[8.448716766069216,47.093226675595034],[8.44872432577062,47.093229415805496],[8.448732866261498,47.09323177857082],[8.448741103285734,47.09323341535125],[8.44874885432973,47.09323442670392],[8.448757386919672,47.09323497240554],[8.44876592199995,47.093234951355555],[8.448774446230926,47.09323435467551],[8.448782841253195,47.09323319240154],[8.448791067556947,47.09323146488097],[8.448782841253195,47.09323319240154],[8.448774446230926,47.09323435467551],[8.44876592199995,47.093234951355555],[8.448757386919672,47.09323497240554],[8.44874885432973,47.09323442670392],[8.448741103285734,47.09323341535125],[8.448732866261498,47.09323177857082],[8.44872432577062,47.093229415805496],[8.448716766069216,47.093226675595034],[8.448709645159417,47.09322345475521],[8.448703002720395,47.093219761933],[8.448697372834863,47.09321597924918],[8.448691472890836,47.09321114644199],[8.448686679045228,47.09320629491676],[8.448682901651441,47.09320156039712],[8.448679533827939,47.09319619257852],[8.44867677295283,47.093190180730424],[8.448675184923383,47.09318489622112],[8.448674184569903,47.09317864400666],[8.448674122377453,47.09317324713349],[8.448674952631258,47.0931669788291],[8.448676420173376,47.093161676458976],[8.44867903310005,47.09315564436559],[8.44868226370362,47.09315023654213],[8.448685927436912,47.09314544561483],[8.448690978526459,47.09314018371251],[8.44869594442771,47.09313599304707],[8.448701911404427,47.09313180257803],[8.448709770597175,47.093127370584256],[8.44862820579337,47.09304609167935],[8.448512828671115,47.09293404771255],[8.448427416377225,47.0928407842235],[8.448295391206456,47.09267771878921],[8.44805785678384,47.09237039845109],[8.447996035635821,47.09229315565822],[8.447836565954315,47.09209386218998],[8.447722700369889,47.09194996838033],[8.447669336910767,47.091882546414325],[8.447469353285102,47.09162725011427],[8.447380613137662,47.09151232643575],[8.447265764277331,47.091363646099765],[8.447212196279581,47.09129509226008],[8.447040906301275,47.091081193470565],[8.446896233887962,47.09089442580553],[8.446743063279799,47.09071726795792],[8.446584920947082,47.0905544386926],[8.446421730176496,47.09040116194501],[8.446276621213185,47.090283439347466],[8.44614747843256,47.09017983476853],[8.44597435206013,47.09005282200003],[8.445727058361458,47.08987528247159],[8.445398605159602,47.08964372367053],[8.445096687936573,47.08943215386017],[8.445013999472387,47.089376016255045],[8.444558377180021,47.08906677542862],[8.444256644892414,47.08886471027992],[8.443900249970746,47.088628633062406],[8.44352451953663,47.088383215395496],[8.443441982126007,47.08833144726487],[8.44337558481131,47.08828982003391],[8.443328072289109,47.0882600189148],[8.443159546754737,47.08815432652827],[8.442597319530451,47.087812941747835],[8.442294487438183,47.087644210200466],[8.44224507811627,47.08761855423451]]}},{"type":"Feature","properties":{"id":103,"t_id":102,"liniennummer":"641,651"},"geometry":{"type":"LineString","coordinates":[[8.430259843825489,47.178776070478484],[8.430211838253205,47.178763467555626],[8.43011367723792,47.17873330566052],[8.42994971730431,47.1786829127993],[8.429948310902285,47.17868248413249],[8.429711862565618,47.17860966874855],[8.42947399528768,47.17853642431843],[8.429274131924931,47.17847498724854],[8.429074269021463,47.17841354983071],[8.428757749711096,47.17831619810318],[8.428599496667571,47.17826749937026],[8.428441218362467,47.178218845616314],[8.428332140935144,47.178185402778084],[8.428223063976905,47.17815197782433],[8.428223050786105,47.17815197793775],[8.428113627957396,47.17811910457983],[8.428004910303247,47.17808511861179],[8.427928999016547,47.178060169911134],[8.427853744070296,47.17803432496634],[8.427751117458593,47.177997245936666],[8.427750838291502,47.17799713139426],[8.427730694535533,47.17798865982594],[8.427710491373544,47.177979828944885],[8.427690521163552,47.17797075318036],[8.427670797428924,47.177961450407274],[8.427651293622047,47.1779519118583],[8.42763204948153,47.17794214618763],[8.427613064841264,47.17793214440132],[8.427594326843035,47.177921924600945],[8.42757584851145,47.17791147767923],[8.427557656560499,47.17790082139783],[8.42753761570822,47.17788863377369],[8.427524571465893,47.17788025409757],[8.427511748644644,47.177871719594364],[8.427499134053745,47.17786303037739],[8.427486754240856,47.17785419521424],[8.427474596015237,47.17784521421822],[8.427462672567597,47.17783608727613],[8.427450997254823,47.17782682326879],[8.42743954352925,47.177817413428826],[8.42742833810465,47.1778078755178],[8.427417380980998,47.177798209535794],[8.42740667199202,47.1777884064888],[8.427396211470047,47.17777848436505],[8.427384533876337,47.17776695350655],[8.42737472614715,47.17775594631419],[8.42736519343256,47.17774482881269],[8.427355962113843,47.17773360077554],[8.427347005809473,47.17772226242943],[8.427338351066894,47.17771082254182],[8.427329984695273,47.17769928122613],[8.427321906694466,47.177687638482446],[8.42731414361186,47.17767590307823],[8.42730665587525,47.177664075353526],[8.427299496413369,47.17765216384918],[8.427292638678516,47.17764015979779],[8.42728608300285,47.17762808118755],[8.42727984257686,47.17761592790523],[8.427273917566515,47.17760370894497],[8.427263386555547,47.17757997033816],[8.427254651310342,47.177556315256844],[8.427246521014888,47.17753255602847],[8.42723899600072,47.177508710641256],[8.427232089457696,47.17748477898205],[8.427225801385038,47.177460761051016],[8.427220119089762,47.17743668394368],[8.427214326281947,47.17740876670965],[8.427197353821878,47.17726271772917],[8.427183109736832,47.17711652836769],[8.427176561825753,47.17704273160291],[8.427170383100712,47.17696892267037],[8.427164046272884,47.17689512408962],[8.427157643343941,47.17682131707957],[8.427145805242226,47.1766903813855],[8.427133769508174,47.17655945637928],[8.427121720642331,47.1764285314809],[8.427109882714497,47.17629759577055],[8.42710986786287,47.176297505943154],[8.427099026310811,47.176173371261065],[8.427088354455073,47.17604913616682],[8.427079566226041,47.175944027307224],[8.427070883553167,47.17583891753807],[8.427062201080334,47.175733816759625],[8.427053412953866,47.17562870788995],[8.42703498709058,47.175415340018],[8.427016192549747,47.17520200228578],[8.42700629494951,47.175091811476264],[8.426996305059703,47.17498162145574],[8.426986341756901,47.17487144019901],[8.426976431420872,47.17476126747945],[8.426969338853388,47.17468152032248],[8.426962272852876,47.174601781930974],[8.42695527282284,47.1745220429713],[8.426948127890906,47.174442314249504],[8.426948127060424,47.174442269279155],[8.426934521401055,47.17429557056847],[8.426919992196819,47.17414886179087],[8.426911659464915,47.1740862437047],[8.426901719259906,47.17402372937489],[8.426887482852342,47.1739478756243],[8.426879319967174,47.17391802668153],[8.426870393912571,47.173888283241396],[8.426860717879483,47.1738586451904],[8.426850279011536,47.17382913062984],[8.426839077309916,47.17379973955946],[8.426827139487386,47.17377048974077],[8.42680918712877,47.17372985827967],[8.426775569328615,47.173665280358605],[8.426740297016686,47.173601112433744],[8.426697407148707,47.17352733073533],[8.42663561341738,47.173426382968785],[8.426573596857896,47.173325500049714],[8.426518984442616,47.173236949344876],[8.42646428037905,47.173148426386796],[8.426409563306827,47.17305990351399],[8.426354991666301,47.17297138836224],[8.426328125111592,47.172926614434964],[8.426299777049898,47.17288018904713],[8.426201589443288,47.17272277374903],[8.426182995152057,47.172701640947444],[8.426162934705898,47.17268326435109],[8.426129965707071,47.172665925045266],[8.42609969666256,47.17264763602834],[8.426040802020863,47.17261504686938],[8.426110568854554,47.172536232407204],[8.426198742349728,47.17243622847414],[8.426356372293275,47.17223993424677],[8.426517098885817,47.17204209296375],[8.42654845102697,47.17200615667437],[8.426645161907375,47.17188851986364],[8.426730294284837,47.17178038267423],[8.426814788918618,47.171672017008625],[8.426873307713876,47.171596411067796],[8.426931640366696,47.1715207347288],[8.426990012754054,47.171445076007245],[8.4270484911537,47.171369452324754],[8.427097263170348,47.171306820526844],[8.427146101350477,47.17124420612899],[8.427195005195534,47.171181582148975],[8.427243935304189,47.17111895792061],[8.42724800619121,47.17111367857112],[8.427249513260014,47.17111171360031],[8.427360055381431,47.170968203186405],[8.427474860286772,47.170816982862],[8.427576272217234,47.17067414437044],[8.427627070550322,47.17059774078215],[8.427651359285914,47.17055655751468],[8.42766778877813,47.170526938042514],[8.427683462827625,47.17049712715866],[8.427698355223912,47.17046713408419],[8.427712492512146,47.17043696758684],[8.427725848481904,47.17040663688769],[8.427738423300612,47.17037615098099],[8.427775975489611,47.17024397206064],[8.427793781206985,47.17017177398757],[8.427812628208663,47.17008597474492],[8.427829889336786,47.17000001821325],[8.427847916853915,47.16991413604886],[8.42786599723426,47.16982826242044],[8.427930565304276,47.169524909508795],[8.427931790795848,47.16951913285149],[8.427932301163292,47.169516771640296],[8.427939404174559,47.169456458646465],[8.427970320739453,47.16927791982523],[8.428018316290336,47.169099234157756]]}},{"type":"Feature","properties":{"id":104,"t_id":103,"liniennummer":"603,605,611,614"},"geometry":{"type":"LineString","coordinates":[[8.515494468607606,47.166170314156915],[8.515491606763018,47.16605888481032],[8.515487202207398,47.16601369588907],[8.515470647071417,47.16597100451807],[8.515456178537566,47.16594614099296],[8.515436224816044,47.165908258110946],[8.515367944130974,47.165810124764235],[8.515255429151232,47.16565387052871],[8.515158377844035,47.16549914471099],[8.51502858525707,47.16533370540428],[8.514892300738243,47.16515170270382],[8.514766884096938,47.164988651002226],[8.514712892901379,47.164907043583625],[8.514634000522035,47.16480186648716],[8.514586975123533,47.16471900644771],[8.514537717413026,47.16461235576559],[8.514491919687817,47.164532155917044],[8.514476692902344,47.16450627385287]]}},{"type":"Feature","properties":{"id":105,"t_id":104,"liniennummer":"651"},"geometry":{"type":"LineString","coordinates":[[8.428018316290336,47.169099234157756],[8.428039785665792,47.16902760722291],[8.428064257763571,47.16893860212254],[8.42809100402202,47.168849892304664],[8.428120012073189,47.16876152285146],[8.42815419471355,47.16868264413952],[8.42817646863132,47.168635289141925],[8.428199961001024,47.1685882025229],[8.428243652633803,47.168506408426175],[8.428278182882497,47.16844563465014],[8.42831426424332,47.168385288303085],[8.4283869882222,47.16827070769306],[8.428436106787041,47.16819780837977],[8.428487082894296,47.16812550476073],[8.428619934414046,47.16795136922821],[8.42869882767227,47.16785376383832],[8.42878021799993,47.16775710842065],[8.428784946393488,47.167751742392184],[8.428786910073999,47.16774951259968],[8.428901542843455,47.167619521539606],[8.42902409002668,47.167482445741086],[8.429134713061929,47.16735964937056],[8.429245415217297,47.167236879191194],[8.429377740997698,47.16709017456743],[8.429443956534403,47.16701683073641],[8.429510079240302,47.16694346967269],[8.429571232314485,47.166875269812024],[8.429632318793175,47.16680704350323],[8.429693418470553,47.16673882604143],[8.42975455772252,47.16667061719938],[8.429839454743265,47.16657619764202],[8.429924431091528,47.16648180432051],[8.430021231009441,47.16637418460742],[8.430117804511532,47.166266467806764],[8.430154388271438,47.16622560079128],[8.43015842024245,47.16622110427254],[8.430160513688698,47.16621876539046],[8.430341443175243,47.166016741116465],[8.430435001632233,47.16591223442717],[8.430528626495786,47.16580777206123],[8.43060833718112,47.16571904578511],[8.430688100852947,47.165630345979395],[8.430767944053207,47.165541681410616],[8.430847574152232,47.165452919668866],[8.430998657257552,47.16528258198418],[8.431149274166469,47.16511205020509],[8.431332608581767,47.164903553718844],[8.43151584825462,47.16469500376195],[8.431518974056825,47.16469144154976],[8.431521157193488,47.16468896693423],[8.431692240000826,47.16449421275824],[8.431868537777454,47.164293404282944],[8.431868550631037,47.16429338618096],[8.43196871414546,47.1641790969717],[8.432068837002221,47.16406477203725],[8.432269147535145,47.16383613032217],[8.432418502700733,47.16366556266896],[8.43256787010106,47.16349499470092],[8.432799831637274,47.16322948477674],[8.432867462525317,47.16315260934379],[8.432869735674673,47.16315001698108],[8.433032986727428,47.16296444979234],[8.433113544285831,47.16287277278922],[8.43319411492223,47.16278110460775],[8.433274698469484,47.162689436253835],[8.433355255032374,47.16259775008123],[8.43344399699123,47.16249658375354],[8.433532712073465,47.16239540858897],[8.433621413466064,47.16229422447331],[8.433710180958975,47.16219306669895],[8.433803435323021,47.16208710241186],[8.43389676910733,47.16198117333855],[8.433990129230061,47.16187526194686],[8.434083355777576,47.16176927966473],[8.434161370468557,47.16168006165931],[8.434239265382566,47.16159079965543],[8.434317212950663,47.16150154613453],[8.43439520032056,47.161412319198874],[8.434396646608704,47.161410660499456],[8.434399035780205,47.16140793216706],[8.434571117572862,47.16121128466137],[8.434738973767015,47.16100875439352]]}},{"type":"Feature","properties":{"id":106,"t_id":105,"liniennummer":"648"},"geometry":{"type":"LineString","coordinates":[[8.433752486651175,47.14833446173946],[8.433480739095039,47.14843772437817],[8.433448490648157,47.14844997635401],[8.433094046348923,47.14858756059776],[8.432627968757286,47.148761982656964],[8.432578955008346,47.14878030732001],[8.432184058249204,47.148933827523464],[8.431762455836935,47.149093621913956],[8.431538690423869,47.14918018367934],[8.431493559950255,47.149196063544935],[8.431450037271038,47.149204787042365],[8.431404663765742,47.14920756243926],[8.431371334736642,47.149200698587414],[8.431339471815564,47.14917832272503],[8.431277066753765,47.14911092674876],[8.431126952745496,47.14892984596065],[8.43091410847271,47.14866229202791],[8.43062041626774,47.14831167722871],[8.430246339770816,47.14786514229561],[8.430163945494447,47.147766253649564],[8.430008705093533,47.147579926206],[8.429769337336788,47.14729710838414],[8.429599408263147,47.14708283179899],[8.429159716456562,47.14654666007666],[8.4291108826583,47.146488420499395],[8.428954270947086,47.14630168965241],[8.428791463208736,47.1460956984536],[8.42870335458453,47.1459605788493],[8.428667338370893,47.14589453755851],[8.428647098406381,47.14585739815808],[8.428632836759142,47.14583125385454],[8.428570738163879,47.1456851875836],[8.428527428172952,47.14551629077539],[8.428503339349469,47.14534725553264],[8.428497180280708,47.145203091651325],[8.428507056237692,47.14507545856097],[8.42853574281528,47.14492621816481],[8.428575393923527,47.14480309647208],[8.42861215980072,47.14471219472],[8.428654291223316,47.144628398248564],[8.428725558730436,47.144514557666085],[8.42884852073143,47.144362112847574],[8.428985625252388,47.144218730599356],[8.429043894684234,47.14415780568477],[8.429251487034453,47.143953383948215]]}},{"type":"Feature","properties":{"id":107,"t_id":106,"liniennummer":"648"},"geometry":{"type":"LineString","coordinates":[[8.45415516053552,47.17725345719884],[8.454132250324756,47.17723636991655],[8.45406692169159,47.177180841133776],[8.454001684332887,47.177125248540456],[8.453968331635457,47.177096658102656],[8.453935005183972,47.17706805842829],[8.453901848367249,47.17703935829719],[8.453868326006958,47.177010859282625],[8.45381876247584,47.17696989900109],[8.4537681547043,47.17692952362232],[8.453695919303211,47.17687428043454],[8.453660578309995,47.176849350634285],[8.453624612056668,47.17682484013156],[8.45358802088441,47.17680076691389],[8.453529659596294,47.17676404901994],[8.453335949977621,47.176654680058334],[8.453287059895548,47.176627629703376],[8.45323805302538,47.1766006793083],[8.453140169631641,47.17654668735207],[8.453001049731052,47.176469895240686],[8.452862034388732,47.176393030077634],[8.452733176521043,47.176317496549004],[8.452606139071278,47.17624054353766],[8.452535617823276,47.176196978722984],[8.452465760362415,47.17615293125546],[8.452450839079901,47.17614314960986],[8.452445375430177,47.17613956353977],[8.452360736993072,47.176084077947245],[8.452254142407643,47.17601165815937],[8.452132430828119,47.17592606699526],[8.452012778650152,47.175839135228706],[8.451898333164404,47.175754046564116],[8.451767491288898,47.17565300011221],[8.451651192333145,47.17555706991176],[8.45153725668651,47.17545982344038],[8.451497605124395,47.17542520674817],[8.451458175461696,47.175390462152464],[8.451379081251833,47.17532110092505],[8.451270958807427,47.175226348778],[8.451162719056878,47.17513165153572],[8.451131474993094,47.17510768343132],[8.451099631194047,47.175084089411115],[8.451067187830018,47.17506087846863],[8.45103415826121,47.17503805948141],[8.450982151053138,47.175003695223694],[8.450892317022271,47.17495093493301],[8.450801300574378,47.174899120506865],[8.450732212382626,47.174860705435044],[8.450662734545094,47.174822608592066],[8.450593451934203,47.17478436606267],[8.450524182272154,47.1747461053872],[8.450509144197252,47.17473778179627],[8.450502691748056,47.17473421332384],[8.450458244364704,47.1747096234826],[8.45039233258689,47.1746731233199],[8.450260483431395,47.17460015009439],[8.450107675451399,47.1745154688169],[8.44999684419182,47.17446634664612],[8.449873541736132,47.17440579267578],[8.449745156838626,47.1743352622011],[8.449559873691767,47.17422693737984],[8.449411344962359,47.1741249461797],[8.449297206660408,47.17403265583816],[8.449234879816364,47.17396655522454],[8.449130025558354,47.17384752043898],[8.449049698643877,47.17373494491835],[8.448975035564011,47.17362538709861],[8.448878653895767,47.173437983618776],[8.448764738552786,47.173227381539505],[8.448716344064799,47.17312285538157],[8.448680445858658,47.17303319709953],[8.448654415546706,47.17294845372405],[8.448637875918546,47.17284864049453],[8.448637989716813,47.17272535569515],[8.448639702510238,47.172709166692805],[8.448668657025316,47.17244839290237],[8.44867970234646,47.1723416628906],[8.448697390232846,47.17216402573701],[8.448706664039127,47.1720808615755],[8.448723865580375,47.171944563163734],[8.448739847237496,47.17184567889271],[8.448754510136203,47.171779666887545],[8.44876407153069,47.17173481218046],[8.448783691738335,47.17164280453414],[8.448833884481267,47.17145409636882],[8.448916470545438,47.17117013791517],[8.44900116318143,47.17086784596304],[8.449077043552592,47.170617274684005],[8.449138328209145,47.17036849566629],[8.449202007441928,47.17011802239827],[8.449288903235022,47.16980404356413],[8.44942450384282,47.16935135737541],[8.449428452863517,47.16933625515575],[8.449499687850372,47.16906413496376],[8.449583505847137,47.168715190162],[8.449598117667572,47.168657049533024],[8.44964938749748,47.168453038935844],[8.449683520721004,47.16831946105818],[8.449700944318755,47.16820768225122],[8.449704326574917,47.16812767313444],[8.44970240719177,47.16802606731008],[8.449680596603955,47.16790630331637],[8.449644165455062,47.167788331938866],[8.449585655503531,47.16766556197892],[8.449497558440207,47.16752804731358],[8.449442731394145,47.16745917323446],[8.44939746994122,47.16740230512901],[8.449225232955976,47.167208893276374],[8.44908317649106,47.16706020290496],[8.448901698669921,47.16689351652379],[8.44871505949873,47.16671187958467],[8.448685407171595,47.16668037657117],[8.448576018430487,47.16656416962761],[8.448533081521273,47.166518561201194],[8.448380928848476,47.16635328082758],[8.44823054962724,47.16617638043821],[8.448038143116849,47.16594815109154],[8.447826050243622,47.16571176419464],[8.447733579593661,47.165611905923384],[8.447624076811643,47.1654936211107],[8.447459417386844,47.16531178943173],[8.44731960889623,47.16515307414504],[8.447159731902506,47.164964543413504],[8.44700972729312,47.16478260064881],[8.446901789189372,47.164630271278796],[8.446843901127767,47.16454630127057],[8.446700380878532,47.16431215408763],[8.446571622919603,47.164090021411816],[8.446470530987291,47.16391097785158],[8.446419991698901,47.16382144698346],[8.446368230957424,47.16372797774279],[8.44628596776409,47.16357938997825],[8.446161891077582,47.163347212789276],[8.446063061705011,47.16315649081818],[8.445918691839525,47.162884523787426],[8.445764063701965,47.16258599253421],[8.445634812434115,47.162337209283905],[8.445568502555732,47.16218951586785],[8.44550700429681,47.16203676978556],[8.445441920892634,47.16182241750426],[8.445392227957766,47.16166128315442],[8.445374278218027,47.16160309503889],[8.44531410638539,47.16139037287283],[8.4452906227881,47.16130791817238],[8.445207258485693,47.16104921566097],[8.445070524059782,47.16068968995123],[8.444842788136526,47.160127966169654]]}},{"type":"Feature","properties":{"id":108,"t_id":107,"liniennummer":"648,651"},"geometry":{"type":"LineString","coordinates":[[8.439647315171568,47.15517755647563],[8.439477529124702,47.154978630502136],[8.438865638809382,47.15427118859124],[8.438492946710316,47.15385882424661],[8.438169097466949,47.153500475505844],[8.437989773097627,47.15327954611837],[8.43778079683774,47.153011467364564],[8.437396154180519,47.15254710098747],[8.437229440131262,47.15234654383927],[8.437217677423389,47.15233238797281],[8.43714935244018,47.15222745406655],[8.437088577462248,47.15213067653885],[8.437077655390834,47.1521085612856]]}},{"type":"Feature","properties":{"id":109,"t_id":108,"liniennummer":"648,651"},"geometry":{"type":"LineString","coordinates":[[8.439795312646787,47.15528457526584],[8.439801474231494,47.155265702939055],[8.43979917609112,47.155240832224294],[8.43978955300724,47.15521352448361],[8.43977275196462,47.15519375451172],[8.439746966435504,47.15518152902923],[8.439728555266468,47.15517297253273],[8.439704755432514,47.15516820507281],[8.43967377728702,47.155170957383326],[8.439647315171568,47.15517755647563],[8.439628505926803,47.15519002604864],[8.439612369616665,47.15520509906683],[8.4396035613985,47.155221367705984],[8.4396040268824,47.15524626336381],[8.439611723810613,47.155268595341575],[8.439634196000842,47.15529827407932],[8.439650807862028,47.1553093380157],[8.43966630397131,47.15531433065953],[8.439683898002261,47.15532149996415],[8.439705831765188,47.155323791895555],[8.439738629547788,47.155321023744115],[8.439765838933134,47.15531207028832],[8.439782045033816,47.15530072979867],[8.439795312646787,47.15528457526584]]}},{"type":"Feature","properties":{"id":110,"t_id":109,"liniennummer":"528,648,651"},"geometry":{"type":"LineString","coordinates":[[8.437077655390834,47.1521085612856],[8.437094397383056,47.1521068867409],[8.4371137630287,47.15210306647052],[8.437132391756036,47.152096499950645],[8.437147616900328,47.15208631976568],[8.437162092808956,47.152072026114034],[8.437171181643864,47.15205594412285],[8.437172929848737,47.15204221071679],[8.437169941819384,47.15202623354594],[8.437162933608098,47.152008932937896],[8.437146396816498,47.15198484242126],[8.437131503049244,47.15196753828734],[8.437114988558937,47.15195312679783],[8.43709394195971,47.151938223901176],[8.437072980579547,47.15192789000692],[8.437052758998599,47.15192257820788],[8.437029955805839,47.151920958998765],[8.437005892680562,47.151923902473484],[8.43698388472213,47.15192957175511],[8.436962612955007,47.151939363607184],[8.43694744501808,47.15194907550246],[8.436930278231811,47.15196615411475],[8.436921832160007,47.15197993664091],[8.436915484017145,47.15199873847691],[8.43691309722271,47.152014294523354],[8.43691470616007,47.15202844857237],[8.436918986888973,47.152043038211055],[8.436931383128929,47.15206076884409],[8.43694842151994,47.15207569755589],[8.436968774868866,47.15208878039553],[8.43698769342423,47.152097755715175],[8.437009267715908,47.152104890881695],[8.43703211838659,47.15210834477814],[8.437057603050244,47.152109499933864],[8.437077655390834,47.1521085612856]]}},{"type":"Feature","properties":{"id":111,"t_id":110,"liniennummer":"606,641,642,643"},"geometry":{"type":"LineString","coordinates":[[8.456283225663801,47.177939471023656],[8.456350301202672,47.17799719602252],[8.45641707819522,47.17803991007535],[8.456567152703371,47.178093572660345],[8.45683517171867,47.17818116641122],[8.45710310172398,47.17826542298803],[8.45720647364967,47.17830449342593],[8.45726330066287,47.1783373189947],[8.457310561897893,47.178381878412615],[8.457335788638467,47.178420084076535],[8.45734230220877,47.178448299396024],[8.457333206867553,47.17848336352881],[8.45729520057656,47.17854034477304],[8.457221570007649,47.17865262196622],[8.4570834246164,47.1788404477326],[8.456994982483982,47.17895438505815],[8.457187567721995,47.17905929610558],[8.457350526411709,47.179147818310895],[8.45751868363783,47.17925296299605],[8.45765974394251,47.179345015949906],[8.457781057399556,47.17942891370993],[8.45783805760643,47.17947005833484],[8.45790035626253,47.17953447243699],[8.457962795554364,47.17960556894169],[8.457974290670416,47.1796175391511]]}},{"type":"Feature","properties":{"id":112,"t_id":111,"liniennummer":"280,604"},"geometry":{"type":"LineString","coordinates":[[8.515473933995139,47.20203023741628],[8.515676146599127,47.20189999744585],[8.515810172937679,47.2018169650461],[8.515942029392328,47.20173369191335],[8.516073898813888,47.2016504274982],[8.5162095218192,47.20156481593843],[8.516277065426285,47.20152182369638],[8.51634514457147,47.201479213210895],[8.516354663030109,47.201473420932594],[8.516394053910217,47.20144945686931],[8.516412856350609,47.201438027422924],[8.516481359296181,47.20139746387847],[8.516508789910034,47.2013819146406],[8.516536623285296,47.20136670345774],[8.516564845863334,47.201351812465376],[8.516593431795416,47.20133726889189],[8.51662239409688,47.201323063619604],[8.516651706556578,47.2013092058892],[8.516695131703496,47.201289611783956],[8.516731509049096,47.201275930770976],[8.516768238181715,47.20126267824024],[8.516805293071918,47.20124987242627],[8.516842673539097,47.20123750433487],[8.516907849648337,47.20121722971748],[8.516961291617474,47.2012021744342],[8.517015115926633,47.20118775423107],[8.517071450221723,47.201173445429156],[8.517153428760185,47.201151888861254],[8.517235037331133,47.20112966103139],[8.51732730362341,47.201103168353725],[8.517418887881501,47.201075584530116],[8.517509750512062,47.20104690993324],[8.517605672958219,47.20101520132104],[8.517669855693155,47.2009921649358],[8.517733428938055,47.200968360606055],[8.517796379857664,47.20094380644421],[8.51790736860084,47.20089804921365],[8.518157794636473,47.20077478319861],[8.518423618521389,47.20063890436208],[8.518595057922788,47.200550102447025],[8.518765945543958,47.20046080169263],[8.518774330270556,47.200456405162726],[8.518821634555454,47.200431592395006],[8.51894646449964,47.200366120916186],[8.519126337959698,47.2002708791837],[8.519358867175232,47.200144647951575],[8.519589636264724,47.20001693049616],[8.51979535001283,47.199900791249256],[8.520000539316621,47.19978421576443],[8.520104114378332,47.199725149549906],[8.520207595385044,47.19966601215796],[8.520414663734073,47.1995478080515],[8.520573638825972,47.199457132175034],[8.520653139547546,47.19941180302357],[8.520732613378799,47.199366456076945],[8.520738823820516,47.199362898430884],[8.520787086264649,47.19933530518595],[8.52078903024486,47.1993341894548],[8.520841558905083,47.19930414527493],[8.520950504177492,47.199241834368806],[8.521133063502857,47.19913749660643],[8.521224986852518,47.19908584330535],[8.521315635311652,47.19903315842767],[8.521377184778046,47.19899563480202],[8.521437755758638,47.19895737370985],[8.521514329524296,47.19890705192967],[8.521540254245368,47.19888831318969],[8.521565684516228,47.19886927324378],[8.521590633532684,47.19884993196825],[8.52161508828122,47.19883029848127],[8.521639022370579,47.19881037303144],[8.521662449360846,47.19879017348277],[8.521685355874448,47.19876969096569],[8.521712119194001,47.198744791314105],[8.52179714325898,47.198649043084096],[8.521880356749982,47.19855253819847],[8.521998761108788,47.19841196559114],[8.522116939062888,47.19827132301686],[8.522231507641273,47.19813496019675],[8.52234586304953,47.19799852729395],[8.522394364061135,47.197936558941954],[8.522458350111815,47.19784677436797],[8.522459525097098,47.197844838251285],[8.522483236224916,47.19781134036274],[8.522527250777612,47.19773705423475],[8.522562201423229,47.197659668972705],[8.522586788623563,47.19758734682663],[8.522597894938418,47.19755642336798],[8.522606193941344,47.197526992618116]]}},{"type":"Feature","properties":{"id":113,"t_id":112,"liniennummer":"528,648,651"},"geometry":{"type":"LineString","coordinates":[[8.43694744501808,47.15194907550246],[8.436889776386371,47.15190429225029],[8.436822272253265,47.15184332133542],[8.43679058698076,47.15181441464372],[8.436724051685198,47.151741741035096],[8.436700765209695,47.15171631470077],[8.43656564095852,47.15155201351522],[8.436538521738951,47.151519037135365],[8.43648389680882,47.151452152170464],[8.436472939459527,47.15143873587462],[8.436372069679827,47.15131521109022],[8.436350923925287,47.151296377858465],[8.43631230524671,47.15124918021791],[8.436273751886544,47.15120194601581],[8.436235198761974,47.15115472079436],[8.436196580119983,47.15110751411934],[8.436143923030098,47.15104358046613],[8.436091135062915,47.15097969290155],[8.436038412974504,47.15091579574618],[8.43598571704492,47.15085188034883],[8.435925881025456,47.15077912121659],[8.435866097737156,47.15070635260074],[8.435806327627816,47.150633574844214],[8.435746479247072,47.150560833717435],[8.435624036414016,47.15040593882317],[8.435446721187866,47.1501905203522],[8.4352434378478,47.149943590226044],[8.434979128779126,47.149624917928385],[8.434828173691033,47.149439783159885],[8.434525861936457,47.149069021751956],[8.434419190778629,47.14894077783733],[8.434120530275727,47.14858170498563],[8.433985161075158,47.14841897712931],[8.433935923626931,47.1483649349916],[8.433985161075158,47.14841897712931],[8.434120530275727,47.14858170498563],[8.434525861936457,47.149069021751956],[8.434828173691033,47.149439783159885],[8.434979128779126,47.149624917928385],[8.4352434378478,47.149943590226044],[8.435446721187866,47.1501905203522],[8.435624036414016,47.15040593882317]]}},{"type":"Feature","properties":{"id":114,"t_id":113,"liniennummer":"607"},"geometry":{"type":"LineString","coordinates":[[8.474392324999844,47.18700231047839],[8.474295991786944,47.18707481765079],[8.474279525252916,47.187108276277016],[8.474273106194838,47.18715499389711],[8.474276643138147,47.18721160700293],[8.474287686279073,47.18726675827252],[8.47429829082633,47.187319700583075],[8.474337617173617,47.187457626245134],[8.474413313852775,47.18770685032976],[8.474466470158074,47.187927959206434],[8.474522823751911,47.18813357594849],[8.474623819972908,47.18848988900393],[8.47462758626827,47.188522886730794],[8.474642763238187,47.18857614767327],[8.474700912565288,47.1888021950066],[8.474789668953328,47.18909463276929],[8.474893578425798,47.18950238278458],[8.475032717518534,47.19000319820533],[8.47504333760741,47.19008139974853],[8.47504257602315,47.19013609046809],[8.475027235432202,47.19019091242879],[8.474998967870826,47.19023714307465],[8.474957736257945,47.190273550341495]]}},{"type":"Feature","properties":{"id":115,"t_id":114,"liniennummer":"606,642,643"},"geometry":{"type":"LineString","coordinates":[[8.458045421632498,47.17965454652833],[8.458137686515931,47.179678988824826],[8.458186895634533,47.17969688586225],[8.458253816565804,47.17974627227464],[8.458328198892957,47.17980225824094],[8.458435493939383,47.17991959896087],[8.458530968496278,47.18005703239221],[8.458619299681752,47.18020452308053],[8.45869289405262,47.18034716077046],[8.458746694967337,47.180466774349036],[8.458823011514006,47.180635897662704],[8.458939181484617,47.18083312953869],[8.459007629208868,47.18096247226558],[8.459049002520043,47.181082060926386],[8.459072297784981,47.18116759982602],[8.459049002520043,47.181082060926386],[8.459007629208868,47.18096247226558],[8.458939181484617,47.18083312953869],[8.458823011514006,47.180635897662704],[8.458746694967337,47.180466774349036],[8.45869289405262,47.18034716077046],[8.458619299681752,47.18020452308053],[8.458530968496278,47.18005703239221],[8.458435493939383,47.17991959896087],[8.458328198892957,47.17980225824094],[8.458253816565804,47.17974627227464],[8.458186895634533,47.17969688586225],[8.458137686515931,47.179678988824826],[8.458045421632498,47.17965454652833]]}},{"type":"Feature","properties":{"id":116,"t_id":115,"liniennummer":"280,603,604,631,632,634,636"},"geometry":{"type":"LineString","coordinates":[[8.52527947785639,47.195981862419835],[8.525130306272624,47.19592792920896],[8.5249532536421,47.19585604277014],[8.524757659013407,47.19577310446251],[8.524639784922075,47.195733079440096],[8.524514790109912,47.19570308858015],[8.524395095274286,47.19566307148566],[8.524168175287944,47.195567959679224],[8.524096921950534,47.19553866709114],[8.524143923647202,47.1954810659289],[8.524118278170976,47.19547441707749],[8.523961968559878,47.19542889758254],[8.523905336673307,47.195407985884664],[8.523674518139815,47.19531251405821]]}},{"type":"Feature","properties":{"id":117,"t_id":116,"liniennummer":"603,604,631,632,634,636"},"geometry":{"type":"LineString","coordinates":[[8.523798951528802,47.19369104443623],[8.523755644754045,47.19377655101741],[8.523686465970817,47.193916427951685],[8.523605956857393,47.19407873869427],[8.5235928214766,47.19410455391629],[8.523485074720476,47.19431640813205],[8.52342818750353,47.19441690326026],[8.523366540651214,47.19453976128566],[8.523286102022086,47.19470564235072],[8.523167377223166,47.19492097298249],[8.523080842866946,47.19506419740506],[8.52334779394866,47.195185075416674],[8.523674518139815,47.19531251405821]]}},{"type":"Feature","properties":{"id":118,"t_id":117,"liniennummer":"603,614"},"geometry":{"type":"LineString","coordinates":[[8.514476692902344,47.16450627385287],[8.514651931118188,47.16445703934131],[8.514783630460023,47.164411774025965],[8.514863619676467,47.1643865307646],[8.5148963470654,47.164376221499694],[8.515109671996576,47.164312344946936],[8.515358317868559,47.16423139658096]]}},{"type":"Feature","properties":{"id":119,"t_id":118,"liniennummer":"648,651"},"geometry":{"type":"LineString","coordinates":[[8.439795312646787,47.15528457526584],[8.43990603274575,47.155350835568804],[8.440056073419749,47.155469035717914],[8.440350425592879,47.15569303546384],[8.440589103001273,47.15586771991072],[8.440616535936492,47.155887613067726],[8.440874022375173,47.15607437608181],[8.441253554846107,47.15636360494127],[8.441661244139778,47.156694911209534],[8.441965457151335,47.15695740286426],[8.442310557327861,47.1572593963818],[8.442638974782987,47.15754781622607],[8.442859748946615,47.15773884425257],[8.44314923700803,47.15799399501981],[8.443498049123226,47.158298408399006],[8.443746691091922,47.15851657383843],[8.443986060067857,47.15872611207097],[8.444108742005545,47.15884578743545],[8.444218696910754,47.15896681528728],[8.444295325277189,47.159063252608846],[8.44436850128206,47.15916966014751],[8.444458799170498,47.159312035131386],[8.444530574436062,47.15944212212275],[8.444598643230481,47.159567248939105],[8.444636790068873,47.159655296771824],[8.444709177300737,47.159816493929696],[8.444842788136526,47.160127966169654],[8.444394290765374,47.16021519516707],[8.443933646612088,47.160313026339445],[8.443862527537474,47.16032813051983],[8.443603535908716,47.16038037214748],[8.443215152842532,47.16046434580021],[8.442840678825338,47.160545309168846],[8.442606008123457,47.16059139021068],[8.442454669232001,47.16061531641067],[8.442310136662748,47.16063086215558],[8.442120202043983,47.16064323244782],[8.441921011026446,47.16065430681648],[8.441586856129163,47.16067287219852],[8.441187728849984,47.16069539405026],[8.441032671793145,47.16070744965516],[8.440977798459057,47.16071543896079],[8.440919584163987,47.160723907119426],[8.44063559340873,47.16077674658257],[8.440086451076336,47.1608933959147],[8.439471222684194,47.161023705956126],[8.438920783866912,47.161143230528914],[8.438343331117768,47.16126199763745],[8.437966094177659,47.161346117455906],[8.437725689099127,47.16139698791579],[8.43754379506951,47.16143545783255],[8.437067580611716,47.161534799755636],[8.436921604711785,47.161565805556656],[8.436846807687536,47.16157836454783],[8.436733659306435,47.161592434575454],[8.436587594522056,47.16161869107461],[8.436127033393579,47.16171669690454],[8.435734318959902,47.16180221187887],[8.435537364546798,47.16183877610616],[8.435486884077175,47.161725815675915],[8.435410228606925,47.16154440102573],[8.435329955480736,47.1613570806009],[8.435290363746487,47.16129196299257],[8.43525275655242,47.16123992568776],[8.435204989377135,47.161204636105175],[8.435148625680938,47.16117656341099],[8.435072964886045,47.16114271174703],[8.43493056322217,47.16108443932413],[8.434738973767015,47.16100875439352]]}},{"type":"Feature","properties":{"id":120,"t_id":119,"liniennummer":"648"},"geometry":{"type":"LineString","coordinates":[[8.434738973767015,47.16100875439352],[8.434809115279865,47.16094023084288],[8.43487097088205,47.16087011481175],[8.4349328395086,47.16079999863199],[8.43499462851922,47.160729865114725],[8.435081632284474,47.160630592543754],[8.43516848983881,47.16053127619049],[8.435342349532691,47.160332669005825],[8.435748452262466,47.159869010529434],[8.435749136727312,47.15986823098123],[8.435751616222024,47.15986540288473],[8.435829219478737,47.15977705079679],[8.435910013124925,47.159685108765025],[8.435990859573373,47.15959318420551],[8.436071599416595,47.15950121553113],[8.436152342950459,47.159408752008666],[8.436232979710432,47.15931623537747],[8.43631362954526,47.159223727567486],[8.436394372409643,47.15913127286307],[8.436475007217684,47.15903940374508],[8.436555734889444,47.15894757873846],[8.436717096261132,47.15876388437939],[8.436907367690669,47.158547105203155],[8.43709754443821,47.15833028153153],[8.4370980866707,47.15832965613329],[8.437100682347271,47.1583267010596],[8.437310027750708,47.15808768956167],[8.437522509136214,47.15784509718522],[8.437765366025657,47.15756819245516],[8.438008392989753,47.15729134866373],[8.43821084990498,47.15706100397369],[8.43831211751742,47.156945844637704],[8.438413331615886,47.15683066767953],[8.438538907881648,47.156687518625375],[8.43860164927738,47.15661592645799],[8.438664496660857,47.15654436931462],[8.438664509678299,47.15654436020592],[8.438664574093444,47.15654427868605],[8.438667311948613,47.15654117840959],[8.438728241573452,47.15647215665271],[8.438791947093788,47.156399962286315],[8.438791959943138,47.156399944183505],[8.438975258142099,47.15619057130445],[8.439154966969081,47.15597973606133],[8.439219892174753,47.15589595355081],[8.439284086943855,47.15581190748623],[8.43932360817471,47.155759623405544],[8.439362956911392,47.15570728683688],[8.439420592353558,47.15563074606287],[8.439478533076404,47.15555431954374],[8.439515373316448,47.15550678138061],[8.439551735629486,47.15545907644672],[8.439551915513597,47.15545882300617],[8.439554359152023,47.155455509373],[8.439629190446194,47.155353586343466],[8.43966630397131,47.15531433065953]]}},{"type":"Feature","properties":{"id":121,"t_id":120,"liniennummer":"601"},"geometry":{"type":"LineString","coordinates":[[8.519269121152224,47.181416454674284],[8.519270606877368,47.181416197844385],[8.519291577426308,47.18141254665037],[8.519321527732615,47.18140732686854],[8.519518178840052,47.18137315916502],[8.519572409128585,47.18136352835539],[8.519670437511996,47.18134839467362],[8.519739424660337,47.181337761614344],[8.519892608677086,47.18131440044926],[8.520219003219575,47.18126499754118],[8.5205200245115,47.18121816205283],[8.520667125541014,47.18119480304935],[8.520961746330393,47.181149888658275],[8.521006770666894,47.181142403727655],[8.521191652791275,47.18111159123014]]}},{"type":"Feature","properties":{"id":122,"t_id":121,"liniennummer":"613"},"geometry":{"type":"LineString","coordinates":[[8.525739094565424,47.171133923661095],[8.525850260879306,47.17110872017798],[8.525938633973032,47.17108813980782],[8.525988470466755,47.17107188156981],[8.526028639024457,47.17105439229729],[8.526064849508506,47.17103167795023],[8.526108361274545,47.17098915812498],[8.526140372936295,47.17094937368676],[8.526174056407942,47.170897735153645],[8.526220643599482,47.17081701763979],[8.52627438426223,47.17070728446706],[8.526309417804784,47.17062667610177],[8.526325618458182,47.17057678598446],[8.526333005663092,47.170554074090354],[8.526341577097055,47.170501359473526],[8.526346069867051,47.17043683612073],[8.526344135612934,47.17039618502381],[8.526342726948346,47.17036711536906],[8.52633403581284,47.17031982636709],[8.526315396006105,47.17025683501274],[8.526281044951217,47.170180831491656],[8.526247282346604,47.17013377942938],[8.52620754266768,47.17007756329107],[8.526124453549613,47.169977030360656],[8.526000100495375,47.169840014051914],[8.525883717541339,47.169714787588596],[8.525777296539488,47.16960525428638],[8.525702204592076,47.16951910153384],[8.525660687334392,47.16946948682303],[8.525607069889505,47.169394987445735],[8.525578977862477,47.16934261017117],[8.525548546158861,47.169269205140345],[8.525525856410106,47.16919704034806],[8.525504930140423,47.1691181751192],[8.525488245611818,47.16905526411162],[8.525462428222875,47.16892391040228],[8.52543024706528,47.168764982108996],[8.525400191780285,47.168615245284826],[8.525372650003291,47.168494441750724],[8.52533828991647,47.16832237334208],[8.525312273064946,47.16818180990721],[8.525280814090374,47.16805840760297],[8.525243645857453,47.1679390082933],[8.525210862502478,47.16784456651678],[8.525185231522137,47.167796402857995],[8.525169035471471,47.16776596152579],[8.525122565698133,47.16767826975442],[8.525076745456992,47.167606323239255],[8.52504291903715,47.1675566446885],[8.525005321293538,47.167509619468895],[8.52489830587179,47.16737114291851],[8.52479690686773,47.16722470606915],[8.52467379516417,47.167053475096196],[8.524548758827045,47.16688226215379],[8.524471133178205,47.166764557722324],[8.524421197276856,47.16668081148584],[8.524384792421012,47.166598250927926],[8.524365982642317,47.1665273536494],[8.524355114737764,47.16646692435611],[8.524342361539276,47.16640913958292],[8.52432089258134,47.166301430133316],[8.524295933797337,47.16621349908874],[8.524270482900452,47.16613056527499],[8.524381683893427,47.16610690101949],[8.524426939615545,47.1661017153057],[8.524460141470565,47.166103776877144],[8.524514586120153,47.16612111952783],[8.524560627460994,47.16615400500383],[8.524631900031071,47.16622711485504],[8.524742275585577,47.166334371974436],[8.524824212786342,47.166416898466395],[8.524929037520858,47.166509931681006],[8.52506568623604,47.16662288661093],[8.52518110566604,47.166720569285324],[8.525282280765175,47.16680529766038],[8.525399428588196,47.166902963797924],[8.525539695173473,47.167021848132975],[8.525667387446836,47.16712297669147],[8.525784609377919,47.167224222017715],[8.525860940355024,47.16728775692017],[8.525933897668734,47.16735727877965],[8.525987462457657,47.16741627899146],[8.526039574293838,47.167490756457596],[8.526104406004361,47.16759010365839],[8.526149019084073,47.16764217176902],[8.52618127006838,47.16767982869204],[8.526241871287109,47.16774233356729],[8.526288060024319,47.167782350532384],[8.526332398311963,47.167817635257954],[8.526477638681921,47.16792336476982],[8.526599785108338,47.1680090901809],[8.52668328830923,47.16808208314811],[8.526784685780198,47.16817750396528],[8.526852519922116,47.168251841396234],[8.526904391825536,47.168314419478534],[8.526974171600061,47.16839944328097],[8.52705540192283,47.16853315123046],[8.527100249654886,47.16859342979965],[8.52714137342106,47.1686418243193],[8.52722666749316,47.16871717481365],[8.527340088514709,47.16880179456065],[8.52754001075285,47.1689367540887],[8.52766743430949,47.169023615878494],[8.527833441210623,47.16912082619409],[8.527939316632054,47.16917682060399],[8.528008095770334,47.16921319570689],[8.528124381791171,47.16926802091564],[8.528208660929504,47.16929340038557],[8.528291137746956,47.169316422004236],[8.528439963337041,47.16934000269468],[8.52862175992123,47.16935613735117],[8.528782736693536,47.16937722765437],[8.528893849410428,47.169393671614245],[8.528957836250667,47.16940649592506],[8.529001717172974,47.169419177861684],[8.52908599696615,47.169444556688184],[8.52914584084061,47.169468979583385],[8.529226917063946,47.169508682778954],[8.529290509323545,47.16954614977655],[8.529364875767644,47.16959900516116],[8.529421758601877,47.169649642364625],[8.529471724232177,47.169703907391266],[8.529507591142254,47.16975117247729],[8.529532876259985,47.169793779153245],[8.529558454913573,47.169828781703046],[8.5295846067066,47.16989189926678],[8.529622049083915,47.16999508443419],[8.529664841534405,47.17010446185958],[8.529696042798795,47.17015772624933],[8.529740477611616,47.170218889297274],[8.52980051090769,47.170274543014344],[8.52985495779145,47.17031240227027],[8.529913145009452,47.17034220189921],[8.529977723095888,47.17036389876887],[8.530053901918674,47.17037746145083],[8.530136508064473,47.1703847111352],[8.530201913722204,47.170382300641485],[8.53026847154242,47.17037364518478],[8.530329157103202,47.17035971096439],[8.5303414332775,47.1703568868146],[8.530388202298171,47.17034037688198],[8.53044393704084,47.1703139586032],[8.530489117148429,47.17028228801305],[8.530531784069634,47.170256749307214],[8.530459059577229,47.17019912937547],[8.530400507119793,47.170152079795756],[8.53036316538527,47.170117926664716],[8.53032036914351,47.17007310242886],[8.530278987483747,47.17001161377902],[8.530258790075315,47.16996302186234],[8.530252191901035,47.169925383608444],[8.5302508909514,47.16991786657517],[8.530253148378474,47.169857160390286],[8.530269030166188,47.1697808344287],[8.530295202853685,47.16969490242357],[8.530326306943397,47.16959464750422],[8.530355864146003,47.16950392466461],[8.530369812861561,47.16941691217278],[8.530372202615546,47.16936334728228],[8.530366068753933,47.16931937167383],[8.53034738249654,47.169258846169214],[8.530318308939675,47.16920319589844],[8.530278790077698,47.16914763570826],[8.53024491982018,47.169112262179446],[8.530177662270798,47.169066482488596],[8.53009303184127,47.16902326037846],[8.530003335432825,47.16898840724431],[8.529855657378228,47.16893505102752],[8.529786500280686,47.16891123855518],[8.529737920438672,47.168894517436684],[8.529574282467523,47.16882824147553],[8.529359629105583,47.168742208566],[8.529078134891137,47.16862944381341],[8.528905525367652,47.16855134165842],[8.528688866823675,47.16845223781319],[8.528544444480184,47.168386965817206],[8.528424350086217,47.16831670455202],[8.528342961295492,47.1682615312137],[8.528267906663144,47.1681753797328],[8.528240638032429,47.16812207771921],[8.528216514587443,47.168050916505806],[8.528208168323753,47.16798434662441],[8.528215892514606,47.16793548098576],[8.528234101378098,47.167886525069235],[8.528250943464514,47.16785660792924],[8.528283274587036,47.167815839278916],[8.528329569576567,47.16777612582065],[8.528377874149882,47.16774830357846],[8.528467746600537,47.16770580253399],[8.528542066586372,47.16766845030971]]}},{"type":"Feature","properties":{"id":123,"t_id":122,"liniennummer":"528,653"},"geometry":{"type":"LineString","coordinates":[[8.441364373296503,47.08137817687633],[8.44142294520109,47.08135471760381],[8.441467732405807,47.08132932760033],[8.441513909798738,47.08128251564909],[8.441547948182809,47.08123938094166],[8.441578207846739,47.081180806584584],[8.441598025933391,47.08112231437539],[8.441603922637984,47.081065140123386],[8.441603143670127,47.0810235057696],[8.441591910052864,47.08098195368635],[8.441573622006898,47.08093569545631],[8.44153198381018,47.0808527496355],[8.441490238477337,47.08076266213817],[8.441427653421805,47.08058351904802],[8.441352067814206,47.08035139668496],[8.441342637232164,47.080322440828525],[8.441305105341986,47.080178773997524],[8.441283099325313,47.08002664162413],[8.44126678771334,47.079899440646166],[8.441250331940171,47.079672289535004],[8.441240845332775,47.07944388116237],[8.441239289845484,47.07926776762506],[8.44124125253257,47.07918682503873],[8.441251766393158,47.07909628136144],[8.441266412754532,47.07894857881816],[8.441275064547407,47.078852123206865],[8.441273551258416,47.07877121094813],[8.441251063289528,47.078686919435114],[8.441225512999944,47.07862406444751],[8.441177090142416,47.078550695155144],[8.441116657724272,47.0784857696681],[8.441024431845149,47.078397327887444],[8.44086189476088,47.078276179301625],[8.440811445362879,47.07823876542529],[8.440739974558953,47.07818559448354],[8.440561548494195,47.07805267374468],[8.440460821487813,47.07797501056123],[8.440375704896061,47.07789483630524],[8.440306366939387,47.077820452590814],[8.440240492353578,47.0777460656269],[8.44016709207666,47.077639593540994],[8.440073900061382,47.0774999737996],[8.439937462211056,47.07728338574015],[8.439802976574358,47.07707749440495],[8.439696972647178,47.07690465687641],[8.439651953541194,47.07682649855153],[8.43960844161473,47.07673525629839],[8.439569921156965,47.07663206020766],[8.43954895648158,47.07653465731642],[8.43953470790368,47.0764252855744],[8.439526517596986,47.07626588982838],[8.439521140637382,47.076164788811965],[8.43951972638259,47.07611231111315],[8.439518380104758,47.07606206375981],[8.439517025097848,47.07601134870466],[8.439515369048756,47.07594944559681],[8.439500819069174,47.07572940212578],[8.439480246708708,47.07556058776409],[8.439451285899974,47.07540865947573],[8.43944741674903,47.07538831787719],[8.439427450803054,47.075301350274835],[8.43940760031893,47.075214921405305],[8.439346379620533,47.07501432839908],[8.439282044103278,47.07483519029569],[8.43919634455169,47.07462887324972],[8.439075295512184,47.074396677451396],[8.438974503491336,47.07422259740367],[8.438764748803798,47.07390431100495],[8.43861059714883,47.0736712064782],[8.438493964662706,47.073487773410335],[8.438407224955593,47.07332072215008],[8.438331085241643,47.07316073017561],[8.43824688143395,47.072942489049176],[8.438165869616977,47.07270756000268],[8.438077149333981,47.072433431626685],[8.437986866714912,47.072105810197556],[8.437911090245615,47.07179913048138],[8.437851281208067,47.071539539365865],[8.437771664295282,47.07119272702613],[8.437739692458907,47.07106818941807],[8.437702143091615,47.07092201161398],[8.437594561450686,47.070569487173856],[8.437537393416155,47.07042040338375],[8.43752131384931,47.0703785241725],[8.437470305790121,47.07025758838382],[8.437395977236058,47.07010114230758],[8.437302617046452,47.06992595262913],[8.437242574129494,47.069813299390226],[8.43702999199614,47.069434313185845],[8.436782976806462,47.06898423570508]]}},{"type":"Feature","properties":{"id":124,"t_id":123,"liniennummer":"604,631,632,634,636"},"geometry":{"type":"LineString","coordinates":[[8.526061392688657,47.195366458508445],[8.526121948993278,47.19520189669723],[8.526190498781922,47.19503650370919],[8.526193530948,47.195029854302774],[8.526310695623543,47.194781215456345],[8.526355442918565,47.19466416469568],[8.526364903248757,47.19461408673725],[8.526366053555044,47.1945843363952],[8.526353168719522,47.19455231681975],[8.526325987747471,47.19450259401126],[8.52630803420837,47.194478961241686],[8.526295501653326,47.19446361618628],[8.52626893643135,47.19444482343844],[8.526247803127962,47.1944355057205],[8.526179367139465,47.194419492304974],[8.526053204985065,47.1943968905501],[8.525890304674563,47.19436986791902],[8.525762400708855,47.19434726430459],[8.525669445129616,47.19432672342682],[8.525593994472857,47.194308401053405],[8.52552200520027,47.19428766211985],[8.525433438228879,47.194259019561635],[8.525418320677256,47.19425413371585],[8.525260077056913,47.194199692616415],[8.52502086847537,47.19411269557012],[8.524713058669839,47.19400015896568],[8.524615456181758,47.19396713919699],[8.524517947271045,47.1939341724375],[8.524226155061847,47.19383696491229],[8.524036221321417,47.19376853592597],[8.523798951528802,47.19369104443623]]}},{"type":"Feature","properties":{"id":125,"t_id":124,"liniennummer":"601,604,616"},"geometry":{"type":"LineString","coordinates":[[8.514660605262081,47.17240344167206],[8.514997120011964,47.172301531801075],[8.515427209980931,47.17216659504049],[8.51588149537706,47.1720207253632],[8.51611750005379,47.17195425120118],[8.516339752630266,47.171898619135824]]}},{"type":"Feature","properties":{"id":126,"t_id":125,"liniennummer":"602,605,612,613"},"geometry":{"type":"LineString","coordinates":[[8.51380973601981,47.171051163521966],[8.513975794353088,47.17133900170351],[8.514009021874402,47.17138290478824],[8.514029712164861,47.171396339845934],[8.514056017896616,47.17141088286391]]}},{"type":"Feature","properties":{"id":127,"t_id":126,"liniennummer":"642,643"},"geometry":{"type":"LineString","coordinates":[[8.43597477984509,47.20791941480975],[8.436067885622656,47.207930266579716],[8.436153573211065,47.207936181063495],[8.436268325577378,47.20792853047013],[8.436417065017661,47.207907245080506],[8.436616945529696,47.20787553141478],[8.436746311561771,47.207864407405964],[8.436849010710128,47.20786518147134],[8.436937095676928,47.2078694104367],[8.437037633229767,47.20788520746295],[8.437135946798723,47.207912681772335],[8.43720005021742,47.207941828923275],[8.437222230233859,47.20795191839695],[8.43729401936774,47.20799961041885],[8.437368530088346,47.20806226519643],[8.437502777934561,47.20818105511217],[8.437547956986554,47.20822174543229],[8.437711649380073,47.208369173067375],[8.437808180509457,47.208450967735835],[8.437900446491925,47.20852913818712],[8.43803489878746,47.20863684333493],[8.438056822794573,47.20865440108551],[8.438193128656996,47.20875318448178],[8.43828976784976,47.2088223212313],[8.438373874086688,47.208874898146235],[8.438467791753306,47.20892906297638],[8.438635738284855,47.209019241392596],[8.438798153361246,47.20910371951761],[8.438843637181813,47.20912531836809],[8.43903247169947,47.20921497298152],[8.43908211988957,47.20923900931198],[8.439279208207783,47.20933444785837],[8.439552911543045,47.209458689320876],[8.439846007260805,47.20957443178403],[8.439911115205327,47.20959993455411],[8.440153874512966,47.209695037528114],[8.440301484638134,47.20975494082124],[8.440459377286842,47.209819009328434],[8.440774666262904,47.20994455033675],[8.441087434439458,47.210065110967086],[8.441357912748153,47.21017603601904],[8.441417590621718,47.21020051476398],[8.441668707710136,47.21029330194416],[8.441690183350348,47.21030163359531],[8.441924833882105,47.210392692578225],[8.442185839887937,47.21049038496794],[8.442385223021638,47.21056195134921],[8.442527973354322,47.21061235000903],[8.44268047302151,47.21066099934672],[8.442818152724435,47.21070144791916],[8.442948462853462,47.21074029643414],[8.443110555921729,47.21077886761828],[8.443308621374824,47.21082513973161],[8.443351209807124,47.21083508599491],[8.443527967363714,47.21087352867076],[8.443748748204918,47.210913251058315],[8.443906364262622,47.21094112863824],[8.444116722490236,47.21097834161196],[8.444511508170478,47.21103987752579],[8.444876948546117,47.211099995323025],[8.445321618000278,47.21117459480923],[8.44557912574196,47.21121565684923],[8.445853833868842,47.211261569366286],[8.446060332399242,47.21129417091388],[8.44611375784519,47.211302609087184],[8.446224473295423,47.21131650104597],[8.446300017038821,47.211325978010294],[8.446481347890394,47.21134770761076],[8.446775385409774,47.21138179070081],[8.44683089958421,47.2113868729501],[8.447008060778348,47.21140307903853],[8.447235821166009,47.2114227367955],[8.447469547552334,47.21143673768416],[8.447527103548659,47.211440182534126],[8.44773616111233,47.211455793262495],[8.447786621019684,47.21145956102228],[8.448051138081022,47.21147663725322],[8.448104866284334,47.2114801063668],[8.448452471013315,47.21150203959289],[8.44869516039961,47.21151667005595],[8.448790264320257,47.21152240266147],[8.449154975842129,47.21154420172613],[8.449340526074415,47.211556480581635],[8.449432931140755,47.2115625961588],[8.449443835782125,47.21156331904402],[8.44958339792636,47.211573752237854],[8.44970111500951,47.21159271581133],[8.449868067715327,47.211629570723815],[8.450062253537743,47.211684509980806],[8.450268864451116,47.21174934272018],[8.45042391067379,47.211802951988176],[8.450507794715381,47.21184219983897],[8.450604190176776,47.21189800627033],[8.45065657464223,47.2119525171907],[8.450779351316191,47.2121097132654],[8.45079439273679,47.21213090929565],[8.45082054300477,47.212167794713125],[8.45086309112771,47.21222778925131],[8.450887369786338,47.21226203744444],[8.450923014174466,47.21233670124374],[8.450931267288409,47.21238494326473],[8.450935695528095,47.21248986324298],[8.45094416931358,47.212549761423524],[8.450964442639497,47.21258790384973],[8.450986918913133,47.21261270465038],[8.451060884619677,47.21264537365352],[8.45116918800061,47.212682256468185],[8.451213474064977,47.212697339313536],[8.451326536468196,47.212729673423375],[8.451387927780681,47.212742455893526],[8.451454050415476,47.2127485400944],[8.451524912263487,47.21274625279483],[8.451553099028608,47.21274354915763],[8.451653845240173,47.212711790738496],[8.451787094051783,47.21264731773418],[8.45193486212988,47.21257437805511],[8.4520271718581,47.212541910919974],[8.452114792254239,47.212521143075996],[8.452222131675448,47.212508531423154],[8.452348937845848,47.21249076485972],[8.452358552818563,47.2124896007813],[8.452497746853483,47.21247279548128],[8.452624507760131,47.212453346861764],[8.452699902560058,47.21244159169519],[8.452782957773927,47.212428635602066],[8.452835911657253,47.21242044223574],[8.452965815495979,47.21240036286767],[8.453329175533128,47.21235051189862],[8.453582401255632,47.21231555529469],[8.453690080018841,47.212300690412654],[8.453834020776615,47.21227875922465],[8.45395847621365,47.21225682871211],[8.454055860256041,47.212235145727526],[8.454129695012021,47.21221426399084],[8.454195640476954,47.212192264369065],[8.4542701861728,47.21216364018156],[8.454361065203955,47.212120596119],[8.454455829572918,47.21206735285162],[8.454717066248227,47.211918431613896],[8.454949276716945,47.211786434475556],[8.45518395965326,47.211656088187354],[8.455430705012427,47.211517287132914],[8.455788700325774,47.211314202060294],[8.456105618210566,47.21113646811718],[8.456381369802434,47.21098075811881],[8.456437374025747,47.210949129932914],[8.45672001919831,47.21078949912683],[8.457085361728607,47.210588009112776],[8.457436064158491,47.210386647408946],[8.457605413317065,47.21029352146276],[8.457775010399743,47.21021205118793],[8.457951837067242,47.21012552419017],[8.458208615634776,47.20999995948437],[8.458280353012366,47.20996486277317],[8.458361206190089,47.20992530451423],[8.458499127220954,47.20984910608128],[8.458685477582112,47.20974917130769],[8.458893288700503,47.209620710391974],[8.458967885403052,47.209558403608014],[8.459000787463367,47.209488136372684],[8.459027857979528,47.20936960613342],[8.459063955181534,47.20930491474327],[8.459109688090185,47.209267861996935],[8.459163045331799,47.20924573711882],[8.459231047054773,47.209221800290436],[8.45936375777966,47.209206834133],[8.459556150184248,47.20918020240347],[8.459655278867334,47.209159731510645]]}},{"type":"Feature","properties":{"id":128,"t_id":127,"liniennummer":"528,651"},"geometry":{"type":"LineString","coordinates":[[8.433967023399198,47.14825259915804],[8.434092891540788,47.14820431930867],[8.434370851091021,47.14810056064521],[8.434457589637443,47.14806818141007],[8.434862005174043,47.147913869170196],[8.435451302293266,47.14768791408956],[8.43570451516293,47.14758809973937],[8.435974817730262,47.14749053847504],[8.435865837513866,47.1473834644564],[8.435682591606954,47.147191072374135],[8.435472832985607,47.146981053545325],[8.435280752024878,47.14678279131739],[8.435149090120484,47.146643511090936],[8.435061866435749,47.14654906653266],[8.434977968385615,47.14644626320567],[8.434901199234055,47.14635171898026],[8.434822181171523,47.146229829651965],[8.434728618306915,47.146075934035785],[8.434651345461429,47.14595284206151],[8.434595401172082,47.14585216224798],[8.434526307537416,47.14570163484224],[8.434451617894862,47.14553093379126],[8.434404005167586,47.14540958189533],[8.434367395736265,47.14531625489124],[8.434285106188375,47.14508776898378],[8.434221357879892,47.14491261921164],[8.434168232314255,47.14477622934708],[8.434105161929555,47.14466729005372],[8.434060470126777,47.144609358507005],[8.433996544848789,47.144548031126845],[8.43393999131607,47.1445080583874],[8.433890597324673,47.144478737403055],[8.43371126650239,47.144401739523374],[8.433504470761813,47.144323215778556],[8.433177375115942,47.14419900884013],[8.433159701854086,47.144192298020386],[8.433010568212458,47.14413176974031],[8.432987466132808,47.144122389161225],[8.43289762764963,47.1440755701506],[8.432842917034783,47.144040339607365],[8.432784457014511,47.14399205288482],[8.432708115025726,47.14392011838438],[8.432595252117256,47.143793482494],[8.432522891475223,47.1437122660197],[8.432395012643518,47.143582089483864],[8.432259757023978,47.14344441125251],[8.43213567061361,47.14331888836526],[8.43209670465262,47.143279464478525],[8.431923818087874,47.143104581328735],[8.431788380256275,47.14294983951905],[8.431719182231582,47.142886181583634],[8.431669790786223,47.14285685064048],[8.431613549666183,47.14283353387739],[8.431506618877917,47.14280471756012],[8.431018083661135,47.14270183214345],[8.430660911325038,47.14262781204598]]}},{"type":"Feature","properties":{"id":129,"t_id":128,"liniennummer":"280,604,636"},"geometry":{"type":"LineString","coordinates":[[8.522538957091182,47.197421792413444],[8.522543568510628,47.197416846404785],[8.522548311444233,47.197412528849476],[8.522554445612045,47.19740782937799],[8.522560163832345,47.19740409635037],[8.522566819832647,47.197400399472286],[8.522573879711175,47.19739709459792],[8.52258133045492,47.19739419084528],[8.52258969696178,47.19739153934336],[8.522597129441031,47.19738968824611],[8.522605385498558,47.19738809926295],[8.522613335437988,47.19738703490548],[8.522621860978234,47.19738636993032],[8.522631082517844,47.19738618416425],[8.522639654496622,47.197386508265936],[8.522647508751012,47.19738723493014],[8.522655874817417,47.19738846952422],[8.522664079004558,47.197390182408185],[8.522672054424605,47.1973923292339],[8.522679748478625,47.1973949194922],[8.522687640755784,47.19739817355767],[8.522696375386753,47.19740261610598],[8.5227029645354,47.19740669204277],[8.522708831586256,47.197410954689644],[8.522714150812781,47.197415537339864],[8.522718570386871,47.19742001151743],[8.522722752008956,47.19742511762674],[8.522726330837829,47.19743043631003],[8.522729446664595,47.19743635306165],[8.522731518672497,47.1974415599935],[8.52273308681595,47.19744730240932],[8.522733970076988,47.1974531142426],[8.522734128322504,47.197458968884476],[8.522733529621604,47.19746524445053],[8.522732370954355,47.19747058974696],[8.522730467077443,47.19747628389224],[8.52272764517492,47.197482265544316],[8.522724605109172,47.197487250739385],[8.522720389671811,47.19749284970539],[8.522716206418572,47.19749743186616],[8.522710699727865,47.197502485262234],[8.522705476297942,47.19750653748022],[8.522698820950906,47.19751091802514],[8.522692713501424,47.19751433088274],[8.522685104876937,47.197517910798325],[8.522677667316954,47.19752081443338],[8.52267050766061,47.197523103751216],[8.522662472370016,47.197525167426825],[8.522653585466541,47.197526888291385],[8.52264581969562,47.19752792393075],[8.522636648288628,47.197528630970204],[8.522628072933474,47.19752879266195],[8.522619514127335,47.19752846843519],[8.522606193941344,47.197526992618116],[8.522597582865393,47.19752539150747],[8.522590141440004,47.19752354549967],[8.52258233207616,47.197521127237195],[8.522574284905438,47.197518045538885],[8.522567183793225,47.19751475703095],[8.522561018095443,47.19751138775212],[8.522554773300127,47.19750737153483],[8.522548620582834,47.19750268877649],[8.522543458066119,47.19749802368326],[8.522538870497103,47.19749307431404],[8.522534911750615,47.197487894135435],[8.522531802064316,47.19748293085395],[8.522529063380945,47.197477388361925],[8.52252700848797,47.19747172249031],[8.522525575856339,47.197465502029765],[8.522524965272353,47.19746011941681],[8.522525018539971,47.19745428077498],[8.522525758330666,47.19744845366182],[8.522527198750755,47.197442682922436],[8.52252930148963,47.19743703188663],[8.522532335084314,47.19743107523361],[8.522538957091182,47.197421792413444]]}},{"type":"Feature","properties":{"id":130,"t_id":129,"liniennummer":"605"},"geometry":{"type":"LineString","coordinates":[[8.51555221464018,47.10002142694003],[8.515661461442733,47.099948472885934],[8.515764780640069,47.09987949644276],[8.515900968129744,47.09978823510729],[8.515983429197187,47.09972891753936],[8.516078298552682,47.099662331930375],[8.516168979389317,47.0995957945061],[8.516224426393718,47.099545285027546],[8.516330915451128,47.099432900627924],[8.516435108501065,47.09931052533857],[8.516518915655858,47.099214060114264],[8.516567719224062,47.09914505444692],[8.516640436006197,47.099017270841244],[8.516652442394552,47.09899002691085],[8.51666228385521,47.0989599426241],[8.516663918486596,47.09893707797721],[8.51666167815188,47.098825713083166],[8.516660529219415,47.098768600573784],[8.516666339071653,47.098745696761675],[8.516672551442452,47.098729050245446],[8.51668022521008,47.09870843187138],[8.516913251008596,47.098440617973964],[8.517240481496012,47.09807482784681],[8.51728773493377,47.09803296770602],[8.517374236163434,47.09796645949945],[8.5174205347395,47.097936725601286]]}},{"type":"Feature","properties":{"id":131,"t_id":130,"liniennummer":"605"},"geometry":{"type":"LineString","coordinates":[[8.512930159946231,47.09955700045871],[8.513007277207318,47.099615390885546],[8.513071029460367,47.09966620581554],[8.513105171642946,47.099700160568005],[8.513131460099201,47.09974057574502],[8.513143723445054,47.09976546937551],[8.513150261826262,47.099786044577996],[8.513155378802804,47.09980537365942],[8.513163459317504,47.099847011568485],[8.513165530958593,47.099893824258885],[8.513164438742514,47.09994381505416],[8.513152974479476,47.0999981938112],[8.513129600796772,47.1000840971914],[8.513092503311098,47.1001892269179],[8.513084088513175,47.10021304546194],[8.513042780216244,47.10034339373389],[8.513013279399356,47.1004364790203],[8.513002056881396,47.10050227114399],[8.512999127913934,47.100565134074486],[8.513004490197856,47.10062363750479],[8.513017888398574,47.10066635917566],[8.513044096624139,47.100721807072375],[8.513080705960764,47.10077430606398],[8.513121318889588,47.10081819463292],[8.513161788864714,47.1008549508679],[8.513221166777521,47.10089580330174],[8.513266547809666,47.100919928481616],[8.513324602318175,47.10094339539141],[8.513369782845063,47.10095751909458],[8.513410794515652,47.100965438691176],[8.513467305236375,47.10096776188297],[8.513515366291026,47.10096589107445],[8.513580082399194,47.100959573484396],[8.513665459688404,47.10094164695144],[8.513769414259658,47.1009106826015],[8.513875134715926,47.10086399499546],[8.514109385248089,47.100760411727165],[8.514289635055526,47.10067588269483],[8.514504947203768,47.10056676352249],[8.514661183653354,47.100487028539554],[8.51472647084703,47.100454734113356],[8.51475744398518,47.1004344554692],[8.514796423540677,47.10039695587757],[8.5148284525135,47.10036103264896],[8.514851643442178,47.1003350335628],[8.51500525044101,47.100173640966815],[8.515012429776954,47.10016706077826],[8.51507302221434,47.10011160098304],[8.515120451330752,47.10007831312589],[8.515170117923608,47.10005213795019],[8.515217805141427,47.100031702615375],[8.515261460294875,47.100018438692096],[8.515319748821643,47.10000503766378],[8.5153760997365,47.09999879741489],[8.515434604571736,47.099996818953116],[8.515457549210472,47.09999988743979],[8.515474457364782,47.100002157881526],[8.515518558535556,47.1000117479803],[8.51555221464018,47.10002142694003]]}},{"type":"Feature","properties":{"id":132,"t_id":131,"liniennummer":"603"},"geometry":{"type":"LineString","coordinates":[[8.523798951528802,47.19369104443623],[8.523725184663185,47.19366912472923],[8.523538928823008,47.19361019560913],[8.523289297478055,47.19352566805588],[8.523195947213498,47.19348488880896],[8.52314995576858,47.19345558257191],[8.523116171118422,47.19342495592704],[8.523085904937169,47.19339667996694],[8.523053403679906,47.193343426267425],[8.523033072308095,47.193287683096635],[8.52302450077628,47.19320922320883],[8.523015013000093,47.19308556004113],[8.52301100402687,47.19297371946564],[8.52300753699087,47.19288926539977],[8.522999885442108,47.19279563924397],[8.522998544510358,47.192789381936706],[8.522981201298036,47.19270981723212],[8.522966084265684,47.19265283751369],[8.522452863666954,47.191017788902556],[8.522441610747135,47.19099190652453],[8.522419893423775,47.190941933463776],[8.522392549046733,47.19088387234339],[8.522374140613866,47.19083763728525],[8.522355552652183,47.19078188656013],[8.522338309394328,47.19070587405869],[8.52229903030739,47.19057652710855],[8.522187310861138,47.19023248008398],[8.522099816638073,47.18996316537035],[8.522077539922046,47.189897913962255],[8.522042183477796,47.189787573701324],[8.522012109103422,47.18969369966248],[8.522001135511978,47.18965943070001],[8.521996440339784,47.189645873519716],[8.521915829314397,47.189412710201836],[8.521896855189855,47.18935217736065],[8.52188438492903,47.189314369201966],[8.52184720957242,47.18918910427699],[8.521795774456244,47.18902822494294],[8.521670886285916,47.18862065728938],[8.521651233363407,47.18856502440016],[8.521632376598117,47.18850700018018],[8.521618233413756,47.18846345053403],[8.521584241622683,47.188369586231694],[8.521561011935145,47.18830543214376],[8.5214810769053,47.18806700868404],[8.521407471898051,47.18780162874003],[8.521377788324674,47.18772173901425],[8.52129679181941,47.18751424331746],[8.5212629646778,47.18741345973336],[8.521246633146042,47.18736476713245],[8.521206291753167,47.1872687494971],[8.521163666492725,47.18714658507971],[8.521101648951952,47.18699595195707],[8.521086563627467,47.18695927475034],[8.521031072473322,47.18680509891695],[8.520982656641737,47.18665560621712],[8.520941209175703,47.18650486055892],[8.520890907989708,47.18634824302065],[8.520833229910332,47.18617265108593],[8.520755022905682,47.1859306215612],[8.52069946540607,47.18573587593835],[8.520696781587548,47.185726482754184],[8.520626096915862,47.185510550670756],[8.520566968202907,47.185349266254455],[8.520499802507503,47.18513569384382],[8.520433974565833,47.184958891900415],[8.520427808801612,47.184942388909434],[8.520377108814118,47.184798530649545],[8.520350038363052,47.18472177353636],[8.52029952976681,47.18457757160637],[8.520270203484854,47.18448450862016],[8.520223292883962,47.1843231092029],[8.520183649515126,47.18417590853686],[8.52016539782579,47.184111761336894],[8.520153594589624,47.184070276484974],[8.520084293852536,47.18387559666614],[8.520012256531754,47.1836408040493],[8.519995126037479,47.18358771989412],[8.51994522870525,47.183433185072346],[8.51990004800883,47.18329722685799],[8.519893178796098,47.183276583461186],[8.51985424764492,47.18316389216968],[8.519796806207658,47.182999020200896],[8.519758860352491,47.1828769551765],[8.519747063161507,47.18283900549854],[8.519735195848895,47.182800849578456],[8.519722953993586,47.1827663583928],[8.519655618111315,47.18257668838362],[8.519568880860257,47.1823442464211],[8.519483778935719,47.182105851920404],[8.519424506940238,47.18192470585878],[8.51939448480111,47.181832971507134],[8.519314464235048,47.18158739562697],[8.519269121152224,47.181416454674284]]}},{"type":"Feature","properties":{"id":133,"t_id":132,"liniennummer":"606,607,616"},"geometry":{"type":"LineString","coordinates":[[8.494500951288337,47.18518712642886],[8.494503768129308,47.185080467020526],[8.49450117133917,47.18494887654516],[8.4944813651099,47.184812424379736],[8.494452112551,47.184692736649204],[8.4944317518612,47.184623126700686],[8.494416273403122,47.184581610139446],[8.494382994660766,47.184505282018954],[8.4943293565619,47.18438748207684],[8.494258365299451,47.18425818297149],[8.494170172285381,47.18412237582901],[8.494069310249047,47.183965023421855],[8.493970606992438,47.18379266449949],[8.49386193185339,47.18361039381774],[8.493811077984322,47.18350922791797],[8.49373247178467,47.18336499365695],[8.493671501553269,47.18324726060358],[8.49359525577555,47.18313102584515],[8.493553072974267,47.183066743200435],[8.493373571530178,47.182761845667116],[8.493236965072173,47.18252651350429],[8.493059992694112,47.18222657585642],[8.49288038498168,47.181916667977376],[8.492728516938385,47.181649828518964],[8.492576912768625,47.18139630889822],[8.492445318805684,47.18116592243474],[8.492370278033993,47.181038233444085],[8.492346770623843,47.18099822938508],[8.492301189526367,47.18092067291835],[8.49218993472254,47.18073009433909],[8.492055910056019,47.18050139385409],[8.49191179754082,47.180256143689704],[8.491835359869597,47.1800969016228],[8.491746655211093,47.17993443437396],[8.491666565847265,47.17979272201305],[8.49153806256347,47.1795956348611],[8.49140439796307,47.179383608126855],[8.491287371964084,47.17915418453586],[8.491205973393312,47.17897060937125],[8.491560256864766,47.17890651390997],[8.4919063567716,47.17886170680879],[8.492111009085185,47.178831506812685],[8.492481176285747,47.178768135691236],[8.49299982079135,47.178676749450986],[8.493357817553536,47.17861516914664],[8.493757160242536,47.17854486080867],[8.493876439284039,47.17852210595376],[8.494089009263845,47.1784814129325],[8.494343892307883,47.17843619345772],[8.494602043798174,47.17839215783359],[8.49500133733155,47.17832019040593],[8.495386067043281,47.178251683663376],[8.49562706278653,47.178206157034566],[8.495850897103388,47.17815745016165],[8.496094148027986,47.17810190772573],[8.496320237262161,47.1780431761119],[8.496490305315657,47.17799496203761],[8.496674790841034,47.17793329270154],[8.496842193955706,47.177871771122085],[8.497024159209069,47.17780678702057],[8.497276324439856,47.17770782828953],[8.497332133147241,47.177685284752584],[8.497635088329808,47.17756291026895],[8.497790182718296,47.17749818115627],[8.497846469263926,47.17747447253531],[8.497928165486607,47.17744077880702],[8.498168345761108,47.177341694495865],[8.498570307036612,47.17717391382836],[8.498614258207803,47.177155562853734],[8.499164451428697,47.17693057016714],[8.499520916884398,47.17679400624672]]}},{"type":"Feature","properties":{"id":134,"t_id":133,"liniennummer":"606,616"},"geometry":{"type":"LineString","coordinates":[[8.499520916884398,47.17679400624672],[8.499656697180058,47.176987671384545],[8.499845170343656,47.17724918114786],[8.500023689333645,47.17749629047968],[8.50006875352117,47.17755867321513],[8.500231717690609,47.17776709165176],[8.500376305967201,47.177912377314755],[8.500503066069799,47.17801950600854],[8.500718403311637,47.17815912797775],[8.500950565541899,47.17828359859759],[8.501155429708922,47.17838667733136],[8.501476264507453,47.17854698540143],[8.501658777561666,47.17863193659865],[8.501814024510853,47.178697151135765],[8.501912390369991,47.178729553223974],[8.501968691058282,47.17873778584489],[8.501998171104516,47.178742092261786],[8.502117910576981,47.17874265018364],[8.502139734277765,47.178734127609545],[8.502198036081047,47.17871692005389],[8.502287604782277,47.17867444274592],[8.502310116221828,47.178661362008],[8.502386649650374,47.17861688211825],[8.50259662869839,47.178486646030386],[8.502842853202427,47.178336095193245],[8.502973348766531,47.178263256573366],[8.503190440475274,47.17812130428351],[8.50319789971215,47.17811559504849],[8.503320404467003,47.178021798199545],[8.503515850248853,47.17789670535838],[8.503827139827099,47.17770055432623],[8.50416967252975,47.177477468197935],[8.504461621274347,47.17729148855407],[8.504548571860528,47.177235675195135],[8.5048066220812,47.177070041791495],[8.505158788039477,47.17684020662115],[8.505467572096094,47.17664074582734],[8.505795669119767,47.17642943779757],[8.505883604300802,47.17637285863149],[8.506089980292751,47.176240103587226],[8.506147438096576,47.17619731828118],[8.506309384467873,47.176076678195024],[8.506318704869654,47.176069728080606],[8.506452999316082,47.17598150361755],[8.506447443409636,47.17597744416642],[8.506441933713445,47.17597239476851],[8.506437664066674,47.17596734286147],[8.5064344651513,47.17596239796357],[8.506431693702554,47.17595639661275],[8.506430189670018,47.175951103152755],[8.506429466454897,47.17594527170745],[8.506429706295805,47.1759394403231],[8.506431019827422,47.175933203170466],[8.506433026691258,47.17592799408134],[8.506436070546377,47.17592252349433],[8.506439990509683,47.175917323643176],[8.506445123780235,47.17591210353968],[8.506450239553812,47.17590799005912],[8.506456947377908,47.1759036639043],[8.506463281034701,47.17590042069439],[8.50647123850601,47.17589723438372],[8.50647906721732,47.175894867868074],[8.506492394215556,47.17589235138743],[8.506500243117292,47.175891657867716],[8.506508802579258,47.17589153347428],[8.50651799633291,47.175892122844424],[8.50652573603908,47.175893229459405],[8.506534495780405,47.17589520818005],[8.506541690928621,47.17589745329424],[8.506549605253594,47.17590069924418],[8.5065563651345,47.1759042707517],[8.506562086410185,47.17590802281231],[8.506570302507164,47.17591515206708],[8.506574829235394,47.175920525426164],[8.50657820806823,47.1759258914449],[8.506580694463103,47.17593149063461],[8.506582145929116,47.17593679357609],[8.506582829411018,47.17594261639373],[8.506582523815826,47.175948457384315],[8.506581157361644,47.175954686034146],[8.506578908335353,47.17596032016693],[8.506575745063902,47.17596575588337],[8.506571847900693,47.1759707756153],[8.506567023301828,47.175975597053245],[8.506561894340669,47.17597971066128],[8.506555159776344,47.17598401907904],[8.50654828998767,47.17598750115435],[8.506541444512507,47.17599021837631],[8.50653166069529,47.1759931157861],[8.50652355291424,47.17599472026702],[8.506515116724795,47.17599573408367],[8.506506548722424,47.17599609244268],[8.506497346786196,47.17599575502458],[8.506489545243143,47.17599485588049],[8.506481294607745,47.17599326824005],[8.506473348510788,47.17599107506727],[8.506465825842872,47.17598828425482],[8.506452999316082,47.17598150361755],[8.506465825842872,47.17598828425482],[8.506473348510788,47.17599107506727],[8.506481294607745,47.17599326824005],[8.506489545243143,47.17599485588049],[8.506497346786196,47.17599575502458],[8.506506548722424,47.17599609244268],[8.506515116724795,47.17599573408367],[8.50652355291424,47.17599472026702],[8.50653166069529,47.1759931157861],[8.506541444512507,47.17599021837631],[8.50654828998767,47.17598750115435],[8.506555159776344,47.17598401907904],[8.506561894340669,47.17597971066128],[8.506567023301828,47.175975597053245],[8.506571847900693,47.1759707756153],[8.506575745063902,47.17596575588337],[8.506578908335353,47.17596032016693],[8.506581157361644,47.175954686034146],[8.506582523815826,47.175948457384315],[8.506582829411018,47.17594261639373],[8.506582145929116,47.17593679357609],[8.506580694463103,47.17593149063461],[8.50657820806823,47.1759258914449],[8.506574829235394,47.175920525426164],[8.506570302507164,47.17591515206708],[8.506601197033625,47.175900490408345],[8.50679216617761,47.17579709477837],[8.507024257261723,47.175673301860165],[8.50724928034152,47.17556293257714],[8.507506243288702,47.17546058717324],[8.507707701487657,47.175393731728626],[8.507948174462056,47.17532318507715],[8.508125723442369,47.17528321403893],[8.508339873594483,47.17523957417346],[8.50856633722439,47.17520082100418],[8.508729577633998,47.17517764192938],[8.508886135364472,47.17515410196921],[8.50911933432986,47.17511904524233],[8.509606593256564,47.17504785467685],[8.509908235209727,47.17500236321176],[8.510414539127693,47.17492379543461],[8.510489475280565,47.174913454277494],[8.51068544607649,47.17488642331515],[8.510919046144997,47.174865572269496],[8.510951658099431,47.17486428790824],[8.51106866058483,47.17485968945285],[8.511118141399495,47.17485820288211]]}},{"type":"Feature","properties":{"id":135,"t_id":134,"liniennummer":"607"},"geometry":{"type":"LineString","coordinates":[[8.499520916884398,47.17679400624672],[8.49956297800316,47.17677684175159],[8.499717258556824,47.17671388062657],[8.500042058021371,47.176582599542286],[8.500417862118516,47.17643420514128],[8.500759878106686,47.176307755726356],[8.501031405491203,47.17620195317457],[8.501489520928098,47.17601612031225],[8.501756145013184,47.17590868811189],[8.502165843107955,47.17574496113894],[8.502541529169296,47.175593205390925],[8.5028494126961,47.17547040252071],[8.503011583486291,47.1753939514741],[8.50313477095073,47.17532283532609],[8.503264893929346,47.17523165764127],[8.5033827960727,47.175138937666866],[8.50342377425849,47.17511189556949],[8.503509934580999,47.17502113329938],[8.503701456610147,47.1748227529964],[8.503761464655971,47.174768889660484],[8.503850362217488,47.17469308848006],[8.503941786169387,47.174622274400605],[8.504072184806121,47.17454443370496],[8.504171306124475,47.17449185425744],[8.504423037935803,47.174371240077626],[8.504621213297467,47.174262779705025],[8.504865416901772,47.1741338863242],[8.505015227230537,47.17404919893939],[8.505155370027495,47.173971266693194],[8.505414271346304,47.17384391809432],[8.505627354930589,47.17374696708053],[8.505850085437608,47.17364494263564],[8.505928217058246,47.17362091045845],[8.506017637687838,47.173593409168745],[8.506140278701064,47.17355217821702],[8.506449850427279,47.17345944016202],[8.50679714569926,47.17335459387493],[8.507250182004947,47.17322115719622],[8.507287808179143,47.17321007605097],[8.507858403064454,47.1730315117301],[8.508455674232685,47.1728427024276],[8.508861221427892,47.17271897523207],[8.509283428707656,47.17258473763367],[8.509320079502348,47.17257308017203],[8.509621070520451,47.172475312764945],[8.509987566141094,47.17235361812389],[8.51026165486614,47.172254426255996],[8.510562375758333,47.17214334532769],[8.510650333759836,47.1721082616929],[8.510763006426892,47.172244071650134],[8.510872232099707,47.17238228845914],[8.510988615332614,47.17252875943225],[8.511064159869502,47.17264111259832],[8.511075705071104,47.17269455600575],[8.51109550185017,47.172812187303094],[8.511109868349898,47.172884630173165],[8.5111470795373,47.1731082925895],[8.511203874073882,47.17341717698659],[8.511206311135512,47.173430827631115],[8.511237256812652,47.17360380404401],[8.511258904270697,47.17372488136323],[8.511311600346254,47.17402075121319],[8.511324660032233,47.17408983286012],[8.511345447622285,47.17427329384882],[8.511345336120545,47.174400672972745],[8.511329042018488,47.17452563017043],[8.511300305014196,47.17463071504699],[8.511283992739715,47.17469027419432],[8.511259940669566,47.174771099166]]}},{"type":"Feature","properties":{"id":136,"t_id":135,"liniennummer":"603,606,607,611,614"},"geometry":{"type":"LineString","coordinates":[[8.516339752630266,47.171898619135824],[8.516239324754837,47.17159133288676],[8.516153679784557,47.17132437952221],[8.516099469936826,47.17114519012301],[8.516061069289602,47.17105866972521],[8.51603866442532,47.1710079191648],[8.516011463391385,47.17093646954853],[8.515977809965213,47.170863614038666],[8.51595293260945,47.17079946510783]]}},{"type":"Feature","properties":{"id":137,"t_id":136,"liniennummer":"528"},"geometry":{"type":"LineString","coordinates":[[8.44122283645608,47.08141856141335],[8.441169934525995,47.08142833360781],[8.441095450338134,47.08145158975316],[8.441040150370487,47.08147467847191],[8.440962523971617,47.08151582742684],[8.44089199597934,47.081564039007695],[8.44080265679873,47.08163027111562],[8.44071812707596,47.081676229851084],[8.440622870727594,47.08170562201694],[8.440534286526907,47.08172067972774],[8.440450742397585,47.0817249705361],[8.440304408238,47.08172506798997],[8.440064173177747,47.08173549222877],[8.439900640914281,47.08174762240199],[8.439799867914338,47.08176159833352],[8.439709665367923,47.08178380310444],[8.439642171762365,47.08180699738533],[8.439566170686106,47.081842176060505],[8.439504077776622,47.08187602810057],[8.439433548166638,47.081924247776456],[8.439338912752774,47.08198696255383],[8.439242512387375,47.082049674630206],[8.439218700493582,47.08206297975744],[8.439140773648846,47.082106495943876],[8.439028659781691,47.08216697879936],[8.4389302233362,47.082213066276815],[8.43885070044319,47.0822458822706],[8.43873825286848,47.082288511264096],[8.438643573656192,47.08232424771039],[8.438570445884363,47.082351862300555],[8.438483966090754,47.08238592601593],[8.43837860760111,47.08243444811541],[8.438238648434295,47.08249755633643],[8.438026356378225,47.082604122136814],[8.437869343979296,47.08268641314248],[8.437665896251564,47.082801240357014],[8.43739544825769,47.082966620774215],[8.437264584394581,47.08304869261664],[8.437125499790536,47.08315820067324],[8.436995118118675,47.08326762393586],[8.436883256105931,47.083341182201416],[8.436745309860306,47.08341854724321],[8.436627940952901,47.08347788590965],[8.436422607420987,47.083584388219485],[8.436146459330251,47.08372483404403],[8.435958354371122,47.083821668475196],[8.435689258000663,47.083966810686206],[8.435614676189239,47.084014163536224],[8.435583921792178,47.084046572022956],[8.435556753845315,47.08408487754746],[8.435541748268019,47.08412071166976],[8.435530285502823,47.08416009533846],[8.435529166773435,47.084193416113706],[8.43553851224729,47.08422784252442],[8.435587937405648,47.084355953199776],[8.435662678409434,47.08453379728328],[8.435677671735304,47.08457660364023],[8.43573995527322,47.0847544838051],[8.435775184145971,47.08486843242387],[8.435781438963225,47.08492431338368],[8.43577537176896,47.08497197126396],[8.435752100419963,47.085032858188505],[8.435713172579987,47.08509388996872],[8.435660176104136,47.08514909765909],[8.435610747616293,47.08518584218333],[8.435616981505591,47.08519033091839],[8.435621707778788,47.085195192562665],[8.43562498625267,47.08520010275217],[8.435627351218992,47.08520617231721],[8.435628091682027,47.085211995103066],[8.435627422844554,47.08521781212614],[8.43562535519741,47.085223479364295],[8.435622233567257,47.08522841810083],[8.435617261617994,47.085233714728936],[8.435612014217082,47.08523765539684],[8.435605338993048,47.08524130259989],[8.435597256259303,47.08524433231659],[8.435585106933567,47.08524681259726],[8.435600369486195,47.085305503021424],[8.435615089031982,47.08534703436768],[8.435636650363499,47.08538254219874],[8.435665288322754,47.0854239437696],[8.435711338798987,47.085464015796504],[8.435757221077777,47.08549575025511],[8.435829321452886,47.08553082844809],[8.436139996898397,47.08565427838017],[8.436290885388695,47.08571008201794],[8.436380315079065,47.085741447105484],[8.436455537939116,47.085757444911614],[8.436514909655934,47.085765259313966],[8.43657067630496,47.085764774982],[8.43662112259188,47.08576077453812],[8.436680210522313,47.08575193129053],[8.436705400855788,47.085744632867076],[8.436742584266817,47.08573353302691],[8.43679102636329,47.085715264751784],[8.436842612307437,47.0856791126854],[8.436897207730052,47.08561998642563],[8.436907063351574,47.08562304929259],[8.436915729601061,47.08562518693989],[8.43692335618372,47.08562665894219],[8.43693236205717,47.08562793904625],[8.436940198425845,47.0856286535862],[8.436948727003607,47.085629056257645],[8.436957945277616,47.085629012146775],[8.43696582654741,47.085628601832695],[8.436974949396637,47.08562767697132],[8.43698330213558,47.08562641696406],[8.436991502320163,47.085624744479645],[8.436999510948787,47.08562268684412],[8.437007288517275,47.085620244400744],[8.437014220652511,47.08561766537169],[8.437021993965029,47.08561428741176],[8.437028856171617,47.08561078243267],[8.43703535697785,47.08560696574406],[8.437041417543247,47.08560284702676],[8.437047064873905,47.085598462028955],[8.437052232794805,47.085593793334375],[8.43705657381156,47.08558927575608],[8.43706106808568,47.085583794306274],[8.437064453969034,47.08557890720801],[8.437067769253854,47.08557305818352],[8.43707155077819,47.08556395766076],[8.43707299275594,47.085558646664815],[8.437074061774315,47.08555240335719],[8.437074440260687,47.08554656186065],[8.437151520533769,47.08557601862566],[8.437433198275905,47.08568460431123],[8.43766733070782,47.08577329043309],[8.437728941178081,47.08579662931012],[8.437938337676528,47.08587242323746],[8.438202058959996,47.085953708355326],[8.438694418248117,47.08611415331107],[8.438986622029438,47.08622186998235],[8.439171352133544,47.08628768430566],[8.439333649330466,47.086345507623065],[8.439764359755541,47.08650001702607],[8.4403348403116,47.086723068075486],[8.44035347529931,47.08673075886336],[8.440771697776363,47.086903130911104],[8.441411529856257,47.08718884755282],[8.441830394325423,47.08738810733382],[8.44224507811627,47.08761855423451],[8.441830394325423,47.08738810733382],[8.441411529856257,47.08718884755282],[8.440771697776363,47.086903130911104],[8.44035347529931,47.08673075886336],[8.4403348403116,47.086723068075486],[8.439764359755541,47.08650001702607],[8.439333649330466,47.086345507623065],[8.439171352133544,47.08628768430566],[8.438986622029438,47.08622186998235],[8.438694418248117,47.08611415331107],[8.438202058959996,47.085953708355326],[8.437938337676528,47.08587242323746],[8.437728941178081,47.08579662931012],[8.43766733070782,47.08577329043309],[8.437433198275905,47.08568460431123],[8.437151520533769,47.08557601862566],[8.437074440260687,47.08554656186065],[8.437074061774315,47.08555240335719],[8.43707299275594,47.085558646664815],[8.43707155077819,47.08556395766076],[8.437067769253854,47.08557305818352],[8.437064453969034,47.08557890720801],[8.43706106808568,47.085583794306274],[8.43705657381156,47.08558927575608],[8.437052232794805,47.085593793334375],[8.437047064873905,47.085598462028955],[8.437041417543247,47.08560284702676],[8.43703535697785,47.08560696574406],[8.437028856171617,47.08561078243267],[8.437021993965029,47.08561428741176],[8.437014220652511,47.08561766537169],[8.437007288517275,47.085620244400744],[8.436999510948787,47.08562268684412],[8.436991502320163,47.085624744479645],[8.43698330213558,47.08562641696406],[8.436974949396637,47.08562767697132],[8.43696582654741,47.085628601832695],[8.436957945277616,47.085629012146775],[8.436948727003607,47.085629056257645],[8.436940198425845,47.0856286535862],[8.43693236205717,47.08562793904625],[8.43692335618372,47.08562665894219],[8.436915729601061,47.08562518693989],[8.436907063351574,47.08562304929259],[8.436897207730052,47.08561998642563],[8.436842612307437,47.0856791126854],[8.43679102636329,47.085715264751784],[8.436742584266817,47.08573353302691],[8.436705400855788,47.085744632867076],[8.436680210522313,47.08575193129053],[8.43662112259188,47.08576077453812],[8.43657067630496,47.085764774982],[8.436514909655934,47.085765259313966],[8.436455537939116,47.085757444911614],[8.436380315079065,47.085741447105484],[8.436290885388695,47.08571008201794],[8.436139996898397,47.08565427838017],[8.435829321452886,47.08553082844809],[8.435757221077777,47.08549575025511],[8.435711338798987,47.085464015796504],[8.435665288322754,47.0854239437696],[8.435636650363499,47.08538254219874],[8.435615089031982,47.08534703436768],[8.435600369486195,47.085305503021424],[8.435585106933567,47.08524681259726],[8.435597256259303,47.08524433231659],[8.435605338993048,47.08524130259989],[8.435612014217082,47.08523765539684],[8.435617261617994,47.085233714728936],[8.435622233567257,47.08522841810083],[8.43562535519741,47.085223479364295],[8.435627422844554,47.08521781212614],[8.435628091682027,47.085211995103066],[8.435627351218992,47.08520617231721],[8.43562498625267,47.08520010275217],[8.435621707778788,47.085195192562665],[8.435616981505591,47.08519033091839],[8.435610747616293,47.08518584218333],[8.435597959197885,47.085180159919034],[8.435590549710888,47.08517831712225],[8.435581506950657,47.08517717216935],[8.435572944973552,47.085177093531904],[8.435565137126616,47.08517790792021],[8.435556401933196,47.08517984582039],[8.43554940260683,47.08518235337894],[8.43554255319178,47.08518584016726],[8.43553623756413,47.08519041080305],[8.435531843110885,47.08519489280435],[8.435528242457739,47.08520027648345],[8.435446487645667,47.085180700484806],[8.435360699705171,47.08515882952987],[8.435283483361477,47.08512975956981],[8.43522018040577,47.08509816702982],[8.435147806580815,47.08504761823528],[8.43503642879181,47.08496051629735],[8.43485242971493,47.0847967439211],[8.434806209291093,47.084760217332274],[8.434497813627667,47.08449674407394],[8.434317091426227,47.08433408490353],[8.434103025624903,47.08412822915364],[8.434010273907548,47.08404398741081],[8.433968316541455,47.084003636369864],[8.433894969103909,47.08393313378281],[8.433862821688768,47.08389056574748],[8.43384827169756,47.08385736272483],[8.433813259626742,47.08375412552825],[8.433770695015069,47.08362003552627],[8.433741944654571,47.08357386674274],[8.433701049616163,47.083528990564794],[8.433589368323984,47.083425238838345],[8.433320101622089,47.0831859908578],[8.43318746774898,47.08308003627834],[8.433114921860156,47.08301996126875],[8.433061901199688,47.082978770107246],[8.432968304850897,47.08291056517549],[8.432887175120882,47.08285770689411],[8.432795392198372,47.08279423585847]]}},{"type":"Feature","properties":{"id":138,"t_id":137,"liniennummer":"603,631,632"},"geometry":{"type":"LineString","coordinates":[[8.53902809146242,47.197185490645],[8.539037026686264,47.19718550420387],[8.539045554581481,47.19718496392639],[8.539053334476376,47.19718399001158],[8.539062234361575,47.19718228574263],[8.539070175861964,47.197180185829566],[8.539077266574736,47.19717778819597],[8.539085130869994,47.197174501597665],[8.539091947373642,47.19717096414],[8.539101024939164,47.197165066210395],[8.53910650211781,47.19716057902096],[8.53911135227287,47.197155764986064],[8.53911553655878,47.19715066045961],[8.539119245318243,47.1971448948019],[8.539121739871058,47.197139770442604],[8.539123694771861,47.19713407552123],[8.539124882497903,47.19712829797604],[8.539125254582371,47.197122006480484],[8.539124791237812,47.19711616375511],[8.53912353728926,47.19711038255982],[8.539121687276726,47.19710513780318],[8.539118946892868,47.19709959570529],[8.539115159830498,47.1970938567117],[8.539111275474848,47.19708916214001],[8.539106008824449,47.19708399501599],[8.539100895590153,47.19707986991755],[8.539094805909677,47.19707575415114],[8.539088076509758,47.19707197733655],[8.539088063129505,47.19707196846884],[8.539078832061683,47.197067837746914],[8.539070603899738,47.1970649838132],[8.539062627869129,47.19706283812334],[8.53905503425661,47.197061318471555],[8.539045968884743,47.19706010974044],[8.53903809176435,47.19705956432417],[8.53902952510281,47.19705950226514],[8.539020323900905,47.19706003098505],[8.539011899122455,47.197061092021414],[8.539004247622117,47.19706253247894],[8.538996226040243,47.197064588174904],[8.53898853131847,47.1970671355058],[8.538981176466878,47.19707016535182],[8.538974306077831,47.19707364934426],[8.538967919226247,47.19707754251404],[8.538962081703232,47.197081835236844],[8.53895648311321,47.19708683633012],[8.53895228790218,47.19709141021354],[8.538948409500712,47.19709662875405],[8.538945261276428,47.197102056211605],[8.538942693396544,47.19710810781669],[8.538941135259584,47.19711384392146],[8.538940388012314,47.19711922144799],[8.538940323527076,47.19712506921789],[8.538941001735823,47.19713045111386],[8.538942466234035,47.19713620331198],[8.538944707217098,47.19714184913809],[8.538947710010007,47.19714731676738],[8.538951772308415,47.19715296317981],[8.538956243350677,47.1971579490057],[8.53896096479376,47.19716227575821],[8.538967145485394,47.19716696638151],[8.538972974836463,47.19717061687004],[8.538980285941854,47.197174442106025],[8.53898758187786,47.19717752984562],[8.538995237661517,47.19718014637356],[8.53900322653215,47.19718227395425],[8.539011481588258,47.19718386824893],[8.539019249589925,47.1971848824823],[8.53902809146242,47.197185490645]]}},{"type":"Feature","properties":{"id":139,"t_id":138,"liniennummer":"611"},"geometry":{"type":"LineString","coordinates":[[8.508210658366263,47.14981989215315],[8.508437207126839,47.14971752877764],[8.508820411647001,47.14955677406451],[8.509191042027275,47.1494023330865],[8.50926287344268,47.14936577183621],[8.509340100092025,47.14932668651263],[8.509406450229902,47.149287702375204],[8.509463581433668,47.14924137358287],[8.509500987083408,47.149207606438836],[8.509545422606404,47.14916140478088],[8.509608200178013,47.149084905815656],[8.509653847548696,47.14900898909744],[8.509683074571235,47.14892826862186],[8.509704456516221,47.148817917445186],[8.50971809253685,47.14868289126627],[8.509716705117633,47.14852323985456],[8.509705319660661,47.14840824612947],[8.509677304672845,47.14827731395885],[8.509646332814732,47.14817982826346],[8.509613913116942,47.148100923124126],[8.509541625012126,47.14793326891894],[8.509473383831349,47.1477866358845],[8.509390195888436,47.14761785063649],[8.509324417779673,47.147503354146984],[8.5092952071711,47.14746817404213],[8.509240772363892,47.1474026433732],[8.509138490808361,47.14727858226067],[8.508950898126976,47.147058791191824],[8.508664664706915,47.14671615482003],[8.508407957647698,47.146397981283464],[8.508239065991948,47.146206486483095],[8.508154075049646,47.14612930215347],[8.508187921943078,47.146110186472455],[8.50831518574686,47.14603827004472],[8.508447877694538,47.14596154427178],[8.508587488321309,47.14586618689448],[8.508656325210309,47.14580733551222],[8.508720296545574,47.14573990248776],[8.508782174800704,47.14566011083495],[8.508811500354886,47.1455843462184],[8.508823095441269,47.145528546054905],[8.508824478228522,47.14541632100896],[8.508800042534974,47.145282872457685],[8.508758298018048,47.14510009066063],[8.508733986661197,47.14497284795527],[8.508727132530971,47.14490235854957],[8.508725747562574,47.14483305966834],[8.508736945024639,47.14475868710871],[8.508746580785933,47.14472756234684],[8.508760801018278,47.14468173196364],[8.508799157540937,47.14460464190562],[8.508853897868415,47.144528631806665],[8.508926737550732,47.144452462266656],[8.50903056881689,47.14436546133854],[8.509055194395252,47.144344838954055],[8.509219518982464,47.14421706416188],[8.509335317819387,47.14411078174484],[8.509445573015633,47.14399960318266],[8.509507931737746,47.14394333033394],[8.509575945810218,47.1438969090503],[8.509631548980927,47.14386544617167],[8.50965608419047,47.14385417101538],[8.509678267647704,47.14384397024749],[8.509726868074564,47.14382495059627],[8.509861954328317,47.143776672147446],[8.510026004385345,47.14372563195391],[8.510175578625738,47.143675967781675],[8.51030706367832,47.14362895475861],[8.510414965532116,47.14358215233309],[8.510517224761681,47.14352549812903],[8.510603214059001,47.143471478270676],[8.510663678322906,47.14343459914863],[8.5109161558449,47.14325521053637],[8.511121907790963,47.14311211386443],[8.51125856493189,47.14301866970099],[8.51134801915102,47.14296064985186],[8.511435996720357,47.1429131686663],[8.511514045497433,47.14288209821376],[8.511619446855473,47.14285078154984],[8.511765799912201,47.14281557440701],[8.511975262220211,47.142771610095416],[8.512186377944651,47.1427253000814],[8.512327505226029,47.142696464964885],[8.512410895276563,47.14267998003466],[8.512490150618165,47.14266638528119],[8.512557013185026,47.142660048763496],[8.512659398562546,47.14265195020223],[8.512809079779089,47.142651919802944],[8.512906870739082,47.14265862586734],[8.513022940761296,47.14267086438447],[8.513097202580806,47.142686353967335],[8.51318860666918,47.14272168079646],[8.51321155970799,47.14274922708954],[8.513215002783307,47.14280385278509],[8.513209501800597,47.142842459738524],[8.5131957196892,47.14287903006583],[8.51321309303872,47.14292877589227],[8.513233970738884,47.14301189000225],[8.513249265245591,47.143079583669056],[8.513241268372465,47.14311536230331],[8.513206985741846,47.143145431353986],[8.513153247651495,47.143162602398824],[8.51309734214401,47.143157178481964],[8.513055130891717,47.14313970732418],[8.513032004352187,47.14311731715668],[8.513022550789687,47.14308050510904],[8.513028580027523,47.14303404898598],[8.51307318568496,47.14299673198123],[8.513134944567922,47.142944978549245],[8.5131957196892,47.14287903006583],[8.513209501800597,47.142842459738524],[8.513215002783307,47.14280385278509],[8.51321155970799,47.14274922708954],[8.51318860666918,47.14272168079646],[8.513097202580806,47.142686353967335],[8.513022940761296,47.14267086438447],[8.512906870739082,47.14265862586734],[8.512809079779089,47.142651919802944],[8.512659398562546,47.14265195020223],[8.512557013185026,47.142660048763496],[8.512490150618165,47.14266638528119],[8.512410895276563,47.14267998003466],[8.512327505226029,47.142696464964885],[8.512186377944651,47.1427253000814],[8.511975262220211,47.142771610095416],[8.511765799912201,47.14281557440701],[8.511619446855473,47.14285078154984],[8.511514045497433,47.14288209821376],[8.511435996720357,47.1429131686663],[8.51134801915102,47.14296064985186],[8.51125856493189,47.14301866970099],[8.511121907790963,47.14311211386443],[8.5109161558449,47.14325521053637],[8.510663678322906,47.14343459914863],[8.510603214059001,47.143471478270676],[8.510517224761681,47.14352549812903],[8.510414965532116,47.14358215233309],[8.51030706367832,47.14362895475861],[8.510175578625738,47.143675967781675],[8.510026004385345,47.14372563195391],[8.509861954328317,47.143776672147446],[8.509726868074564,47.14382495059627],[8.509678267647704,47.14384397024749],[8.50965608419047,47.14385417101538],[8.509631548980927,47.14386544617167],[8.509575945810218,47.1438969090503],[8.509507931737746,47.14394333033394],[8.509445573015633,47.14399960318266],[8.509335317819387,47.14411078174484],[8.509219518982464,47.14421706416188],[8.509055194395252,47.144344838954055],[8.50903056881689,47.14436546133854],[8.508926737550732,47.144452462266656],[8.508853897868415,47.144528631806665],[8.508799157540937,47.14460464190562],[8.508760801018278,47.14468173196364],[8.508746580785933,47.14472756234684],[8.508736945024639,47.14475868710871],[8.508725747562574,47.14483305966834],[8.508727132530971,47.14490235854957],[8.508733986661197,47.14497284795527],[8.508758298018048,47.14510009066063],[8.508800042534974,47.145282872457685],[8.508824478228522,47.14541632100896],[8.508823095441269,47.145528546054905],[8.508811500354886,47.1455843462184],[8.508782174800704,47.14566011083495],[8.508720296545574,47.14573990248776],[8.508656325210309,47.14580733551222],[8.508587488321309,47.14586618689448],[8.508447877694538,47.14596154427178],[8.50831518574686,47.14603827004472],[8.508187921943078,47.146110186472455],[8.508154075049646,47.14612930215347],[8.507947642774646,47.14625581151744],[8.507748712124767,47.14637770795783],[8.507539189941998,47.14651333091943],[8.507295734756276,47.14667771307453],[8.507229350138905,47.1467142225425],[8.507161108418323,47.146749516813344],[8.507055041342994,47.146797540427244],[8.506945173998876,47.14683815980731],[8.506849526595422,47.14686257175269],[8.506775721690651,47.1468748075502],[8.506637963004536,47.14689672272494],[8.506505788545018,47.146909068465874],[8.506382733568872,47.146923821209135],[8.506290536559682,47.14694077022783],[8.506173098879486,47.14696414244302]]}},{"type":"Feature","properties":{"id":140,"t_id":139,"liniennummer":"528,648,651"},"geometry":{"type":"LineString","coordinates":[[8.433752486651175,47.14833446173946],[8.433757076840404,47.14834022417208],[8.43376170405097,47.148345140701174],[8.433767230411085,47.14835019338104],[8.433772850203837,47.14835459757166],[8.433778913386785,47.14835873705511],[8.433784860070022,47.14836228383867],[8.433792222397836,47.14836608824263],[8.433798830572488,47.1483690445914],[8.433806878251206,47.14837212342035],[8.43381402792862,47.1483744184076],[8.433822005154758,47.148376544315035],[8.433830239363484,47.14837830817623],[8.433837936872884,47.14837957292822],[8.433846380656734,47.14838055236105],[8.43385489635286,47.148381144361785],[8.433864129281389,47.148381307365355],[8.433872036508982,47.14838108603244],[8.433881200654072,47.14838038605542],[8.43388961950398,47.14837931471189],[8.433897281714188,47.14837797105135],[8.433906039630479,47.14837598822107],[8.433913962140428,47.14837375174639],[8.433921627142203,47.14837113968538],[8.43392900877036,47.14836817924854],[8.433935923626931,47.1483649349916],[8.43394621902924,47.14835912473619],[8.433951871424746,47.14835535166718],[8.433958007401763,47.14835063887506],[8.433963208356609,47.148345988145984],[8.433967568412799,47.14834149761694],[8.433971825316233,47.148336423268475],[8.433975807347734,47.1483307485952],[8.43397893646789,47.14832529719505],[8.433981333167132,47.14832016697674],[8.433983376897382,47.14831449108291],[8.433984922808158,47.14830827976244],[8.433985737636169,47.14830246157687],[8.433985958540912,47.14829661254786],[8.433985647452381,47.14829122689575],[8.433984621423829,47.14828497485973],[8.433983203931065,47.14827965275395],[8.43398112091382,47.148273994575085],[8.433978214505679,47.148268019680074],[8.433975207672166,47.14826302617054],[8.433971133625773,47.14825736722734],[8.433967023399198,47.14825259915804],[8.433957481455094,47.1482436141867],[8.433951783394269,47.1482392556599],[8.433945629097947,47.14823517994277],[8.433939604153649,47.148231678822356],[8.433932735638987,47.148228193995735],[8.433925504342987,47.148225054138926],[8.433917392267197,47.14822205683552],[8.433910191042376,47.14821982526973],[8.433901552993742,47.14821761513001],[8.433893969475607,47.148216097520425],[8.433884964824738,47.14821473613435],[8.433877131013956,47.14821394033421],[8.433867931478765,47.148213444207165],[8.43385936025729,47.148213410413035],[8.433850809575093,47.14821377224541],[8.433842977316738,47.148214478689056],[8.433834573012643,47.14821562186811],[8.433826294881715,47.14821716875551],[8.433818234706134,47.14821909157051],[8.433809907541496,47.14822154743299],[8.433797062380002,47.14822638122611],[8.433789467846387,47.1482299461994],[8.433783267075883,47.14823330121278],[8.433776932152849,47.14823724209804],[8.433770569213031,47.14824180391932],[8.433765141458885,47.14824631267262],[8.433760529069751,47.14825070642561],[8.433755710448144,47.14825606448785],[8.433751745906136,47.14826126223719],[8.433748338075965,47.148266617090776],[8.433745486957768,47.148272129048685],[8.433743205066483,47.14827776202052],[8.433741505084198,47.14828348890981],[8.433740444403076,47.14828885044628],[8.433739880200916,47.1482946754575],[8.433739931295886,47.148300971911176],[8.433740519211804,47.148306355169126],[8.433741734438568,47.1483121467967],[8.433743694624338,47.14831829180265],[8.433745913776445,47.14832347204298],[8.433748863868674,47.14832896080523],[8.433752486651175,47.14833446173946]]}},{"type":"Feature","properties":{"id":141,"t_id":140,"liniennummer":"528,653"},"geometry":{"type":"LineString","coordinates":[[8.450408457455937,47.1016215620191],[8.450400338909157,47.101625573596856],[8.450393328330028,47.10162965638187],[8.450387240632741,47.10163377602095],[8.450382034263976,47.101637824931714],[8.45037647725101,47.10164283946719],[8.450372175910555,47.101647375173386],[8.450367734846202,47.10165288364352],[8.450364173073,47.101658213455266],[8.450361409521982,47.10166325737423],[8.450358783366848,47.1016692986048],[8.45035710432745,47.101674566864915],[8.450355882982182,47.10168035284589],[8.45035526856405,47.10168618745851],[8.450355282056513,47.10169248431948],[8.450355958317301,47.10169829857509],[8.450357239977539,47.101704080514544],[8.45035912618838,47.101709785166896],[8.45036141054076,47.10171494657343],[8.450364425463187,47.10172042539363],[8.450368327151171,47.1017261213],[8.450372183986381,47.101730837071436],[8.450377236825123,47.10173610004702],[8.45038204723197,47.10174038462683],[8.450387996200128,47.101744965037184],[8.450393613759138,47.1017487387529],[8.450400140692317,47.10175253145025],[8.450407587964172,47.1017562260886],[8.450414865625874,47.10175931051305],[8.45042243928038,47.10176202350825],[8.450429673447626,47.10176419975039],[8.4504383156549,47.10176629163122],[8.450445997085474,47.1017677352845],[8.45045503115092,47.10176895113298],[8.450462882554053,47.101769628655475],[8.450471412275123,47.101769949374166],[8.450480631617776,47.10176981423675],[8.4504891578672,47.10176925340749],[8.450497597272353,47.10176827954063],[8.450505910147378,47.1017668839899],[8.450513427780017,47.10176523456485],[8.450521986259881,47.10176289230368],[8.450529094976089,47.1017605178272],[8.450536509627764,47.10175760091567],[8.45054360101863,47.10175430903096],[8.450550317310068,47.10175068760784],[8.450557100743062,47.10174643589521],[8.450562506726381,47.101742493167365],[8.450567915010636,47.101737974695105],[8.450572844008844,47.101733190571814],[8.450577563537738,47.10172777859461],[8.45058110846204,47.10172295268288],[8.450584634872067,47.101717146404326],[8.45058732286374,47.101711590391076],[8.450589402738036,47.10170592278808],[8.450590864550394,47.10170031460089],[8.450591975187407,47.101690760399684],[8.450591803604034,47.10168446493041],[8.45059108295283,47.10167909185538],[8.450589722236408,47.10167331061436],[8.450587757480333,47.10166763364411],[8.450585175343,47.10166205206647],[8.450581758449797,47.10165621696356],[8.450578307213325,47.10165135369695],[8.450574048414335,47.10164628164395],[8.450568851862597,47.10164108291188],[8.45056352214022,47.10163650605438],[8.450558190456606,47.101632522929144],[8.45055149544312,47.10162820097507],[8.450544852175119,47.10162452625442],[8.450538364668903,47.101621425885895],[8.45053104852213,47.10161839578222],[8.450522813909302,47.101615562673764],[8.45051552893893,47.10161348583737],[8.450506770074325,47.10161149394198],[8.450499129878587,47.10161013988677],[8.450490045189293,47.10160903243586],[8.450481536572733,47.10160843266678],[8.450473654848143,47.101608241179655],[8.45046509565702,47.10160845146626],[8.450455926556982,47.101609152888614],[8.450448159113174,47.10161012983281],[8.450439230747707,47.10161171970735],[8.450431124983767,47.10161361718869],[8.450423852955332,47.101615714230725],[8.450415646813935,47.10161857513296],[8.450408457455937,47.1016215620191]]}},{"type":"Feature","properties":{"id":142,"t_id":141,"liniennummer":"641"},"geometry":{"type":"LineString","coordinates":[[8.428018316290336,47.169099234157756],[8.428099113426184,47.169112311637974],[8.428166379457823,47.16913693870425],[8.428203996681981,47.16917247136322],[8.428218989186451,47.16921499016989],[8.428214057546022,47.16925574626418],[8.42819356906132,47.1693005131913],[8.42815480032315,47.16935609697512],[8.428041737132268,47.16946854144282],[8.427919741013705,47.16958157532571]]}},{"type":"Feature","properties":{"id":143,"t_id":142,"liniennummer":"601,603"},"geometry":{"type":"LineString","coordinates":[[8.518731350792637,47.17972945185782],[8.51872686359229,47.17971500200844],[8.518735837813855,47.17974389271305],[8.518746533724329,47.179778335554175],[8.518763029865461,47.17983148884368],[8.518859168068483,47.18014112468949],[8.518927862161938,47.180334317756234],[8.518979520510765,47.18049925348821],[8.518996641579134,47.18055393013015],[8.519022999826767,47.180638088691204],[8.519055401681918,47.18073796884564],[8.519065559550459,47.18076926823385],[8.519125383057577,47.180953674743115],[8.519210753246865,47.18123165677028],[8.519269121152224,47.181416454674284],[8.519270606877368,47.181416197844385]]}},{"type":"Feature","properties":{"id":144,"t_id":143,"liniennummer":"643"},"geometry":{"type":"LineString","coordinates":[[8.448749574749401,47.18999636942472],[8.448894581571542,47.18999553785506],[8.449073475251474,47.189987014397936],[8.449183841905748,47.18997215665397],[8.449269350206341,47.18995255150572],[8.449294316728201,47.18994277012545],[8.449331491211062,47.18992819491435],[8.449394914394762,47.189894876511694],[8.44944371031606,47.18985773747537],[8.44947802836296,47.1898246835552],[8.449490525211306,47.18980445090117],[8.449511920741305,47.18976980128754],[8.449600429320519,47.18960033152448],[8.449669259959062,47.18946773612869],[8.44968668360153,47.18943449766927],[8.449732483765432,47.189347099967506],[8.44979464984895,47.1892473156286],[8.449851404443294,47.1891684213573],[8.449904027929495,47.189103452395074],[8.449955443800313,47.189051393562565],[8.450027112332124,47.18899222125576],[8.450091754788703,47.188946001183524],[8.45025642160031,47.18883916307287],[8.450290210029756,47.18881724098115],[8.450443974401743,47.188711685801394],[8.450671008527614,47.18855915950002],[8.45070655843778,47.18853271504991],[8.45073795288626,47.1885105170157],[8.450886840377713,47.18840324997163],[8.451041045307,47.18828693146624],[8.451171333413578,47.18819748577353],[8.451260598352569,47.18813671861933],[8.451383991926958,47.18807066765928],[8.451496399691576,47.18800076418989],[8.45157964559494,47.18794899126672],[8.45160152404108,47.18793368631337],[8.45172676454075,47.18784605649621],[8.451940527976655,47.18769063088017],[8.452032941960619,47.18762343958113],[8.452322005606558,47.18743092754982],[8.452334606502184,47.18742254072807],[8.452481956784048,47.187331270090205],[8.45258810903767,47.187258685970775],[8.452754505648832,47.18714061151643],[8.452946187420622,47.18699629901977],[8.45306208823132,47.186909028840546],[8.45326683309263,47.18675227682742],[8.453514930085667,47.18656184087671],[8.453837747862432,47.186315737900316],[8.454090690351656,47.18612358475576],[8.454149061932346,47.186078946861734],[8.454266975240724,47.185988770101375],[8.455216839721936,47.18526256191668],[8.455364944558555,47.1851476855376],[8.455420932233103,47.18510546982683],[8.455546735154634,47.18501061630454],[8.45564440076624,47.184936970779646],[8.455875327656885,47.18476178467105],[8.455902174195206,47.18474142446049],[8.455923475810074,47.18472575493188],[8.456061564723983,47.184624153556555],[8.45613594403608,47.18456942408332],[8.456220839181322,47.18450359108794],[8.456314147048184,47.18443124286263],[8.456477863995886,47.184301510295015],[8.456604662402242,47.184196760684166],[8.456744904945715,47.18408089050095],[8.456845406438784,47.1840073717528],[8.456957007888654,47.1839257307162],[8.457103960258598,47.1838144693948],[8.457241200358581,47.18370664015253],[8.457285545022707,47.18366151301682],[8.45731550905463,47.18363100491058],[8.457399415977191,47.18354529964163],[8.457480760499884,47.18345461547502],[8.457510443255625,47.183410733459226],[8.457554460514046,47.18334566603223],[8.457563934018102,47.18333042471899],[8.457623207928568,47.18323509620509],[8.457773039265595,47.18301884870438],[8.457791321969511,47.18299229396715],[8.457970412664157,47.18273221280075],[8.45803533712075,47.18263713985948],[8.458124944795927,47.18250592013724],[8.458166837203951,47.18244228356481],[8.458265060552334,47.18229309530772],[8.45835546580124,47.182163631443444],[8.458414918363843,47.18207851081274],[8.458443606126506,47.18203719207261],[8.458579031270409,47.18184213855849],[8.458597514456669,47.181814376501016],[8.4586716657807,47.18170303844387],[8.458771711131135,47.18156720991069],[8.458847568791459,47.18147620449551],[8.458869664677731,47.18144971472215],[8.458929566298396,47.181387537415816],[8.459032018340661,47.181286652933096]]}},{"type":"Feature","properties":{"id":145,"t_id":144,"liniennummer":"643"},"geometry":{"type":"LineString","coordinates":[[8.448408760073177,47.19007020767893],[8.448413591284094,47.190074483143256],[8.4484195409515,47.190079288527286],[8.448424974151392,47.19008329784181],[8.448436383145683,47.1900907000172],[8.44844243946028,47.190094164135786],[8.448449249853777,47.19009772958583],[8.44845682616197,47.19010132429951],[8.448463531299668,47.19010420701423],[8.448470975794805,47.190107110229974],[8.448478613442976,47.190109759877096],[8.448487015647785,47.19011236683546],[8.4484943640066,47.19011437134335],[8.4485024498554,47.190116297417795],[8.448511311926504,47.19011809974149],[8.448519638780075,47.19011951095744],[8.448528052896913,47.19012065154249],[8.448535867355252,47.19012148254472],[8.44854439070881,47.190122118422536],[8.44855360874517,47.190122505327636],[8.448561528195661,47.19012260677192],[8.448570761923655,47.19012242682173],[8.448579304655164,47.190121992062984],[8.448587170432722,47.19012134735016],[8.448596282481443,47.190120313893146],[8.448604651777195,47.19011908005486],[8.448612963713547,47.19011760384072],[8.448621138448997,47.1901158499692],[8.448628599195722,47.190114021401264],[8.4486365142509,47.19011179304545],[8.448644883104945,47.19010913791962],[8.448651895553544,47.19010662962533],[8.448659885134342,47.190103456086945],[8.448667082922263,47.19010028049898],[8.448673516153837,47.19009714760004],[8.44868028376127,47.1900935529969],[8.448686809975861,47.19008975361476],[8.448693524246693,47.19008543084354],[8.448699046210141,47.19008155931176],[8.448704730351837,47.190077191604544],[8.448710134028982,47.19007264644774],[8.44871560684905,47.19006756994975],[8.448720357920438,47.19006270668021],[8.448724440697386,47.19005809215212],[8.44872855320606,47.19005295562434],[8.448732320470564,47.190047705183865],[8.448735729297287,47.190042340946675],[8.44873877985612,47.19003687190672],[8.448741636023781,47.190030891828904],[8.448743918121377,47.19002525861656],[8.448745816243258,47.19001955680913],[8.448747330729155,47.190013804394624],[8.44874840410115,47.190008451652176],[8.44874916518834,47.19000263388376],[8.448749574749401,47.18999636942472],[8.448749464781322,47.18998914700576],[8.448748958596266,47.189983304374124],[8.448748157956654,47.18997794108724],[8.44874678688157,47.18997171923755],[8.448745248415726,47.18996641639711],[8.448743228016088,47.18996074896973],[8.44874083887344,47.18995512075944],[8.448738068982877,47.18994959484018],[8.448734672707921,47.18994374158313],[8.448731452247493,47.18993881331963],[8.448727281793047,47.18993319174211],[8.448723068583208,47.18992810127394],[8.448718514886083,47.1899231487253],[8.448714023473304,47.18991869937781],[8.448708854939792,47.189914031083426],[8.448702957529967,47.18990919826914],[8.448697630215728,47.18990520602959],[8.44869157436481,47.189901067258006],[8.448685244674266,47.189897101803034],[8.448678161588186,47.18989307099335],[8.448671312473493,47.18988955087394],[8.448664256166543,47.189886239468215],[8.44865753819127,47.18988337486878],[8.448649496267574,47.189880279005386],[8.44864244340888,47.18987784912682],[8.448634015355395,47.189875269393205],[8.448626654000313,47.18987327400386],[8.448618555159902,47.189871357047736],[8.448609693635396,47.18986958171421],[8.448601354134048,47.189868197602436],[8.448592953588548,47.18986707489496],[8.448585126312409,47.18986626200037],[8.448576603338687,47.189865644113446],[8.448567372492331,47.18986527531396],[8.44855945341947,47.189865191858104],[8.448550233438825,47.1898653986737],[8.4485423368971,47.18986580977134],[8.448533825686615,47.18986651411606],[8.448524714019477,47.18986756555622],[8.448516331737368,47.18986880849853],[8.448508691185065,47.1898701978575],[8.448500489756658,47.18987193396458],[8.448492438211225,47.18987392063025],[8.448483920012256,47.189876352167936],[8.44847675838161,47.18987864586902],[8.448468579698702,47.189881587170824],[8.448461756395858,47.189884327678136],[8.448454009074972,47.18988775095212],[8.448447053372155,47.1898911672821],[8.44844032603466,47.18989479750057],[8.448433853280008,47.18989863238214],[8.448427817273034,47.18990253539649],[8.448419485370659,47.18990854550285],[8.448414363797827,47.18991265638799],[8.44840870438659,47.18991763555785],[8.44840378025447,47.18992241937301],[8.44839918884869,47.18992735319313],[8.448394916805903,47.18993242813993],[8.448391003367648,47.18993762587833],[8.448387421976939,47.189942937645725],[8.448384212214838,47.18994836309499],[8.44838136037854,47.18995387536],[8.448378879492076,47.1899594653309],[8.448376782918945,47.18996514188614],[8.448375167042439,47.18997041842345],[8.44837371411915,47.18997663805865],[8.448372754916644,47.18998244856632],[8.448372178669992,47.18998827370624],[8.448372003449231,47.18999367254068],[8.448372201432136,47.18999996765148],[8.448372812955881,47.19000580036506],[8.448373793393593,47.19001160285653],[8.4483751693025,47.19001738388854],[8.448376773362035,47.19002266816721],[8.448379065746654,47.19002876499905],[8.448381353671925,47.1900339263383],[8.448384461180503,47.190039863097496],[8.448387432123159,47.190044856527244],[8.448391287769219,47.19005057982819],[8.448394657362918,47.190055021036045],[8.448398896938862,47.190060111284716],[8.448403840025144,47.19006542025026],[8.448408760073177,47.19007020767893]]}},{"type":"Feature","properties":{"id":146,"t_id":145,"liniennummer":"528"},"geometry":{"type":"LineString","coordinates":[[8.436782976806462,47.06898423570508],[8.436649553060596,47.06874025245779],[8.436357550513586,47.06821202321648],[8.436137685614524,47.06781526007145],[8.4359680085931,47.06754716745078],[8.435830016613131,47.067338908969894],[8.43568697708966,47.067140229613585],[8.435510482554571,47.06692159105469],[8.43531283405668,47.06668886856179],[8.43507653713347,47.066438624503554],[8.434877817998732,47.06624161461513],[8.434517799802341,47.06589366935225],[8.434212828469486,47.06560236873537],[8.433859910365529,47.065262689941754],[8.43354789472168,47.06496668988048],[8.433278239168656,47.06470005304422],[8.433084569254273,47.064493487880306],[8.432773527473488,47.064155809082486],[8.432414480479174,47.06376500223824],[8.432272080457725,47.06359963333265],[8.432166811170445,47.063463691943554],[8.432093394970257,47.063351592494534],[8.432080781889582,47.063332333784416],[8.432005182233901,47.063199706912684],[8.431867543736356,47.06291527378749],[8.431753308540094,47.062671109928566],[8.431681035422985,47.06252892759398],[8.431609208020667,47.062412927939256],[8.431514314318632,47.06227332494055],[8.431242576880738,47.06189364299834],[8.43102801251805,47.061592053134405],[8.430933495917882,47.06147266880965],[8.430810745601844,47.06133210048595],[8.430668708890572,47.06118575244725],[8.430461123031469,47.060979294114446],[8.43018968665272,47.0607091121776],[8.429866761375067,47.06038582241303],[8.42972645507592,47.06024806720714],[8.42962158122983,47.060133529939804],[8.429509472761008,47.06000359133008],[8.429414654757318,47.05986755726494],[8.429317704280866,47.05971012267222],[8.429232866972013,47.059547806778895],[8.429156202526137,47.05935685887127],[8.429119157480317,47.05923698635644],[8.42908314676044,47.05907902595783],[8.42906511135407,47.05895065942127],[8.429053857797486,47.05881387735235],[8.429054458163408,47.05865678862422],[8.42907029011367,47.05847697123758],[8.429090738731917,47.058358968713904],[8.429129580975648,47.05819915727539],[8.429181824858144,47.058009499308135],[8.429266874997625,47.05771243706218],[8.429316328970094,47.057562060478126],[8.429373320852227,47.05744137674074],[8.429437635066854,47.05734085221721],[8.429515873595896,47.05724021650443],[8.429601284779158,47.057150214774495],[8.429692026408883,47.05706731858868],[8.429803650006571,47.05698187621649],[8.429919033023053,47.05691183797158],[8.430056973900268,47.05683806053931],[8.430257107008268,47.056736371880206],[8.430357131415688,47.05668433134686],[8.430471018353295,47.0566274212436],[8.430616104488713,47.05656427734736],[8.430744942558047,47.056517960740564],[8.430868382919844,47.056457378397596],[8.430968494084377,47.056410086321996],[8.431070025414767,47.05634494332381],[8.431169678294902,47.05627148640926],[8.43126568512617,47.056190936291244],[8.43135787776919,47.05609136607445],[8.431405559180002,47.05603264345411],[8.43146328033689,47.05595240614776],[8.431510362388709,47.055862743297965],[8.431553419020585,47.05574335730493],[8.431580906720361,47.05562767722378],[8.431592804086769,47.05551809612039],[8.431590689237762,47.05540386842969],[8.431579941539063,47.05529329569017],[8.431542695389517,47.05516270264284],[8.431498804704034,47.05505001459298],[8.43144096877102,47.0549362776445],[8.431401438417911,47.05486997890854],[8.431273022152675,47.05468068505078],[8.43103648789934,47.05432979031187],[8.43080517739025,47.05404551743991],[8.430561488761095,47.05381134040232],[8.43034549106929,47.05363599878693],[8.430042329469119,47.05342050568521],[8.429732427382858,47.05320052711958],[8.429334931337326,47.052917694557834],[8.429138975449359,47.05274671164837],[8.428955963687876,47.05255744536467],[8.428676461667942,47.05218271782679],[8.428356992301822,47.051803773265846],[8.428085820162702,47.05151984755572],[8.427692155413638,47.05108247439816],[8.427393641396087,47.05075788790981],[8.42701352992905,47.05033402430488],[8.426749101615185,47.05005458927756],[8.426551812395196,47.049810909843536],[8.426455236147998,47.04962089591069],[8.426371797187375,47.049421683176824],[8.426285906433712,47.0490907127255],[8.426148661781118,47.048496644361165],[8.425947643678665,47.04768955603694],[8.42582443584696,47.047136261169],[8.425688024109192,47.0465876224977],[8.425531666998477,47.04603914607587],[8.425201266704688,47.04542401321891],[8.42481045983273,47.04477758928659],[8.424420009580022,47.04414934138297],[8.424132018477351,47.043670153985296],[8.42388472148847,47.04323606321171],[8.423734162478802,47.04300107260272],[8.423596239679192,47.042729621530015],[8.423518632478375,47.04248491902152],[8.423488524824002,47.042294323290335],[8.423471315850199,47.04208091160232],[8.423460501122515,47.04185380748143],[8.42344359961985,47.04165856456947],[8.423413185650752,47.041449808981405],[8.42337047073992,47.04129568219419],[8.423287139372839,47.04110100003423],[8.423170740942288,47.04091570510489],[8.422980632920355,47.040699224079816],[8.422710711993846,47.04047888406328],[8.422548723774813,47.04034395974082],[8.4224070723607,47.04023157521803],[8.422305299988842,47.04011884882791],[8.422168794635107,47.0399246304636],[8.42199623799828,47.039576227550285],[8.421816289988033,47.039186983946486],[8.421705366292183,47.03893803161885],[8.421669468793173,47.03879293151969],[8.421640728036428,47.038675027284704],[8.421609393989307,47.038416298589226],[8.42158520354213,47.03818476587024],[8.421527626967919,47.03794442427834],[8.421437151327957,47.03772255374814],[8.421260042941729,47.037487787154895],[8.421075946217224,47.03723489965922],[8.420871836584835,47.03697764025125],[8.420815844912529,47.03682362607092],[8.42077372335507,47.03670130221813],[8.420756776406686,47.03650151633482],[8.420786572087444,47.03631495911341],[8.420908517530867,47.036077641912556],[8.421104111362494,47.035871485291146],[8.421379979651453,47.03569190727464],[8.421742656108798,47.03553430846436],[8.421961199701794,47.0354915418185],[8.422239715378366,47.0354573466159],[8.422518730640514,47.03545041262954],[8.42284459772963,47.03546124772548],[8.423057913651618,47.03549577048148],[8.42339175901824,47.03557923942495],[8.423512205192864,47.03562365272762],[8.423511037539551,47.03556004465543],[8.423596000220542,47.03548206898396],[8.423619848585197,47.03533191384179],[8.423629729173701,47.03514552663157],[8.423648004805337,47.03505448552824],[8.42376703169986,47.03502165504858],[8.423919039253615,47.034974912768874],[8.424084250090543,47.03492350507725],[8.424242900488615,47.03487669633932],[8.424400562313153,47.03477538148203],[8.424505800089896,47.03471540244965],[8.4246435038745,47.034614249659725],[8.424845260038056,47.034380776302285],[8.425053741426167,47.034151787638486],[8.42520929772928,47.03393688206242],[8.425254478273878,47.03386378987348],[8.425465713477443,47.03378472734065],[8.425795706685797,47.033659196497034],[8.42621158716809,47.033505668574826],[8.426508624246736,47.03339405678199],[8.42684542345809,47.03327755902787],[8.427169269255343,47.033179343301555],[8.427460245340178,47.03309959028422],[8.427705360954993,47.03305658364655],[8.428003706568228,47.03301766055995],[8.428428481800053,47.03298672330779],[8.4287142237159,47.03298425900546],[8.428846865037768,47.032969486223756],[8.428992554396542,47.032940963104],[8.429137992042547,47.03289881335768],[8.429276353508977,47.03283400114474],[8.429414308417,47.03274647791516],[8.429531913429182,47.03263640683744],[8.429609393523885,47.032513053437555],[8.429686524347746,47.03237152251258],[8.429783694671729,47.03223436136251],[8.429874963520426,47.032138145929586],[8.429993812287309,47.03209622467844],[8.430133107428182,47.032081392917775],[8.430313017474004,47.03210710494693],[8.430626335372406,47.03215892106122],[8.43095983574104,47.032224199459925],[8.431259939522917,47.03228067996077],[8.431579986651236,47.03233697816685],[8.431753423150942,47.032371829696146],[8.43185335056031,47.03238460269075],[8.43197959856884,47.032383510207055],[8.432225211972675,47.0323677467838],[8.43277589103994,47.03231754095775],[8.433213873411315,47.0322819286566],[8.433459388783206,47.03226162955542],[8.433691967617982,47.03225961357329],[8.433971386085897,47.0322753624636],[8.434297236217883,47.03228616505015],[8.43465648460999,47.03230577165523],[8.435002349288501,47.032320950438844],[8.435388157803924,47.03234031520728],[8.435634276758154,47.03235181533594],[8.435979732676783,47.03234426235646],[8.43631095981918,47.032286860368146],[8.43656843461553,47.03219373763986],[8.436797703711893,47.03201453594415],[8.436961638210812,47.031894959445836],[8.437118662244728,47.031761823180645],[8.437295543389446,47.031623962052],[8.437460152361435,47.03154073996075],[8.437678074982482,47.0314661393635],[8.437922315352576,47.031377662600065],[8.43816665302168,47.031293745331375],[8.438325111315018,47.03123784180427],[8.438489632695829,47.031150067093584],[8.438732359522476,47.03097982992905],[8.439074078928583,47.030772368413125],[8.43923790686575,47.03064825560068],[8.439369705182408,47.030588031128595],[8.439568285549068,47.03054540466928],[8.439688140292597,47.030557988060565],[8.439795048237283,47.0305888647741],[8.439983381391002,47.030709906666715],[8.440252208556114,47.03087114978159],[8.44046040127676,47.03098747471846],[8.440641500483098,47.03107677851944],[8.44086886035915,47.03115204047509],[8.441029267462893,47.03120062042584],[8.441242663038146,47.03123965155355],[8.441475733540848,47.03126488174551],[8.441748336187128,47.03127158546624],[8.44195423994186,47.03126524293789],[8.442173174980898,47.0312451574617],[8.442431556520757,47.031202003195375],[8.442563692562391,47.03115994361803],[8.442768150385774,47.03107636527796],[8.443077149744873,47.03089643525242],[8.443360314594551,47.030757643451494],[8.443590320523848,47.03061930738439],[8.443932627887035,47.030443635237674],[8.444460792245692,47.03025724773478],[8.445042122821,47.030070391600255],[8.445544121158816,47.0299069518834],[8.445743035119982,47.02988248328557],[8.445902590000612,47.029885626065635],[8.446178003337561,47.02968781968573],[8.446557179734445,47.02935277887908],[8.446844678230171,47.02909123729574],[8.447183890854935,47.02875199346278],[8.44737962649208,47.02855942706266],[8.44786348678604,47.02813712874188],[8.448460691946106,47.02773654552717],[8.448815223764832,47.027506218182836],[8.449183367083364,47.027293959414614],[8.449557735011574,47.02705891215651],[8.449834220119117,47.026920153789824],[8.450116858919817,47.02675408315694],[8.450537973466338,47.026532249293446],[8.450860719984787,47.02637945182989],[8.451078260041347,47.026286648168444],[8.45150065348972,47.02613296979214],[8.451757815120162,47.02602618646301],[8.451995022143125,47.0259195787377],[8.452251825417765,47.025794625866084],[8.45247524371929,47.02566087254045],[8.452777352289859,47.02547189971821],[8.452967556343344,47.025338447888856],[8.453118222613107,47.02522351681287],[8.453294869312769,47.02507654657485],[8.453470900415368,47.024897772227526],[8.45365963961566,47.02468707593042],[8.453822383725948,47.02450841852105],[8.454056940951457,47.024260955059106],[8.454187318254904,47.02412803042927],[8.454371215753104,47.024012803561014],[8.454562588415502,47.02394294818986],[8.454859844493562,47.02384943147658],[8.455250877639077,47.02379598739563],[8.455681272538445,47.023714926768356],[8.456058588842723,47.02363887798445],[8.456423296026859,47.02359929196552],[8.45702640908614,47.023516694374706],[8.457311741056953,47.023495981449614],[8.457524328350214,47.02349409426992],[8.457844005582343,47.023532150791006],[8.458137878418077,47.023611330762954],[8.458386007992525,47.02373182055345],[8.458621139667402,47.023866054038336],[8.458842616263702,47.02398222783702],[8.459010338372563,47.024067069854006],[8.459204742671014,47.02415622625354],[8.459385145342193,47.02420914566174],[8.459665307609898,47.024265729202625],[8.460065402558046,47.02433941631611],[8.460499142404144,47.02443552598247],[8.46097937917339,47.02453120184157],[8.46135945142859,47.024600519932605],[8.46163262920024,47.02463898933443],[8.461978625186987,47.02466316211077],[8.462270690424965,47.024646928757186],[8.462688464378138,47.02460230662019],[8.463072839659116,47.02454888628412],[8.463550231973604,47.02449464300017],[8.464080874266564,47.024444464843334],[8.464526008887795,47.02444048665249],[8.464905042326638,47.02445526947023],[8.465284076147256,47.024470060030254],[8.465543623567621,47.02449045245881],[8.465929473960138,47.02451426570864],[8.466255009318859,47.024511351311034],[8.466487453188497,47.024504726855525],[8.4668055627904,47.02446098224604],[8.467076579924399,47.024385849421996],[8.467392959403819,47.02425123354593],[8.467675925856192,47.02410783056749],[8.467892294887337,47.02395593835042],[8.468113735995082,47.02372220987263],[8.468223453279775,47.0235530930251],[8.468293840398838,47.02341159538591],[8.468356626148825,47.023220184907494],[8.468365376979452,47.022983821148884],[8.468353779050164,47.02272492541558],[8.46835020456902,47.02253864422922],[8.468333084885858,47.022338864838844],[8.468337211803345,47.02220704744614],[8.46834150003147,47.02208432341788],[8.468365204030734,47.02193415871696],[8.468395449481472,47.02177939239809],[8.468465310652462,47.02161063284121],[8.468529401751313,47.0214873811082],[8.46863928750952,47.02132734804573],[8.46884113785994,47.02111196539481],[8.469155225295998,47.02085922224947],[8.469325931106722,47.0207531842318],[8.469681012362024,47.020559138251635],[8.46991047027708,47.02039803851911],[8.470159777595164,47.02023220798069],[8.470336610165504,47.02009884686342],[8.470552444607044,47.01991969662304],[8.470709088001714,47.01977287871417],[8.470853120069492,47.01966252632569],[8.471089749697004,47.01952861711593],[8.4713859777009,47.019385085226276],[8.471735013293646,47.019222905494374],[8.471906320967685,47.01914865849866],[8.472077129495574,47.019047149248856],[8.47223446618376,47.01893667524897],[8.47243708092325,47.018762183310315],[8.472573515432181,47.01860190706038],[8.472670188121047,47.01844654984453],[8.47281205017513,47.018222614550766],[8.472953836656242,47.017994136825365],[8.473101974191874,47.01775196390212],[8.47320493460291,47.017578359837124],[8.473309120655772,47.017468363456715],[8.473426164052471,47.01733552744611],[8.47356364357551,47.01722978249645],[8.473701573541602,47.017146738907506],[8.473846394250122,47.017077270734326],[8.474084219417572,47.01700698117119],[8.474388219663318,47.01692243807118],[8.474758368825059,47.016823677122346],[8.4753271048499,47.01668675966196],[8.475690885872005,47.01660168196335],[8.476087858769793,47.0165163030125],[8.476312571357775,47.016455195175375],[8.476517008418519,47.01637609859981],[8.47674651577571,47.01621952719162],[8.47705397089485,47.01597136451119],[8.477229994004515,47.01579709541089],[8.477373764558159,47.015673108133186],[8.477623101634245,47.0155118034712],[8.477840111601266,47.015396238248975],[8.478208924008353,47.01522932524471],[8.478551886955074,47.01509897969616],[8.47880936905013,47.01501485526219],[8.479053630015162,47.01493539304598],[8.4792581453141,47.01486083368854],[8.479449113581087,47.01477275907214],[8.479600222212879,47.01468505474216],[8.479751682789349,47.01461551871464],[8.479863623395524,47.01456452180561],[8.480035270635316,47.01450843098908],[8.480280435497525,47.014474396165234],[8.480559056476984,47.01445369479631],[8.48077773191813,47.01442444236328],[8.480916790735833,47.01440046466493],[8.481194616654141,47.014338864638056],[8.481458466975504,47.014241038537065],[8.481761645426873,47.01411559673076],[8.481919199440942,47.01401873583818],[8.482010065753034,47.01390885236305],[8.482086792971662,47.01375365911734],[8.482150388331641,47.01360767109549],[8.48222745500759,47.01347065536013],[8.482377230131869,47.01331479748753],[8.482526991235723,47.01315893953438],[8.48265064320642,47.01302603358548],[8.482760911492226,47.012888706356435],[8.482823708515479,47.01270182981699],[8.482852329202096,47.01246528304908],[8.482880595977516,47.01221055876735],[8.482901338098607,47.01191047364848],[8.48291676495814,47.01167858083686],[8.482938920834101,47.011451178692504],[8.483012180985344,47.011118796978366],[8.483087827175446,47.01090907959363],[8.483111560363763,47.01076346276328],[8.483208099838535,47.010603545312364],[8.48330279488445,47.01034821601233],[8.483359565456244,47.01019319443837],[8.483336460798562,47.0100298232866],[8.483154742795493,47.0099087916148],[8.482751201545796,47.00965344561488],[8.482562934112494,47.0095370155549],[8.482565964991993,47.00935069178769],[8.482801686403462,47.00951667122653],[8.482751201545796,47.00965344561488]]}},{"type":"Feature","properties":{"id":147,"t_id":146,"liniennummer":"601,612,634"},"geometry":{"type":"LineString","coordinates":[[8.560682952216117,47.154478294255824],[8.560749173349347,47.15442579688058],[8.560804885004082,47.154389702275665],[8.560862696647014,47.15435061856055],[8.561006379943358,47.154271709516344],[8.561089270101144,47.15423057287382],[8.561182496914565,47.154184306686915],[8.561373021825863,47.15408533836879],[8.56162367869758,47.15395865159001],[8.561855673358487,47.15384071041244],[8.562062760426711,47.15373301525949],[8.562263647340203,47.153629653262406],[8.562338157398228,47.153588939380015],[8.562400115751633,47.15354834805407],[8.562449239631047,47.153495036129],[8.562496057130105,47.15343174343209],[8.562548563968882,47.1533398336086],[8.562617052116236,47.15321206346525],[8.562689492720933,47.15307283004529],[8.562738457927228,47.152980594894245],[8.562751842577123,47.15295609460545],[8.562767830278142,47.15292681911981],[8.562797291082685,47.15287286255711],[8.56282968086864,47.15281018746228],[8.562923387946165,47.15263439419678],[8.562999751467872,47.15248800656405],[8.563019983428642,47.152449235014124],[8.563108685969114,47.152286993117045],[8.56321140560919,47.152094622256556],[8.563324202838,47.151883594513215],[8.563417594469591,47.15169796249635],[8.563499434323052,47.15154561071426],[8.563555546913047,47.151426533881214],[8.563611329081965,47.151291744650194],[8.563644858964077,47.151194307505605],[8.5636863236236,47.15107537383805],[8.563719686290211,47.15096936533739],[8.563753049013457,47.150863365818324],[8.563780662983316,47.15078312340751],[8.563841309016887,47.150581169067884],[8.563857182479984,47.15053083543567],[8.563898225660846,47.15040067907229],[8.563968918349742,47.150178628779564],[8.564037514454759,47.14995660793256],[8.564098261949185,47.14975894338707],[8.564129166615844,47.14963582183188],[8.564140036396129,47.14955574312075],[8.564138535700495,47.1494843584047],[8.56413264561322,47.14940301334031],[8.564109128963777,47.14928042421757],[8.564073092113972,47.149159396901354],[8.5640031447282,47.14891873376352],[8.563973173378926,47.14878764377848],[8.563958672171479,47.14869495830885],[8.563956871541532,47.14860929123302],[8.563965585313175,47.14852638195211],[8.563997299642317,47.14844179934039],[8.564035542716853,47.148368595463054],[8.564074282589825,47.14831965729491],[8.564125646048966,47.1482734562581],[8.564203906142117,47.14821271573801],[8.564301184744936,47.14816035302921],[8.564386212968168,47.14812238640922],[8.564492222784217,47.14808707502947],[8.564610886165635,47.14805593067662],[8.564750530733603,47.14802742346956],[8.56499257622031,47.14799077981908],[8.565228389513884,47.147955627019556],[8.56529276097141,47.14794490331198],[8.565501656163512,47.14791011254091],[8.565737201752425,47.14786352768617],[8.565912125877464,47.14782040608155],[8.566113898462703,47.14775987511356],[8.566251067761506,47.147712832046935],[8.56639410771589,47.1476471639809],[8.566545020485226,47.14755714793825],[8.56671628233972,47.147439791881226],[8.56680677050619,47.147363213999284],[8.56689508529977,47.14728237537006],[8.566970703007463,47.14719594889712],[8.567068809332683,47.147083600829255],[8.567156581464905,47.146977057378564],[8.567227289746818,47.14688358121864],[8.567282835322855,47.14681016144024],[8.567417352203796,47.14663747194553],[8.567525338321834,47.146497886239665],[8.567635252552739,47.146349717516394],[8.567737113189487,47.14621733436085],[8.567801822597646,47.14610959541357],[8.567839968319959,47.14603210013182],[8.567857377775333,47.145964811710655],[8.567862190262996,47.14589478629205],[8.567858257482351,47.14580771875807],[8.567835667305987,47.14572938936666],[8.567800587975443,47.14565405222441],[8.567739763597833,47.14554896685737],[8.567610587890513,47.14537886514521],[8.567513686479222,47.14524986312813],[8.567465924518093,47.145168929033645],[8.56743512831869,47.14509783173738],[8.567415116663616,47.14504232624012],[8.567407457337985,47.144976714206585],[8.567414052215906,47.14489239499889],[8.567425156918732,47.144823738167645],[8.56744909506525,47.14476780136923],[8.567485415521354,47.14470318805734],[8.567560938172434,47.14461247104325],[8.567646910459173,47.14452023007493],[8.567768026542986,47.14440765542565],[8.567812660913884,47.14436905715339],[8.567901644387128,47.14429209724484],[8.568049635890205,47.14416354279123],[8.568162921760248,47.144076745541476],[8.568253673318619,47.14401301877429],[8.568379822397352,47.14394038028151],[8.568477209663426,47.143893725127455],[8.568607838087374,47.143835318689575],[8.568767558767842,47.14376662295054],[8.568869107262286,47.14371850523674],[8.568957911999469,47.14366193068294],[8.569038315990557,47.14360401728328],[8.569116456279737,47.143537562083736],[8.569194372018487,47.143461105719396],[8.569268199454747,47.14338898047621],[8.56935449845343,47.14331244159129],[8.569415261876408,47.14326977094192],[8.569455562900181,47.14324146980055],[8.569527896887022,47.143197920692636],[8.569612853298048,47.14315709909076],[8.569725063980732,47.143118861082655],[8.569905911978246,47.14305995927212],[8.570088885707298,47.143002466592556],[8.57023009725821,47.14294966648232],[8.570300558684472,47.142916129621256],[8.570379045174692,47.14286679810739],[8.570461632641988,47.142813135191474],[8.570537915571741,47.142758121916664],[8.570609795110792,47.14269314860458],[8.570693391434558,47.14258807363118],[8.570786880148965,47.1424557699103],[8.570896552562964,47.14229760581262],[8.570957857233985,47.1422270240359],[8.571025423012191,47.1421563805822],[8.571065584040154,47.14211966916377],[8.571107556006941,47.14208131166142],[8.571214678881653,47.14200028427999],[8.571324138927249,47.141930658437],[8.571495976454194,47.141841850805555],[8.571725572637,47.14171249660822],[8.571913816923288,47.141607820044065],[8.572172216469802,47.141455322803985],[8.572300255398797,47.14137408823512],[8.572399367642793,47.14131027565513],[8.5725317325208,47.141206733576695],[8.572587516242676,47.14115887471896],[8.572633924941753,47.14111906055065],[8.572718384546814,47.14103077064752],[8.572820522754402,47.140911936532326],[8.57288676154382,47.14082738850637],[8.572955029441763,47.14071603093552],[8.573026047053766,47.14061001669102],[8.573095217887621,47.140510812442216],[8.573272573768964,47.14026840728981],[8.573437478043052,47.14002579184486],[8.573569370397177,47.13982991123906],[8.57368336975986,47.13965385388095],[8.573744283718606,47.139565777527004],[8.573805399989379,47.1394866319733],[8.573917834286293,47.139360570488954],[8.574028136878708,47.13925773010964],[8.57416962172021,47.139143858757166],[8.574311676855956,47.13903266234039],[8.574349751653157,47.13900285209411],[8.574481211019425,47.13891051634212],[8.574628343462281,47.13881623546368],[8.574786162505488,47.138713032931356],[8.574852842193362,47.138669419234965],[8.575095583549874,47.138520641121914],[8.575309942096144,47.138389990677496],[8.575473163148464,47.138293588583856],[8.575488227570318,47.13828469575078],[8.575638307547857,47.13820645990745],[8.575721322196163,47.13817349716285],[8.575804450767887,47.13814590372914],[8.575903264183586,47.13811815513783],[8.57598922965965,47.138101238530176],[8.576090931008245,47.138085947401336],[8.57625805928192,47.13807179919874],[8.57652704035738,47.13804950041142],[8.576829964605247,47.13802330273932],[8.57716155910431,47.13799323112402],[8.57737226033582,47.13797424199606],[8.577540361611756,47.137968061575044],[8.577681363778954,47.13795596017735],[8.577963304750652,47.13792816815922],[8.578407191347123,47.13788807462527],[8.578720489725347,47.13785818880919],[8.579072961918218,47.1378261325236],[8.57913252307771,47.137819892527595],[8.579336607107892,47.137798527538955],[8.57948550195609,47.13778812680963],[8.579581951220995,47.13777761647448]]}},{"type":"Feature","properties":{"id":148,"t_id":147,"liniennummer":"73"},"geometry":{"type":"LineString","coordinates":[[8.432864382791395,47.140840103741624],[8.432929241773948,47.14069783571988],[8.432963372064979,47.14060257433644],[8.432969038356452,47.140586810073586],[8.43299668198983,47.140479469714364],[8.433020505210756,47.140353118728775],[8.433038896367053,47.14021610095932],[8.433053339238588,47.14005531500849],[8.433055474768281,47.13996443217488],[8.433058207650246,47.13984821261577],[8.433053683658427,47.13969830436961],[8.433042584464154,47.13956987144753],[8.433028765902499,47.139483129570834],[8.433008049343673,47.139401187999276],[8.432983044825713,47.139321901207765],[8.432930622354611,47.139183858399434],[8.432865092260133,47.13903567390533],[8.432732063872628,47.13882141550825],[8.432603466236639,47.1386583035379],[8.432535469334368,47.13856606571533],[8.432494665876694,47.13852833100446],[8.432469829714865,47.13851488132018],[8.432447084350557,47.138502564999506],[8.432387434104037,47.138482858327485],[8.432305121245172,47.13846452584005],[8.432217641832658,47.13844980917301],[8.432111006299694,47.13843645431926],[8.432007996089355,47.13843020155356],[8.431927745643742,47.13842851980088],[8.431859819914697,47.138433865059795],[8.43178330513155,47.13844523952022],[8.431698196750181,47.13846382162521],[8.431614938608394,47.1384883427686],[8.431478075063474,47.13853831632442],[8.4313498047302,47.13858107305393],[8.431263035451606,47.13860324041453],[8.43119521979285,47.13861453940348],[8.431132548635935,47.13862102630106],[8.431076762231875,47.138622704091],[8.431034890222996,47.13862186897195],[8.430980759908564,47.13861758634655],[8.430880568519026,47.13860552409008],[8.430906203077267,47.138546822662484],[8.430981406414247,47.13837004034813],[8.43115255365953,47.13800679722361],[8.431293827876225,47.137724726901666],[8.431408344077763,47.13750477696894],[8.431507822771922,47.13732065119907],[8.43162765817967,47.1371054137577],[8.431645588309772,47.13707421518596],[8.431708751621269,47.13696427450206],[8.431845285451637,47.13673468858694],[8.431888009458808,47.13666284069417],[8.432081068752744,47.136352948444795],[8.432103324731855,47.13631833008469],[8.43221329449905,47.13614712061228],[8.432534144411255,47.13567546223936],[8.432811183297497,47.13529608955242],[8.43287258103454,47.135211998745746],[8.433167218912105,47.13483221210285],[8.433433085655839,47.1344990727783],[8.433654706744479,47.13422464303599],[8.433881385562083,47.13394301756207],[8.433995867883844,47.13381587255486],[8.434086604131807,47.13372463648804],[8.434187738804814,47.1336297570701],[8.434273547576412,47.13355641976126],[8.434393893426268,47.13346256125191],[8.43448688593588,47.133399866337385],[8.434595509067833,47.13333347372527],[8.434733719903388,47.13326325348796],[8.434849549038042,47.13320869939123],[8.435029534211987,47.13313574207833],[8.43518203328148,47.133083244764386],[8.435362482583075,47.133035272674555],[8.435503131256306,47.13300193031444],[8.435699498484563,47.132965720889324],[8.435901345529627,47.13294135579154],[8.436155573563378,47.13292248209916],[8.436429137359333,47.132910591587084],[8.436721988359645,47.13290448812449],[8.4369399308246,47.132901400037014],[8.437224132168502,47.13290012005708],[8.437468342979244,47.13290394538259],[8.437787656841303,47.1329130638123],[8.438011014433668,47.1329218458227],[8.438237935044546,47.132932953278804],[8.438546980717,47.13295407802833],[8.439154576638153,47.13299402352018],[8.439696602341382,47.133028770406355],[8.43979629698712,47.133035153020636],[8.440191715089831,47.13306353650186],[8.440931925661111,47.1331142008187],[8.441063026699629,47.13312377192531],[8.441560621737121,47.13315513715165],[8.442018053892703,47.13318447580721],[8.442257247763116,47.13319903952331],[8.442452629536522,47.133203280391086],[8.442632193796488,47.13320052549786],[8.442794254356063,47.133194351901736],[8.442945684940108,47.13317875355128],[8.44309181613326,47.133159630028565],[8.443241292531647,47.13313332558674],[8.443388837533432,47.1330975294621],[8.443563894854313,47.13304006519367],[8.443700617422754,47.132985319521836],[8.443830215280071,47.13292110960511],[8.443933794630466,47.13286546591448],[8.44405103143264,47.1327930428534],[8.444195360506262,47.13267871510237],[8.444313563399765,47.132565821045844],[8.444407401940346,47.1324555147876],[8.44448437884925,47.132338087468916],[8.444543410876863,47.13223165677154],[8.444587014241973,47.13213964603577],[8.444648599564376,47.131983204306394],[8.444677691731583,47.13188779418708],[8.444699519237279,47.13181616005478],[8.444794197398146,47.13147140234023],[8.444888472024353,47.13112136761305],[8.444927852695084,47.130975168075224],[8.444969591509498,47.13082189531674],[8.44500452421538,47.13069364493894],[8.445131508013377,47.13021295015967],[8.445244045764856,47.129799021179736],[8.445289572805056,47.129623684811094],[8.44532472486592,47.12945318892753],[8.44534646155861,47.12931020213743],[8.445352846848229,47.12918638446823],[8.445349228568453,47.129086447792346],[8.44533517807287,47.128988986281485],[8.445310667841072,47.12889042891111],[8.445259327263285,47.128756402773746],[8.445195904622231,47.128629624893236],[8.44511868676859,47.1285101102452],[8.445025840582751,47.128394294587764],[8.44493161297127,47.1282975346796],[8.444810935848372,47.12818553365564],[8.444637350799486,47.12804187200619],[8.44440178994114,47.127847576075524],[8.444178500617818,47.1276567256327],[8.44400999459924,47.12750469768321],[8.443848371201963,47.12734783264838],[8.443725726400638,47.127222750072306],[8.443641864403286,47.127121148828344],[8.443550727714966,47.127004120633515],[8.443485928717838,47.12689638858212],[8.443451294344136,47.12681577559129],[8.443425321877983,47.12672545258771],[8.443417506708926,47.126687550345736],[8.443407599581601,47.12662455059827],[8.443406528212897,47.12656743774264],[8.443410567745026,47.12650313770114],[8.443431292312747,47.12639943495489],[8.443453430467086,47.126279050955276],[8.44346075704538,47.12620519581603],[8.443466603128458,47.12614446023904],[8.443465330582505,47.12607662634913],[8.44345875975773,47.1260052854849],[8.443448866222717,47.1259423036044],[8.443422572576578,47.125842564971705],[8.443377585813318,47.12567516264618],[8.443349008055163,47.12554568641767],[8.443341224697473,47.125501738823075],[8.443334819250078,47.12543990487731],[8.443319045724444,47.12524963225647],[8.443292990813136,47.12495670139592],[8.443282060912743,47.12485530821679],[8.443281991142413,47.124824885611886],[8.443262785953031,47.12454297748687],[8.44324965384744,47.12439443045855],[8.443234121363213,47.12421486947481],[8.443221648184668,47.124087393436945]]}},{"type":"Feature","properties":{"id":149,"t_id":148,"liniennummer":"606,641,642,643"},"geometry":{"type":"LineString","coordinates":[[8.457974290670416,47.1796175391511],[8.45798246948883,47.17961471408854],[8.457990039805251,47.17961318977101],[8.45800405371698,47.1796126338799],[8.458012027822818,47.17961360674329],[8.458020671594275,47.17961579706807],[8.458027998485825,47.17961880865278],[8.458033963441506,47.179622354039466],[8.458039366665464,47.17962688491393],[8.458043746640643,47.17963241435894],[8.458046346160545,47.17963797756321],[8.458047459198394,47.179643769824914],[8.45804711316192,47.179649152218595],[8.458045421632498,47.17965454652833],[8.45804196797709,47.17966024430099],[8.458037311529338,47.17966513413215],[8.458031924941702,47.179669094893924],[8.458025118337567,47.17967261845455],[8.45801747726411,47.17967527683815],[8.458009263145179,47.179676941791904],[8.457996344421655,47.17967750597575],[8.457988332960522,47.179676650383925],[8.457980235669991,47.17967475206978],[8.457972779774918,47.1796718945485],[8.457966178217958,47.17966817488549],[8.457956676666784,47.17965904760086],[8.457953683135223,47.17965357783923],[8.457952153130853,47.179647366479045],[8.457952305935233,47.17964153602023],[8.457953991305972,47.179635817927334],[8.457957159733356,47.17963038355366],[8.457961294023814,47.1796257862068],[8.457967432161281,47.1796211081457],[8.457974290670416,47.1796175391511]]}},{"type":"Feature","properties":{"id":150,"t_id":149,"liniennummer":"601,609,610,612,634"},"geometry":{"type":"LineString","coordinates":[[8.611918977203208,47.13514403698879],[8.611892900005378,47.135100034317155],[8.611887958074249,47.13506581044055],[8.611892877397366,47.13503221462556],[8.611900692556935,47.13497856444226],[8.611934817158987,47.13483572158551],[8.611951627682297,47.1347052807607],[8.611957394137058,47.13460987460959],[8.611955890526977,47.13454004594689],[8.611954810245175,47.13452623929854],[8.611784742819838,47.134543141360986],[8.6115844388762,47.13456265451431],[8.611380151344855,47.13458085855867],[8.611266218123486,47.13459007166179],[8.61121303182892,47.1345879152076],[8.6111517132061,47.13457377817182],[8.611054657168747,47.13454521622282],[8.610911329974206,47.13447147179323],[8.610839473974217,47.134425200782],[8.610809099191703,47.13438655823848],[8.610804273754944,47.134344974502454],[8.610817076671127,47.13430053031374],[8.610841691444168,47.134257306110925],[8.610890289558728,47.13422994005277],[8.610964704644116,47.13421306986577],[8.611056950570886,47.13420138838712],[8.611243595694464,47.13418606355768],[8.611553903134965,47.13415737777381],[8.611744445719056,47.134140653999275],[8.611911373638682,47.134125520216934],[8.611915785077482,47.134146966366465],[8.611937087546176,47.13431059997876],[8.611950420246233,47.13447027574533],[8.611954810245175,47.13452623929854]]}},{"type":"Feature","properties":{"id":151,"t_id":150,"liniennummer":"609,610"},"geometry":{"type":"LineString","coordinates":[[8.611918977203208,47.13514403698879],[8.612029389920913,47.13511007552802],[8.612117490252325,47.1350890258242],[8.612194016970516,47.13507884423142],[8.612255132772134,47.13507346173233],[8.612336189109426,47.13507086232391],[8.612404170397589,47.13507016849681],[8.612550910909551,47.13508115698413],[8.612789498413683,47.135105502034996],[8.61304108218098,47.13512614251187],[8.613117062411618,47.13513071912713],[8.613203402732957,47.13513161851686],[8.613279004277324,47.13512013225128],[8.613346490170068,47.135096251548575],[8.613411144004207,47.13506165865436],[8.613472705567776,47.13500569611274],[8.613528655665151,47.1349337152253],[8.613571740654875,47.13487080765261],[8.613625381361484,47.13481134558641],[8.613726047562926,47.13474962181138],[8.613821598636706,47.13469330276557],[8.613984255848786,47.13459524960325],[8.61417047700069,47.13449872752503],[8.614245424843823,47.13445691317551],[8.614359079308922,47.13441462209896],[8.61443236360269,47.134392516620615],[8.614544159022593,47.134361030429474]]}},{"type":"Feature","properties":{"id":152,"t_id":151,"liniennummer":"605,626"},"geometry":{"type":"LineString","coordinates":[[8.513758315109541,47.104062116547084],[8.513764069390982,47.10403635278783],[8.51376141536338,47.1040078250135],[8.513752363351918,47.10397363577028],[8.513734889527761,47.10393666464452],[8.513698162803658,47.10387845465025],[8.513644678809946,47.10381898004289],[8.513644678629504,47.103818971048845],[8.51356373395776,47.10374547694019],[8.513338490844248,47.1035690710361],[8.513106836042232,47.103385581988626],[8.513017499567995,47.10331072662644],[8.512979093722791,47.103272529716975],[8.51295317049623,47.10323135546211],[8.51293561181204,47.10319011201459],[8.51292640411818,47.103148781513354],[8.512929733989544,47.10310590349572],[8.51294345255239,47.103060094704375],[8.512984157634696,47.10300402135858],[8.513041648187658,47.10295063375551],[8.513113929368222,47.102904259496874],[8.513173930494752,47.10287227630097],[8.513298363688275,47.10281970201873],[8.513595091321458,47.10270268077555],[8.513723597824388,47.10264435560571],[8.513773181760257,47.10261390885462],[8.513822593471515,47.10257488171735],[8.513859366470589,47.10253169979851],[8.513881518325002,47.10248864565713],[8.51390325593865,47.102425606759496],[8.513936572279126,47.10231390929441],[8.513954264393652,47.10225805088317],[8.513976272745827,47.102207855410725],[8.513998554696206,47.10217195167129],[8.514025267510203,47.10214742211698],[8.514058151028596,47.10211855282529],[8.514101578915644,47.10209386685003],[8.51415748916871,47.10206621238847],[8.514257085107795,47.102026724424626],[8.514475242320119,47.10195470436455],[8.51469757441799,47.10188264479646],[8.514940507340151,47.10179468523467],[8.5151645309655,47.101702620273606],[8.515274570708556,47.10166303358793],[8.515388942230723,47.10163053987053],[8.515636622268168,47.10157109595773],[8.515759271378249,47.101534242305526],[8.515828844476404,47.101505406460504],[8.515865048649452,47.10149040400242],[8.515923964909705,47.1014557307624],[8.515929146863552,47.10145267759779],[8.515948737327458,47.10143893731825],[8.515968314428768,47.101425188164804],[8.516017650538798,47.101381878762076],[8.516044307118372,47.10135592791452],[8.516064722517577,47.10133145690283],[8.51608495015035,47.10129699332783],[8.516097181070908,47.101269738375855],[8.51610296844032,47.10125682914021],[8.5161048505116,47.1012482205191],[8.516116380859868,47.101195298154806],[8.516139606641804,47.10110225287856],[8.51616617608458,47.10102349754114],[8.516191149189252,47.100964287018336],[8.516217831114119,47.10091995749238],[8.51623773089478,47.100886891306075],[8.516266196460599,47.10084544168774],[8.51629907797202,47.10081657174635],[8.516354654335462,47.10077178233796],[8.516420748580137,47.10073117626383],[8.516500090518875,47.10068244865249],[8.516569489945486,47.1006398144273],[8.516645652995518,47.100579116143415],[8.51670092830821,47.10052004406969],[8.516731456720045,47.100478350082916],[8.516749531612014,47.10044103691396],[8.516756094428295,47.10041298944765],[8.516757234649466,47.100408112029136],[8.516760618826353,47.100368093995904],[8.516757892667599,47.1003367062698],[8.516746831236222,47.10030681806848],[8.516729528984634,47.10027841873871],[8.516697593292934,47.10025015667178],[8.51666577253159,47.10022760584489],[8.516627640442803,47.10020369287239],[8.516593840372733,47.10018687291789],[8.516547529726466,47.10017159162457],[8.516490776783554,47.10015784757184],[8.516421698842402,47.100154213396294],[8.516315164818762,47.10016092472936],[8.516176504930721,47.100178381281324]]}},{"type":"Feature","properties":{"id":153,"t_id":152,"liniennummer":"73,110,651,653"},"geometry":{"type":"LineString","coordinates":[[8.4310028378061,47.14099774303145],[8.431003456684424,47.14103113826776],[8.430998226935465,47.1410719153585],[8.430984711368481,47.14111519274025],[8.430958347735759,47.14117872205909],[8.430842048336807,47.14141110954329],[8.430738648117467,47.14162106760913]]}},{"type":"Feature","properties":{"id":154,"t_id":153,"liniennummer":"73,653"},"geometry":{"type":"LineString","coordinates":[[8.432748279886221,47.14091215434861],[8.432751570381285,47.140919673200344],[8.432755224099994,47.140925452765856],[8.432759366364898,47.14093056243593],[8.432764201913178,47.14093537825525],[8.432769690532169,47.140939864589],[8.432775298445073,47.14094367522298],[8.432782412737076,47.14094767073959],[8.432789539701139,47.14095092850874],[8.432796482447511,47.1409534952101],[8.432804343399686,47.14095581109403],[8.432812511026514,47.140957602583086],[8.432821526943252,47.14095892796489],[8.432830029434804,47.140959583115304],[8.432838337197625,47.14095969121799],[8.432847780573542,47.14095918680026],[8.432856211792497,47.140958133404794],[8.432864461630537,47.14095654184169],[8.432871834968285,47.14095460702686],[8.432880088791375,47.140951810020525],[8.432887361161812,47.140948697656576],[8.432894137294637,47.14094513080702],[8.432899935982757,47.140941464459345],[8.432906071368988,47.140936760709295],[8.432910750107604,47.1409324203781],[8.432915152521167,47.140927398771304],[8.432919107582586,47.14092171535852],[8.432921795048763,47.140916636611365],[8.432923944394867,47.140910977803195],[8.432925384594078,47.14090475840368],[8.432925873056611,47.14089911395275],[8.43292535401582,47.14089175105983],[8.432924160576746,47.1408864090065],[8.432922104154594,47.14088074157668],[8.432919014557827,47.1408748132105],[8.432915654171483,47.14086992167673],[8.432910965772765,47.140864510883375],[8.43290592098207,47.14085978683457],[8.432900690993074,47.14085573905499],[8.432894446522875,47.14085172703121],[8.432887163713396,47.14084788590301],[8.43287989459845,47.140844782293485],[8.432872239221076,47.14084217677923],[8.432864382791395,47.140840103741624],[8.432854077591662,47.140838213790516],[8.432844963255175,47.14083726707648],[8.432837060634021,47.1408369665654],[8.43282783652411,47.14083720821538],[8.432819361103334,47.14083801011483],[8.432811014502537,47.140839359630554],[8.432803531718179,47.14084107949377],[8.432795704885805,47.14084344101636],[8.4327876678248,47.140846550988506],[8.432780663769748,47.14084991290348],[8.432774651005273,47.14085341017952],[8.432768235297006,47.14085792743834],[8.432762901814673,47.14086250730774],[8.43275856896431,47.14086701555948],[8.432754282179182,47.140872584891234],[8.432751391465207,47.140877368536906],[8.432748858499885,47.14088295869268],[8.432747079223223,47.14088866827243],[8.432746114543447,47.140894937533254],[8.432746017002076,47.140900335723956],[8.432746792461602,47.1409065989406],[8.432748279886221,47.14091215434861]]}},{"type":"Feature","properties":{"id":155,"t_id":154,"liniennummer":"110,651"},"geometry":{"type":"LineString","coordinates":[[8.426432427570742,47.1398447571873],[8.426458484899573,47.13985942107349],[8.42649736946519,47.13988764805568],[8.42666582102626,47.14003733577084],[8.426942228889205,47.140271778506076],[8.427237914263381,47.14051125433717],[8.427490916435046,47.14070662227194],[8.427720813095021,47.14087720764355],[8.427860398471243,47.14097477862663],[8.427966309154472,47.14104288173942],[8.428031400748088,47.14107446303118],[8.428085779706693,47.14109065506044],[8.428133040452948,47.14109976581589],[8.42818542431018,47.14110287740843],[8.428256965727781,47.1411046457316],[8.428413796620712,47.141097341219],[8.429123008991576,47.141062684214084],[8.429614455753317,47.14104180035693],[8.429802671617175,47.14103421454736],[8.430078119512288,47.14102708196268],[8.43023499423383,47.1410221674077],[8.430332679024113,47.141022512643325],[8.430397247149688,47.14102433076157],[8.430468788536547,47.14102609770894],[8.430805077815531,47.14100892141003],[8.4310028378061,47.14099774303145]]}},{"type":"Feature","properties":{"id":156,"t_id":155,"liniennummer":"651"},"geometry":{"type":"LineString","coordinates":[[8.426432427570742,47.1398447571873],[8.426537893047358,47.13972672903439],[8.426646342786917,47.139616132472895],[8.426713873823527,47.13955499416159],[8.426837739310288,47.139462534987416],[8.426955203434089,47.139386124810216],[8.427092805487284,47.13931296876035],[8.427243741288798,47.13923512818302],[8.427349942316912,47.13918280559689],[8.427382045398451,47.13916505122559],[8.427475888516588,47.13911317658576],[8.427598365071926,47.13903558019925],[8.427714076861683,47.13895576597025],[8.427842344167656,47.138859831510814],[8.427954894160383,47.13875948033436],[8.42805849887792,47.13865805455931],[8.428135699153495,47.13857170754757],[8.428155280428278,47.13854982376149],[8.428243522943081,47.13843253583541],[8.428316804757992,47.13832108876127],[8.428384726542875,47.13819140874423],[8.428399025281728,47.138146208852596],[8.428413733699328,47.13809963810497],[8.428432005780792,47.13800123114682],[8.428446578870611,47.137884576999035],[8.428442392358019,47.13774865383899],[8.428421163074809,47.137595758753456],[8.428391272344907,47.137486350866325],[8.428384951335213,47.13746317867378],[8.42834141482767,47.13735653290017],[8.428270278529716,47.13722232825136],[8.428189399824452,47.13710306807919],[8.428088471279935,47.13698741665195],[8.427987822594185,47.13688546299904],[8.427858627537685,47.1367803184783],[8.427693977290046,47.13665835113422],[8.427424278763993,47.13646874040901],[8.42727691795905,47.13637632723999],[8.427148371398948,47.136305458515686],[8.426967617620152,47.13621791071085],[8.426609551515222,47.13604847889841],[8.42642532508447,47.13595409645424],[8.426296717302138,47.1358797910037],[8.426171344657641,47.135798611996044],[8.426078016123979,47.135730867001335],[8.425931659719927,47.135601885468],[8.425809096512094,47.13549212098494],[8.425705486144182,47.13541075467976],[8.425620738850759,47.135354360057065],[8.425486456125354,47.13527455214011],[8.425388465492818,47.135226268054986],[8.425295622964732,47.135184794354224],[8.425196177065482,47.135149089417595],[8.425058160957242,47.135109145461584],[8.42492017927143,47.13507034348474],[8.424514404904514,47.134945869458164],[8.424275263506791,47.134869099916585],[8.42402076351196,47.13477645833934],[8.42384868339271,47.134704816518585],[8.42368478416636,47.13462283142206],[8.423594579943149,47.13456914475549],[8.423540934866823,47.13453722908554],[8.423440937236533,47.13447067253455],[8.423306995353604,47.13438042431309],[8.42319815953199,47.13428768512868],[8.423094339965344,47.13419602735095],[8.423012525153375,47.13411675695719],[8.422932103708337,47.134021480440445],[8.422841151285066,47.13390116034163],[8.422774016114824,47.133800048823524],[8.422719558609991,47.13370806724658],[8.422665759467963,47.13360455667248],[8.422644901887265,47.133554845649606],[8.422704811993189,47.133500953259066],[8.422735318241164,47.133479615576896],[8.422769028489714,47.13346980079398],[8.42280295065604,47.13347223616801],[8.422833080575746,47.13348422130966],[8.422850291495807,47.13349903367018],[8.422854684808515,47.13352075638108],[8.42285022779101,47.13354936448726],[8.422719558609991,47.13370806724658]]}},{"type":"Feature","properties":{"id":157,"t_id":156,"liniennummer":"73,653"},"geometry":{"type":"LineString","coordinates":[[8.4310028378061,47.14099774303145],[8.431477699419306,47.140976922326054],[8.432106707073551,47.14094413558543],[8.432441299409696,47.14092934398262],[8.432748279886221,47.14091215434861]]}},{"type":"Feature","properties":{"id":158,"t_id":157,"liniennummer":"606,607,611,616"},"geometry":{"type":"LineString","coordinates":[[8.511220620942211,47.17493991769836],[8.511212853995541,47.174938766674956],[8.511204006234873,47.17493700502508],[8.511195957826885,47.174934975052224],[8.51118813944581,47.174932574114514],[8.511180591202057,47.174929828825036],[8.511173871755172,47.174926967864295],[8.511166370715529,47.17492328658896],[8.511160299045024,47.174919834875176],[8.511154070931264,47.17491581789451],[8.511147843210376,47.17491116222041],[8.511142540400437,47.17490657888775],[8.5111382472279,47.17490234597162],[8.511133508549314,47.17489694777532],[8.511129929282403,47.174892132486264],[8.511126563067654,47.17488675748304],[8.511123721742528,47.17488124265406],[8.511121317696379,47.17487516602156],[8.511119659129735,47.17486942427611],[8.511118667984952,47.17486407211888],[8.511118141399495,47.17485820288211],[8.511118183237707,47.1748523913179],[8.51111883162684,47.174846565105945],[8.511120048078762,47.17484077857872],[8.511121995949633,47.17483462541079],[8.51112421389309,47.17482944125372],[8.511127151146837,47.17482394454252],[8.511130606226963,47.17481861392274],[8.511134927326953,47.1748130503422],[8.511139471719854,47.17480809638329],[8.511144508460449,47.174803353731164],[8.511149557096797,47.17479920467938],[8.511155461266535,47.17479495769859],[8.511162262521607,47.1747907113534],[8.51116846134007,47.17478734319755],[8.51117550502551,47.17478400315058],[8.511182846095801,47.174781020156985],[8.51119110014501,47.174778172584844],[8.51119900996618,47.17477592193137],[8.511206494257722,47.17477416100669],[8.511215392560237,47.17477252183847],[8.51122381347559,47.174771417860384],[8.511231662512367,47.17477074200567],[8.511240217097384,47.17477038341765],[8.511249453194711,47.17477045926333],[8.511259940669566,47.174771099166],[8.511267781323491,47.17477197963034],[8.511276754647309,47.17477342525803],[8.511284306178373,47.174775019070225],[8.51129231643851,47.174777121357394],[8.511300096313835,47.174779576620566],[8.511307606415393,47.17478239422261],[8.511315365832479,47.17478580321185],[8.511322217318162,47.1747893286101],[8.511328705439801,47.1747931542503],[8.511334790267492,47.174797262513415],[8.511340432412114,47.17480166276212],[8.511345254085922,47.17480593572324],[8.511350372397436,47.17481118644269],[8.511354292089583,47.17481587261343],[8.51135829738272,47.174821538509526],[8.51136146685135,47.17482696931378],[8.511363917941388,47.17483210096241],[8.511366010354376,47.1748377666959],[8.511367773325759,47.17484476685265],[8.511368604205513,47.17485067823052],[8.511368840101687,47.17485652318901],[8.511368482276094,47.174862364685616],[8.511367626872019,47.17486773405175],[8.511366145748521,47.174873478070566],[8.511363907007203,47.174879597971376],[8.511361476785787,47.17488472114229],[8.511358045370873,47.17489057329485],[8.511354285320312,47.1748958258033],[8.511350382012774,47.1749005129224],[8.511345664721565,47.174905396536126],[8.511340039134502,47.17491037857147],[8.511334335338004,47.17491474963287],[8.511328217247492,47.1749188546865],[8.511321723531053,47.174922648393675],[8.511315377094519,47.1749258919947],[8.511308185065976,47.17492907151127],[8.511300119803693,47.17493212423141],[8.511292332818496,47.174934580646195],[8.511284957811743,47.17493652946584],[8.511276787088041,47.17493826980585],[8.51126779282557,47.17493972996035],[8.51125998748018,47.17494061230946],[8.511250804262902,47.17494120164784],[8.511242232134371,47.17494134450484],[8.511234325476533,47.1749411213344],[8.511220620942211,47.17493991769836]]}},{"type":"Feature","properties":{"id":159,"t_id":158,"liniennummer":"643"},"geometry":{"type":"LineString","coordinates":[[8.447223096954646,47.190919979256954],[8.447329278031589,47.190858671277816],[8.447359324569904,47.190822228155916],[8.447396409335603,47.19078953744647],[8.447445977927877,47.19075196972647],[8.447548021226268,47.19068260185042],[8.447575330031933,47.19066403871406],[8.447585114790378,47.19065738625508],[8.44779071154245,47.19051761142919],[8.448050178848865,47.19033967279387],[8.448143663061414,47.19027555182119],[8.448222308975275,47.1902244064574],[8.448278999704307,47.1901943950929],[8.44834552089263,47.19016715805227],[8.44844243946028,47.190094164135786]]}},{"type":"Feature","properties":{"id":160,"t_id":159,"liniennummer":"110"},"geometry":{"type":"LineString","coordinates":[[8.425954241859507,47.13984785539925],[8.42594588254952,47.13984637092093],[8.42593777957098,47.139844488436566],[8.42593050270748,47.13984236497559],[8.42592288602955,47.13983968670562],[8.425915604771669,47.13983660975083],[8.425908166580676,47.13983288646156],[8.425901688971784,47.13982906497088],[8.42589564054505,47.139824924950965],[8.425890502296195,47.13982081310066],[8.42588505631603,47.13981574136533],[8.42588056138424,47.139810769413415],[8.425876642287514,47.13980556762952],[8.425873558093723,47.139800601559735],[8.425870600490141,47.139794635894816],[8.425868518493921,47.139788968563785],[8.425867168104809,47.13978365477602],[8.42586627466836,47.13977738353557],[8.425866153709151,47.139771537452205],[8.425866665951906,47.13976571292061],[8.425867824743596,47.13975991882187],[8.425869480861788,47.13975464219758],[8.425871882346774,47.13974903533504],[8.42587516200653,47.13974315106763],[8.425878539324765,47.13973827346596],[8.425883105200192,47.13973279195463],[8.425887518288668,47.139728319258566],[8.425893267747446,47.139723394308646],[8.425899095050683,47.13971911637145],[8.425904893918835,47.13971544138129],[8.425911589779945,47.139711794673744],[8.425919080002172,47.13970833005427],[8.425926109127172,47.13970559803355],[8.425934444197916,47.1397029087758],[8.425942447995197,47.13970084305558],[8.425950039773115,47.13969931161027],[8.4259590591138,47.13969798380395],[8.425967548301024,47.13969721827329],[8.42597545245398,47.139696898547],[8.425984656668456,47.13969701743882],[8.425993196926962,47.1396975918081],[8.426000991985886,47.13969850540994],[8.426009284206838,47.13969992749102],[8.426018035372808,47.139701930343875],[8.426025908697266,47.13970422859032],[8.426032928552798,47.139706714074364],[8.426040235830735,47.13970977280716],[8.42604716781631,47.13971321257533],[8.426054190831485,47.13971729924283],[8.426060226077006,47.13972143936763],[8.42606537717902,47.13972553310902],[8.426070823167102,47.13973060483594],[8.426075007475983,47.139735174646574],[8.426079263417584,47.13974076933727],[8.426082618882813,47.13974614686916],[8.42608533128249,47.139751682846445],[8.426087312904206,47.13975691025255],[8.426088816435907,47.13976266350619],[8.426089675242999,47.139768485263886],[8.426089870425836,47.13977478048863],[8.426089358207275,47.13978060502116],[8.42608792935136,47.139787480909504]]}},{"type":"Feature","properties":{"id":161,"t_id":160,"liniennummer":"606"},"geometry":{"type":"LineString","coordinates":[[8.476515853008292,47.191647606735756],[8.476546452580854,47.19160325276336],[8.476687012008776,47.19139949603014],[8.476777543839638,47.191278724263704],[8.476884065629475,47.191166614852314],[8.476926056364029,47.1911224369037],[8.477084558072692,47.1909777354455],[8.4772745575148,47.19081940922197],[8.477501143535822,47.19065742418715],[8.47763303819229,47.190561600895435],[8.477687833416457,47.19052177787874],[8.477783822130526,47.19045250944825],[8.477851106003916,47.19039394386529],[8.477932287460451,47.19032327072513],[8.47801385782624,47.19023526860289],[8.478066052370288,47.19015942374535],[8.478098392162845,47.19010218998972],[8.478120679034326,47.19006274122035],[8.478149227772683,47.19000395846207],[8.478162890926688,47.18996416475747],[8.478166637206968,47.1899532283351],[8.478181081888541,47.18989457291632],[8.478191323992315,47.18983695394739],[8.478199750579902,47.18975652968091],[8.478214356300528,47.18964165066333],[8.478216369907516,47.189625755349226],[8.478233082642753,47.189494359474175],[8.478258421754486,47.18929894537592],[8.478275834325832,47.18916962113289],[8.478281861701074,47.18906896054742],[8.478283878271574,47.18896833617876],[8.478282240672922,47.1888840627231],[8.478272475799363,47.1887917037009],[8.478254213894994,47.18867222787762],[8.478229827151857,47.18854381181261],[8.478197973857611,47.18841414081686],[8.478147255574042,47.188193011531176],[8.478083291350135,47.18792035838601],[8.477987741710516,47.18752969892464],[8.477963839884982,47.187431620378035],[8.477915874371538,47.18722711685885],[8.477884003667729,47.187095790724484],[8.477850280793394,47.1869961366293],[8.477807242184944,47.186918218897056],[8.477752025552828,47.18684374841964],[8.477669954244327,47.186771175479265],[8.47758091725491,47.18671700726699],[8.477457781639384,47.18666813921905],[8.477335098822188,47.186642583414034]]}},{"type":"Feature","properties":{"id":162,"t_id":161,"liniennummer":"653"},"geometry":{"type":"LineString","coordinates":[[8.432925873056611,47.14089911395275],[8.433253647905065,47.14088781522656],[8.433310936297964,47.14088596149233],[8.433553462639546,47.14087807976995],[8.43417042050928,47.14085251044966],[8.43473674252399,47.14082499251103],[8.43546865022159,47.14079245660165],[8.436109903643676,47.14076191663053],[8.436416065808547,47.14074973482465],[8.43662341477978,47.14073960601896],[8.4368830591489,47.140727835569606],[8.437156587301075,47.14071119433614],[8.43749445691498,47.14068564581202],[8.437792117034288,47.14065449950652],[8.43788519114404,47.14064234752037],[8.437967849104473,47.140631554335435],[8.438194056548845,47.140603411595045],[8.43869685678322,47.14053714238119],[8.439241431620415,47.140465766875145],[8.439761579742477,47.1403946013876],[8.439976739179308,47.140366551282995],[8.440118438164799,47.14035817509192],[8.440332624329953,47.14034083754677],[8.440512034434073,47.14032856119073],[8.440733384763238,47.14032068682579],[8.440951433237581,47.14032235814463],[8.441139845688294,47.14032547477774],[8.44125855955925,47.14033157351999],[8.441450612062077,47.140341800415335],[8.441625256864029,47.14035455362632],[8.441850510818268,47.140369266989225],[8.44258416563606,47.14042832657963],[8.443027723241654,47.14045895225187],[8.443317724295374,47.14048498051927],[8.443640886182866,47.14051190573352],[8.44389607644231,47.140541798962765],[8.444130348275916,47.14057189248779],[8.444346592293137,47.14060166640365],[8.44446152145593,47.140617483198774],[8.445140091952855,47.14071251384816],[8.445610700960904,47.14077999971405],[8.445840598017966,47.140810101084504],[8.4460438112562,47.14083949117268],[8.446069047628308,47.140843138245025],[8.44638187874847,47.14088836235917],[8.446833560640462,47.14095313048069],[8.447270009961736,47.14101545767254],[8.447449135611683,47.141039821074834],[8.447622493753787,47.14106034869363],[8.4478071807387,47.14107688156059],[8.447951782822203,47.14108468932371],[8.448092515563808,47.141088653759525],[8.448212268675254,47.141088898078706],[8.448332008436681,47.141089133394786],[8.448474481243688,47.141083996530384],[8.448668121395224,47.14107192435685],[8.448770617971496,47.14106453843107],[8.449305857469689,47.14102351237553],[8.449841083307769,47.14098250193277],[8.450331384883704,47.14094254981807],[8.451219174452053,47.14087461097117],[8.451680207524205,47.14084100077521],[8.451703713370001,47.14083886868486],[8.451851434067871,47.140824065101356],[8.452161527528538,47.14079194441784],[8.452453090087415,47.140767092763056],[8.452755597655825,47.14074586804853],[8.453010967511794,47.1407250402667],[8.453173983541467,47.14071247492698],[8.453313568186605,47.14070875184919],[8.453449705729984,47.140713748774964],[8.453595109880263,47.140729791340355],[8.453686080076064,47.14074383132477],[8.453799128585427,47.1407750199153],[8.453877804109382,47.14081021798996],[8.45397143541048,47.14087003091681],[8.454229537605066,47.14070686573836],[8.454573679209652,47.14048972198704],[8.45485685980163,47.140310240687185],[8.45494294697952,47.14025873579966],[8.455039874705259,47.14020465226056],[8.455133281807662,47.140156797729574],[8.455248323324902,47.140101321525975],[8.455352664991288,47.14005585295448],[8.455549592544958,47.13998250693411],[8.456053687190755,47.139815723085015],[8.456580114439555,47.13964770484741],[8.456783880020739,47.13958401142631],[8.456958748335474,47.13952801286471],[8.457113709733697,47.13947342271015],[8.457248748525455,47.139421491573884],[8.457353110438596,47.13937724437815],[8.457459055893315,47.13932061408213],[8.457581023663424,47.139248989975684],[8.45768839721019,47.13917252046425],[8.457853010203191,47.13904121008879],[8.457881371980136,47.1390185866492],[8.458233331207474,47.138736998681324],[8.458387003453918,47.13861558972033],[8.458485340333848,47.138541691340066],[8.458575085450171,47.13847492163133],[8.458659598490858,47.13841655518463],[8.458711465471119,47.138392562634664],[8.458815197052253,47.13834376787781],[8.458921647732478,47.13830761474246],[8.459035300419073,47.13827444712817],[8.459152715894431,47.13824988181228],[8.459234357035362,47.13823594281514],[8.459316506664583,47.138226551033064],[8.459403047680745,47.138221384144074],[8.459489364863053,47.1382134665154],[8.459808304344728,47.138198266224904],[8.460417313058702,47.13817553186654],[8.461040820048844,47.1381526564031],[8.461464915541802,47.13813650769643],[8.461658764941937,47.138123656027034],[8.461818025071615,47.138106146159046],[8.461982613356447,47.1380811672683],[8.46215052905718,47.13804129775057],[8.462302066345261,47.13799910895749],[8.462402018714942,47.13796660865945],[8.462462509012651,47.13794694549627],[8.462748982971567,47.13784661251404],[8.463318408531165,47.13765218274015],[8.463541874842088,47.13757717405805],[8.46369130914959,47.137518908961844],[8.46382983228584,47.13745950852595],[8.463952061020567,47.13740148558404],[8.464072362482288,47.13733852309835],[8.464266176062074,47.13723036757414],[8.464502752458536,47.13708221351746],[8.464710506679785,47.13694421129625],[8.46483214040117,47.136855247715],[8.464933889590252,47.13677017663774],[8.465037125527482,47.13666777559777],[8.465111516687683,47.13657428570596],[8.46515903552331,47.13649837920073],[8.46521813164781,47.13636417655841],[8.465373394446429,47.13604224002134],[8.465500568287078,47.13577005703229],[8.465640066926552,47.13547796441335],[8.465818033512491,47.13511250141417],[8.465929693064282,47.13488253802674],[8.465996000388994,47.13474580568128],[8.466063957327663,47.134601628152694],[8.466118022730308,47.13448851969598],[8.466133413734141,47.13444012056724],[8.466143208225551,47.134383099637596],[8.466145693104322,47.13432367021173],[8.466139595551128,47.1342903058764],[8.466126061616995,47.134245862377675],[8.466101485577461,47.13419409612287],[8.466055054707809,47.13413757750458],[8.465977429672453,47.13406153811875],[8.465940200766092,47.134031852217404],[8.465857710966475,47.13396607525778],[8.465647937307264,47.133808294086954],[8.465511832145548,47.133709270998736],[8.465412174480605,47.133619808560304],[8.46527926741555,47.13349846544359],[8.465234787077327,47.13345560246359],[8.46514499326897,47.13336903829872],[8.465124055848216,47.133348859045185],[8.464920715780956,47.13314891953086],[8.464756082985913,47.13298082970824],[8.464474756509155,47.13269181770025],[8.46432134713256,47.132534206024296],[8.46401061473764,47.132218909012764],[8.463683828672721,47.13188077039487],[8.463360107126572,47.13154826181262],[8.463323022097505,47.13151008190519],[8.462988250824242,47.13116542767259],[8.462647888058022,47.1308169631353],[8.46250182979512,47.13067098693551],[8.4623962669264,47.1305568274735],[8.462342224394515,47.130493412505324],[8.462290528249577,47.13043275627981],[8.462221579167062,47.13033560534188],[8.462199009804934,47.130302333433036],[8.46215918752619,47.13024360447748],[8.462150656148465,47.130231023537235],[8.462092187423034,47.13012150018622],[8.462028057653592,47.1299833490665],[8.461969177921322,47.129844008743326],[8.461908996158488,47.129711012909034],[8.461791629815444,47.12937900241264],[8.46165604576358,47.129021291369995],[8.461566399939066,47.12879063984313],[8.46153363751934,47.12868945137877],[8.461502646280062,47.1285857553548],[8.461476210612226,47.128436239947995],[8.461453647379326,47.128203750209984],[8.461428236075964,47.12782279461087],[8.461394996482657,47.12741218697596],[8.461380272982685,47.12721058147978],[8.461376553534208,47.12711035803697],[8.4613758918232,47.12707570368062],[8.461383362279966,47.12699272432429],[8.461397657750668,47.12688615163867],[8.461423969248926,47.12674483881295],[8.46147227236363,47.12652038145498],[8.461543886782179,47.126188047726615],[8.461587090780817,47.12598097926287],[8.461609106287728,47.12589910287479],[8.461630966660692,47.12580979745065],[8.461654385593143,47.125706867729505],[8.461710075220864,47.125394483927074],[8.461741638229533,47.12524321103014],[8.461774570319442,47.12506840229703],[8.461799370028915,47.12497638096324],[8.461830392243352,47.12484788084022],[8.461871412436558,47.12471634115818],[8.461933665262059,47.12455859706048],[8.462020591022887,47.12436226685049],[8.462102462823918,47.12418703138454],[8.462176950547962,47.12402336702586],[8.462232978438998,47.12389997858374],[8.462253233661041,47.12385712286291],[8.462285269901345,47.12378936122538],[8.462323489067199,47.12370238377738],[8.462332536181611,47.12367924735674],[8.462373864218058,47.12355840953524],[8.4624026993899,47.123454198958456],[8.462417120523433,47.123355046333884],[8.46242346419986,47.12329252398826],[8.462429334585865,47.12323489049895],[8.462427592107842,47.12304925357727],[8.462407542027343,47.12285388443056],[8.462361881937303,47.12245700659253],[8.462327558474485,47.122178842480416],[8.462276617789287,47.12169660674939],[8.46223162088028,47.121218465037394],[8.462215041883619,47.121035011128875],[8.462182832558415,47.120772912326224],[8.462166654601466,47.12059111902282],[8.462162461367468,47.12046615258786],[8.462164571759258,47.12038692696692],[8.46217756591747,47.12030760445462],[8.46219241230056,47.120230730262236],[8.462221566489713,47.12014260105025],[8.462256159636093,47.120055655811534],[8.462305378131727,47.11997476936315],[8.462376019456293,47.11987635749228],[8.462436145167528,47.11979662425987],[8.46256650923562,47.11964018912754],[8.462687870492951,47.11949610411352],[8.462787004268002,47.11937021729243],[8.462861078209848,47.11926187928228],[8.462915158248258,47.11914999513735],[8.462951247263067,47.11904695207065],[8.462971357930023,47.118960135605214],[8.462981264958758,47.118815244042565],[8.462970306964444,47.11871633532849],[8.462943861488727,47.118565578615474],[8.462906603798157,47.11841863343042],[8.462855792775525,47.11822724441785],[8.462797677519866,47.118032205232275],[8.46273587903503,47.11783473400725],[8.462703346946185,47.11774467125874],[8.462674803557558,47.11767437244631],[8.462667475152735,47.11765844341615],[8.462614273081115,47.11754250428517],[8.462543058846673,47.117421840895496],[8.462475907218451,47.1173234235624],[8.462407055842256,47.11723121034854],[8.462323711432537,47.11713912614184],[8.462194512603707,47.11701899681402],[8.462048986578502,47.11690022710033],[8.461925973558076,47.11681964136017],[8.461768225754023,47.11672327135389],[8.46156865949093,47.11662107520782],[8.461393016973592,47.11653848336009],[8.461241252063646,47.11647585615589],[8.461213930228858,47.11646458471435],[8.460912400028066,47.11633977963494],[8.460619983488318,47.116217384559924],[8.460513993263698,47.116173762146445],[8.460358574174311,47.11610459943037],[8.460157111036454,47.11599872050132],[8.459829253474886,47.11582464336233],[8.459406151464187,47.115599434024524],[8.458944400563857,47.11534363005281],[8.458704515717558,47.115218272134555],[8.458462672907533,47.11508552765406],[8.458257276394214,47.11497475070396],[8.458200718738066,47.11494427121496],[8.457929657476413,47.11479939771236],[8.457761168150865,47.11471053894606],[8.45759831947355,47.1146327755763],[8.45741562136456,47.11455891209009],[8.45720025443548,47.11448281897835],[8.45697763977337,47.11440806705335],[8.456833499763775,47.114359849586485],[8.455905060027462,47.11405741241515],[8.4554828973783,47.11391826006107],[8.455219806230346,47.11383441732554],[8.454474229805307,47.11359037063405],[8.454446437976806,47.113581260715925],[8.454306684735075,47.11353552013638],[8.454266085601368,47.11352227737111],[8.454190874636204,47.11349743908776],[8.454074145874639,47.11345954595135],[8.453961241439298,47.11341623951242],[8.453844360139355,47.113370278378746],[8.453763070319658,47.1133347616693],[8.453679791835373,47.11329790411628],[8.453570585481042,47.113242492460266],[8.453441557774525,47.11317785520408],[8.453107759753937,47.11299555355046],[8.452787819817921,47.1128184901045],[8.45229131034256,47.11255842356363],[8.452244965881704,47.11253256485389],[8.45221173880734,47.11251401189673],[8.452007157639331,47.112399843354346],[8.451768549505415,47.11226099337438],[8.451587495743233,47.11214848784246],[8.451468061058145,47.112070360327586],[8.45135461550254,47.111998854713505],[8.451057559768987,47.11178401901269],[8.45094345728668,47.1116902365188],[8.450743229744518,47.11155092951079],[8.45043845099576,47.111346910049036],[8.449926763010858,47.11103458526381],[8.449508579568581,47.11077809072648],[8.449397788751408,47.11071082380874],[8.449270956155459,47.11061736750574],[8.449159414050122,47.110527698762596],[8.449054295730768,47.11043209028384],[8.4489619909807,47.11034378152146],[8.448876932423882,47.11025541800051],[8.448817737210677,47.11019281561907],[8.44875461609694,47.1101141634542],[8.448711455279414,47.11005149208513],[8.448708027816222,47.110046511615565],[8.448644603373536,47.10995175081759],[8.448597582246174,47.109861820471636],[8.448549814655344,47.10973227974837],[8.448520268126806,47.10960754453639],[8.448500311493104,47.10950994595522],[8.448489112298855,47.10939741858858],[8.448488457991,47.10926623152411],[8.448492279450674,47.10917956967369],[8.448508839416608,47.10900119302451],[8.448534024763495,47.108838644928596],[8.448554431913044,47.10875394233824],[8.448586544248728,47.108621279942774],[8.448630550057931,47.10845904322016],[8.448698190542139,47.1082561452694],[8.448758073961168,47.108104473808076],[8.448830043754128,47.107946758947634],[8.448979126145646,47.10762533772186],[8.44901937694272,47.107527488837796],[8.449072464364177,47.107398402072214],[8.449114076415498,47.10729450508485],[8.44926950443737,47.10694087708461],[8.449402641024177,47.10660767611998],[8.449518993634374,47.106306755120876],[8.449632267554115,47.10602847617964],[8.449720957779155,47.10580896620554],[8.449712413947074,47.10580723322879],[8.449704416590407,47.105805135617395],[8.449696701062502,47.10580261272971],[8.449689838891176,47.10579992940883],[8.449682754752645,47.10579665432532],[8.449676046011449,47.10579302510806],[8.449669765698808,47.10578905928199],[8.449663940160622,47.10578475661541],[8.449658247137044,47.10577979609862],[8.44965353077824,47.10577492594345],[8.449649350267807,47.10576982618304],[8.449646030071484,47.10576493475166],[8.449642809425276,47.10575903492881],[8.449640463453731,47.10575340627851],[8.449638774601597,47.10574769088731],[8.44963771652284,47.10574188898692],[8.449637324896749,47.10573649502577],[8.449637588289114,47.10573020473136],[8.449638519491339,47.10572439432969],[8.449640084181347,47.10571864132575],[8.449642322895908,47.10571299933709],[8.449644927630656,47.10570790286525],[8.449648344333845,47.10570254737252],[8.449652370723852,47.105697384421894],[8.449657316671273,47.10569207844774],[8.449662485603191,47.10568741820073],[8.44966817370831,47.10568304124849],[8.449674315800888,47.105678984147055],[8.44968091188095,47.105675246896425],[8.449687910275141,47.105671883924956],[8.44969525829193,47.105668895696134],[8.449702327365658,47.10566648564381],[8.449710885995232,47.10566411646255],[8.449718404369051,47.10566247608516],[8.449726731550774,47.10566110745868],[8.449735172601258,47.10566018761381],[8.449743714517519,47.105659725660516],[8.44975293690752,47.10565971650022],[8.449761456786373,47.10566018129418],[8.449769932460008,47.10566109626016],[8.449782953935689,47.10566342853623],[8.449790698273443,47.105665384437046],[8.44979906146486,47.10566801856459],[8.449806533142784,47.105670885426285],[8.449813110930911,47.105673859103575],[8.449820364677961,47.105677744393],[8.449826657991885,47.105681701100856],[8.4498325095383,47.105685985539196],[8.449837826088421,47.10569054455401],[8.449842647330646,47.10569538679206],[8.449846880036125,47.10570045909944],[8.449850279114548,47.105705340835556],[8.449853604654486,47.105711212743],[8.449855862952372,47.105716383380965],[8.449857696559047,47.10572208850007],[8.449858873217526,47.10572788935545],[8.44985941322961,47.1057341635869],[8.449859233586722,47.10574000336143],[8.449858492024237,47.105745389299926],[8.449856210514866,47.105753649411305],[8.449853789097537,47.105759382968394],[8.449850783148392,47.105764860793194],[8.449847154506402,47.105770155186775],[8.449843290890918,47.10577486692844],[8.449838574089418,47.105779748097895],[8.44983331193494,47.10578435519884],[8.449827088494796,47.1057889887476],[8.449821308454002,47.10579268284498],[8.44981464514672,47.105796348729605],[8.44980701766811,47.10579988816053],[8.44980016461013,47.105802575184825],[8.449792189984647,47.10580517312261],[8.44978420585362,47.10580726738557],[8.449776003147521,47.10580894976967],[8.449767633709637,47.1058101748404],[8.449759150571404,47.10581096012254],[8.449750606424766,47.10581130515257],[8.449742713117892,47.105811230655725],[8.449734178684482,47.105810694022814],[8.449720957779155,47.10580896620554],[8.449734178684482,47.105810694022814],[8.449742713117892,47.105811230655725],[8.449750606424766,47.10581130515257],[8.449759150571404,47.10581096012254],[8.449767633709637,47.1058101748404],[8.449776003147521,47.10580894976967],[8.44978420585362,47.10580726738557],[8.449792189984647,47.10580517312261],[8.44980016461013,47.105802575184825],[8.44980701766811,47.10579988816053],[8.44981464514672,47.105796348729605],[8.449821308454002,47.10579268284498],[8.449827088494796,47.1057889887476],[8.44983331193494,47.10578435519884],[8.449838574089418,47.105779748097895],[8.449843290890918,47.10577486692844],[8.449847154506402,47.105770155186775],[8.449850783148392,47.105764860793194],[8.449853789097537,47.105759382968394],[8.449856210514866,47.105753649411305],[8.449858492024237,47.105745389299926],[8.449859233586722,47.10574000336143],[8.44985941322961,47.1057341635869],[8.449858873217526,47.10572788935545],[8.449857696559047,47.10572208850007],[8.449855862952372,47.105716383380965],[8.449853604654486,47.105711212743],[8.449850279114548,47.105705340835556],[8.449846880036125,47.10570045909944],[8.449842647330646,47.10569538679206],[8.449837826088421,47.10569054455401],[8.4498325095383,47.105685985539196],[8.449826657991885,47.105681701100856],[8.449820364677961,47.105677744393],[8.449813110930911,47.105673859103575],[8.449806533142784,47.105670885426285],[8.44979906146486,47.10566801856459],[8.449790698273443,47.105665384437046],[8.449782953935689,47.10566342853623],[8.449893023209501,47.10541793972191],[8.450009456513452,47.10512297252836],[8.450165590945497,47.10471458911948],[8.4503018610041,47.10436232441549],[8.45044974752602,47.10397926398425],[8.450572526873332,47.103650920201545],[8.450605178080453,47.10355489168915],[8.450634202506373,47.10346773785272],[8.450660058989298,47.103375385408484],[8.450678473061183,47.10329565646018],[8.450693613667491,47.10320444185669],[8.450716729282057,47.10304720067669],[8.450718098126815,47.10295715082922],[8.450715192874831,47.102884941073256],[8.450702902065228,47.10280337748782],[8.450669265279696,47.10264559251687],[8.45064124042305,47.102542191004865],[8.450626785172753,47.1025036638263],[8.450600886630214,47.10243471504294],[8.450543105868219,47.102298066564316],[8.450469136947564,47.10211551165847],[8.450428974852164,47.10201954842098],[8.450409598540286,47.101967373101594],[8.45039803311889,47.10192349500758],[8.450394226281459,47.101883749599665],[8.450396827574346,47.10185964525189],[8.45040552090368,47.10183234778198],[8.4504383156549,47.10176629163122]]}},{"type":"Feature","properties":{"id":163,"t_id":162,"liniennummer":"602,612,613"},"geometry":{"type":"LineString","coordinates":[[8.515494468607606,47.166170314156915],[8.515633568110495,47.16614521888704],[8.515680589369394,47.16614120752392],[8.515762576822407,47.166140431131595],[8.515851710641892,47.166146730331526],[8.515907619213564,47.16614978722427],[8.515980937431145,47.166151466685825],[8.516019313504918,47.166151107395685],[8.516129219412361,47.16615007834752],[8.516258206842641,47.16614292437859],[8.51637147456027,47.16613591748996],[8.516436004197498,47.16613412568824],[8.516502099366072,47.166128855859796],[8.516554485563214,47.16612467694332],[8.516712940221236,47.166107729033264],[8.516867910784011,47.16609200097598],[8.516986522851234,47.16608970210502],[8.517148866034018,47.166092930389],[8.517241516499642,47.16610158839815],[8.51732906450426,47.16611624029082],[8.517439713570818,47.16615208520912],[8.517496053893995,47.166176555937945],[8.517512652505339,47.166184676321606],[8.517570068042879,47.16621275318726],[8.517612298602815,47.16623020460614],[8.517652607510595,47.166239353047494],[8.517705189095304,47.16625075225012],[8.51779286826872,47.16627254511324],[8.517914026303227,47.16630948744961],[8.518075517516307,47.166356765153154],[8.518263317482923,47.16641093835765],[8.518352894991915,47.1664398465427],[8.518512862328835,47.166497851762585],[8.518588729284456,47.16652579995244],[8.518664038441223,47.16655355542352],[8.518769611253804,47.1665965982655],[8.51887876183396,47.166644366128445],[8.51898270102368,47.16669337024135],[8.519160802989004,47.16678452422937],[8.519275212753225,47.166849055220524],[8.519349662861416,47.1668910584396],[8.519520835288276,47.166985839235366],[8.519720263502496,47.16709701429002],[8.519935602745763,47.16721876232177],[8.52010502583304,47.1673123802672],[8.520212678533497,47.16737205321665],[8.520396197416835,47.1674738682338],[8.52060600453911,47.167580194502456],[8.52081224529183,47.167682973660135],[8.521041290688922,47.167791493082795],[8.521258028618568,47.167895369138854],[8.521430731937789,47.167979427898594],[8.521583995313641,47.16805057166742],[8.521724999023075,47.16811946476245],[8.521836088768742,47.168176729011776],[8.521991273874471,47.16825738955361],[8.522074398922495,47.16831134555761],[8.522164535570512,47.16836761033839],[8.522240622963027,47.168419248637875],[8.52235040683615,47.168497952350684],[8.52244242972913,47.16856135070188],[8.522515071047827,47.16861540512662],[8.522552251422603,47.16864124129558],[8.522833820737755,47.1688456599405],[8.523118937368771,47.169051222909125],[8.523301222169872,47.16917684749908],[8.523465686803632,47.169283595983444],[8.523663619134886,47.16940668865325],[8.523834158764394,47.16951436886362],[8.523939655413962,47.16957917723663],[8.524066745307174,47.1696595602364],[8.524232866162436,47.169763269478246],[8.524402878729587,47.16986826412834],[8.524584671416038,47.1699823499292],[8.524635188425552,47.17001396073786],[8.524756664203263,47.17008995211048],[8.52492865786487,47.17019756302587],[8.525049800873306,47.170271416268015],[8.525239432164813,47.17039201187269],[8.525378199920953,47.170478877001045],[8.525450685843161,47.17053214844573],[8.525503516211238,47.17056849573534],[8.525545020695406,47.17061679725099],[8.52557085385465,47.17065339948245],[8.525581035625802,47.17067473997132],[8.525588998481316,47.17069139668743],[8.525607343485582,47.17073990792114],[8.525648552658119,47.17086848044428],[8.525677634521209,47.17097084620663],[8.525710286770419,47.1710573998516],[8.525739094565424,47.171133923661095]]}},{"type":"Feature","properties":{"id":164,"t_id":163,"liniennummer":"601,612,634"},"geometry":{"type":"LineString","coordinates":[[8.579581951220995,47.13777761647448],[8.579581805857043,47.13777203151422],[8.579582895245927,47.13776623639665],[8.579585161341534,47.137760600526164],[8.579588620198514,47.1377552586806],[8.57959314192776,47.13775030210664],[8.579598689478777,47.13774584811726],[8.579605641445236,47.13774172203606],[8.579612276396587,47.13773880453882],[8.579620684242906,47.13773618430636],[8.579628259118477,47.137734687818366],[8.579636204432028,47.137733871336934],[8.57964464053321,47.13773381463029],[8.579653120818184,47.13773459409558],[8.57966196487756,47.13773635949123],[8.57966915815873,47.137738609046295],[8.579676370413548,47.137741748998614],[8.579683313970866,47.13774589015203],[8.57968845045735,47.13774998626294],[8.57969306417529,47.137754915175414],[8.579696578780048,47.13776023281677],[8.579699224133071,47.13776682749253],[8.579700176204039,47.13777253039052],[8.57969990516991,47.1377783713649],[8.579698217730417,47.13778455923733],[8.579695689908375,47.137789666953594],[8.579691846141536,47.137794886679856],[8.579686523855253,47.137800013125],[8.579680575715619,47.13780422820584],[8.579673822944807,47.13780780357044],[8.579666369837252,47.13781068420903],[8.579653579572707,47.13781366277657],[8.579644804257493,47.13781450548516],[8.579636894023299,47.137814494003955],[8.57962730177046,47.13781350067346],[8.5796203629779,47.13781205821453],[8.579612586104567,47.13780964352543],[8.579604853479815,47.13780621186956],[8.579598923905348,47.1378026363844],[8.5795929552807,47.1377978468511],[8.579588472606998,47.13779288065146],[8.579585062496877,47.137787516991196],[8.579581951220995,47.13777761647448]]}},{"type":"Feature","properties":{"id":165,"t_id":164,"liniennummer":"601,603,604,606,607,611,614,616"},"geometry":{"type":"LineString","coordinates":[[8.516859106150301,47.173695374302696],[8.51683232464078,47.173610166643456],[8.516733362345576,47.17326133430419],[8.516658399994917,47.17300497711959],[8.516592611912431,47.172771148985255],[8.516543631437106,47.17260154518019],[8.516517552989024,47.17251123931808],[8.516427584407209,47.17220266787433],[8.516339752630266,47.171898619135824]]}},{"type":"Feature","properties":{"id":166,"t_id":165,"liniennummer":"606,616"},"geometry":{"type":"LineString","coordinates":[[8.48055519067267,47.19644722123173],[8.480361548969192,47.196602706936226],[8.48009659470485,47.196803365207685],[8.479896998918742,47.19697176755221],[8.479660572252849,47.197167561076114],[8.479535147857987,47.19727574175311],[8.479438551789377,47.19734551167856],[8.4793462645172,47.19739933848487],[8.479266055196812,47.197432924072096],[8.479168662065309,47.19746242799716],[8.479038091099953,47.197483865787504],[8.478946991082395,47.197493585472984],[8.478928359535534,47.19749445545562],[8.478857405815027,47.19749772317157],[8.478741659906026,47.19749765332461],[8.478606280428117,47.19749443234686],[8.47848057110984,47.19748558263805],[8.47835162028997,47.19747563762148],[8.478189850922167,47.19745708319133],[8.478057398555642,47.1974360509913],[8.47790514863105,47.197404096853795],[8.477780657183871,47.19737299845619],[8.477618362269377,47.19732667878841],[8.477469061564044,47.197278019765854],[8.477306508578298,47.19721837962045],[8.477134035250371,47.19715214504753],[8.47701407723593,47.19710433623592],[8.476848063479265,47.19703360819298],[8.476714866636962,47.196974808971646],[8.476573364078355,47.1969082853502],[8.476407144471635,47.19682756450833],[8.476280316194789,47.19676092626349],[8.476148433641306,47.19668544584652],[8.476000009695289,47.19659676495358],[8.475770491793432,47.196447725752144],[8.475540850415351,47.196290888092804],[8.475408700006232,47.1961939819162],[8.475294003328935,47.196102846498746],[8.475200125256615,47.196030405152655],[8.47516479527153,47.196003133938184],[8.475059849791176,47.19591050720585],[8.475069184824324,47.195905970393596],[8.47507584426538,47.19590229424863],[8.475081739785034,47.1958986969439],[8.475087849861948,47.19589459395823],[8.475093625704638,47.19589026909273],[8.475099483456528,47.19588540375835],[8.475104538921743,47.195880680578355],[8.475108899229443,47.19587617954843],[8.475113584659585,47.19587074905271],[8.475117213660575,47.19586596674875],[8.475120792620107,47.19586064516374],[8.475124202956753,47.195854794360656],[8.475126716774005,47.19584967126977],[8.47512919927254,47.195843612926296],[8.475130931617642,47.19583834394615],[8.475132487672685,47.195832150014056],[8.475133470463744,47.19582633905441],[8.475133999443608,47.19582094597406],[8.475134128340493,47.19581465694287],[8.475133790754192,47.19580881289161],[8.475133005058911,47.19580299986085],[8.475131797470643,47.19579720861892],[8.475130129101409,47.195791475498154],[8.47512820624163,47.19578623042645],[8.4751255294731,47.195780218526345],[8.475122831068816,47.19577513335991],[8.47511950657306,47.195769747981615],[8.475115477164325,47.195764081091994],[8.475111339630807,47.19575896390242],[8.47510717279414,47.19575437771243],[8.47510228906956,47.195749573087426],[8.47509703849857,47.19574490669733],[8.475276391843147,47.19564418838573],[8.475499197102522,47.19552885657541],[8.475668976586963,47.19542450869606],[8.475755701714316,47.19535946352134],[8.47586268822298,47.19525854151078],[8.475956918858458,47.19514773129144],[8.476050720629026,47.19501550650372],[8.476105487461886,47.19492220618567],[8.476145221103609,47.19484311930218],[8.476182747359024,47.19476113774288],[8.476207977575221,47.19467594762588],[8.476220665956186,47.19457419281562],[8.476228620754027,47.19448081951355],[8.476228632895515,47.194354207344716],[8.476227405002005,47.194290898885754],[8.476203328847792,47.19418450084762],[8.476167579376103,47.19405731138103],[8.4761482159223,47.193988400206706],[8.47607217910997,47.19372251184685],[8.476011564136357,47.19349646960634],[8.47594854131619,47.19327213118358],[8.47591069165744,47.19308420472712],[8.475886016051387,47.19294614773281],[8.475869290241548,47.192839674385276],[8.475873087107066,47.19278298632369],[8.475889005273892,47.19272120553524],[8.475952425056507,47.19258901154206],[8.476047338857871,47.19244154717643],[8.476167887894631,47.19223054114988],[8.476193019477732,47.19218455439423],[8.476257595224432,47.192066445786196],[8.476385174647069,47.19184038957587],[8.476515853008292,47.191647606735756],[8.476385174647069,47.19184038957587],[8.476257595224432,47.192066445786196],[8.476193019477732,47.19218455439423],[8.476167887894631,47.19223054114988],[8.476047338857871,47.19244154717643],[8.475952425056507,47.19258901154206],[8.475889005273892,47.19272120553524],[8.475873087107066,47.19278298632369],[8.475869290241548,47.192839674385276],[8.475886016051387,47.19294614773281],[8.47591069165744,47.19308420472712],[8.47594854131619,47.19327213118358],[8.476011564136357,47.19349646960634],[8.47607217910997,47.19372251184685],[8.4761482159223,47.193988400206706],[8.476167579376103,47.19405731138103],[8.476203328847792,47.19418450084762],[8.476227405002005,47.194290898885754],[8.476228632895515,47.194354207344716],[8.476228620754027,47.19448081951355],[8.476220665956186,47.19457419281562],[8.476207977575221,47.19467594762588],[8.476182747359024,47.19476113774288],[8.476145221103609,47.19484311930218],[8.476105487461886,47.19492220618567],[8.476050720629026,47.19501550650372],[8.475956918858458,47.19514773129144],[8.47586268822298,47.19525854151078],[8.475755701714316,47.19535946352134],[8.475668976586963,47.19542450869606],[8.475499197102522,47.19552885657541],[8.475276391843147,47.19564418838573],[8.47509703849857,47.19574490669733],[8.475086523215303,47.19573688739011],[8.475080360495058,47.19573282291462],[8.475073885625429,47.195728995132235],[8.475066604639842,47.195725111637],[8.475060117670516,47.195722021595735],[8.475052292776107,47.195718673731406],[8.475044794669778,47.195715844665486],[8.475037687932456,47.1957134618524],[8.475029804082855,47.195711157998],[8.475021767295082,47.19570913438089],[8.475012941593953,47.19570726179256],[8.475005274489721,47.1957059275021],[8.474996858405449,47.19570476187195],[8.474988369249665,47.19570391174227],[8.47497917244115,47.19570331985594],[8.474971275889354,47.19570308508227],[8.47496202565079,47.195703141353185],[8.474953481021108,47.195703515111404],[8.474944968356729,47.195704176438],[8.474937146189431,47.19570505643739],[8.474928776799686,47.1957063011823],[8.474919861232637,47.19570796463636],[8.474911714635567,47.195709810074966],[8.474904348809728,47.19571176542769],[8.474896502955568,47.19571414788989],[8.474888297047686,47.1957170193502],[8.474881460634968,47.195719734556334],[8.474874263819913,47.19572292077281],[8.474867309392717,47.19572635668206],[8.474860610374165,47.19573003317135],[8.474853280825581,47.195734542922935],[8.47484726415954,47.19573869902882],[8.474841541790335,47.1957430593829],[8.47483577726694,47.19574796884294],[8.47483077509336,47.19575271851813],[8.474826145864315,47.19575764474723],[8.474822211268124,47.19576232184583],[8.47481832670892,47.1957675382254],[8.47481482741845,47.1957728860705],[8.47481154952631,47.19577876265893],[8.474808912267868,47.19578432763433],[8.474806848797067,47.19578953662063],[8.474804922547252,47.19579569789738],[8.474803679607875,47.19580102543682],[8.474802692296713,47.195807286210204],[8.474802250990027,47.195813119280395],[8.474802232273547,47.19581896653869],[8.474802613719385,47.19582435142417],[8.474803452333521,47.19583017297622],[8.474804853153982,47.19583640326286],[8.474806600311712,47.195842117687974],[8.474808782035943,47.19584778322467],[8.474811164603452,47.19585291621805],[8.474814419832782,47.195858814973036],[8.474817564405392,47.19586377019392],[8.474821442024295,47.19586909662978],[8.474826940114573,47.19587564086894],[8.474831627467701,47.195880528232266],[8.474836278327237,47.195884894183514],[8.474842087611915,47.19588978944071],[8.474847391432608,47.195893798689816],[8.474853437140126,47.19589795418597],[8.474859781979994,47.19590188210158],[8.474866945961054,47.19590585661802],[8.474873329471475,47.195909055547574],[8.474881050738274,47.19591250330737],[8.47488787364942,47.19591522151888],[8.474896085703637,47.195918116133825],[8.474903905519005,47.195920519524535],[8.474911891470194,47.19592264255834],[8.474920043382886,47.19592447624113],[8.474928308476597,47.19592602104802],[8.474936038623987,47.1959272018525],[8.474944503863426,47.195928178138885],[8.474953003113013,47.19592886626184],[8.47496222251705,47.195929260045695],[8.474970525013624,47.19592932924712],[8.474979098857215,47.19592909915346],[8.474988285900237,47.19592850371893],[8.47499676837635,47.195927644759706],[8.47500517912683,47.19592648959318],[8.475012847467369,47.19592516119793],[8.475021049313508,47.19592344119258],[8.47502971746989,47.19592126721327],[8.475037001013094,47.195919150673994],[8.475044711281065,47.19591658051702],[8.475052781775403,47.19591353035436],[8.475059849791176,47.19591050720585],[8.475052781775403,47.19591353035436],[8.475044711281065,47.19591658051702],[8.475037001013094,47.195919150673994],[8.47502971746989,47.19592126721327],[8.475021049313508,47.19592344119258],[8.475012847467369,47.19592516119793],[8.47500517912683,47.19592648959318],[8.47499676837635,47.195927644759706],[8.474988285900237,47.19592850371893],[8.474979098857215,47.19592909915346],[8.474970525013624,47.19592932924712],[8.47496222251705,47.195929260045695],[8.474953003113013,47.19592886626184],[8.474944503863426,47.195928178138885],[8.474936038623987,47.1959272018525],[8.474928308476597,47.19592602104802],[8.474920043382886,47.19592447624113],[8.474911891470194,47.19592264255834],[8.474903905519005,47.195920519524535],[8.474896085703637,47.195918116133825],[8.47488787364942,47.19591522151888],[8.474881050738274,47.19591250330737],[8.474873329471475,47.195909055547574],[8.474866945961054,47.19590585661802],[8.474859781979994,47.19590188210158],[8.474853437140126,47.19589795418597],[8.474847391432608,47.195893798689816],[8.474842087611915,47.19588978944071],[8.474836278327237,47.195884894183514],[8.474831627467701,47.195880528232266],[8.474826940114573,47.19587564086894],[8.474821442024295,47.19586909662978],[8.474817564405392,47.19586377019392],[8.474814419832782,47.195858814973036],[8.474811164603452,47.19585291621805],[8.474808782035943,47.19584778322467],[8.474806600311712,47.195842117687974],[8.474804853153982,47.19583640326286],[8.474803452333521,47.19583017297622],[8.474802613719385,47.19582435142417],[8.474802232273547,47.19581896653869],[8.474802250990027,47.195813119280395],[8.474802692296713,47.195807286210204],[8.474803679607875,47.19580102543682],[8.474804922547252,47.19579569789738],[8.474806848797067,47.19578953662063],[8.474808912267868,47.19578432763433],[8.47481154952631,47.19577876265893],[8.47481482741845,47.1957728860705],[8.47481832670892,47.1957675382254],[8.474822211268124,47.19576232184583],[8.474826145864315,47.19575764474723],[8.47483077509336,47.19575271851813],[8.47483577726694,47.19574796884294],[8.474841541790335,47.1957430593829],[8.47484726415954,47.19573869902882],[8.474853280825581,47.195734542922935],[8.474860610374165,47.19573003317135],[8.474867309392717,47.19572635668206],[8.474874263819913,47.19572292077281],[8.474881460634968,47.195719734556334],[8.474888297047686,47.1957170193502],[8.474896502955568,47.19571414788989],[8.474904348809728,47.19571176542769],[8.474911714635567,47.195709810074966],[8.474919861232637,47.19570796463636],[8.474928776799686,47.1957063011823],[8.474937146189431,47.19570505643739],[8.474944968356729,47.195704176438],[8.474953481021108,47.195703515111404],[8.47496202565079,47.195703141353185],[8.474971275889354,47.19570308508227],[8.47497917244115,47.19570331985594],[8.474988369249665,47.19570391174227],[8.474996858405449,47.19570476187195],[8.475005274489721,47.1957059275021],[8.475012941593953,47.19570726179256],[8.475021767295082,47.19570913438089],[8.475029804082855,47.195711157998],[8.475037687932456,47.1957134618524],[8.475044794669778,47.195715844665486],[8.475052292776107,47.195718673731406],[8.475060117670516,47.195722021595735],[8.475066604639842,47.195725111637],[8.475073885625429,47.195728995132235],[8.475080360495058,47.19573282291462],[8.475086523215303,47.19573688739011],[8.47509703849857,47.19574490669733],[8.47510228906956,47.195749573087426],[8.47510717279414,47.19575437771243],[8.475111339630807,47.19575896390242],[8.475115477164325,47.195764081091994],[8.47511950657306,47.195769747981615],[8.475122831068816,47.19577513335991],[8.4751255294731,47.195780218526345],[8.47512820624163,47.19578623042645],[8.475130129101409,47.195791475498154],[8.475131797470643,47.19579720861892],[8.475133005058911,47.19580299986085],[8.475133790754192,47.19580881289161],[8.475134128340493,47.19581465694287],[8.475133999443608,47.19582094597406],[8.475133470463744,47.19582633905441],[8.475132487672685,47.195832150014056],[8.475130931617642,47.19583834394615],[8.47512919927254,47.195843612926296],[8.475126716774005,47.19584967126977],[8.475124202956753,47.195854794360656],[8.475120792620107,47.19586064516374],[8.475117213660575,47.19586596674875],[8.475113584659585,47.19587074905271],[8.475108899229443,47.19587617954843],[8.475104538921743,47.195880680578355],[8.475099483456528,47.19588540375835],[8.475093625704638,47.19589026909273],[8.475087849861948,47.19589459395823],[8.475081739785034,47.1958986969439],[8.47507584426538,47.19590229424863],[8.475069184824324,47.195905970393596],[8.475059849791176,47.19591050720585]]}},{"type":"Feature","properties":{"id":167,"t_id":166,"liniennummer":"601,602"},"geometry":{"type":"LineString","coordinates":[[8.562728806282092,47.17253246223302],[8.562719428982327,47.17266821819434],[8.562710290008901,47.17281469471324],[8.562711507094845,47.17294611920105],[8.562711647791085,47.1729622381458],[8.562713480891084,47.17313241014543],[8.562715455059712,47.173226396066575],[8.562717954612475,47.173345393931704],[8.562716666807482,47.173533416904235],[8.562711822553654,47.17371793029341],[8.562704862257757,47.1738846078533],[8.5626997797414,47.17405840966041],[8.562688969029075,47.17429174704516],[8.562683699927593,47.174456042189966],[8.562680257672293,47.17453961897034],[8.562677930736932,47.174596530567285],[8.562668927744172,47.174750130283876],[8.562655014756173,47.174918063132445],[8.562641443472936,47.17501936141786],[8.562616694600964,47.17517074002066],[8.562593348541402,47.17530663229334],[8.562571108243624,47.1754103810882],[8.562522206188385,47.175575084270676],[8.562485934481938,47.17567659518864],[8.562452846283023,47.175762602390215],[8.562409221923202,47.175846328592264],[8.562372438523083,47.17592286338272],[8.562326934613836,47.17600065274131],[8.562279628085813,47.176074906373856],[8.56223556674955,47.176137217988845],[8.562142130901723,47.17625950916533],[8.562073915996024,47.17633514523757],[8.562007304184881,47.17640482845392],[8.561918317850047,47.17648899718458],[8.561751927510306,47.17662589836356],[8.561609281199331,47.176728114080134],[8.561442065298811,47.176834545400915],[8.561395247608111,47.17686365342946],[8.561251700822108,47.17694690553144],[8.561197990737504,47.17697889635782],[8.561127568932443,47.17701798582873],[8.560904022901163,47.177132863918445],[8.56076104113915,47.17720034941052],[8.560565034521971,47.17728851096642],[8.560342857511968,47.177380696430916],[8.560199557892044,47.17743496962268],[8.560089708802641,47.177473183233765],[8.559926728662504,47.17752827753387],[8.559784153692046,47.17757309765508],[8.55959863038077,47.17762651297744],[8.559474574813876,47.177660474449674],[8.55929076569935,47.17770757558717],[8.559137690437536,47.17774369034368],[8.558986355990028,47.17777474136343],[8.558962426236098,47.1777792742328],[8.558818150982162,47.17780659506873],[8.558667634283081,47.17783197941368],[8.558496553463012,47.177860712135946],[8.558337489146858,47.17788240101801],[8.558198104731229,47.17790200016277],[8.558053985086278,47.177919765091005],[8.557859332069265,47.177944300231744],[8.557606654124191,47.177975084443155],[8.557395103853402,47.17800042175956],[8.557155536755849,47.17803044783843],[8.55692153553816,47.17805788255322],[8.556750308319405,47.17808031709926],[8.556601478552814,47.17809748725992],[8.55642552872075,47.17811932849682],[8.55620655112122,47.17814663383781],[8.556010894131106,47.178168656789055],[8.555864002894817,47.17818833496093],[8.555674083582751,47.17821409782414],[8.555530951353624,47.17823436878538],[8.555377582839622,47.17825851707424],[8.555237470083675,47.178287565152004],[8.555128223857238,47.178311923752965],[8.554990128609692,47.17834725793431],[8.554852190831031,47.17838951710114],[8.554726559244973,47.17843606465843],[8.554617706069628,47.178478662213095],[8.554539653861783,47.178512154270656],[8.554447802912238,47.17855837400641],[8.554337470126537,47.17861861718123],[8.554227268542794,47.17868326686204],[8.554071924251229,47.178785506104845],[8.553970527187055,47.17885167143829],[8.553807151649446,47.17896868708334],[8.553698768866091,47.179044707155285],[8.55365921271775,47.17907245523008],[8.553519733232172,47.1791630705097],[8.553371433201681,47.17925019075664],[8.553231580704297,47.179322943857784],[8.553114006688146,47.17937645520317],[8.553022045416798,47.179409271264454],[8.552959812429485,47.17943148140134],[8.55284189087917,47.17946832682615],[8.552659561748406,47.17951293809021],[8.552506550009692,47.179541783785766],[8.55240215131912,47.17955707917006],[8.552320278879506,47.17956500493922],[8.552217461343902,47.17957196385062],[8.552053592637874,47.17958187011901],[8.551842520417251,47.17958748296912],[8.551751692838419,47.1795847900807],[8.55163977129228,47.17957397109392],[8.551478791364964,47.179555305314544],[8.551405168673256,47.17954311728968],[8.551254626708033,47.17951818824624],[8.55109326443173,47.179480481771286],[8.550954527915398,47.17944017256943],[8.550849090520048,47.17940550557868],[8.550747074063267,47.179367207167594],[8.550657320652256,47.179332379468505],[8.550565753498262,47.17929280151148],[8.550451177054356,47.17923798216752],[8.550329360615596,47.179172509787605],[8.55015625439782,47.179073025163916],[8.549999319823065,47.17897906041284],[8.549954779281869,47.178952395480046],[8.54981688513943,47.17886804293929],[8.54968405759401,47.17879067595032],[8.549585559797908,47.17873937978432],[8.549430549296048,47.17867063757431],[8.549277514884968,47.17861381335652],[8.549135041083952,47.17856044034161],[8.548943535115804,47.178500406575296],[8.548745275532273,47.178449955058554]]}},{"type":"Feature","properties":{"id":168,"t_id":167,"liniennummer":"651"},"geometry":{"type":"LineString","coordinates":[[8.430259843825489,47.178776070478484],[8.43020262980652,47.178853195976146],[8.430105045907908,47.1789923332888],[8.429967469916809,47.179216759383635],[8.429862678219424,47.17936427937361],[8.429777404212334,47.17950995803756],[8.429630293259969,47.17974613293108],[8.429575043280702,47.179837517016495],[8.429533080404092,47.17990690066191],[8.42944290624879,47.18005095706025],[8.429317262506977,47.18026029307697],[8.429210422902155,47.18042781800403],[8.429102986557522,47.180594502378035],[8.429091649321116,47.18061210515082],[8.428947144795083,47.18085826860542],[8.428880645094004,47.18096213588182],[8.428827217697949,47.18094395683632],[8.428816025212846,47.18094015806952],[8.428632269157305,47.180877627770506],[8.428420113281712,47.180816106001295],[8.42830307884376,47.1807821648147],[8.427981158840254,47.18068239256846],[8.427895105835136,47.18065572290295],[8.427708205141082,47.18059069043584],[8.427575477439209,47.18054850856145],[8.427403558462892,47.18050167069556],[8.427241199077471,47.18044308332742],[8.427162350159955,47.18040711288247],[8.427097601602437,47.180375950828044],[8.427063723107219,47.18035964507411],[8.427024566709594,47.18033688089335],[8.42696491167468,47.180302184780345],[8.426779561700188,47.180188822750196],[8.426658405041941,47.18011155705172],[8.426556028739538,47.180031035597366],[8.426497978549543,47.18002463426614],[8.426409834428766,47.18001537871734],[8.426353424507715,47.180004204625774],[8.425982704275334,47.179909082453946],[8.425484313403702,47.17978174344769],[8.42505950447225,47.17966875822938],[8.424624971150672,47.179559201074206],[8.424283734527839,47.179472159729045],[8.424175687744004,47.17944309393316],[8.424099558661302,47.17942208460043],[8.4241681116363,47.17929821456505],[8.424253492514817,47.17915753175783],[8.424302559542909,47.17907239212382],[8.424368868189056,47.17895851716202],[8.424475470182873,47.17877600333506],[8.424598430277719,47.17855336433835],[8.424723755308847,47.178327385594166],[8.424825535894772,47.178148259019586],[8.424918141917756,47.17800251225294],[8.42495567363958,47.17791722826203],[8.424974134419452,47.177858752317604],[8.42499318030656,47.17779337181523],[8.425009078046024,47.17772826116462],[8.425019696158666,47.177641543612815],[8.425017840645744,47.177541592642285],[8.425011227449374,47.177448348098615],[8.424979141395845,47.17729867724186],[8.424978718701961,47.17728934354566],[8.424962153427549,47.177172211295726],[8.424964990079237,47.17706056195024],[8.424975928163873,47.176990492298735],[8.42498978446006,47.17694705127585],[8.425017325995498,47.17685017669878],[8.425038930008915,47.176696717384075],[8.425072546545433,47.17653149695142],[8.42512299537385,47.176291073850045],[8.425137680638379,47.17622105300999],[8.425212267681962,47.17589386832178],[8.425247262355287,47.175734761914875],[8.42525740841852,47.1756918923752],[8.42527521313185,47.17559645948043],[8.425288539434517,47.175525019971616],[8.425294692921494,47.175461656933415],[8.425313442099604,47.17541817390593],[8.425334864316888,47.1753880172733],[8.42536863629634,47.17536440243235],[8.425412366531779,47.175350705195406],[8.425473296196982,47.17534184397983],[8.425671130340033,47.17533848342257],[8.426042317780018,47.175326969812886],[8.426411038346371,47.17531546718002],[8.426507339183779,47.17531392103601],[8.426799306646336,47.17530380453495],[8.427023942650393,47.17529520104823]]}},{"type":"Feature","properties":{"id":169,"t_id":168,"liniennummer":"648,651"},"geometry":{"type":"LineString","coordinates":[[8.430660911325038,47.14262781204598],[8.430497983499222,47.142588763999456],[8.430337200266202,47.14254376915184]]}},{"type":"Feature","properties":{"id":170,"t_id":169,"liniennummer":"648"},"geometry":{"type":"LineString","coordinates":[[8.429251487034453,47.143953383948215],[8.429204032162486,47.14391967242861],[8.429336832811531,47.14383880101344],[8.429436395717008,47.14375226067466],[8.429544187454034,47.14363947225224],[8.429638111002138,47.143530365447894],[8.429704664865767,47.143451251724805],[8.429766073089937,47.143376931958414],[8.429802023743335,47.14333973135122],[8.429841639557255,47.14331321287268],[8.42989009200577,47.14329256430149],[8.429963023954473,47.143275275983086],[8.430230813583625,47.143231309305946],[8.430517708056673,47.14318242759829],[8.430552068291824,47.14317114770924],[8.430583556151907,47.14315925389464],[8.430623184460817,47.14313272603791],[8.430655649896346,47.14309674262712],[8.430679300726888,47.143056085566606],[8.43068575820848,47.1430274689332],[8.430681471280025,47.14298465999701],[8.430655647323102,47.1429087262013],[8.43062386251826,47.14279356014202],[8.43062298076427,47.14274596317759],[8.430629261953369,47.14270783074984],[8.430639111171253,47.142674417212305],[8.430660911325038,47.14262781204598]]}},{"type":"Feature","properties":{"id":171,"t_id":170,"liniennummer":"606,607"},"geometry":{"type":"LineString","coordinates":[[8.474392324999844,47.18700231047839],[8.47443664556153,47.187018562462306],[8.474488095099225,47.187024774227524],[8.474546769709677,47.18702591043881],[8.474639492048107,47.18701840135424],[8.474690734749938,47.187014611847296],[8.474810215428723,47.1870002140993],[8.475114740286976,47.186950821867676],[8.475378708168876,47.18690852274145],[8.4755776016549,47.18687666829188],[8.475891849675182,47.18682385805759],[8.476320591167315,47.18675335523539],[8.476603166467239,47.186705830058074],[8.476800457814823,47.18667240470977],[8.47699053680924,47.18664402760736],[8.477095442372535,47.18663474246846],[8.477210285592081,47.18663370645238],[8.477335098822188,47.186642583414034]]}},{"type":"Feature","properties":{"id":172,"t_id":171,"liniennummer":"610"},"geometry":{"type":"LineString","coordinates":[[8.614544159022593,47.134361030429474],[8.614572764510994,47.1344108270101],[8.61460435613798,47.13444292513267],[8.614640598794407,47.134470108912126],[8.614743982497515,47.134527398965076],[8.614835634182393,47.13459130394665],[8.614910977364392,47.1346683297391],[8.614964490204684,47.134726147674016],[8.61502081942374,47.13480174862471],[8.615074652602486,47.134874136563866],[8.615124181596114,47.134966017610736],[8.615176448603043,47.13507570946161],[8.615210408733216,47.13515437286925],[8.615244035257607,47.13523224804192],[8.61531156037464,47.13538716795157],[8.615317444477522,47.13540057458404],[8.615354079840898,47.13548397839329],[8.615391877291506,47.135582465390854],[8.615434526777106,47.13568577849429],[8.6154602121288,47.13575019605695],[8.615487319971889,47.13581815243058],[8.615530085589848,47.13592793234771],[8.615585478527384,47.136070004180674],[8.61562357505262,47.13618146009839],[8.615639318551668,47.13624937081255],[8.615657541453055,47.13632212292047],[8.615669061575035,47.136414401716884],[8.615671412306792,47.13652134768346],[8.615656338313418,47.13669981831255],[8.61563993332157,47.13692689829904],[8.615616045587199,47.13713623401024],[8.6155981709946,47.13729526618057],[8.615600521819166,47.13740222112069],[8.615609740773467,47.137497761967424],[8.615628284508121,47.13758509309951],[8.615658681645535,47.13767069265499],[8.615698484437445,47.13775295742303],[8.615769622759627,47.13785434155027],[8.61586463820238,47.137963595513085],[8.615946998098336,47.13803568203767],[8.616024315480082,47.138094875057114],[8.61612059017768,47.138152236688946],[8.616216700253043,47.13820150363628],[8.616339005764793,47.138253749777235],[8.616465806460957,47.138294578963205],[8.616616310339653,47.13833356396842],[8.61685248177868,47.138379767481304],[8.617098170408845,47.138425890985985],[8.617424901922098,47.13848412842473],[8.617680045724704,47.13852852553012],[8.618013954170904,47.13858992624839],[8.618190490230893,47.13862378448394],[8.618347912627558,47.138652962741645],[8.618510223312802,47.138688585663864],[8.618677483996514,47.13873225386429],[8.618811333814143,47.138769769645876],[8.618945291468457,47.13881216893057],[8.619096191590225,47.138868976491516],[8.61923050685121,47.13892757336175],[8.619352888162057,47.138983045079776],[8.61946590961465,47.139045107795674],[8.619588707305105,47.13912003308572],[8.61970221644645,47.13920477818172],[8.619782161987054,47.13927526754635],[8.619857564138039,47.1393555370642],[8.619925969388676,47.139440745171385],[8.61998740961528,47.1395341300703],[8.62004219711714,47.13964865162996],[8.62009257478241,47.139777809783546],[8.620130826011167,47.1398957306867],[8.620166057810222,47.13998614620006],[8.620210971841345,47.14008455852674],[8.620255733773309,47.14017487610449],[8.620317259853548,47.14027148946541],[8.620380908642895,47.140356746172515],[8.62044405680403,47.14041931138014],[8.62051922440653,47.1404882390734],[8.62062328325729,47.140574699647665],[8.620736390202342,47.14064160904358],[8.620885533031394,47.140725986751995],[8.621039376415295,47.140807077429194],[8.62118816224703,47.14087524784281],[8.621360785483207,47.14094640246603],[8.621454233306116,47.140982729416436],[8.621595423552847,47.14102990007172],[8.621748503918342,47.14107696623985],[8.621911087634116,47.14112390744918],[8.622080776530723,47.14117078431904],[8.622283579110038,47.14121085212739],[8.622479120137207,47.14124448130376],[8.622688744955985,47.14126988685917],[8.622834027844103,47.14128801114809],[8.623048092387782,47.14129834721402],[8.623210254771003,47.14130351405488],[8.62333714000156,47.1412999222117],[8.6235291925906,47.14129681036651],[8.623727700739996,47.141283358383156],[8.623946042841874,47.14126059782016],[8.624286032584246,47.14122517610573],[8.624721105022958,47.141181936017276],[8.625049416228022,47.14114548999009],[8.625354330498892,47.14110929342617],[8.625642442662352,47.14106870853931],[8.626001923481148,47.1410068485533],[8.626293142026562,47.140955974640306],[8.626522591791362,47.140906871436734],[8.626741972758918,47.140855586825246],[8.626956280787802,47.14080207824283],[8.627183992599003,47.140749573221825],[8.62739183258254,47.140705252492836],[8.627563149930696,47.140672706728665],[8.627744574591325,47.14064232317526],[8.627917819815387,47.140620021261164],[8.628175987806848,47.14058543400392],[8.628417593729536,47.140557854373704],[8.628699106943184,47.14052074847263],[8.628885615424117,47.14049373793926],[8.62905539831341,47.14046577572904],[8.629198410862452,47.14043692991093],[8.629396255773706,47.14039385146825],[8.629565682811698,47.14034991546808],[8.629774875972611,47.14029190261453],[8.630017279413646,47.140224414529506],[8.630332760501629,47.14013793407529],[8.630571802533092,47.14006934614985],[8.63079101176042,47.140010076143945],[8.630937103598074,47.1399698164055],[8.63101695338129,47.13995417235141],[8.631130190413671,47.139938182074715],[8.631238520187967,47.13992680349282],[8.631320335119636,47.13992481261938],[8.631495678785356,47.13992585486374],[8.631619500490194,47.1399257580328],[8.63172386554773,47.13991277386668],[8.631819398766636,47.139895122398016],[8.631920032259295,47.13987147164107],[8.63200864555818,47.13985626672766],[8.632088692414706,47.13984830238027],[8.63219503565624,47.13984600238129],[8.632264908345949,47.13985122353773],[8.632333240215644,47.139864799846286],[8.632413976609012,47.139887765027794],[8.632598704586417,47.13995964088511],[8.632686705569155,47.139995610506496],[8.632764015694296,47.14002099493083],[8.632834087391744,47.14003453488917],[8.632900560256594,47.140043362337224],[8.632982545892771,47.140043698449084],[8.633062659031356,47.14003810765592],[8.633125134989895,47.140024378771066],[8.63320830307949,47.139999711817914],[8.633324943011637,47.13995721807809],[8.63347282849152,47.13989580508317],[8.633607727159403,47.139844422322994],[8.633696101065942,47.139818513462934],[8.633821117891808,47.139793411213304],[8.633965379169148,47.13977049273433],[8.6340419723595,47.1397637503766],[8.634120478168008,47.1397653182967],[8.634195649947126,47.13977285811936],[8.634246397771156,47.139780660790976],[8.634286826117178,47.1397945260111],[8.634336900435072,47.139825302195426],[8.634401935355598,47.13987187255949],[8.634483549416522,47.139934094306916],[8.63453662225734,47.13996806875923],[8.634587715275385,47.13999013520177],[8.634654401120281,47.140008486089634],[8.634770214731155,47.14003941506554],[8.634901966465307,47.14008207973781],[8.635025861237473,47.14012830740728],[8.635094518713236,47.14016348686846],[8.63519279086075,47.14022594864132],[8.63529733701791,47.14029127771956],[8.635441724882824,47.1403754433697],[8.635524308106461,47.1404266703036],[8.635616781938428,47.140466207515786],[8.635727959807726,47.14050672844393],[8.63585097446355,47.14054594758978],[8.636028463356404,47.140593883273],[8.636212818274412,47.14064521061804],[8.636369839005068,47.14068870801678],[8.636533389507102,47.14072056845559],[8.636724171587593,47.14075446594379],[8.636921495331825,47.140779029176194],[8.637161404333517,47.14081125362817],[8.63737584805441,47.14084258252517],[8.637490000968697,47.14086454818141],[8.637623038313883,47.14089672513169],[8.637764361592076,47.140946834350906],[8.637890054968741,47.1409966385847],[8.638027185624724,47.14106261500872],[8.638131584919531,47.14111586157418],[8.638291352742993,47.14120474808138],[8.638477983736927,47.14130744173369],[8.638585281816928,47.14135762603172],[8.63868497362784,47.14139785015643],[8.638805162403344,47.14143079852493],[8.63890291740445,47.14144989328511],[8.638996018345273,47.14145898810145],[8.639119834134597,47.14145669728697],[8.639253857721394,47.14144925307626],[8.639386450348539,47.141443847728354],[8.639502726427624,47.141434582418924],[8.639591208778082,47.141434675087936],[8.639718089667927,47.14143737134323],[8.639814071573376,47.14144441133274],[8.63991923107888,47.1414644354455],[8.640035150265208,47.141504488923346],[8.640126075413074,47.14154880656532],[8.6402099846145,47.1416083105674],[8.640273377641673,47.141673039579],[8.640316115847432,47.1417379933538],[8.640354812903652,47.141819092020924],[8.640383604621242,47.14191940149075],[8.640413335390887,47.14206095639799],[8.640430294356705,47.14216039094258],[8.64045412007579,47.14230200753448],[8.640470229066068,47.142427593072206],[8.640483377593666,47.14248883479123],[8.640499708276552,47.14255909314442],[8.640529548186615,47.14264028429736],[8.640563555487837,47.142710357925694],[8.640612439141568,47.14278530479746],[8.640667292192479,47.14286421043673],[8.640723667182026,47.142945124224106],[8.640768109052845,47.143020117452046],[8.640815946046676,47.143114191489396],[8.64088408836314,47.14325937494064],[8.640953774861599,47.14340754684339],[8.641020383139342,47.14355073116324],[8.64107264070055,47.14364375133854],[8.641124510714361,47.14372068185717],[8.64119259061867,47.143798441423414],[8.64126192517626,47.14386513185734],[8.641342967187276,47.143927669665],[8.641425179008515,47.143977124125314],[8.64149971491635,47.14401356075464],[8.641611328373305,47.14405767889107],[8.641709211798997,47.14408281522448],[8.641833621088473,47.14410666645894],[8.641945983831372,47.144119569619754],[8.642070099583439,47.14413035261141],[8.642197009634932,47.144134053435806],[8.642332751601803,47.14413766169489],[8.642536242181333,47.144138509638736],[8.642866652325942,47.14414113208374],[8.643204349227416,47.1441406186584],[8.643592746676198,47.14414438593149],[8.643960220464134,47.14414643703524],[8.6441687084004,47.14414963163263],[8.644308503147103,47.144157549107724],[8.644454405747371,47.14417614350575],[8.644578733424453,47.14419630431541],[8.644720945880696,47.144224328803055],[8.644869413315968,47.14426838121477],[8.64505350721371,47.14432414128676],[8.645287266721128,47.14440082632096],[8.64551494415951,47.144470881740205],[8.645728799732003,47.14453840098388],[8.645946623639412,47.14460587818174],[8.64614248347744,47.14465882325151],[8.64626901885039,47.144689682208025],[8.646383575041527,47.14471262445892],[8.646561321673893,47.14474697553393],[8.64673886094505,47.14477329515894],[8.646918360237962,47.144798235538374],[8.647113663699793,47.14482703976697],[8.647263450048337,47.14484290903978],[8.647397328507635,47.14485089394549],[8.647594094714862,47.14485686833782],[8.647766817888545,47.14486489432301],[8.6479430542098,47.144877264126805],[8.64811527672909,47.1448987257634],[8.64828979988875,47.14492746763641],[8.648431357552463,47.144960181333424],[8.648547361796533,47.14499462099254],[8.648706290116735,47.14504098736116],[8.648827705920253,47.1450797418276],[8.64893828976603,47.145110603773794],[8.649031490116096,47.14512781281514],[8.649113763232858,47.14513350505019],[8.649202248528375,47.14513111647981],[8.64929267185387,47.14511997240222],[8.649373284570352,47.14509946780939],[8.649430351028471,47.14507558566482],[8.64952837832146,47.14502288115555],[8.649595287715654,47.14497073806645],[8.649660585174423,47.14490213137584],[8.6497126568149,47.14481425069717],[8.649746329917125,47.14473139452835],[8.649769506771827,47.144623442288186],[8.649801687127884,47.14447460771187],[8.649832887716238,47.14434425207083],[8.64985804061044,47.1442624661299],[8.649893325969522,47.144187374399095],[8.649936098042872,47.14412966490378],[8.649975187626145,47.144096265180835],[8.65002157938538,47.14407150559088],[8.650136178467895,47.14402523799812],[8.650244684598288,47.14400047176375],[8.65038955972857,47.1439765007478],[8.65053954817757,47.14394893127669],[8.650656634234872,47.143920529852345],[8.65078725391125,47.14387899556373],[8.650924486300697,47.14382322284126],[8.65102382327439,47.14377611665742],[8.6511313119504,47.143706461619935],[8.651240340579106,47.14362854997182],[8.651335487230947,47.14354840065817],[8.651444568941242,47.14347402364777],[8.65152171096127,47.14344014117064],[8.651604220350016,47.14341446030161],[8.651750713110156,47.14338574762163],[8.651940307184113,47.143348312838434],[8.652031610528113,47.14332844922023],[8.65206670331947,47.143317742678924],[8.652103812626647,47.14330642112082],[8.652175947735103,47.14328085828103],[8.652244294705982,47.14324115777687],[8.652309107853805,47.14319795911806],[8.652373800473876,47.143150029832775],[8.65244177237675,47.14309379864095],[8.652556750380356,47.14299057133221],[8.652663826129013,47.142895883487746],[8.652756955181085,47.14280133376232],[8.65283406021423,47.14271647980999],[8.652904142684296,47.14263010766027],[8.652962553595986,47.142540701116644],[8.65301183768431,47.14245930732505],[8.653045094223575,47.142389183720795],[8.65307128294994,47.14231437588258],[8.653092711046417,47.142234877445645],[8.653122055414174,47.14209343036417],[8.653155549362602,47.141929746477025],[8.653184530288435,47.14177403564866],[8.653223460035838,47.14154369740288],[8.653256437026293,47.141357834936],[8.653295023922789,47.14121469788406],[8.653334389087062,47.141106456832745],[8.653388095374952,47.141015507421564],[8.653437390794496,47.14093412227313],[8.65351671353256,47.14084606879571],[8.653594138412547,47.14077548742945],[8.653680950521505,47.14070956569006],[8.6537932613946,47.14064018991856],[8.653873725009563,47.14060128693732],[8.65394283349614,47.14057559297779],[8.654062768079635,47.14053426668314],[8.654160010174415,47.140518971452856],[8.654278471571411,47.14051613613902],[8.654392675818412,47.140530779837746],[8.654493222772096,47.14055826107531],[8.6545941430939,47.14060159812325],[8.654662483422769,47.14064368727231],[8.654731449232404,47.140712730604605],[8.654786541543569,47.14078508716637],[8.654858308574232,47.140874701509624],[8.654954008190247,47.14099578240396],[8.655066059100456,47.14111986585169],[8.655158827729787,47.141214034733636],[8.655270411175332,47.14131750423325],[8.655374554150505,47.14140045163409],[8.655511588931695,47.14149890179607],[8.655629304843842,47.14156584552209],[8.655794195948292,47.1416624083171],[8.655980003047617,47.141760341785435],[8.656158598506002,47.14184724131101],[8.656275716396317,47.141887238875846],[8.656392388448491,47.14190820563019],[8.656487794305164,47.14191353760084],[8.656615479301884,47.141907426679765],[8.656733546907368,47.14188714990673],[8.656846623688448,47.14185265830733],[8.656961974155383,47.14181495794665],[8.656987076193634,47.141801575960955],[8.657046932774472,47.1417696629957],[8.657127129771233,47.141719650575226],[8.657216308177599,47.14165528436857],[8.65729607189863,47.14158624999397],[8.657384829879074,47.1415028526861],[8.657532779813767,47.14136649860826],[8.657687593723114,47.1412253217166],[8.65778768403208,47.14113070296717],[8.657908439719941,47.14102476405361],[8.657951825324984,47.14099101011325],[8.65799991262836,47.14095877160369],[8.658084626344563,47.140903978729504],[8.658153859926614,47.140871111127474],[8.65820420673888,47.14084720580613],[8.65830557265102,47.14080807805166],[8.658427866672277,47.1407703205346],[8.658543430282522,47.14074212499797],[8.658670714892114,47.14071857286355],[8.658775086453936,47.14070954023686],[8.658884097710004,47.14070045828971],[8.658997978508177,47.14070083328832],[8.659135278314704,47.140708894085954],[8.659275236389764,47.14073119408395],[8.659401295040638,47.1407568170138],[8.659550920533873,47.14079486493094],[8.659649875981986,47.14083046393718],[8.659675093382965,47.14083953401624],[8.659813333726227,47.1408888124638],[8.660113148636594,47.14099187091575],[8.660347530829021,47.141078171514096],[8.660628617680295,47.14117508542715],[8.660853537674967,47.141255143394744],[8.661071354112526,47.141328943278715],[8.661277558499487,47.14140286619546],[8.661476609416594,47.14146893037365],[8.661647443692393,47.14152103567211],[8.66183467861472,47.141577707165155],[8.662012341604655,47.14162339715685],[8.662120965339454,47.14164749335326],[8.662320187694872,47.14168232031582],[8.66258622375252,47.14172267014534],[8.662829338488157,47.14175348473189],[8.663023293496597,47.14177587116851],[8.663199286963975,47.14179518298485],[8.663375118226764,47.141807974193235],[8.663552759143448,47.14181975630575],[8.663719556693549,47.14182955758526]]}},{"type":"Feature","properties":{"id":173,"t_id":172,"liniennummer":"653"},"geometry":{"type":"LineString","coordinates":[[8.445013999472387,47.089376016255045],[8.445072341611288,47.08934554958597],[8.444927880522544,47.08922343872831],[8.44465249294619,47.0889893620765],[8.444504410060915,47.088852421503404],[8.444439228627415,47.08876617454946],[8.444394047189384,47.08867745859979],[8.444369017230818,47.08859084216783],[8.444367516896218,47.0885108835065],[8.444384426210357,47.088430754713684],[8.44442139151042,47.08835045936132],[8.444481869620187,47.08827453698652],[8.444559237968534,47.0882087308125],[8.44465170089258,47.08814508633359],[8.444701842075153,47.088119828181895],[8.444773826193595,47.08808997085289],[8.44486100102788,47.08805406128046],[8.444966140216358,47.08801812924702],[8.445032734440344,47.08799724269558],[8.44512348289617,47.08796579047734],[8.445228950229296,47.087924907687665],[8.445307465008668,47.08789076482648],[8.445408399981202,47.08784420030807],[8.445493891720053,47.087802871587186],[8.445580840202062,47.08775496317011],[8.445632354237478,47.08772430414455],[8.445674475793105,47.08768934650389],[8.44569908226317,47.08766781102335],[8.445721934004613,47.087641208342866],[8.445728466301809,47.087625768432495],[8.445727362830617,47.08760629340456],[8.445605330847124,47.087707629041596],[8.445525047112568,47.08775765603734],[8.445397929752673,47.08782529311633],[8.445381955077076,47.08783378109527],[8.44516770291841,47.08792121623083],[8.444996539025015,47.08798098962058],[8.444822008318388,47.088039640783215],[8.444623934664378,47.088091634074196],[8.44434414830443,47.0881569182316],[8.444124161267423,47.0881999808038],[8.443910683563015,47.088232685924176],[8.4436920849215,47.088262026066346],[8.443530399161224,47.08827953349531],[8.443365090225116,47.0882906584417],[8.443123461183898,47.088300633221564],[8.442939017029042,47.08830202955828],[8.442784566410456,47.08830080661896],[8.442592075163011,47.08829448244466],[8.442441309017845,47.08828323262943],[8.442220092631077,47.088260039952985],[8.442003773266958,47.088231073830364],[8.44179387921858,47.08818720830422],[8.441635833422772,47.08814516574153],[8.441506301478485,47.088105177002674],[8.44138496902997,47.08805711938822],[8.441308941104358,47.08801664550927],[8.441237965223396,47.08797727894872],[8.441188170276096,47.087909166198365],[8.44114846578072,47.08784325029813],[8.441134202249224,47.087795382688924],[8.441131320458176,47.08773143941567],[8.441145325048613,47.087675327998916],[8.441171122021357,47.08762369250308],[8.441220225662423,47.087566141373614],[8.441279654504411,47.08752335202541],[8.441347525892374,47.08748621023662],[8.441432270533909,47.08745690933219],[8.441518957109112,47.08744130086209],[8.441610909092612,47.08743821335898],[8.441691368081266,47.08744665065063],[8.44175685611265,47.08746093085465],[8.441901114574186,47.08749475460822],[8.442003793491137,47.087525055128665],[8.442101189839462,47.08756091605597],[8.44224507811627,47.08761855423451],[8.442101189839462,47.08756091605597],[8.442003793491137,47.087525055128665],[8.441901114574186,47.08749475460822],[8.44175685611265,47.08746093085465],[8.441691368081266,47.08744665065063],[8.441610909092612,47.08743821335898],[8.441518957109112,47.08744130086209],[8.441432270533909,47.08745690933219],[8.441347525892374,47.08748621023662],[8.441279654504411,47.08752335202541],[8.441220225662423,47.087566141373614],[8.441171122021357,47.08762369250308],[8.441145325048613,47.087675327998916],[8.441131320458176,47.08773143941567],[8.441134202249224,47.087795382688924],[8.44114846578072,47.08784325029813],[8.441188170276096,47.087909166198365],[8.441237965223396,47.08797727894872],[8.441308941104358,47.08801664550927],[8.44138496902997,47.08805711938822],[8.441506301478485,47.088105177002674],[8.441635833422772,47.08814516574153],[8.44179387921858,47.08818720830422],[8.442003773266958,47.088231073830364],[8.442220092631077,47.088260039952985],[8.442441309017845,47.08828323262943],[8.442592075163011,47.08829448244466],[8.442784566410456,47.08830080661896],[8.442939017029042,47.08830202955828],[8.443123461183898,47.088300633221564],[8.443365090225116,47.0882906584417],[8.443530399161224,47.08827953349531],[8.4436920849215,47.088262026066346],[8.443910683563015,47.088232685924176],[8.444124161267423,47.0881999808038],[8.44434414830443,47.0881569182316],[8.444623934664378,47.088091634074196],[8.444822008318388,47.088039640783215],[8.444996539025015,47.08798098962058],[8.44516770291841,47.08792121623083],[8.445381955077076,47.08783378109527],[8.445397929752673,47.08782529311633],[8.445525047112568,47.08775765603734],[8.445605330847124,47.087707629041596],[8.445727362830617,47.08760629340456],[8.445579367521187,47.087538458432206],[8.445370008568263,47.08743404464523],[8.445239706697036,47.087355223387746],[8.44514305069188,47.08728523790689],[8.445047930191496,47.087207232718484],[8.444987144395306,47.087157227236155],[8.444939399262648,47.08710661275087],[8.44488580914881,47.08704982440444],[8.44478427728094,47.08693052188707],[8.444677232592106,47.08679816080538],[8.444576823935353,47.0866467246051],[8.444511959869805,47.08653303799108],[8.444498209005111,47.086505613515364],[8.444472144324493,47.086453648596645],[8.444385043704365,47.08626877563253],[8.44426383388162,47.08603061370749],[8.444148238133366,47.08581926370413],[8.444121317327777,47.085770067878286],[8.444074493117878,47.085694014112995],[8.4440169668348,47.08559365761413],[8.443947007419899,47.08548834528697],[8.443875573110203,47.08539496513356],[8.443773765460696,47.08526136996133],[8.443738674831216,47.0852090970172],[8.443655485675926,47.0850850902172],[8.443483154993855,47.084815259927055],[8.443334166054418,47.08458212566938],[8.443244287245212,47.08443415852612],[8.44317567175379,47.08430622776306],[8.443153793535705,47.08425405502071],[8.443135391449182,47.0842018428878],[8.443100062460577,47.08408196008341],[8.443038457476462,47.08386354307723],[8.442973924309559,47.08367367702382],[8.442935574938492,47.08357881964113],[8.442854077373301,47.08341411886949],[8.442703325319842,47.08317860633329],[8.442538403770909,47.082932521508184],[8.442457692333626,47.082808276289306],[8.442400194663556,47.082745691711665],[8.442340842397885,47.0826944758941],[8.442269148291969,47.082632590995864],[8.442071033162161,47.08247247960198],[8.441866038539453,47.082318365111576],[8.441720920808697,47.08219705662011],[8.441695480363371,47.08217326917709],[8.441664169400688,47.08214400961296],[8.441628349379572,47.0820919492944],[8.441571165911016,47.08201509436731],[8.441536639044877,47.081939229076575],[8.44150549444948,47.08185620065311],[8.441472051340217,47.08174463090043],[8.44145450876384,47.08164601111115],[8.441449786062803,47.08157940310714],[8.441443757534172,47.081536618148256],[8.441431075117599,47.081510542327784],[8.441402577422062,47.081477470943355],[8.441365420811247,47.081446849992304],[8.441352280876329,47.08143855368238]]}},{"type":"Feature","properties":{"id":174,"t_id":173,"liniennummer":"651"},"geometry":{"type":"LineString","coordinates":[[8.425954241859507,47.13984785539925],[8.42595545621292,47.13991371954597],[8.42596017790059,47.13998032720407],[8.425966604309691,47.14004572381663],[8.425978671623257,47.14013248146521],[8.42602934719836,47.14042123606113],[8.426080872231758,47.14072385449651],[8.426090744617518,47.14079666084577],[8.426126403039445,47.14105956508095],[8.426145134648515,47.14121527948747],[8.426163855750652,47.14137041826001],[8.426166572600504,47.14138333955782],[8.42619876906495,47.14153569094208],[8.426214219201142,47.141592806086805],[8.426271511589938,47.14171907071764],[8.426320142127086,47.14180314851791],[8.42639156847148,47.14189297661286],[8.426496397645842,47.14199679376086],[8.426646867180288,47.14211687858254],[8.426947422087041,47.1423368379027],[8.427429641263885,47.142665916412795],[8.427634490417493,47.14279907081159]]}},{"type":"Feature","properties":{"id":175,"t_id":174,"liniennummer":"648,651"},"geometry":{"type":"LineString","coordinates":[[8.427634490417493,47.14279907081159],[8.427757707156529,47.14272826867867],[8.427884706984917,47.14265530192441],[8.428378686932755,47.14239689167671],[8.428875201823182,47.14217315334481],[8.428899600538328,47.14209161433564],[8.428929444297193,47.14199297283681],[8.429209076140781,47.14211909374423],[8.42951491061851,47.142246175674885],[8.429813588016513,47.14236259575274],[8.430117253613638,47.142467088915495],[8.430337200266202,47.14254376915184]]}}]}