{"type":"FeatureCollection","features":[{"type":"Feature","properties":{"id":7,"uuid":"{864B4DA3-02E2-4F59-9D95-F8825EF91396}","datum_aenderung":"2025-11-19T00:00:00.000","datum_erstellung":"2008-11-24T00:00:00.000","erstellung_jahr":2000,"erstellung_monat":1,"grund_aenderung":"Verbessert","herkunft":"swisstopo","herkunft_jahr":2026,"herkunft_monat":1,"revision_jahr":2025,"revision_monat":1,"revision_qualitaet":"TGMG_2025_Akt","objektart":"Gemeindegebiet","bfs_nummer":1707,"bezirksnummer":null,"kantonsnummer":9,"name":"Risch","gem_flaeche":2297.0,"see_flaeche":811.0,"icc":"CH","shn":"CH09001707","einwohnerzahl":11674,"hist_nr":12931},"geometry":{"type":"MultiPolygon","coordinates":[[[[8.46159589973427,47.171286196128214],[8.473838098693586,47.16742730819802],[8.489405371418519,47.144295483179576],[8.480382377559318,47.12632123505763],[8.467112120776186,47.118819696974604],[8.467205315721662,47.11878868276959],[8.467436771331922,47.11876487831361],[8.46753325405957,47.118674516923576],[8.46754370092269,47.11863453659885],[8.467379958656437,47.11855553551979],[8.467091410448724,47.118536518420825],[8.46691427936187,47.11845130349582],[8.466838044118077,47.118378580580945],[8.4666854627501,47.11800689431149],[8.466646026490496,47.11798797819858],[8.466505134585955,47.11804133187094],[8.466309893821103,47.118081542733385],[8.466167590906064,47.11808266170939],[8.466080953267577,47.11803159390657],[8.466100174452889,47.11774615123025],[8.466076782528356,47.11765403764349],[8.46611671239971,47.1175825969545],[8.466271341900207,47.11750418493552],[8.466278487441356,47.117482360521024],[8.466200861801632,47.11744833103076],[8.466087461466707,47.117382191786916],[8.465937597586853,47.11727755291357],[8.465911377655157,47.11710047339164],[8.465864653273814,47.117058791105755],[8.465804180696194,47.11705128027521],[8.465576348652746,47.117085025353],[8.4654673781155,47.11702509793298],[8.465348269996408,47.11699865289936],[8.465127695721419,47.116997842846665],[8.46489850901309,47.11703723896405],[8.464805947846273,47.11702075749331],[8.464779393328262,47.11698217816365],[8.46480655981017,47.11685182221727],[8.464760925690591,47.11679338880389],[8.46470658064811,47.11678378069036],[8.464529257525315,47.11687727196916],[8.464438140120464,47.116866660494324],[8.464271199252758,47.11683688093851],[8.464127800723416,47.11679436017346],[8.463735502736968,47.11671621399083],[8.46343606141589,47.11662797325948],[8.463232587807902,47.11656209435896],[8.46315218629335,47.116543982929116],[8.46303378833217,47.11653043797945],[8.462984395552807,47.11651446097032],[8.462671251292612,47.116462044188054],[8.462367648656148,47.11643033059661],[8.462287796486311,47.116425770155075],[8.461989761535138,47.11633229567362],[8.461553178000566,47.11623955848992],[8.461318570792498,47.11620274838769],[8.461066680629436,47.11615795942531],[8.46084111948044,47.11611176637899],[8.460625122554397,47.116055736563695],[8.460400434167113,47.11598409514002],[8.460154385379,47.11587927813276],[8.459910845597106,47.115759478514605],[8.455690899927417,47.11347965818906],[8.455611334189522,47.11344202253435],[8.45489177516336,47.11344888048861],[8.454116642243816,47.11369038207605],[8.454072184279617,47.11395881866325],[8.453996461804003,47.11415036652623],[8.453952325532498,47.114430962329145],[8.453851425674253,47.114830721187076],[8.453660075034247,47.115341106589554],[8.453525181082385,47.11567450731431],[8.453434578505803,47.11584736712664],[8.453569737899848,47.11593692223726],[8.453521970596835,47.116059433043745],[8.45334506877318,47.11682099292248],[8.45304041723162,47.117555577157134],[8.452647773571378,47.1183462327828],[8.452545902869488,47.118614832910055],[8.45248772522689,47.11888732956632],[8.452221535905828,47.11966811541427],[8.451946328278424,47.119978831227826],[8.451761380818207,47.120544713252805],[8.451789690644567,47.12073643095779],[8.451713410216875,47.121035299873796],[8.451558030622206,47.12102202392176],[8.451567213185122,47.12116124963653],[8.451556027375776,47.121397681845856],[8.451585528565056,47.121441941406474],[8.451564709296429,47.1215850026913],[8.451467314161318,47.12198009489929],[8.451141962297147,47.12349455251236],[8.451022459382148,47.12348733776611],[8.45089133573078,47.12423073159285],[8.450907770936986,47.12425445234098],[8.450891388863106,47.124329089462684],[8.450873149690045,47.12435148725224],[8.450839068366463,47.12488511178992],[8.450787267260884,47.125192471998794],[8.449866592583597,47.129556833651314],[8.449697901294519,47.13008254613731],[8.44960584225726,47.130477669788235],[8.449453975617109,47.13095506227637],[8.44957231431493,47.13096467286164],[8.449563494661502,47.131005104767674],[8.449265585180592,47.13097026544798],[8.449132125781185,47.13089768310758],[8.448777077269071,47.130532323604946],[8.448117062801707,47.129878173263734],[8.447603477143373,47.12937932136196],[8.447495715816531,47.129298460588636],[8.447188472190579,47.129539422755855],[8.446938556776582,47.129414560128374],[8.445434781182637,47.12884010560765],[8.4453548751243,47.12886653265583],[8.445161747331941,47.129082409007786],[8.444704641506,47.12913885352206],[8.44444577945629,47.129216591224555],[8.444115914218521,47.1292544688928],[8.443478389098864,47.1293827506721],[8.443104448986585,47.12943207515473],[8.44264154749523,47.129453838956074],[8.442083472239398,47.12948929514307],[8.441620011488796,47.12946716109556],[8.441549289042044,47.129309122220164],[8.441165056773789,47.12926566840098],[8.441249845297609,47.12890141631304],[8.441349470430575,47.12856231243846],[8.441058133862223,47.12838395056791],[8.440700133962608,47.12822120957339],[8.440140902866062,47.127982749976496],[8.43956921061853,47.12761324005979],[8.439276234929805,47.127445313920944],[8.438658639865524,47.12701116065616],[8.438192332921835,47.126814081984],[8.43666512229183,47.126055793241555],[8.434436340187146,47.12498289561161],[8.432133302504086,47.12459927407178],[8.43194419704297,47.12473344017778],[8.431103886546232,47.12425632746713],[8.431777673276523,47.12383576709398],[8.431445002926928,47.12375651001444],[8.43111265025261,47.12359475946626],[8.430405377200831,47.12331373115583],[8.42945348706656,47.12385832789848],[8.42901867904288,47.12391450922718],[8.428868056804658,47.124100945098235],[8.428760891711086,47.124185689020855],[8.428525530322718,47.12403021135503],[8.427913388747255,47.12373314621127],[8.427659343728527,47.12356055597334],[8.427562742283467,47.12355077202768],[8.427285011700711,47.12337009972635],[8.427026180229369,47.12325646149861],[8.426793388958004,47.123518435382586],[8.426699932060384,47.123596231903825],[8.426092858650074,47.12365191228903],[8.425471195621762,47.12363826860362],[8.424829482053248,47.12364511460023],[8.424657056300518,47.12342107354786],[8.424730084169797,47.122906366469536],[8.423770969272121,47.122559180583515],[8.423707252951967,47.122821039778486],[8.423632714873705,47.123067798048375],[8.423424390342792,47.12350729049884],[8.422825475861034,47.1232245591642],[8.422479723673076,47.123314694464774],[8.422303274428419,47.12334463020357],[8.422088920913465,47.123449931169816],[8.421791202343803,47.123226840538045],[8.421337625042376,47.12305747167933],[8.420326972681572,47.12262254082619],[8.418996119395432,47.123442482894426],[8.418686578093173,47.12338719002511],[8.418551586739337,47.12360143718488],[8.41833113745997,47.12366862370467],[8.417956514846248,47.12338405492532],[8.417707720359813,47.123155076839495],[8.417866535355193,47.122982277385354],[8.41802762446222,47.1227897489757],[8.417849258847959,47.122383245879696],[8.417268113849195,47.12281907362133],[8.416936023248546,47.12312359384661],[8.4165565094413,47.12355950121534],[8.416309840670639,47.12382219212229],[8.41600601337905,47.12404390764942],[8.415405225758754,47.12440898925707],[8.414846843794377,47.125293391647496],[8.414592465096371,47.12574145312959],[8.414356806948769,47.12618277934709],[8.414336154708884,47.12655401339176],[8.41475010721468,47.127521186530785],[8.415690113633573,47.1281198564911],[8.415989150545284,47.12883334557372],[8.416293950128088,47.12946494305684],[8.416769950025959,47.130551132497054],[8.416183948261505,47.13065397817459],[8.415513561161854,47.13071867680958],[8.415374171730942,47.1311206316523],[8.415180583326327,47.13149321719774],[8.415311418775099,47.131688227617445],[8.415406639363633,47.13176762343031],[8.415594910098067,47.13211594300161],[8.415601837360647,47.132199426039456],[8.415837607559983,47.13239765535138],[8.416014570905398,47.13255369998947],[8.416008966756621,47.13268288805717],[8.416078222694539,47.132778920899824],[8.41615331927221,47.13310033309113],[8.415863237603565,47.133631836879395],[8.415238834324375,47.13557768264113],[8.413479611408924,47.13819371870973],[8.413114553929107,47.138967812368676],[8.41221663765285,47.14056048667336],[8.412390647880681,47.140722885601434],[8.412559432144205,47.14088783827758],[8.412722870311562,47.14105526478167],[8.41288090831921,47.14122509362953],[8.413072998760864,47.1414433356935],[8.41325617679818,47.141665107247185],[8.413430268372288,47.141890265878345],[8.41359513814313,47.142118623867596],[8.413745920347436,47.14233855527526],[8.41388818230282,47.14256113145144],[8.414021801680747,47.142786155561815],[8.414146710677295,47.14301352925937],[8.414258854530823,47.143234903111974],[8.414362727419238,47.14345815511605],[8.414458260715792,47.143683141946326],[8.414545385462048,47.14390970228769],[8.414622825697567,47.14413221577222],[8.414691615610081,47.14435607097121],[8.41475169875893,47.14458107047606],[8.414803020012155,47.14480708882953],[8.41484504532655,47.14503087418714],[8.414878513211782,47.14525533484727],[8.414903381225365,47.145480318252325],[8.414919619942099,47.14570566273681],[8.41492952297466,47.145930620198335],[8.414930066694573,47.14615568406787],[8.414921247375954,47.14638065647422],[8.41490306194898,47.14660537552052],[8.414875228830475,47.14683175964127],[8.414837903499862,47.1470574956548],[8.414791109581278,47.14728243942181],[8.414734895427472,47.14750635663556],[8.414700833167911,47.1476240014604],[8.414664444261982,47.147741324180565],[8.414625807467324,47.14785830613449],[8.414576947395979,47.14799674820137],[8.414524859823628,47.14813464190605],[8.414469623335933,47.14827195959071],[8.414411171337331,47.14840866583344],[8.414345304942632,47.14855384575248],[8.414275863877013,47.14869824634418],[8.414202860642677,47.14884183151378],[8.41412630741475,47.148984547177896],[8.412338011401921,47.152155796876855],[8.412248054194807,47.15234509542649],[8.41217022046939,47.152536882014495],[8.412104608953022,47.15273077801874],[8.412051384956577,47.152926440232335],[8.412006095195988,47.153150182275105],[8.411976968338886,47.15337517285503],[8.41196411327552,47.15360086233781],[8.411967533584972,47.15382671096892],[8.411983263088352,47.154009357906375],[8.412014641671554,47.15419106284118],[8.412061592119986,47.154371196728846],[8.412123932060469,47.1545491493995],[8.412201452577442,47.15472430190656],[8.412295988266907,47.15489963420344],[8.412405772255296,47.15507079837656],[8.412530371284365,47.15523716836484],[8.412669326524743,47.15539816329726],[8.414219700231229,47.157050332215675],[8.41568221754223,47.15624423820695],[8.41622166011519,47.15417499405007],[8.416466942144481,47.15428643319058],[8.416497876620111,47.15427548358426],[8.41655195905072,47.15427562660519],[8.416640370107217,47.154307690776854],[8.416669984921759,47.15433494735338],[8.416696074503253,47.15436701951147],[8.416764157329553,47.1544123988655],[8.416862710433458,47.154432241676496],[8.416885343290184,47.15444111673012],[8.416937395859481,47.15444202345944],[8.41710943777047,47.15442203863709],[8.41721038746343,47.154447455987864],[8.417323714388091,47.15448267204108],[8.417407671836155,47.15447233260927],[8.417640265922072,47.15440605359669],[8.41770896734019,47.15441454546531],[8.417797104369843,47.15437677879292],[8.417850884402377,47.15437912768244],[8.417963684757622,47.154402122665196],[8.418054172561423,47.154438081136334],[8.41811478126764,47.15444823386415],[8.418217398615162,47.15442278440815],[8.418253030664115,47.15439111360781],[8.418316519207956,47.15437127759784],[8.418366819191165,47.15438306520404],[8.418377376804429,47.15441376699883],[8.418399559682019,47.15443478955425],[8.418521074753023,47.15444613253201],[8.418591096334486,47.154463338296054],[8.418724532964976,47.15448838765607],[8.418818079405124,47.15448969567849],[8.418861378081836,47.15452169270607],[8.41892488562741,47.154553310633915],[8.418965436617832,47.15460160394909],[8.419044796435603,47.15462464892914],[8.419125189773828,47.15465659961802],[8.419227255081323,47.15467229052891],[8.419260217586821,47.154702963205075],[8.419307549375743,47.154705303408335],[8.419349747012669,47.15469084772241],[8.419412840574106,47.15471567728678],[8.419459929505518,47.15474650834448],[8.419516235301733,47.15479096099851],[8.419564363236042,47.15478852667782],[8.419659461773595,47.15481045653601],[8.419750594759162,47.154895910591534],[8.419856741471042,47.154906168825384],[8.420030982728441,47.1549097381705],[8.420462220760255,47.15497617008431],[8.420557321922741,47.154975196558354],[8.42226252633889,47.15512080524858],[8.422356850080014,47.15589062817117],[8.424072437762598,47.15622805024723],[8.427045066035141,47.15576795005684],[8.427423107171451,47.15573503445828],[8.429877967792754,47.15572464258443],[8.429910636417667,47.156710515519556],[8.429936892429506,47.15709506460187],[8.429968855029488,47.15738681146053],[8.43001331173574,47.15767810881003],[8.43007378841516,47.157967774827085],[8.433451549422207,47.157674150740284],[8.435445633635323,47.15749712225795],[8.438154318723706,47.15780995817125],[8.440177144819565,47.158039017063906],[8.443558452207084,47.158437615033414],[8.44366364986454,47.158381931234366],[8.444149673156685,47.158823765627496],[8.444238870039598,47.15891742147206],[8.444745697953909,47.15864336689045],[8.445642421523596,47.15886054618997],[8.446727880099433,47.15883772771365],[8.44713013902774,47.15921048702181],[8.447262430215442,47.15958634042132],[8.447377822161757,47.159803669107546],[8.446956980504188,47.16051366218201],[8.446573304121298,47.16128725037387],[8.449143345248494,47.16208908900779],[8.448878506764487,47.163849236177185],[8.4489345395498,47.16385854039476],[8.448977403328605,47.16387381631778],[8.449096174310583,47.16395487585895],[8.44910671951164,47.164000651592545],[8.449151174783706,47.16408345210014],[8.4492075191217,47.164265728965844],[8.449243438383398,47.16433091913998],[8.449294002192108,47.164388640311294],[8.449355818531835,47.16443876932987],[8.449480206721976,47.164491713013206],[8.4496482452467,47.164523313424745],[8.44967461979963,47.16450002609272],[8.449864092545335,47.164542151570686],[8.44996981563442,47.16455935749373],[8.450042252704606,47.164553764295995],[8.450082983466144,47.16456151128952],[8.45012842642729,47.16455618228937],[8.450226951115775,47.16455958910069],[8.450350381303116,47.164504566623926],[8.450367439299148,47.1644908153695],[8.450376314576967,47.16447609257237],[8.450397647655429,47.16434101664879],[8.450476075444987,47.16434604822647],[8.450537141079147,47.164330596622854],[8.450553124525312,47.164315127641835],[8.450546513584278,47.16428496970374],[8.450569395375059,47.16419904982997],[8.450573066400368,47.16414765292004],[8.450614909942654,47.164115206787045],[8.450671909458315,47.164103757907604],[8.45069903094917,47.16410326749986],[8.450772458036939,47.16411867874919],[8.45076894717365,47.16413389412955],[8.450805478788332,47.164179755992315],[8.450869630708624,47.16423057431579],[8.450907451202573,47.16427274562613],[8.450935561198028,47.164277095072734],[8.450961823180002,47.16426881301727],[8.450993785187825,47.164237632094846],[8.451013733693687,47.16420517154002],[8.451051377160514,47.16418986275215],[8.45109899528424,47.16420471824855],[8.451178146946784,47.164329599780615],[8.451246490325484,47.16431331014204],[8.451310590993813,47.16426727350971],[8.451359359427821,47.164262751341155],[8.451480195555376,47.16428054251405],[8.451546179398399,47.16431103237264],[8.451662915479027,47.16431985489183],[8.451712057230141,47.16431136224656],[8.45180686335732,47.164335040445025],[8.451868977323585,47.164363144388126],[8.451991848411918,47.164490492000134],[8.452122678072596,47.16457489655997],[8.452134874830755,47.16466944039699],[8.452194827678447,47.164679509116496],[8.452278950391523,47.16467111291538],[8.452318034705643,47.1646538839642],[8.452355426648056,47.16461415402632],[8.452405987596148,47.16457612516225],[8.452445098468477,47.16459651535755],[8.452463871208145,47.164631540589156],[8.452477248974104,47.16474105159317],[8.45257847455786,47.16478535339303],[8.452716089855564,47.164821958069304],[8.45274606303889,47.164845262289894],[8.452799733822502,47.16486625269291],[8.452850750935735,47.16485021375498],[8.452927074868052,47.164834653388255],[8.452916277521783,47.16480220262818],[8.4528765474101,47.164757503054226],[8.452893701073762,47.164712634940386],[8.452944489521506,47.1646894105227],[8.45299501171361,47.1646932020926],[8.453041723083377,47.164738802609776],[8.453089661695877,47.16480878824469],[8.45311292790932,47.16488044865261],[8.45319686086701,47.165034603200006],[8.453287278523257,47.16516413363714],[8.453380913350115,47.16524070576883],[8.45342181270008,47.165290684247665],[8.453415175833635,47.165328820972796],[8.453428119071008,47.16552800341922],[8.453463516827265,47.1655618923675],[8.45357135509742,47.16560978718624],[8.453615893123073,47.16566451914012],[8.453683562787795,47.16570793752724],[8.453735840760046,47.165725665402825],[8.453776048902728,47.1657217754578],[8.453835302519732,47.165730365234445],[8.45394708496168,47.16574973597712],[8.454198313122001,47.165802580923405],[8.454293697196302,47.16580925039174],[8.454379339891815,47.16583916932972],[8.454467936288639,47.1658975330735],[8.454500011409031,47.165943253211246],[8.454542177822269,47.166037667165995],[8.454593281560271,47.16613525859301],[8.454593355586848,47.166212817641345],[8.454785497077106,47.16636163482628],[8.454809269084835,47.16642434883984],[8.454791217217004,47.16654204420089],[8.454864211494804,47.16656498597385],[8.455106643109705,47.166574584042316],[8.455091741431806,47.16666781969129],[8.455101995454308,47.16671741158426],[8.455265364453723,47.166805393286644],[8.455288650465262,47.166871646748824],[8.455378033402642,47.16692058450387],[8.455554762980665,47.16697929315311],[8.455610903864168,47.167007933646026],[8.455642412853036,47.16706195237502],[8.455976318708828,47.167398970103314],[8.46159589973427,47.171286196128214]]]]}},{"type":"Feature","properties":{"id":184,"uuid":"{15D8DE31-40A2-497B-993F-5B4A0EBCAA8B}","datum_aenderung":"2025-11-19T00:00:00.000","datum_erstellung":"2008-11-24T00:00:00.000","erstellung_jahr":2001,"erstellung_monat":1,"grund_aenderung":"Verbessert","herkunft":"swisstopo","herkunft_jahr":2026,"herkunft_monat":1,"revision_jahr":2025,"revision_monat":1,"revision_qualitaet":"TGMG_2025_Akt","objektart":"Gemeindegebiet","bfs_nummer":1703,"bezirksnummer":null,"kantonsnummer":9,"name":"Hünenberg","gem_flaeche":1866.0,"see_flaeche":25.0,"icc":"CH","shn":"CH09001703","einwohnerzahl":8972,"hist_nr":12176},"geometry":{"type":"MultiPolygon","coordinates":[[[[8.46159589973427,47.171286196128214],[8.455976318708828,47.167398970103314],[8.455642412853036,47.16706195237502],[8.455610903864168,47.167007933646026],[8.455554762980665,47.16697929315311],[8.455378033402642,47.16692058450387],[8.455288650465262,47.166871646748824],[8.455265364453723,47.166805393286644],[8.455101995454308,47.16671741158426],[8.455091741431806,47.16666781969129],[8.455106643109705,47.166574584042316],[8.454864211494804,47.16656498597385],[8.454791217217004,47.16654204420089],[8.454809269084835,47.16642434883984],[8.454785497077106,47.16636163482628],[8.454593355586848,47.166212817641345],[8.454593281560271,47.16613525859301],[8.454542177822269,47.166037667165995],[8.454500011409031,47.165943253211246],[8.454467936288639,47.1658975330735],[8.454379339891815,47.16583916932972],[8.454293697196302,47.16580925039174],[8.454198313122001,47.165802580923405],[8.45394708496168,47.16574973597712],[8.453835302519732,47.165730365234445],[8.453776048902728,47.1657217754578],[8.453735840760046,47.165725665402825],[8.453683562787795,47.16570793752724],[8.453615893123073,47.16566451914012],[8.45357135509742,47.16560978718624],[8.453463516827265,47.1655618923675],[8.453428119071008,47.16552800341922],[8.453415175833635,47.165328820972796],[8.45342181270008,47.165290684247665],[8.453380913350115,47.16524070576883],[8.453287278523257,47.16516413363714],[8.45319686086701,47.165034603200006],[8.45311292790932,47.16488044865261],[8.453089661695877,47.16480878824469],[8.453041723083377,47.164738802609776],[8.45299501171361,47.1646932020926],[8.452944489521506,47.1646894105227],[8.452893701073762,47.164712634940386],[8.4528765474101,47.164757503054226],[8.452916277521783,47.16480220262818],[8.452927074868052,47.164834653388255],[8.452850750935735,47.16485021375498],[8.452799733822502,47.16486625269291],[8.45274606303889,47.164845262289894],[8.452716089855564,47.164821958069304],[8.45257847455786,47.16478535339303],[8.452477248974104,47.16474105159317],[8.452463871208145,47.164631540589156],[8.452445098468477,47.16459651535755],[8.452405987596148,47.16457612516225],[8.452355426648056,47.16461415402632],[8.452318034705643,47.1646538839642],[8.452278950391523,47.16467111291538],[8.452194827678447,47.164679509116496],[8.452134874830755,47.16466944039699],[8.452122678072596,47.16457489655997],[8.451991848411918,47.164490492000134],[8.451868977323585,47.164363144388126],[8.45180686335732,47.164335040445025],[8.451712057230141,47.16431136224656],[8.451662915479027,47.16431985489183],[8.451546179398399,47.16431103237264],[8.451480195555376,47.16428054251405],[8.451359359427821,47.164262751341155],[8.451310590993813,47.16426727350971],[8.451246490325484,47.16431331014204],[8.451178146946784,47.164329599780615],[8.45109899528424,47.16420471824855],[8.451051377160514,47.16418986275215],[8.451013733693687,47.16420517154002],[8.450993785187825,47.164237632094846],[8.450961823180002,47.16426881301727],[8.450935561198028,47.164277095072734],[8.450907451202573,47.16427274562613],[8.450869630708624,47.16423057431579],[8.450805478788332,47.164179755992315],[8.45076894717365,47.16413389412955],[8.450772458036939,47.16411867874919],[8.45069903094917,47.16410326749986],[8.450671909458315,47.164103757907604],[8.450614909942654,47.164115206787045],[8.450573066400368,47.16414765292004],[8.450569395375059,47.16419904982997],[8.450546513584278,47.16428496970374],[8.450553124525312,47.164315127641835],[8.450537141079147,47.164330596622854],[8.450476075444987,47.16434604822647],[8.450397647655429,47.16434101664879],[8.450376314576967,47.16447609257237],[8.450367439299148,47.1644908153695],[8.450350381303116,47.164504566623926],[8.450226951115775,47.16455958910069],[8.45012842642729,47.16455618228937],[8.450082983466144,47.16456151128952],[8.450042252704606,47.164553764295995],[8.44996981563442,47.16455935749373],[8.449864092545335,47.164542151570686],[8.44967461979963,47.16450002609272],[8.4496482452467,47.164523313424745],[8.449480206721976,47.164491713013206],[8.449355818531835,47.16443876932987],[8.449294002192108,47.164388640311294],[8.449243438383398,47.16433091913998],[8.4492075191217,47.164265728965844],[8.449151174783706,47.16408345210014],[8.44910671951164,47.164000651592545],[8.449096174310583,47.16395487585895],[8.448977403328605,47.16387381631778],[8.4489345395498,47.16385854039476],[8.448878506764487,47.163849236177185],[8.449143345248494,47.16208908900779],[8.446573304121298,47.16128725037387],[8.446956980504188,47.16051366218201],[8.447377822161757,47.159803669107546],[8.447262430215442,47.15958634042132],[8.44713013902774,47.15921048702181],[8.446727880099433,47.15883772771365],[8.445642421523596,47.15886054618997],[8.444745697953909,47.15864336689045],[8.444238870039598,47.15891742147206],[8.444149673156685,47.158823765627496],[8.44366364986454,47.158381931234366],[8.443558452207084,47.158437615033414],[8.440177144819565,47.158039017063906],[8.438154318723706,47.15780995817125],[8.435445633635323,47.15749712225795],[8.433451549422207,47.157674150740284],[8.43007378841516,47.157967774827085],[8.43001331173574,47.15767810881003],[8.429968855029488,47.15738681146053],[8.429936892429506,47.15709506460187],[8.429910636417667,47.156710515519556],[8.429877967792754,47.15572464258443],[8.427423107171451,47.15573503445828],[8.427045066035141,47.15576795005684],[8.424072437762598,47.15622805024723],[8.422356850080014,47.15589062817117],[8.42226252633889,47.15512080524858],[8.420557321922741,47.154975196558354],[8.420462220760255,47.15497617008431],[8.420030982728441,47.1549097381705],[8.419856741471042,47.154906168825384],[8.419750594759162,47.154895910591534],[8.419659461773595,47.15481045653601],[8.419564363236042,47.15478852667782],[8.419516235301733,47.15479096099851],[8.419459929505518,47.15474650834448],[8.419412840574106,47.15471567728678],[8.419349747012669,47.15469084772241],[8.419307549375743,47.154705303408335],[8.419260217586821,47.154702963205075],[8.419227255081323,47.15467229052891],[8.419125189773828,47.15465659961802],[8.419044796435603,47.15462464892914],[8.418965436617832,47.15460160394909],[8.41892488562741,47.154553310633915],[8.418861378081836,47.15452169270607],[8.418818079405124,47.15448969567849],[8.418724532964976,47.15448838765607],[8.418591096334486,47.154463338296054],[8.418521074753023,47.15444613253201],[8.418399559682019,47.15443478955425],[8.418377376804429,47.15441376699883],[8.418366819191165,47.15438306520404],[8.418316519207956,47.15437127759784],[8.418253030664115,47.15439111360781],[8.418217398615162,47.15442278440815],[8.41811478126764,47.15444823386415],[8.418054172561423,47.154438081136334],[8.417963684757622,47.154402122665196],[8.417850884402377,47.15437912768244],[8.417797104369843,47.15437677879292],[8.41770896734019,47.15441454546531],[8.417640265922072,47.15440605359669],[8.417407671836155,47.15447233260927],[8.417323714388091,47.15448267204108],[8.41721038746343,47.154447455987864],[8.41710943777047,47.15442203863709],[8.416937395859481,47.15444202345944],[8.416885343290184,47.15444111673012],[8.416862710433458,47.154432241676496],[8.416764157329553,47.1544123988655],[8.416696074503253,47.15436701951147],[8.416669984921759,47.15433494735338],[8.416640370107217,47.154307690776854],[8.41655195905072,47.15427562660519],[8.416497876620111,47.15427548358426],[8.416466942144481,47.15428643319058],[8.41622166011519,47.15417499405007],[8.41568221754223,47.15624423820695],[8.414219700231229,47.157050332215675],[8.414534597749388,47.15738903266644],[8.414727217505368,47.15764143217766],[8.414879970141119,47.157874919227226],[8.415009674597863,47.15811724634941],[8.415083656632667,47.158297878200614],[8.415173710005002,47.15857147719935],[8.415229522309298,47.158840428209025],[8.415264361965388,47.159195905147115],[8.415317766953013,47.16099467148851],[8.415381736649357,47.16279325742985],[8.41539146975365,47.163211007133654],[8.415365444288188,47.16369294640363],[8.415315259947501,47.16412381628128],[8.415233497322276,47.16459362575621],[8.415131323976214,47.165022678772836],[8.414979704707687,47.16549533857045],[8.413922037907142,47.168202965395885],[8.413577059630605,47.16910544671876],[8.412845667884394,47.17091076512036],[8.412066471614398,47.17287481146083],[8.411889428985914,47.17325861664134],[8.411664594372782,47.173619437300935],[8.411458234928888,47.17387846140098],[8.411197524599569,47.17415862498182],[8.41088596815273,47.174436518811916],[8.410774284207385,47.17452651739847],[8.410436318752097,47.17476695096161],[8.41005850388566,47.17499322812213],[8.409581211580562,47.1752257405071],[8.409324648019116,47.17533540044518],[8.40902261612618,47.1754410353698],[8.408671751759368,47.17555283815588],[8.408269883570432,47.17565292566052],[8.407775595669355,47.17574974200484],[8.403396878315291,47.176387982419236],[8.403007805015838,47.17646688577353],[8.402753579585363,47.17656166876625],[8.402534331199954,47.176686742842506],[8.402363002806137,47.17684290837074],[8.40222802609402,47.177039770608076],[8.402136374424916,47.17729826670188],[8.401547609153438,47.179102392473105],[8.401261712432788,47.180004328865685],[8.40044503290738,47.18270989739173],[8.40035728901188,47.18303267631445],[8.400274554435546,47.18357625136436],[8.400234898706048,47.18401196193072],[8.40021615885609,47.18451100551907],[8.4002280045364,47.18498587469424],[8.400265976815197,47.18541014213446],[8.400338205487763,47.185868306010974],[8.400431220799582,47.186308314264856],[8.400539074745815,47.18676627025299],[8.400883778099146,47.18810371809597],[8.401025119345139,47.188552308206354],[8.401206704992866,47.18900066059128],[8.401436788558822,47.18946739854849],[8.401676764387672,47.18989627247917],[8.401937496550826,47.190269191580136],[8.402355950671993,47.19079013205754],[8.40259837628254,47.19106200433381],[8.403211302002077,47.19168251186895],[8.404061549242014,47.19257492816649],[8.40437487080593,47.19289802488105],[8.404629965916714,47.193213423443375],[8.40480085970846,47.19346835914766],[8.404957625795488,47.193745451956815],[8.405213607898785,47.194364446331264],[8.405312320389497,47.19481653717316],[8.405340183665118,47.195263015909134],[8.405303608829362,47.195722089457746],[8.405203370965832,47.19616370653143],[8.40502561981164,47.196624864415966],[8.404784183123631,47.19706677540669],[8.40307927755618,47.199779781442224],[8.40252013035341,47.20068401282295],[8.402315732817046,47.20109681353008],[8.402157065984362,47.20158659164443],[8.402086775790853,47.20189761108808],[8.401832993416392,47.20428801250602],[8.401771887658835,47.20474288100672],[8.401673664243397,47.2051889744625],[8.40152500880352,47.205656628615614],[8.401343549283158,47.206091273775854],[8.40073199733283,47.20749975495681],[8.40059736730165,47.207896676566946],[8.400497476858794,47.20832434191449],[8.400441304482353,47.208797518489376],[8.400422763089061,47.20927128026587],[8.400456978639845,47.209697015845094],[8.400842086189352,47.212392412967326],[8.400965170962557,47.21329092219903],[8.40102702003998,47.213830127872086],[8.401021627558912,47.214189987841166],[8.400970815427874,47.21459430457489],[8.40082924030525,47.21509113223284],[8.40057720714411,47.2156037244952],[8.400321533645439,47.215994909034485],[8.400057009452807,47.216335342990064],[8.399773306300183,47.21663725624165],[8.399484301071958,47.216901432442654],[8.399110007107895,47.21719512221163],[8.398471327155951,47.21765425284169],[8.39781195097961,47.21813785757702],[8.397450673317099,47.21841477392427],[8.39717020945864,47.2187139548162],[8.396833768330731,47.219161583201725],[8.396603080070946,47.21962406398528],[8.396497560840126,47.219960153266214],[8.39630777364771,47.22052605458694],[8.396045330687254,47.22142786097122],[8.394970656502709,47.225034933575024],[8.39489380389459,47.225315326518874],[8.39484656044647,47.225730403692516],[8.394879663160385,47.226215427336186],[8.39494829337702,47.22650144907428],[8.395065149559201,47.22683330643767],[8.395592567716898,47.227962329949435],[8.396032851532333,47.22887079883674],[8.396205042369106,47.2291940993226],[8.396401184931229,47.22952079857275],[8.396717224323686,47.229986827699314],[8.397053850121141,47.23041490432704],[8.397522720764925,47.23093407259741],[8.397908544439407,47.23130730655509],[8.398327787965542,47.23167262384513],[8.39873056236344,47.23199490827614],[8.399014833912343,47.23219762370833],[8.399531555668618,47.2325409761294],[8.400067236777547,47.23288147846046],[8.404644214151755,47.23574876109957],[8.405104243735458,47.23605711346676],[8.405499576645939,47.23636693339563],[8.405835458254291,47.236710515715025],[8.406083135035294,47.23707104719743],[8.40627996453754,47.23742928853753],[8.406426705051025,47.237867306962045],[8.406482108241878,47.23830120786701],[8.406484255865555,47.23895964746586],[8.40649629111315,47.23995262981794],[8.406538316624443,47.24023113175761],[8.40660636415789,47.24048782633125],[8.406714637272446,47.24077035932446],[8.40690405806736,47.24112768114515],[8.407037693054331,47.24132265618968],[8.407223471512465,47.2415523645287],[8.407390589791728,47.24173626336022],[8.407679863627758,47.242020781936475],[8.408139907354185,47.24245704455348],[8.409525225277331,47.243823455729505],[8.41015677999273,47.244450054469965],[8.410277217198374,47.24458351011265],[8.410388448420937,47.24472061439144],[8.41049021760409,47.24486109063673],[8.41058229444353,47.24500462597897],[8.410650057740332,47.24512371015188],[8.410711167513128,47.245244451567956],[8.410765514791484,47.24536667125013],[8.410813043922664,47.24549021675662],[8.410851427836413,47.245611338689514],[8.410884646684629,47.24573316983182],[8.410912698470021,47.2458556022608],[8.41093554140835,47.245978519393255],[8.410949272746873,47.24607110023845],[8.410960021664662,47.24616384117067],[8.410967827932838,47.246256750850385],[8.410972676365041,47.24634972146244],[8.41097156015437,47.24645319494352],[8.410966057013304,47.24655659748783],[8.41095616544386,47.246659848149335],[8.410941883784538,47.24676285698762],[8.410923575521787,47.24686382187264],[8.410901072457792,47.246964390362876],[8.410874372606138,47.24706445452879],[8.41084350170535,47.24716397816895],[8.410747604219893,47.247411267486555],[8.41068876786218,47.24753914627011],[8.41062260867907,47.24766534168239],[8.410549229181694,47.24778968193529],[8.410468731066842,47.247911950269994],[8.410382572959218,47.248030272345375],[8.410289766102615,47.24814621267227],[8.410190440258727,47.24825964420651],[8.410084750301646,47.248370367729166],[8.410508976280957,47.24823635946167],[8.410860254625812,47.248084965352106],[8.411136375968905,47.247941400565374],[8.411945694102805,47.247408343421945],[8.412343261611888,47.2470429241284],[8.412740120254817,47.24656642625509],[8.413018902535283,47.246063030732316],[8.413097484019117,47.24522894136966],[8.413238445678935,47.244773485914315],[8.413434169386374,47.24435129948539],[8.414010124542747,47.243665480745015],[8.414116993287838,47.24351390459441],[8.414489426641374,47.24278708685123],[8.414612575376388,47.242659200941574],[8.41491293508597,47.24254376557472],[8.415535771818574,47.242437740013195],[8.415790159414412,47.24229976291886],[8.415883114921282,47.2421100728333],[8.416034538837835,47.24172288009495],[8.416345732593964,47.24147735749202],[8.41649799615748,47.24131684825234],[8.416505612257216,47.24108335478388],[8.416420934114328,47.24096715195655],[8.416068125295524,47.24063416023723],[8.415869260653285,47.24034079986955],[8.415642048866964,47.240122340745735],[8.415131513487054,47.239975555348764],[8.414665674502466,47.23974471458048],[8.414412731512748,47.23956336084948],[8.41425223968887,47.23938165568608],[8.414207058205804,47.23914950884165],[8.414258665378698,47.23893768161233],[8.414464405133472,47.23874164938328],[8.415173478250436,47.238441495302844],[8.415288174536538,47.23832222562113],[8.415423270447654,47.2380530195389],[8.415804928454744,47.23765398893118],[8.41626158637168,47.23734742247585],[8.416418286554613,47.2371405494232],[8.416498333280266,47.23696851793039],[8.416386582861607,47.236526445609805],[8.416226836044864,47.23609646529384],[8.416277700314286,47.23584461391945],[8.416680608244482,47.23538109197393],[8.416754860183794,47.235252727809524],[8.416604782646107,47.23481053107984],[8.416644041435616,47.2345380886322],[8.416894989074855,47.23406999038775],[8.417037139383703,47.233766566716284],[8.416935318446923,47.233726979160096],[8.416791203966437,47.23307280143027],[8.416398626368697,47.232045086205474],[8.41620303498917,47.231660422381616],[8.416035956004741,47.23136160188531],[8.415842396804381,47.23107049885661],[8.415707596616723,47.23085621230553],[8.415605937627522,47.2306336207306],[8.415402851268277,47.23008460193882],[8.415339278519264,47.22989084117131],[8.41528876340038,47.229694738830545],[8.415252583764127,47.229497579432106],[8.41522918736167,47.22929969997797],[8.414843656800521,47.22448750667161],[8.41484086456308,47.22444377686046],[8.415235777631441,47.22442999522568],[8.415252153030618,47.2243845647269],[8.4152748788186,47.22434125726995],[8.415286067764729,47.224296707301534],[8.415249772237798,47.22424987925488],[8.415236771148221,47.22422124026591],[8.415232144130782,47.224187681784315],[8.415263405911325,47.224106395478685],[8.41527341403469,47.22405214051917],[8.415322099243975,47.223997998439486],[8.415396806194856,47.223872824159514],[8.415370189130588,47.223787665772086],[8.415394425076933,47.22370127564268],[8.415368834950158,47.223657874052535],[8.415342023389957,47.22356567392855],[8.415272585313065,47.22339229212952],[8.415210701470437,47.221957407070036],[8.415571458055666,47.221346323853886],[8.416093617745219,47.22069696189827],[8.416227133770555,47.22001683966318],[8.416319973133778,47.21983528058219],[8.416387032511146,47.21947932187588],[8.416418783031908,47.218972999129186],[8.416324318256448,47.21855861898823],[8.416248867386475,47.21837031129938],[8.416226359387002,47.21817474475558],[8.416097068391297,47.2179214074619],[8.415900955999522,47.2176779561614],[8.415802556661042,47.217479974913175],[8.415827797880594,47.217198807886604],[8.415841257111818,47.216927473793945],[8.415752670515387,47.21638493084723],[8.41577858898025,47.215953705916384],[8.415893618584867,47.21574919136416],[8.416056860768865,47.215549700792714],[8.416460464166931,47.21523934351137],[8.416631825746414,47.21480255663396],[8.416716285609903,47.21449833489179],[8.416852743754559,47.21421274169805],[8.416942598757784,47.2140801600269],[8.417093751019337,47.213698038027246],[8.417258852415024,47.21335328107875],[8.417555193703395,47.21305934794241],[8.417892276418783,47.212839954321026],[8.418282943968414,47.21250902871888],[8.418625486950297,47.21209086899178],[8.418774325594477,47.21193210199919],[8.418994764280042,47.21161045729157],[8.419159724329585,47.21141309718226],[8.418850505150814,47.21117628953351],[8.418619266786145,47.21038618483043],[8.418617883256587,47.210119042018874],[8.418575499627607,47.209900238540314],[8.418586611331829,47.20972354615387],[8.418675476270602,47.20960961878204],[8.418823673077416,47.20952569882674],[8.419108154243766,47.209420999568074],[8.41944068645732,47.2093401690137],[8.419755788647128,47.209358408501316],[8.419943122726572,47.20931981437815],[8.420048073948408,47.209244645000275],[8.420156899810827,47.20895479398922],[8.420169428432924,47.20890020200584],[8.420193546531083,47.208662166752255],[8.420240208918552,47.2084600019443],[8.420237401602442,47.208254534647715],[8.420318424699133,47.208131533410075],[8.420388701162663,47.20788045705124],[8.420529772227548,47.207676992501035],[8.420750575907283,47.207481708337575],[8.421217616338792,47.207273006924154],[8.421677211443676,47.2070817102927],[8.421946458186271,47.20693484636908],[8.422186604672113,47.20684292247694],[8.422108170871551,47.206293765225055],[8.4221286061843,47.20615676136381],[8.422330326537839,47.205848924321],[8.422461391718194,47.20569204899191],[8.422662755694471,47.205500642110636],[8.42550552720828,47.20224660600881],[8.424937049279222,47.20123134901787],[8.424825053569128,47.201068528300056],[8.424430338464308,47.2007677543076],[8.424284878103398,47.20059655693898],[8.424202338395885,47.200371082136705],[8.423789617985905,47.199779439670465],[8.423626355396499,47.199136466066285],[8.4235832492691,47.19909410645171],[8.422967852843552,47.199184600464925],[8.42298407753441,47.19901054396317],[8.422989996815039,47.19887749579925],[8.423008897918082,47.198790798097],[8.42311622121046,47.19848085123638],[8.42313178539943,47.198360584062314],[8.423152597271514,47.198278052864694],[8.423192899077828,47.1981580599182],[8.423221305147328,47.198041416023834],[8.423289644915636,47.19786870387966],[8.423335806515455,47.19780538601349],[8.423369835933409,47.197739734117214],[8.423398476367852,47.197645891603756],[8.423506690225757,47.19749782762246],[8.423605138293418,47.197318282056145],[8.423603334216846,47.19728552708798],[8.423478078632408,47.197115783993816],[8.423375441568075,47.19702618563613],[8.423319398881098,47.19691831478915],[8.4232947397324,47.19682261624077],[8.42331574322052,47.196727597659134],[8.423342586679171,47.19665589029721],[8.423379337507496,47.1965846918963],[8.423433212146413,47.196520318496795],[8.42348627757594,47.196432069084295],[8.423631443020374,47.196248975429505],[8.423718842117635,47.19611959285892],[8.423862709229187,47.195962830669174],[8.423911937955625,47.195925725996396],[8.424013333044291,47.19582616026525],[8.42426223844351,47.19573977852131],[8.424362245665655,47.19573039472244],[8.424443824601603,47.19573506658221],[8.424675151199589,47.195803394233636],[8.424870999502831,47.19588363843791],[8.42489918510848,47.19588558290879],[8.424914208267527,47.19587653074049],[8.424940230885692,47.19580983146918],[8.424972724898483,47.19566179387732],[8.424984778733727,47.19546235146221],[8.424923807188211,47.1947006802486],[8.424930941067561,47.19452428130512],[8.424944783894055,47.194426175269264],[8.425036241317718,47.19415793000389],[8.425160208273569,47.19375765868405],[8.425314203209943,47.193362086345786],[8.425493747512718,47.192576071857495],[8.425499276161283,47.192398616065944],[8.425390861815194,47.191944680967346],[8.425497465559992,47.19147416833872],[8.425502007841715,47.19086551457186],[8.42558966873853,47.19030109852996],[8.427182023592188,47.19014365352687],[8.427729527240654,47.19005271162527],[8.427948326743529,47.18991780672485],[8.428136390194355,47.1898198940578],[8.42840086944488,47.18966776513784],[8.427946131698725,47.18871152437106],[8.428603815525754,47.188473706759915],[8.429606399463221,47.18826821526359],[8.429911196337438,47.18815122280207],[8.429835089249377,47.188053845423504],[8.430249259257362,47.18756016034573],[8.430312660191209,47.18758425283396],[8.430361064924684,47.18754748515065],[8.43057068970803,47.18734280419982],[8.430416397147122,47.18700744184847],[8.43023124036834,47.186651979370495],[8.430388745322498,47.186606931570225],[8.430677830770444,47.18648718473521],[8.430955245139808,47.186320185561925],[8.43125112012992,47.18605873590678],[8.431852425501262,47.185372231875355],[8.432005712505877,47.185168492902314],[8.432394058264746,47.184509280418624],[8.432642571881685,47.184295264164525],[8.433304590010216,47.183957477472354],[8.433553687487995,47.18391285715573],[8.43387817814124,47.18373777960076],[8.434896211848283,47.182872638788304],[8.435023828820386,47.18275381023297],[8.43512981599696,47.18273464992868],[8.43526624507575,47.182699375910126],[8.435403834762065,47.182673294068],[8.43585240744377,47.182601906796236],[8.436095407775033,47.182556236259224],[8.43634709762414,47.182464307018506],[8.436804828712651,47.18225171528064],[8.43717165846557,47.182093289521106],[8.437517905973118,47.18199930501068],[8.438542107683828,47.18175085376303],[8.439180321295735,47.18160141613649],[8.439404072838409,47.181530079762176],[8.440141091199246,47.18116715098693],[8.440236679137474,47.18109524581182],[8.440299426231064,47.18100633697546],[8.44033534909766,47.18086378745629],[8.440280816743153,47.180819914156444],[8.440452413779528,47.18082209999946],[8.440444473257426,47.18074116458433],[8.44043074553862,47.180718975205345],[8.440523636214287,47.18071799582136],[8.440523851480798,47.1807309024978],[8.440605504835666,47.18072940916101],[8.440954555884197,47.18071473910538],[8.441625366941519,47.18067732176667],[8.441610885067371,47.180687423969864],[8.444571241267395,47.18052319544867],[8.44500116107185,47.18049281083422],[8.445366628831293,47.180456745437674],[8.445781336047126,47.180399045635426],[8.446088418185958,47.180345983501056],[8.447392676371347,47.180097034269764],[8.447108304718515,47.179377329946014],[8.447098231493248,47.17892752533286],[8.447103802018434,47.17851954771109],[8.446984225233452,47.17774823991178],[8.447822155944305,47.176689139525756],[8.448027178033469,47.17634622238934],[8.448150306681498,47.17637995519747],[8.448415355017652,47.17593727215517],[8.448480248538667,47.175821227220844],[8.449177749055385,47.175674883057496],[8.44921776003246,47.17567900253615],[8.449897979057942,47.175852623791926],[8.449869897582163,47.17605465823787],[8.449953299806543,47.17616354496997],[8.450294483652645,47.17597166748682],[8.45105240883047,47.175832633916286],[8.451375160008459,47.17541993103588],[8.451476579581486,47.17535427075616],[8.451603173373476,47.175263714078],[8.451632191897083,47.17523769547189],[8.452012172083304,47.1748387358932],[8.452757620441613,47.17444682823356],[8.454132192263948,47.17364877701053],[8.46159589973427,47.171286196128214]]]]}},{"type":"Feature","properties":{"id":365,"uuid":"{60C1272B-6255-467C-BFB8-977A852D269C}","datum_aenderung":"2025-11-19T00:00:00.000","datum_erstellung":"2008-11-24T00:00:00.000","erstellung_jahr":1997,"erstellung_monat":1,"grund_aenderung":"Verbessert","herkunft":"swisstopo","herkunft_jahr":2026,"herkunft_monat":1,"revision_jahr":2025,"revision_monat":1,"revision_qualitaet":"TGMG_2025_Akt","objektart":"Gemeindegebiet","bfs_nummer":1705,"bezirksnummer":null,"kantonsnummer":9,"name":"Neuheim","gem_flaeche":793.0,"see_flaeche":0.0,"icc":"CH","shn":"CH09001705","einwohnerzahl":2527,"hist_nr":12517},"geometry":{"type":"MultiPolygon","coordinates":[[[[8.574374069106419,47.21706247842497],[8.574487221856495,47.21701171575707],[8.574609068439212,47.21699668785261],[8.574732598309707,47.217002477106305],[8.575033630885619,47.217055658294484],[8.575714069531962,47.21719241454523],[8.575962135300776,47.217251234705756],[8.576123403222077,47.2173024916099],[8.576584937899177,47.21751841594723],[8.576556264040997,47.21756074482715],[8.576623657102207,47.21758765965168],[8.57672321815725,47.21764150439076],[8.576724178987863,47.21772386794263],[8.576679694148721,47.217803091248605],[8.576738546502533,47.21783564969349],[8.576795281959338,47.21785807295244],[8.576693550270553,47.21842682866794],[8.57667303565611,47.21860563967847],[8.576667903268138,47.21873050481188],[8.57717984464619,47.21865475810493],[8.577186416988356,47.21862051872375],[8.577195728901431,47.21858658510136],[8.577207755703038,47.21855303844176],[8.577222460468116,47.218520005047935],[8.577239791731001,47.21848754839697],[8.577259725959342,47.21845580365489],[8.577328617727357,47.21836392488299],[8.57740830497688,47.21827617628335],[8.577498273067809,47.21819319261628],[8.577597912671651,47.218115501629825],[8.577706561480221,47.218043622599865],[8.57782347761391,47.2179780575985],[8.57807785196059,47.217858652240196],[8.578346755496291,47.21775506081032],[8.578628053995912,47.217668113939915],[8.578919543261092,47.217598454061154],[8.579218938595819,47.21754666145314],[8.57952391228843,47.217513154921576],[8.579832026831365,47.21749815647934],[8.580140882605598,47.217501806828665],[8.580448063148767,47.21752407594694],[8.580751135718163,47.21756479006805],[8.581047730287334,47.217623621902796],[8.581335527102807,47.21770012674287],[8.582037817014411,47.217911661752616],[8.582131051833878,47.21792870051658],[8.582226109052824,47.21794019778619],[8.582322273134512,47.21794603472226],[8.582418804255768,47.21794619168117],[8.582515015201645,47.21794063950362],[8.582610141864572,47.21792945774402],[8.582703498763086,47.21791269819139],[8.582794362933965,47.21789051196135],[8.582882090234238,47.21786303139731],[8.582965999233807,47.21783049716277],[8.583045461116258,47.21779314040444],[8.583119861425876,47.21775124610153],[8.583188691699768,47.21770511617244],[8.583251391835244,47.21765510702307],[8.583307494329949,47.2176015831351],[8.583356611851324,47.21754495317164],[8.583401164837072,47.21748110006612],[8.583436804191315,47.2174147088031],[8.583463251670183,47.21734634888238],[8.583480242427221,47.21727659866442],[8.583487644776065,47.21720608915799],[8.58348540527016,47.2171354056137],[8.583473524033995,47.217065168729945],[8.583452106599061,47.216995989159464],[8.583421350702098,47.2169284676406],[8.583381506683416,47.216863195391184],[8.583332929515585,47.2168007176091],[8.583276040357383,47.21674158782868],[8.583211325590185,47.21668632295244],[8.58313936302476,47.216635393995574],[8.581564835222125,47.215426891467416],[8.58143971907402,47.215320185118934],[8.581329313589457,47.21520619014787],[8.581234497254353,47.215085860415286],[8.58115608291512,47.21496016842128],[8.581094686554698,47.21483014258782],[8.581050833277246,47.214696884197366],[8.58102487561758,47.21456145125863],[8.581017009243933,47.214424975293554],[8.581027310832452,47.21428858000031],[8.581055685082974,47.214153372783095],[8.581101944881574,47.21402048893555],[8.581165650800394,47.21389099428117],[8.58124632402132,47.21376596402305],[8.581343273212244,47.21364641249713],[8.581539871244196,47.21342496784463],[8.581703813109504,47.213229790400625],[8.581843317508184,47.21302598554878],[8.581957437921282,47.21281496609711],[8.582045374220856,47.21259819736233],[8.582106512258301,47.21237719677433],[8.582140436476033,47.21215350676175],[8.582199345191082,47.21120414963215],[8.582206989867137,47.211139376932465],[8.58222268900355,47.21107529788161],[8.582246306619425,47.21101234561803],[8.582277680916057,47.210950980522],[8.582316597303645,47.21089166349676],[8.58236276104342,47.21083481126196],[8.582415837805662,47.210780840929566],[8.582475452708511,47.21073012503543],[8.582541178466323,47.210683054626855],[8.582612520075452,47.210639940462904],[8.582688983115212,47.210601120284146],[8.582769992440689,47.21056686066853],[8.58285498572602,47.21053741007637],[8.582943360477692,47.21051299038132],[8.58303443386138,47.21049377028291],[8.58312758826883,47.2104798818518],[8.58322212651913,47.21047143996004],[8.5833173764829,47.21046849626319],[8.583412652255868,47.21047107556897],[8.583507266971258,47.21047915771858],[8.584377212459774,47.21057080820111],[8.584571740191368,47.210594546451084],[8.584763773360338,47.210626306346605],[8.584952610023102,47.21066597794373],[8.585137547458512,47.21071341532786],[8.585317895364826,47.21076843648215],[8.585493015646726,47.21083083188657],[8.585653714756422,47.21089665407223],[8.585808580672197,47.21096869617128],[8.58595706668744,47.21104670277908],[8.586098692464212,47.21113043582281],[8.586232976303693,47.211219594274674],[8.5864728908277,47.211400031402626],[8.58673025634079,47.211643047856434],[8.587118530419797,47.21212944956548],[8.587490681564866,47.21241809713731],[8.587890668458034,47.21256433423118],[8.588247948553482,47.212603048224906],[8.588933934353333,47.21245550673561],[8.590044605014176,47.21179978768816],[8.590728933205362,47.21163911820904],[8.591382510306765,47.211520672254544],[8.592036044318982,47.21167641121724],[8.593206740934976,47.21206140860285],[8.593635619123074,47.21211378120595],[8.593890730807773,47.212098619614224],[8.594171508832792,47.212048134789114],[8.59450250308574,47.21190897865655],[8.594847078466788,47.211665335308794],[8.595341055880242,47.21118810186292],[8.59550777347739,47.210961535237495],[8.595770399837175,47.21053069328587],[8.596100742329629,47.21011807004234],[8.59633642504036,47.20990655140572],[8.596747774065705,47.20963840119935],[8.597445023680296,47.209283614201034],[8.597703162567324,47.20893918021203],[8.597697039695602,47.208547029626715],[8.597567789419095,47.20824787421665],[8.597280478588267,47.20790497069015],[8.596668203905747,47.20718426802394],[8.596619604906197,47.207012579112686],[8.596597434085144,47.20681165830147],[8.596618721115634,47.206758378647606],[8.59695958398778,47.20649766473545],[8.597303449223016,47.20611368748796],[8.597363489616782,47.20588730933892],[8.597365506509323,47.2057123226995],[8.59720604643995,47.20556594783178],[8.5970286621262,47.20549394957802],[8.596629807749878,47.20548411664331],[8.596388033069626,47.20527910679785],[8.596339377137,47.204885134560435],[8.596385966537557,47.20457385575227],[8.596517369290032,47.20424149280106],[8.596674428682643,47.203935867747276],[8.596816896644157,47.20368796169291],[8.597142538168079,47.203243446762954],[8.597447099841695,47.20292283389699],[8.597591525414687,47.20282647571251],[8.597943938414504,47.20270418496221],[8.598215583828749,47.20199258799916],[8.598361845342952,47.20176802143437],[8.598590624200922,47.20157500800986],[8.598753395361097,47.20150320167729],[8.599033504652528,47.20142526506972],[8.599396402608782,47.20142115766178],[8.599727179464178,47.201488439135204],[8.600033719951112,47.201564060258484],[8.600250687594208,47.20167836620439],[8.600870878650444,47.20206549069306],[8.601161044584396,47.20229842924151],[8.601966764629289,47.20277830964255],[8.602198541964391,47.20286367607404],[8.603064826319196,47.20298463759863],[8.603160904704943,47.20303251274108],[8.603416820112798,47.20278542085088],[8.603543754940091,47.202710704779754],[8.603567668205212,47.20271476281643],[8.60367284828489,47.20266298985885],[8.603750489458388,47.20260372314746],[8.60391486018993,47.20257460498044],[8.604169286837624,47.20260167990632],[8.604401400071788,47.20252912769585],[8.60449191107824,47.202527455707234],[8.604566843437993,47.2025783054643],[8.604613648348344,47.20258072816724],[8.604703829001046,47.20254634192809],[8.604955875780723,47.20267491093122],[8.605148923769418,47.202658292448604],[8.605236448601154,47.20267038659127],[8.605351137512768,47.20262498367074],[8.605582230268316,47.20265696967498],[8.605692675882192,47.202676018770894],[8.605910514685824,47.20258089397626],[8.606079578081566,47.202495906685556],[8.606299060169583,47.20227599380964],[8.60639794870938,47.2022342583754],[8.606556701935581,47.202254462950066],[8.606690424552376,47.202188013531675],[8.60677146868531,47.202204966963315],[8.60683469063921,47.20218974352802],[8.606898175694006,47.20215393517258],[8.606925424617458,47.20212095925868],[8.60699478850787,47.202107751430994],[8.607086205821034,47.20202736460804],[8.607129576895062,47.201949354373475],[8.607120390880485,47.20189440275031],[8.607182381477767,47.20183552636503],[8.607202423338606,47.201775969183814],[8.607167310024638,47.201725661593734],[8.60721849796213,47.201636930047314],[8.607222100688054,47.20158373774361],[8.607292041512496,47.20152266661137],[8.607348228462788,47.20145312612109],[8.607322144616004,47.201381128190725],[8.607423273353334,47.201138197669806],[8.60750387870792,47.20104332914665],[8.607480189616055,47.20093777086366],[8.607427621164298,47.200913746129174],[8.607334387868756,47.20091211966624],[8.607323559371016,47.20086596454494],[8.607403926052115,47.20073662687672],[8.607284526837372,47.200577660813245],[8.60728945021213,47.200528134341035],[8.607222401146677,47.20047079237374],[8.607195490282253,47.20037722204481],[8.60714338090228,47.20031799224075],[8.607164757286505,47.20021502610105],[8.607087707492743,47.20011735874138],[8.60720924048398,47.20003091786776],[8.607245522602518,47.19996139048188],[8.607065159522246,47.19971112452626],[8.607056951584507,47.19966769547201],[8.607127954266414,47.19961304555794],[8.607200010115788,47.1993709948523],[8.607262516770412,47.199309900168515],[8.6073011059717,47.19923665208614],[8.607419716413,47.19910958889963],[8.607450696509687,47.19900765864278],[8.607490573833013,47.198964991895096],[8.60754487007284,47.19894375052123],[8.607564133262995,47.19888909480168],[8.607606108478997,47.19887358282053],[8.607646098649596,47.19882582328503],[8.607643835543076,47.19872529196263],[8.607720081479322,47.198675113271904],[8.607779496016057,47.198561379659445],[8.607887070012367,47.198523071965184],[8.607892784701454,47.19845966597686],[8.607922923384816,47.198356736585424],[8.607934945575446,47.19825221900242],[8.608024028098006,47.19806479674617],[8.608034239121235,47.197949286757094],[8.608077026432161,47.19782788653858],[8.608096958300235,47.19779540739737],[8.608140178128798,47.19764792411642],[8.608165988096005,47.197584889709944],[8.608317450631041,47.19735195380391],[8.608524580330608,47.19656622167716],[8.60682867185333,47.19607573949293],[8.606978937611027,47.19529003827211],[8.608059834464854,47.193380728989396],[8.60741116435321,47.1926598120169],[8.607277399245422,47.19251114784621],[8.60753455423545,47.19238495368792],[8.607808986518764,47.192154475695126],[8.608356179869258,47.19175079256102],[8.608247354157303,47.19130869559553],[8.608159323481736,47.19036537784669],[8.608830101204386,47.189887912749356],[8.609548899366779,47.19014835380297],[8.609688828989327,47.18996671853374],[8.610212470495588,47.19003425641221],[8.61079626484199,47.189226809740624],[8.611192989885287,47.188979884103304],[8.610995672322833,47.18872587434644],[8.61006055665846,47.18838726662313],[8.609465046094009,47.18768325350465],[8.60925432029429,47.18746958823565],[8.60898343887623,47.187564225166106],[8.608223377647276,47.187519342611004],[8.607896287199933,47.187583485670615],[8.607770756340203,47.188075587137185],[8.607636288741302,47.18822644417154],[8.607028069672488,47.18867790867437],[8.6056564596042,47.189535730732175],[8.604820164432784,47.18923954635478],[8.603761176782262,47.18934478732572],[8.602812360178518,47.18960712162083],[8.602419471961234,47.18978731164808],[8.601156281894388,47.18989487144895],[8.600549317248298,47.18997727387124],[8.600406669465817,47.1893509277385],[8.599408370540988,47.18923584912244],[8.599407449477827,47.18854993318712],[8.598725631507712,47.188411164958424],[8.598324626367301,47.188643247261446],[8.59775218980011,47.18902701327408],[8.596241915787402,47.18892973604563],[8.595931794347008,47.18852392593154],[8.595692239694605,47.188210448648235],[8.59555503778311,47.18818457048567],[8.59543045761646,47.18818706382037],[8.595270947912034,47.1882115157255],[8.594428577140683,47.187651778551654],[8.593330548178299,47.187880737132],[8.592858127327778,47.18809717128377],[8.592706462652664,47.18759283484336],[8.59255482343788,47.18705773250712],[8.59216316819403,47.18737475417558],[8.59194723835561,47.18761665389876],[8.591570043932588,47.187932116222974],[8.591102211126065,47.18818607229511],[8.590769963468013,47.18780104337347],[8.589830173845776,47.18842007646815],[8.58933750212792,47.18859465243962],[8.588800337139732,47.18871858408739],[8.588094740139855,47.18913500874271],[8.587746893912156,47.18927016969283],[8.587509495167392,47.189300785631666],[8.586968643022505,47.18935243780782],[8.586311915908198,47.190262840271835],[8.585835496631088,47.19085140152121],[8.585697515621941,47.19099544838353],[8.58550529436496,47.19131360766839],[8.584359261874603,47.19125041703575],[8.584096960644086,47.191227875105284],[8.584020149217032,47.19119607485007],[8.58357250836189,47.19104733957789],[8.583206145314033,47.19087386597597],[8.582542525687755,47.19098007114454],[8.581894536169724,47.19116075461712],[8.581628767198222,47.19128712942997],[8.580872975775854,47.19169993191562],[8.580512897269633,47.19184726416135],[8.580091130163613,47.191813745606595],[8.579530352361125,47.191803831532454],[8.578775255240275,47.19239023904311],[8.578420476389468,47.19277936143362],[8.57830421315867,47.192846315887756],[8.577947734492838,47.192940907503385],[8.577487005861087,47.19307674001564],[8.577378055373892,47.19316679408233],[8.577135680535177,47.193367105347704],[8.576897370223916,47.19339383099728],[8.57596968140728,47.19349787646558],[8.575738476014486,47.19321321565732],[8.575655147662168,47.19298149101577],[8.575169620222313,47.19307155513698],[8.574187689220974,47.19327855562113],[8.574151926195713,47.193257453631965],[8.574137707932564,47.193150896004845],[8.5741156074895,47.19313493972386],[8.57408099147454,47.19305719854276],[8.574093213407734,47.19298452777972],[8.574071909579684,47.19291843066128],[8.574065345251618,47.192818067529544],[8.574077211279372,47.192761583518134],[8.574026484414613,47.19268518863462],[8.573988976342788,47.19266081138329],[8.573918031075085,47.19256508619201],[8.573896789278113,47.19250189403407],[8.573840940418528,47.19244840762181],[8.573869269077711,47.192420196676665],[8.573797826342075,47.19239988718102],[8.573784177106226,47.192353064260494],[8.573781643510229,47.19231575712952],[8.573760746426212,47.19229616365391],[8.5737838087022,47.19225982757036],[8.573436385942422,47.19228879130148],[8.573365989653992,47.19230784535644],[8.572674544855884,47.191777975456766],[8.571025684318391,47.190514343773756],[8.57084654928788,47.19036428538256],[8.5703100367812,47.189914846430774],[8.570212168786371,47.18983285918161],[8.569771289698757,47.18946351988723],[8.569663332446645,47.18939108577864],[8.569265505745383,47.18912414233079],[8.568988663996876,47.18904275118722],[8.568863834049532,47.18900605995574],[8.56840675379282,47.18887168903361],[8.568103358103759,47.18878248723786],[8.568424954451727,47.18843319548077],[8.568526107005834,47.18833480640571],[8.568697503537798,47.187987320725505],[8.5687749849075,47.18778225897568],[8.568115332664693,47.18743329519676],[8.567806304349226,47.18732001249758],[8.567245779756453,47.18711452424693],[8.567242340384567,47.18713726308824],[8.56727901906727,47.18726527198799],[8.567234249043441,47.187351700710096],[8.567146435089889,47.18744501028257],[8.56699336641774,47.187466876947205],[8.56676944474422,47.187457790932655],[8.566670446389638,47.18752887343847],[8.56656755816794,47.18750371311756],[8.566488850758867,47.18751892233903],[8.566364024149884,47.18753534793935],[8.566301514286586,47.18756026662638],[8.566247389445428,47.1876092565677],[8.566229302895437,47.18769900378526],[8.566002009214053,47.18788562347541],[8.565911972589223,47.18788673905086],[8.565693451317681,47.18796996574932],[8.565656342241482,47.188024950853276],[8.565551184226614,47.188096281573095],[8.56523099064943,47.18810314870469],[8.565197611317219,47.18814415384227],[8.565228741983711,47.188215688733216],[8.565172901486307,47.18818390469368],[8.565104859647315,47.18803138299779],[8.565187836046594,47.18772128138808],[8.565283961723393,47.18754688585816],[8.565159750436829,47.18753364534993],[8.56493125456503,47.18755486200737],[8.564663733450493,47.187445392804406],[8.5645566693287,47.18744998429028],[8.564428070529765,47.18751479648628],[8.56426639936576,47.18768666571031],[8.564110868893787,47.18773837328461],[8.563479442903919,47.18744632882237],[8.56319981408695,47.18701240130127],[8.56314642197064,47.18681321868063],[8.563034837188065,47.18696430265368],[8.562870698334072,47.18709861904783],[8.562414663011664,47.186883694018],[8.562128916905252,47.186873619276845],[8.561797992103044,47.18682970208313],[8.561580603822442,47.186726843244486],[8.561177307202662,47.1868057106105],[8.561043758480785,47.186666770131346],[8.560850858041192,47.18648441922051],[8.560833043684415,47.18630131487217],[8.561028761663623,47.18600851341394],[8.560986806492503,47.186018206016314],[8.560924044006711,47.18605564623764],[8.560892806217932,47.186104482479806],[8.560736972649424,47.186193889384924],[8.560642900191235,47.18624278028612],[8.560487616242185,47.186383609792244],[8.560470005975805,47.18637568529562],[8.560207514245363,47.18641224668776],[8.560036446218307,47.1864088666759],[8.559767863031526,47.18634933158197],[8.559531902638287,47.1862244664477],[8.55940658783581,47.18607832834849],[8.559294101062909,47.185893842590836],[8.559236587577333,47.18585434470948],[8.559088868319936,47.1857528990036],[8.558867193825401,47.18557153554662],[8.558650468942162,47.18532461697106],[8.558542178271459,47.18537065793202],[8.55838531356161,47.185437357593266],[8.558032059101556,47.18558755772537],[8.55765002891912,47.185914000915744],[8.55726291267885,47.186244801117574],[8.557269287208483,47.1862467542055],[8.557333872426854,47.186309609073014],[8.557399194486486,47.186466380591504],[8.557402332065932,47.1865129387016],[8.557362027630148,47.18664643039999],[8.557347748097529,47.18664316880377],[8.557309731572074,47.18675672181995],[8.55710172842159,47.18702346761908],[8.557028672512486,47.18715573011686],[8.556986032598216,47.18725078783609],[8.556964122325338,47.18738939011563],[8.55695893189846,47.18746113604783],[8.556972447439515,47.18753894325659],[8.556996013760406,47.187612127999415],[8.557042171780445,47.18769671566619],[8.557161462691942,47.18786159879434],[8.557218371122408,47.18795102056114],[8.557358637773746,47.188126953256514],[8.557425634428517,47.18820215368117],[8.557555901549557,47.18832768161715],[8.557750798256706,47.18858361210263],[8.557903530187692,47.188839889240484],[8.558107042661524,47.189310641926085],[8.558121277739632,47.1893558866584],[8.558142464717788,47.189476690383586],[8.55820545954451,47.190010024735884],[8.558235829759846,47.19021776322039],[8.558251211140153,47.19045459551692],[8.558301816916751,47.19080192984186],[8.558437872609447,47.19188890225126],[8.558484395277965,47.19208266614484],[8.558534272624627,47.1921851363668],[8.558585260827485,47.192257451289095],[8.558723595039076,47.192405883349096],[8.558997868843957,47.19267210406002],[8.559024816507142,47.19270927278281],[8.559045542325935,47.19278143221126],[8.55905571884895,47.192900606684454],[8.559034804208498,47.19297003184795],[8.558964499201997,47.19327099122996],[8.558914217400343,47.19337868181077],[8.558860148396192,47.193478205169804],[8.558801111264978,47.193550978758964],[8.558698919695189,47.19364959388636],[8.558445562452963,47.19376114874876],[8.558297663619578,47.19387656216205],[8.558160414396715,47.19395793119845],[8.558091379455433,47.1940140157143],[8.557922635325202,47.194167008265175],[8.5578206454148,47.19426719485012],[8.55766149058842,47.19445913493425],[8.557590709005414,47.19456174365733],[8.557562187722418,47.19467332411003],[8.557563636016699,47.19481196909407],[8.557602596258327,47.194962213737945],[8.557656256455644,47.19508648896639],[8.557722960724652,47.195272185665786],[8.557744196510804,47.19541102511611],[8.557790196966643,47.19548454927124],[8.558063582585255,47.19587933765953],[8.558156597777472,47.19602494552406],[8.558178947045274,47.19604728931773],[8.558243485477139,47.19627123829291],[8.558231676982587,47.19642463007673],[8.558172663150634,47.196557359057756],[8.558080532469958,47.19668109948193],[8.558036851120354,47.196720358400256],[8.557826546118381,47.19687687616219],[8.558144896328109,47.19712623529286],[8.558247230216288,47.19717656046031],[8.558283439232989,47.19720843079293],[8.55837038422184,47.19722910289735],[8.558417592694589,47.197261235041324],[8.558488404342093,47.19729929063321],[8.5585698573111,47.19737849674306],[8.558708943973093,47.19738890113901],[8.558793283738941,47.19741938554128],[8.558881650613687,47.19747200498677],[8.558871106529253,47.197577932434825],[8.558932081643247,47.197579210277404],[8.55899069762025,47.1976190844029],[8.559028373192481,47.197664226814574],[8.55917648288532,47.19775880513658],[8.559196510789977,47.197810146323434],[8.559234999611217,47.197826683573254],[8.559338740534129,47.197840741609475],[8.559413533009183,47.19787093167642],[8.559461568093301,47.197910962531864],[8.559537533673767,47.19805129287187],[8.55956025703586,47.198119762466206],[8.55963086194199,47.19816297388812],[8.55969429769894,47.19819472264089],[8.55971808077093,47.19823124731923],[8.559702194073587,47.198300704506046],[8.55988134574458,47.19849146706905],[8.560035312878743,47.19852530259284],[8.560065027131651,47.19859164399807],[8.560142515108454,47.19868926574631],[8.560154179045481,47.19879674913724],[8.56020811633769,47.19882802340166],[8.560206708346207,47.19889746556003],[8.560235391797658,47.19895491126422],[8.560290393688332,47.19897337430796],[8.560403955016401,47.19908175410659],[8.560425956086501,47.19909053541763],[8.560492632052712,47.199225099460335],[8.560508091998448,47.199367538909456],[8.560461034800102,47.19941010602513],[8.560528216269422,47.19951714741914],[8.560564409332477,47.19955881346423],[8.560532691155602,47.199693373602116],[8.560541368146687,47.1997320243326],[8.560574141569159,47.199761039824736],[8.560643879872261,47.19979362622147],[8.560639168451443,47.199821333756375],[8.560672828726032,47.19983788160295],[8.560685752763105,47.19987198411641],[8.560744363881113,47.199911443611114],[8.56080139678549,47.199976960865726],[8.560801490904995,47.20003932679414],[8.560833405597824,47.200106663057596],[8.560867320551205,47.200148549113706],[8.560952313393441,47.20018535854118],[8.560903720776318,47.20029189986372],[8.56081070403374,47.20039040020245],[8.560811533147865,47.200549453198164],[8.560834483516157,47.20062672705284],[8.560808722447128,47.20067090386337],[8.560846207862333,47.200713726657476],[8.5608522385053,47.20074386627814],[8.560803045934797,47.20077340163397],[8.560831403877174,47.20081714098218],[8.560802819447483,47.20088843120166],[8.560862801345147,47.201397675000706],[8.560854767695263,47.20147526878858],[8.56080681654124,47.20162062898314],[8.560888355054816,47.20170594967141],[8.560841679917202,47.20193981459548],[8.561550985369195,47.203876867832314],[8.562136021652446,47.20383816547401],[8.562168717237627,47.20384257818821],[8.562125905353248,47.20389069078537],[8.56221366046239,47.20393048590544],[8.562262838562418,47.2038844521211],[8.562720930497811,47.20394919388965],[8.563944247727418,47.203928169463666],[8.564022805078269,47.20403701372806],[8.56414024703517,47.20418654302571],[8.564180499429769,47.204297254834685],[8.564583302159267,47.204417717923654],[8.564883351966762,47.20455534977495],[8.565074182403144,47.20484812670034],[8.565153397003295,47.20514655601804],[8.565088721589948,47.20522634136482],[8.565021083184902,47.20522874812234],[8.564918813707589,47.20532042449782],[8.564781444012665,47.205390728542035],[8.564658656170012,47.20548593371204],[8.5646162862077,47.2055593836333],[8.564639444347929,47.20566685305309],[8.564642166782855,47.20567954627449],[8.564652465210793,47.2057273114002],[8.564678156962067,47.20584664827686],[8.564615744724906,47.206067237995214],[8.564608595877878,47.20611327562898],[8.564604026747908,47.20614265509501],[8.564584547293284,47.20626824481179],[8.56455342552749,47.20641328897741],[8.56453591102555,47.20649490675727],[8.564598248166138,47.206627477768],[8.56475683420494,47.206804814461876],[8.564849900050387,47.20701687618859],[8.564983023960504,47.20709953956522],[8.56515097584788,47.20716739711922],[8.565297949449574,47.20720188793315],[8.56537356534834,47.20721962519117],[8.565433381762826,47.20723366685432],[8.565512844976572,47.20725231092042],[8.565673932176175,47.20727373641741],[8.565834054297303,47.20730949219891],[8.565901084720677,47.20732446152752],[8.566099907732706,47.207337528921315],[8.56614019860129,47.20734018398391],[8.5662364075303,47.20738421123007],[8.56633097679937,47.20742747183176],[8.566393023625194,47.20745586619742],[8.566429505206846,47.20747255568323],[8.56645567029453,47.20748453352061],[8.56656648806047,47.207535227128204],[8.566677111155126,47.2075967083135],[8.566811042757042,47.20767114867317],[8.566877041234518,47.20767158159356],[8.566978722401736,47.207719647634775],[8.567216368807129,47.207802723641386],[8.56736345903446,47.2078694870704],[8.56747981397745,47.20791726492573],[8.56759831258835,47.207965903223645],[8.567633050206416,47.20798436357984],[8.567658829746815,47.20799806309505],[8.567685277168085,47.20801213387386],[8.567860060178845,47.208105000407436],[8.56800549741774,47.20819030126633],[8.568156173395973,47.208177983807595],[8.568426287238733,47.20819809323743],[8.568434052424118,47.208221990452195],[8.568649871516847,47.2082439363611],[8.56899330172118,47.2082209195809],[8.569042727947654,47.208008092226095],[8.569293041463467,47.20795519639223],[8.569931165417982,47.207997991937894],[8.570402435736305,47.20802960501314],[8.57106656717174,47.208146604679946],[8.571336708099572,47.20843283431377],[8.571545574533339,47.20869105094791],[8.57173963163256,47.209028394706344],[8.571917449732707,47.209227239013096],[8.57263739991187,47.20967481930231],[8.572686916505365,47.209742032976365],[8.572794390738459,47.209887909556215],[8.572908039486343,47.210086493695336],[8.573128852549353,47.2101467575426],[8.573898270355283,47.210466527360126],[8.574116117794036,47.210617035929104],[8.574380845488648,47.210786872223075],[8.57501984139346,47.21121741576243],[8.575402011489828,47.21162059846085],[8.575495223686147,47.2116719701117],[8.575746314949308,47.21181034520194],[8.576140046118883,47.21202732735781],[8.576343653502322,47.21227114934816],[8.57629147201128,47.21261206011773],[8.576380871980822,47.21276708058925],[8.577061252173609,47.21346285462591],[8.577038888157466,47.213637744147405],[8.577158987881218,47.21407309774567],[8.577476706894547,47.21467179235719],[8.577760573588078,47.21500607006505],[8.577559622046392,47.21515056628944],[8.576897569279652,47.21562662045488],[8.576282344941802,47.216082687589015],[8.575678405302654,47.21653038188566],[8.575608304390567,47.216624403610524],[8.575345688897574,47.21694240958359],[8.575300058197309,47.21691810389684],[8.575234744460271,47.216875272501255],[8.574749480143366,47.21689600017902],[8.574280847297501,47.21695198664133],[8.574374069106419,47.21706247842497]]]]}},{"type":"Feature","properties":{"id":729,"uuid":"{B931A785-5716-4912-9ABD-E88E8E66E8DD}","datum_aenderung":"2025-11-19T00:00:00.000","datum_erstellung":"2008-11-24T00:00:00.000","erstellung_jahr":1997,"erstellung_monat":1,"grund_aenderung":"Verbessert","herkunft":"swisstopo","herkunft_jahr":2026,"herkunft_monat":1,"revision_jahr":2025,"revision_monat":1,"revision_qualitaet":"TGMG_2025_Akt","objektart":"Gemeindegebiet","bfs_nummer":1708,"bezirksnummer":null,"kantonsnummer":9,"name":"Steinhausen","gem_flaeche":504.0,"see_flaeche":0.0,"icc":"CH","shn":"CH09001708","einwohnerzahl":10399,"hist_nr":10598},"geometry":{"type":"MultiPolygon","coordinates":[[[[8.498405338510151,47.21206393586648],[8.499339885410812,47.2112335108363],[8.500206027472233,47.21050643724356],[8.500392463157052,47.210409222131176],[8.501295665420152,47.21007179956602],[8.501980998968087,47.20936570255323],[8.502723574579893,47.20876953749179],[8.501873537242535,47.207997466182604],[8.5007766321747,47.207216331367135],[8.500008449288863,47.20658265248349],[8.499318341019087,47.20581744535536],[8.499029847037379,47.20548069146875],[8.498857874028849,47.20526197410924],[8.498359317735463,47.20454969946832],[8.49822665533216,47.20408295419747],[8.498206786919027,47.20349311046208],[8.497617101224488,47.20353610908555],[8.497162051472758,47.20350659551819],[8.496481368740685,47.203653036839576],[8.49611546981214,47.20258083676084],[8.496033604166959,47.20239029833646],[8.4960813034038,47.201267216641924],[8.496177577997262,47.20013848006046],[8.496503151502516,47.20011012206864],[8.496698637461874,47.20012564242094],[8.497178143670759,47.20007123817726],[8.497343534261734,47.200005921231146],[8.498267115975581,47.19981506811975],[8.498479811401495,47.19975594391604],[8.498900459229137,47.19954430118983],[8.499592371859604,47.199435990490535],[8.500697772595128,47.198442334014935],[8.501061302132504,47.19801847400777],[8.502137735005952,47.197911276870265],[8.502313139814586,47.19827587492416],[8.502892432425902,47.19821905853195],[8.50378045535761,47.19789465330312],[8.50384738134888,47.19772096853486],[8.503791882957117,47.19752736666861],[8.50362656080229,47.197408409306014],[8.503485546980347,47.1972084287481],[8.503592143270616,47.19704921989968],[8.503645061041057,47.196878597324286],[8.503652818201735,47.19674917833633],[8.50357421671833,47.19656838381933],[8.502927992559949,47.19656888959846],[8.50288281011665,47.19612805675039],[8.502774901188936,47.19579270988661],[8.502864348946195,47.19538716360233],[8.502809686398713,47.19508534579144],[8.502378674112252,47.1948734530128],[8.502267611149916,47.19481328220692],[8.50223850626015,47.19468558012088],[8.502216241953581,47.19463509576256],[8.502195432283848,47.194615956513786],[8.502194459926574,47.19457036696],[8.502159979052234,47.194500825881605],[8.502150767782922,47.19445304554602],[8.500520031155482,47.19375366013399],[8.50037399036156,47.19390906504674],[8.500268348298805,47.193854509554846],[8.500194609617363,47.193804922226626],[8.500129820061042,47.193750088890006],[8.499572802501776,47.19315905078932],[8.49962949036521,47.192903926852985],[8.499670935087138,47.192805808069586],[8.499848230552239,47.19246842341149],[8.499913275416182,47.1923107072345],[8.49998926696383,47.191938498664975],[8.500119767809029,47.19145502496985],[8.499777445030034,47.19138667482457],[8.49974798436294,47.19087005177904],[8.499888692165662,47.1897156931136],[8.499804970777735,47.18969407485145],[8.499676862123671,47.189675303425254],[8.498859746622689,47.189450286721474],[8.497786261620126,47.18917616846392],[8.496738274943933,47.18893305654794],[8.49665437157038,47.18888809417561],[8.496349177651622,47.18893796339242],[8.495507863314614,47.18873445592285],[8.495316004551942,47.18856372700337],[8.495137472828501,47.188547941118344],[8.494793942499767,47.18846058877293],[8.494119234468586,47.18830719522778],[8.493871012703053,47.18825968024551],[8.493607607103193,47.18819562608931],[8.493062567371055,47.18808052861402],[8.49232412861056,47.187953597568544],[8.492658268168197,47.187653064336295],[8.49283886022472,47.187474926674106],[8.493155028802313,47.18714729089954],[8.490919538047919,47.186369569707026],[8.490991055782168,47.18630988702979],[8.491048595728362,47.186252679934405],[8.491094006477866,47.18619935284201],[8.491179521851826,47.18608390446795],[8.491192985781844,47.186072087123755],[8.491227553123114,47.18605379791207],[8.491268994985111,47.18604422550671],[8.491312726804473,47.1860444103314],[8.491353998025122,47.18605433285692],[8.491062859698443,47.18594410943089],[8.489180351750711,47.185299149374316],[8.48867162491504,47.18512897095465],[8.488500511061055,47.1850964744186],[8.487850007117151,47.1849866412218],[8.48742940108973,47.18658142064342],[8.48647438312387,47.1866085941947],[8.486075263608885,47.186635201004655],[8.485551044030059,47.18668760099785],[8.485201459281797,47.18673315770529],[8.484718387182715,47.18680614845473],[8.484665465747335,47.18665923710313],[8.484592019308938,47.18651534581339],[8.48450149512866,47.18638003846733],[8.484393135006913,47.18625097407293],[8.48428477791432,47.186155121154854],[8.484163061343192,47.18606703569502],[8.484039911300231,47.185993356020646],[8.48389684774368,47.185922915520024],[8.48379270852144,47.185880115638035],[8.483696738785035,47.18584618308529],[8.483597970477797,47.18581623390277],[8.483483919103344,47.18578745784018],[8.482665540419127,47.1856087107088],[8.482504633181632,47.1855872762035],[8.482242615032828,47.18556860223352],[8.48208165663166,47.18554249890897],[8.481969744642052,47.185515096276575],[8.481414225964711,47.185357193187805],[8.481263872636866,47.18530715443771],[8.481007165879664,47.18520408722891],[8.480839887867585,47.185149478513246],[8.480612065645422,47.18509179237707],[8.480378126132647,47.18505060502783],[8.480362700976672,47.18503770105986],[8.48039816447937,47.18490738535509],[8.480123309723826,47.184872999578225],[8.480077909613149,47.18488059776439],[8.480065665956474,47.18498911397021],[8.479674889385665,47.18505273886197],[8.479383663230081,47.18500428639251],[8.478545577149264,47.18516934545293],[8.478509483983874,47.18516905979689],[8.477099273393536,47.185317442733385],[8.47733410719983,47.1855937273655],[8.47739684680524,47.18568538363332],[8.477533660064653,47.1859304831623],[8.47758420234112,47.18604221952128],[8.477617432698032,47.186130156955414],[8.477690551564054,47.186373006526246],[8.477767571576258,47.18674738971557],[8.477830605718284,47.18680586750057],[8.477880776425744,47.18686986770008],[8.477929747634755,47.186963815889726],[8.477962849114816,47.187054569984355],[8.478318947742535,47.18853351475437],[8.478341706487317,47.188657591665496],[8.478190654751124,47.18867719869589],[8.478215427354206,47.18890628941213],[8.478214798333992,47.18914216724072],[8.478202236450656,47.18928073107765],[8.478152569703788,47.18966184391936],[8.478122598810955,47.18989192363714],[8.476868792473642,47.19026876215965],[8.47654083001165,47.190345500674646],[8.47625655457195,47.190398213238836],[8.476089728990507,47.19046142605159],[8.47587295962601,47.190559541494714],[8.475618336111385,47.19070699616675],[8.475433335976412,47.190861361545984],[8.475257825519101,47.19105809109599],[8.475176763574908,47.1912060058726],[8.475101256462727,47.19139204761983],[8.475046854593403,47.19159332665613],[8.474959865452071,47.1921642645209],[8.474891247067623,47.19237086181761],[8.474783304996947,47.192546931303156],[8.47462016478849,47.19269049276481],[8.474322516570588,47.192850043678476],[8.473927365657557,47.1929977958876],[8.473385015900591,47.19312231193728],[8.473361808445505,47.193206520736965],[8.47337209544878,47.19329761594079],[8.473509418080416,47.19362835262942],[8.474003610507093,47.194737672640684],[8.474164219732423,47.19494019278911],[8.474518920031011,47.19531644236939],[8.474712711583585,47.19549446526123],[8.475082518820091,47.19579041807285],[8.474700055197497,47.196023920704434],[8.474534489928377,47.196164121326284],[8.474422436259966,47.19627893173393],[8.474309854581524,47.19623765648955],[8.474233471644936,47.1963980679849],[8.474149890828869,47.19667754589042],[8.474059551766716,47.19687996589263],[8.473972774677668,47.197014158749184],[8.473863217409855,47.19711968072975],[8.473717516709302,47.19722753351568],[8.473417311619443,47.197424867820956],[8.473349612944805,47.19741902641102],[8.47271502505256,47.196984099817236],[8.471993372931507,47.197041223321065],[8.471573893893368,47.19674912466511],[8.47138479825787,47.19679967551819],[8.471154324792947,47.19687468709972],[8.470932485513478,47.19696834946623],[8.470714161420885,47.19708486447582],[8.470523303872081,47.19721043427612],[8.470325933595714,47.19736720456752],[8.470076701598487,47.1975934526496],[8.46994015165256,47.1976985829061],[8.468997114845799,47.198857910799376],[8.469694964971715,47.1994077934792],[8.470435145295864,47.1998106569279],[8.469368907121696,47.20087039520224],[8.46944684389057,47.200903907458795],[8.47047262418723,47.20139302634645],[8.471839774410013,47.202044896953716],[8.471643403800675,47.202394946603164],[8.471772519794248,47.20242861887812],[8.473250999975399,47.20272251446672],[8.473798939810585,47.20281359925009],[8.473787704753507,47.20283460579909],[8.47402663776272,47.20289545328487],[8.474548381988793,47.20298593346975],[8.47406284636265,47.204178867173624],[8.475801446183953,47.20506709913762],[8.47680616019722,47.20558036106395],[8.476701783565183,47.20566438442962],[8.476226555155769,47.205931983478884],[8.47508653887791,47.20630812308295],[8.473925986829462,47.20737606356063],[8.47410348002133,47.207348272960004],[8.474357956845216,47.20727005367412],[8.474349518771634,47.207258984139834],[8.474564501685245,47.207202663775185],[8.47486575775434,47.20713667022707],[8.475123752972346,47.20704121817531],[8.475443988228621,47.20690844061398],[8.475705389850141,47.206843091490285],[8.477226840449317,47.20743903275866],[8.478605087658913,47.20802273612449],[8.47990850355907,47.20861585240069],[8.47998689361334,47.20858087076532],[8.480251087459798,47.208624178784035],[8.480351625029108,47.20865547335233],[8.480477353212454,47.208672057197866],[8.48056829016065,47.208698400945906],[8.480685601435962,47.20871658994829],[8.480878999836381,47.20871034216438],[8.481103297572156,47.20868429412723],[8.481364324356285,47.208639562287196],[8.481828179657459,47.20866603631772],[8.48341759281251,47.20877691796088],[8.483659330957167,47.208448376703515],[8.483835311929361,47.208442560845334],[8.48405841079458,47.20853696776712],[8.484532377628911,47.20869503337477],[8.48546827865262,47.20903735514466],[8.485723961136042,47.20916474608763],[8.486465622414636,47.20955120349554],[8.486705266030912,47.209660837143865],[8.487384388279782,47.209994415480104],[8.488230244020329,47.21040114223154],[8.488315565278521,47.2104302297424],[8.488364921942079,47.210442913342064],[8.489111800923407,47.210783959993414],[8.489142926233015,47.21080800895813],[8.489310466058786,47.21087477461108],[8.490616378493801,47.211067007135085],[8.4917618669187,47.21136921379899],[8.492335786638073,47.21162026479257],[8.492765155971783,47.21183711274279],[8.493058574826664,47.21191506268367],[8.493164371703596,47.21192984522068],[8.493760256932761,47.211943296431585],[8.494655054778358,47.21189021707815],[8.495013317025432,47.21190108164295],[8.495371985241071,47.21193114680116],[8.495871565709702,47.212030001539006],[8.49702088095622,47.212183443202605],[8.497391869325686,47.21226285525009],[8.497882844981673,47.2123034984354],[8.498123211639582,47.21234251407063],[8.498405338510151,47.21206393586648]]]]}},{"type":"Feature","properties":{"id":1340,"uuid":"{AD91B480-E8FD-4055-90B3-6604A6872A9C}","datum_aenderung":"2025-11-19T00:00:00.000","datum_erstellung":"2008-11-24T00:00:00.000","erstellung_jahr":2001,"erstellung_monat":1,"grund_aenderung":"Verbessert","herkunft":"swisstopo","herkunft_jahr":2026,"herkunft_monat":1,"revision_jahr":2025,"revision_monat":1,"revision_qualitaet":"TGMG_2025_Akt","objektart":"Gemeindegebiet","bfs_nummer":1706,"bezirksnummer":null,"kantonsnummer":9,"name":"Oberägeri","gem_flaeche":3624.0,"see_flaeche":620.0,"icc":"CH","shn":"CH09001706","einwohnerzahl":6578,"hist_nr":12551},"geometry":{"type":"MultiPolygon","coordinates":[[[[8.594524379594992,47.15050049375148],[8.594880369764946,47.15058450848968],[8.594997159127123,47.15063196595948],[8.595085163550696,47.15086199490833],[8.595209015387871,47.1509189257312],[8.595267203186701,47.150964489242945],[8.595333244876976,47.15098966120316],[8.595358399672303,47.151032750113686],[8.595427125471494,47.15105641971804],[8.595441015888035,47.15108593924516],[8.595538089478115,47.151096018908206],[8.595656586886774,47.15115775289491],[8.595779146220016,47.15121400343474],[8.595865977716883,47.151238282290265],[8.59606962462023,47.15139405613578],[8.596105415565027,47.151468568210404],[8.596159085785864,47.15152651899257],[8.596338646686839,47.15152638533684],[8.596433617684989,47.15153431742051],[8.59653140247322,47.151560770479335],[8.596756022879942,47.15166488494807],[8.596925527978796,47.151705827561806],[8.596997804009064,47.151739922629446],[8.597104284608424,47.151812921963966],[8.597204049080934,47.15182661644443],[8.597277725220893,47.151889438875344],[8.597392738500723,47.15193624614622],[8.597464971490465,47.15195918654424],[8.597558603781096,47.15204472911708],[8.597719990889614,47.15215160174193],[8.597839945416807,47.152258477837435],[8.597956146068633,47.15234178661384],[8.598096576163407,47.152453925560444],[8.598259855375757,47.152536633596135],[8.598351903307073,47.15261589443263],[8.598446998059998,47.15272073557314],[8.598620652474569,47.152882357769606],[8.598705579836501,47.15290742735254],[8.598827773987972,47.153018291986804],[8.59898434382374,47.15310525872628],[8.599154118386501,47.15314373952952],[8.599880382039,47.15347482461471],[8.600941537429103,47.15303716679742],[8.601096786033631,47.153143287153455],[8.601795039482486,47.153451326128724],[8.601878750611373,47.15351680592333],[8.602173874495323,47.15348919988404],[8.602433339930197,47.15347494378485],[8.60301522417334,47.153671875722786],[8.60359395146685,47.15362294485485],[8.603953034657081,47.15362023470816],[8.604721423070293,47.15358840302494],[8.605204869110972,47.15355031617602],[8.605342246992802,47.153549390831856],[8.605682456662496,47.153537511021995],[8.606403405048852,47.15341906968796],[8.60663101425913,47.15340687265446],[8.6073878153513,47.1532032843792],[8.607640347531841,47.15324726299099],[8.608032071469061,47.15328884572347],[8.608449460000873,47.15335584926527],[8.60872126216576,47.15338060338168],[8.609001767827822,47.15341499281246],[8.609550330176463,47.15350300349307],[8.609998680265441,47.15366737209518],[8.610164336624452,47.153780544109985],[8.610306928571696,47.153886466257845],[8.61057891018405,47.15404936324347],[8.611015496724786,47.15422841203227],[8.611377510755162,47.15432498090889],[8.611638647104556,47.15435859886017],[8.612140706270289,47.15436816895673],[8.612775348273566,47.15427352538821],[8.613210059833781,47.15413770368647],[8.613701169345642,47.15371400408395],[8.61502178722285,47.15277183949756],[8.615167177123462,47.15269273651957],[8.615331303244094,47.15252894371768],[8.615529244853475,47.15235218355426],[8.615837914196955,47.152184338372116],[8.616087284317892,47.15202687777657],[8.6165257004893,47.15215831697507],[8.61703276966003,47.15217051297835],[8.617043065523838,47.15215539343826],[8.617063196270996,47.15214195433113],[8.617094130255833,47.15214063891111],[8.617202540341122,47.15206218198708],[8.617301262427503,47.1520204733175],[8.617697074172757,47.15181240930992],[8.617833713784647,47.15168776559079],[8.618521679934766,47.15208126998948],[8.618698571572189,47.152157341698924],[8.619286142917709,47.15239294163596],[8.619623999403474,47.15257848565374],[8.620070250053,47.15283485542731],[8.620631159459279,47.15297319833115],[8.6212749792155,47.153159272851354],[8.621464983490476,47.15322625468823],[8.621888169541656,47.15334654043888],[8.622473758466002,47.15342208140265],[8.62258263313322,47.15342150973133],[8.622793684353217,47.153361988932474],[8.623194858300884,47.15319174132003],[8.623784181942566,47.15296479632291],[8.624383573989718,47.152659786319894],[8.62473712282824,47.152395063726765],[8.62498224043974,47.152202732479125],[8.625232304327199,47.151942116021424],[8.625520482999189,47.15186382978801],[8.625674124690274,47.151793111292356],[8.625775409597027,47.15186431193903],[8.626285375560123,47.15210633564436],[8.62633330358333,47.15199905089063],[8.626677071161048,47.152179574678044],[8.626863972675956,47.152166021690455],[8.62755603342553,47.152264365972854],[8.627964782138598,47.15225744212799],[8.628598994314522,47.15237771641861],[8.628848435543727,47.152364457854105],[8.629274504202066,47.15202274869493],[8.629343964458508,47.15197256146628],[8.629961920376026,47.15182573808363],[8.630064458492576,47.15201519978946],[8.630361961101162,47.15194078996465],[8.630696249388253,47.15190997901962],[8.63108552627477,47.15188565888381],[8.6311928597055,47.15185037092188],[8.631507560193894,47.15182883750386],[8.63189967772963,47.15174031754995],[8.632980115923328,47.15163261557451],[8.63436538476114,47.151757877246574],[8.635213801720102,47.151807366848125],[8.635602459989293,47.15184218576937],[8.636128523161753,47.151708249685925],[8.636499806052386,47.151534667823924],[8.636670324401855,47.15148454823331],[8.637065248123864,47.151538350239264],[8.63823062184395,47.15170779485693],[8.638693391312577,47.15178199715687],[8.638962980272435,47.151788864121585],[8.639223443392387,47.1517833573919],[8.639941605770112,47.15182462684552],[8.640322297523102,47.151733498578785],[8.64049852771091,47.15165422089959],[8.641198659213597,47.151640139217605],[8.64169110478732,47.15160527688597],[8.642534126696889,47.15158407920215],[8.643192857404674,47.151544528432616],[8.643683569503334,47.151504215187124],[8.644327799495422,47.15143157893894],[8.64468112076556,47.151410198338176],[8.64517836388159,47.15141928768012],[8.64579586313223,47.151464275089545],[8.646382990971578,47.15153893169417],[8.646784222294377,47.15156906494517],[8.64733397727058,47.15162077383222],[8.647750937062318,47.15178381490124],[8.648197101287264,47.1519436147504],[8.648355476276292,47.152042208800395],[8.648675852104443,47.15228946531881],[8.648944675700534,47.15246701430972],[8.649081598577776,47.15250380629326],[8.649401967248771,47.152512588402566],[8.650793616906839,47.15231921144094],[8.651946457611535,47.15211673175904],[8.652051983767587,47.152065691411764],[8.652369485123742,47.151929481349356],[8.652733631948173,47.15185628026936],[8.653377992605476,47.15160838741032],[8.653697133244433,47.15153943675764],[8.65493767169201,47.151454458702574],[8.655730333070423,47.15145148161178],[8.65610207344942,47.15147245769791],[8.656673524913867,47.151355290829656],[8.657080639116618,47.15131979061945],[8.658343924040976,47.1514962262627],[8.659548454183001,47.15163381556559],[8.659840569575133,47.151686930473325],[8.659981593878179,47.15189745833593],[8.66009089739234,47.152561366708895],[8.659694106408402,47.153074064707624],[8.659578883357373,47.1533004646222],[8.659642659777894,47.15359890220067],[8.660038044182558,47.15386878387736],[8.660587606015062,47.15419864877402],[8.660698705315381,47.15432489591835],[8.660675587878012,47.15434975433135],[8.660689601863288,47.15439288485632],[8.660847000788984,47.15445778260701],[8.660909117429306,47.154445203070026],[8.660966036710544,47.1544643263813],[8.660969932984678,47.154498082669576],[8.66100763447518,47.15452167421543],[8.661032312366967,47.15456111101509],[8.66111876002761,47.15454736424598],[8.66114284292159,47.15456767301496],[8.661142113161297,47.15462349148188],[8.661163262387172,47.15467067525785],[8.661203136724703,47.15467448860207],[8.661255080028587,47.15463740414373],[8.661286389237356,47.15464036391173],[8.661290946088446,47.1546787820542],[8.661313841885402,47.1546927252941],[8.661456965335947,47.154680489955346],[8.661498407149493,47.15472232130472],[8.661546000046918,47.15470551479049],[8.661639654571934,47.15479363283945],[8.661655638425664,47.154862335715364],[8.661778406916515,47.15493984381016],[8.661755098487005,47.154987500141644],[8.66176068173843,47.15523589020998],[8.661895566872841,47.155321302722776],[8.661818083399154,47.155348214744855],[8.661715521007288,47.15540014112215],[8.661635714695258,47.15555108651091],[8.661558307970639,47.1555958094624],[8.66152624172289,47.1556232370401],[8.66146418219144,47.15564529798882],[8.661389755590228,47.155689440395804],[8.661408696411407,47.15574614728691],[8.661330972774904,47.155819741359316],[8.661303931673126,47.155857595713044],[8.661240690720298,47.15597922695245],[8.66125508798131,47.15604371864084],[8.661171173138094,47.156124584120185],[8.661188505612321,47.15623848620298],[8.661153877243988,47.15630504615873],[8.661070293094035,47.15642178376821],[8.661049374070851,47.15653312364114],[8.66106069799614,47.15659355485596],[8.661005520173095,47.15669352804187],[8.660986562087368,47.156762539252],[8.660947333365609,47.15682402933012],[8.660929105670792,47.15683320091204],[8.660910876229877,47.156900630078816],[8.660919197726738,47.15693353870063],[8.660916509950562,47.15698043599098],[8.660890370017476,47.157016787331166],[8.660843162860484,47.15702979316532],[8.66073740715266,47.15703272477584],[8.660711724281832,47.15706830656526],[8.660750819757066,47.15709973682823],[8.660787597211081,47.15718039937279],[8.660788461964186,47.15725639669538],[8.660709094070874,47.157279477687226],[8.660588738559746,47.15744648783581],[8.660532060060582,47.15768300771739],[8.660466086112983,47.15775787970325],[8.660409193824467,47.157924980288406],[8.66026540031271,47.157952163548394],[8.660202105062584,47.157972806539995],[8.660401594049238,47.15800688783972],[8.660504674743636,47.158067523119506],[8.660500419375625,47.1580960313884],[8.660529899032497,47.158119863342996],[8.660584732830412,47.158117949577445],[8.660981218915651,47.158192416144786],[8.661067650759637,47.158173676923546],[8.661314857842651,47.158197390109734],[8.661420906222913,47.1581794586897],[8.661453484583127,47.15819169772545],[8.661616859986097,47.15817187939379],[8.661664588176908,47.15817990916618],[8.66167202455574,47.15816481592941],[8.661769508002195,47.15813683683459],[8.66185851681485,47.158159315901244],[8.662012774666147,47.15815259304291],[8.662094720225479,47.15817416647839],[8.662181073984321,47.15821895642031],[8.66219996740085,47.158252166331955],[8.662237273884294,47.15827045409717],[8.662328771482809,47.15828755376362],[8.662560004847585,47.158299001821],[8.662621005936476,47.15831416769921],[8.662817494477416,47.15828324525852],[8.66297865752362,47.15826588642503],[8.663144057638856,47.15821697855796],[8.663376752376475,47.15822889519852],[8.663441573106134,47.158208675011814],[8.66367273963198,47.158179747850525],[8.663802723979375,47.158170438333954],[8.663900107399533,47.158194598846805],[8.664203831869624,47.15818848517882],[8.664501602538962,47.15824834726816],[8.664685269102257,47.158310063309976],[8.664751055853559,47.158341819523336],[8.665168702268442,47.158469724898076],[8.665654259245208,47.15923107212007],[8.665751933626105,47.159480656797164],[8.665784002860187,47.15965987335437],[8.666144988124753,47.159603126578],[8.666609417097995,47.15960518750279],[8.667057137662576,47.15954641459094],[8.667334000908319,47.15947869656432],[8.668187920448622,47.15945365135169],[8.668934898170894,47.15955000095342],[8.670272999700122,47.15970335972425],[8.671951742718834,47.15969536235308],[8.672304865969693,47.159593601833116],[8.672606395281475,47.15951597191896],[8.67333793082029,47.15949193109921],[8.674175995938908,47.15943146860208],[8.674988870068907,47.15943901909486],[8.675515523578941,47.15966707305316],[8.675765708020975,47.15985094998953],[8.67606486819674,47.16005777906626],[8.676250916391403,47.160386477677754],[8.67636600149525,47.16070116806842],[8.676868097168775,47.160793902345496],[8.677479341178286,47.160915361781576],[8.67769473359062,47.160979675336165],[8.678230520025902,47.1611806218998],[8.678764903640756,47.16136638697715],[8.679289399968866,47.161533418714875],[8.679762006893405,47.1617644921936],[8.680335870285209,47.16197948382451],[8.680679821491669,47.162001976633434],[8.681268146435587,47.1620056097718],[8.681852160163372,47.16206155292956],[8.682436726428966,47.16213610877154],[8.683003310256273,47.162259164377915],[8.683581251361336,47.16234925912328],[8.683994904462944,47.162454677178694],[8.684111047955483,47.16252362442137],[8.684683334830913,47.16262501981731],[8.685274014006483,47.16266710972078],[8.685869060319721,47.16264185954385],[8.686460469560236,47.162596404832655],[8.687052425628359,47.16256821336847],[8.687633801054627,47.16259024117673],[8.688801839458193,47.162713215047226],[8.689384055426487,47.16280440381895],[8.690495693328732,47.16295739944143],[8.691624080562258,47.163285254400755],[8.692205148812182,47.16339453238181],[8.692742973481487,47.16347639130353],[8.693580663303067,47.163403674471475],[8.694023778326176,47.16334460402727],[8.694587978098117,47.163240669753804],[8.695190515421308,47.16315232684156],[8.69562302814861,47.16301825863174],[8.695832360726333,47.16293445010754],[8.69590401443523,47.162794922328416],[8.6962546755821,47.16172268352663],[8.696495237449628,47.16103735838564],[8.696743023558266,47.160547975895334],[8.69681006527514,47.160151329845846],[8.6966475430341,47.15983571990612],[8.696703080924257,47.15954444358695],[8.696745929450227,47.15945961075843],[8.696851294319535,47.1593119770153],[8.697101073351199,47.15914455576318],[8.697687556511168,47.15901446245659],[8.69813107338845,47.158806604718436],[8.69829453200846,47.158478054084064],[8.698161072867391,47.158125973047305],[8.69809114208727,47.15783823738284],[8.69812087938283,47.15739420286507],[8.698151047702684,47.15716243286478],[8.698125018024317,47.15690254490354],[8.69810481488173,47.156761358159635],[8.698253105603238,47.15660113540618],[8.698497223452843,47.15643933233001],[8.698702780875706,47.156258060928856],[8.69889923177167,47.15585810641388],[8.698976254485643,47.1555675917369],[8.699208660355431,47.155005629666135],[8.699078385412276,47.15488107718238],[8.69909060406056,47.15466629891646],[8.698906583378909,47.15420033440221],[8.698571316208781,47.153727578904984],[8.69869058581538,47.15334331308516],[8.698766882237303,47.15285903254242],[8.698953214654475,47.15247906946336],[8.69925778118896,47.15222457304267],[8.69943048345825,47.15216198436852],[8.699897811759206,47.15190289546005],[8.700269440940565,47.151679776667336],[8.700656058359796,47.151486205995134],[8.700868966038088,47.15139127418818],[8.700960617251333,47.151297393758675],[8.701071685338224,47.15112604247819],[8.701086885970353,47.151075552009914],[8.701168623217097,47.15094044355527],[8.700516384655028,47.150947051444085],[8.70040303926247,47.15092337581147],[8.7002181976327,47.15086848540648],[8.700043647500912,47.150805988186086],[8.699333516660941,47.150632134665294],[8.6992392198059,47.15060253667403],[8.699099364833836,47.150530463910044],[8.699072120002187,47.150510260549616],[8.69901877373024,47.15043328152945],[8.698983045062974,47.15030197151908],[8.69893981519193,47.14999542058195],[8.698888336823252,47.14989244957408],[8.698830065548469,47.149738977430516],[8.69876090406891,47.149647193201325],[8.698679128935291,47.14958365961116],[8.698587667702473,47.149523173750566],[8.6985148325793,47.14950891219026],[8.69844542659675,47.14951596953989],[8.698330260685285,47.14955989880732],[8.698258867793124,47.14963663384896],[8.698172311616844,47.1498109525791],[8.697996186751679,47.15009943054249],[8.697855208280568,47.150205390446985],[8.697809067378083,47.15023058954514],[8.697679103147538,47.15029971598262],[8.697574175249219,47.15032433493998],[8.697470253799425,47.15032446467206],[8.697107501656765,47.15025271445971],[8.696980487963891,47.15022132251218],[8.696403603457233,47.150131806235066],[8.696242099955535,47.1501113248989],[8.696173146022133,47.15013093433483],[8.696016949267594,47.15010788478679],[8.695871880042757,47.15007070664402],[8.695709553013396,47.149994359428135],[8.69564967034146,47.14995495463599],[8.695499025889394,47.14981844917939],[8.69552761124949,47.14979135576345],[8.695519406810808,47.14975530848845],[8.695389824955509,47.149589713592746],[8.695262197896758,47.1494837676485],[8.695166803601898,47.14946958848926],[8.694847966968995,47.14944260138173],[8.69465708389267,47.14939221213818],[8.694538191803368,47.14935668064751],[8.694139027304255,47.14917744773121],[8.69408303183283,47.14911815454505],[8.69389557492407,47.14905296423245],[8.693835036801227,47.14903949212472],[8.693536590188444,47.14899058957524],[8.693412276528996,47.148935774691815],[8.693241771230307,47.14880949552845],[8.693169556074302,47.14877431715344],[8.6930377367642,47.14863324916797],[8.693015152159596,47.1485776842996],[8.69301590943939,47.14855091295657],[8.692839188832084,47.14828588378586],[8.692601373854906,47.14809327243341],[8.692549965599174,47.14806025079193],[8.692350076661548,47.14797465566906],[8.692293188974439,47.14795370328938],[8.692094450481836,47.14792509381279],[8.691854318836333,47.14791610544037],[8.691554252695909,47.14789118079469],[8.690834186830497,47.14787260047875],[8.690741729376981,47.14786654508274],[8.690581770027556,47.147820355520835],[8.69049337777116,47.14775525097021],[8.690386425753442,47.147608628733536],[8.690261329692657,47.1472668288651],[8.690207057780858,47.147169875846814],[8.6901760081316,47.14712601637326],[8.690050979613918,47.14700305205546],[8.68989074849796,47.14687796066307],[8.689288988506814,47.14644456505841],[8.689123105560876,47.14637146793424],[8.688889052793668,47.14624472179415],[8.688654216086867,47.14617640367763],[8.68850720612259,47.146078001759285],[8.68834303666197,47.14590027951576],[8.688197084422601,47.14569968924022],[8.688065499327019,47.14543216546939],[8.687905858395794,47.145055078207086],[8.687735280906155,47.144896352277584],[8.687486630302622,47.14467641045633],[8.687296217814003,47.14456657656496],[8.68709199890979,47.144365609883806],[8.68701801077697,47.1442443463161],[8.686839701731385,47.14407952275338],[8.686716911605338,47.143868684721355],[8.686539956600054,47.14366060227075],[8.686498071304563,47.143560625430354],[8.686424931296846,47.143407758354144],[8.685943792627178,47.14283250156653],[8.685823497924284,47.14245626216305],[8.685699242578323,47.142314078376955],[8.685632912237349,47.14225302205178],[8.685570294296978,47.14220530248545],[8.685299477296306,47.142083400797574],[8.685101469952833,47.14207262860055],[8.684922767350711,47.14200588071693],[8.684782388248157,47.14192137306898],[8.684721841512522,47.14182663553723],[8.68467990155206,47.14174223070254],[8.684580069316672,47.14137514216394],[8.684534133365231,47.14122720586775],[8.684407120576019,47.14106143609749],[8.684319408427392,47.14093465199184],[8.684266910469635,47.14077889716984],[8.684223717901133,47.140421819113755],[8.68420794265229,47.14023449541099],[8.684211680782933,47.14005457098291],[8.684269660994818,47.139918967102766],[8.684335578705047,47.13953689483017],[8.684494424909646,47.139096286432675],[8.684536400071183,47.13889164052572],[8.684590843914002,47.13875259328227],[8.684705455982863,47.13864403827326],[8.684940908631823,47.13846971734271],[8.685056471574594,47.13837828004514],[8.685245037517339,47.13792691292502],[8.685258294769797,47.13774377252657],[8.685246508329575,47.1376282386706],[8.685247659527544,47.13753781635547],[8.685271255736607,47.137478825670776],[8.68531805461535,47.13744813677703],[8.685468659644004,47.13739816855542],[8.685996421197077,47.13729912103517],[8.68621412442021,47.137204820404676],[8.68634777543895,47.137140767262856],[8.686434899583514,47.13710716649452],[8.686554545112617,47.13709101587013],[8.686713759609535,47.13709037663259],[8.687280386632855,47.13718889451063],[8.68741909942792,47.13718139703306],[8.687535313441222,47.13713908627077],[8.687627454716335,47.137060054236905],[8.687625699678382,47.13700120341325],[8.68761454957737,47.13692616284947],[8.687510213169013,47.13684576509522],[8.687401054185655,47.13681012078419],[8.6872708621679,47.13669112281476],[8.687183864269121,47.13654689874886],[8.687177888189552,47.136450607371586],[8.687088385248906,47.13630182246382],[8.687061491855225,47.136307494025225],[8.686926055388035,47.13626259875967],[8.68668220020842,47.136209209274575],[8.686427976672682,47.136114226278664],[8.686401274296685,47.13608905729528],[8.686362156246357,47.13602044634436],[8.686345146157281,47.135943337186426],[8.686356900163165,47.13587351757816],[8.68637446416552,47.13583578666789],[8.686403888494892,47.13580352258825],[8.686466681142015,47.13577360423936],[8.686634933805218,47.135577752533976],[8.686668173818626,47.13555310257832],[8.686835852581176,47.13544467102136],[8.687233285079195,47.13527353462186],[8.687228460917249,47.135258869523476],[8.687262292216682,47.13521832601169],[8.687278355909879,47.13506201680534],[8.687266828160196,47.13501823243266],[8.687225707703123,47.13493782273571],[8.687231640128411,47.134818534166094],[8.687243544312214,47.1347913988856],[8.687404936574255,47.13466397214366],[8.687524525852982,47.13460269704256],[8.68752439431757,47.13454618551057],[8.687475799596177,47.13445166135408],[8.687384990972001,47.13441410853986],[8.687366261315915,47.134417631449644],[8.687253685073436,47.13446927647962],[8.687058067771696,47.13447840815626],[8.686947541489292,47.134498121768225],[8.68690355998253,47.134498527211136],[8.686794320331828,47.13452593629171],[8.686661424233838,47.13457569620797],[8.686474692349474,47.13462445684661],[8.686446553835893,47.13463719465891],[8.686374527651378,47.13469793458333],[8.686336128316585,47.13480552969015],[8.686201830979735,47.13483423560465],[8.686026984869436,47.134796243968424],[8.685965467665964,47.13475297470827],[8.685830988054196,47.13469235178075],[8.685833485707583,47.13467280334973],[8.685799918381424,47.13460358324841],[8.685828164302446,47.13450658779175],[8.68581678629507,47.134452762109916],[8.685533187751215,47.134366246165115],[8.685399869788023,47.13431412037464],[8.685433049341603,47.13405304725514],[8.68540935388615,47.13400522047644],[8.685393604844608,47.13398898249743],[8.685266002879331,47.13394281291979],[8.68513085606557,47.13383528222765],[8.685132470918102,47.1336951158628],[8.685115401217033,47.1335819241525],[8.685147522330219,47.13356869369021],[8.685193301016149,47.13350678168782],[8.68522492179292,47.13343411997434],[8.685326569807707,47.13331510730457],[8.685325223907983,47.133297498706845],[8.685273191220245,47.13316719779172],[8.685147567507478,47.13313003864754],[8.685037006064611,47.13314928304031],[8.684935555278102,47.13330453824981],[8.684792205000797,47.13331569949502],[8.684745422199786,47.13326422749206],[8.684598754237902,47.13314072716709],[8.68440970839144,47.13311594918949],[8.68437859242178,47.133094183071336],[8.684377914386111,47.133017436446885],[8.684402584976347,47.133005240477466],[8.684536732083727,47.1328161213534],[8.684531772024968,47.13269245293472],[8.684540474223713,47.1326052772499],[8.684575948929153,47.132485209940285],[8.68467776931331,47.13245350225591],[8.684862397909754,47.13247152665715],[8.684957576748204,47.13239574725911],[8.685050085582471,47.13223698149834],[8.684981532186946,47.132101362939835],[8.684980326661137,47.13207448691834],[8.684890655246924,47.13199888470201],[8.68484841173187,47.13199118312858],[8.684723186314145,47.132005566389545],[8.684542788863446,47.13200785391771],[8.684433105553456,47.13196785848915],[8.68438224179355,47.1319239242303],[8.684382705586849,47.13186962826242],[8.68439647542809,47.13183312619728],[8.684432080926927,47.131817285312295],[8.684564352293684,47.1317794093969],[8.684618241247613,47.13178566247742],[8.684802042430645,47.13178012635936],[8.685077071936766,47.13172226986853],[8.685142136902028,47.131680281875255],[8.685140597689099,47.131643603812044],[8.685101862582522,47.13162974701231],[8.685087391860055,47.13157721420322],[8.68523316932616,47.13140946855083],[8.68536417831231,47.13134065008599],[8.685438822146608,47.13133133954603],[8.685571995240334,47.131397941408565],[8.685798363630814,47.13142709852475],[8.685846425329638,47.13144124975922],[8.685941788089362,47.13142104489603],[8.685996605279271,47.131329635486345],[8.686037152113308,47.13129959875251],[8.686051281243275,47.13126103248481],[8.68602329751308,47.131230542675176],[8.685981681052134,47.13123219957444],[8.68590674094241,47.13110086993564],[8.685693853283658,47.13095146101267],[8.685578837183812,47.13084203027469],[8.685559035899368,47.13080174492121],[8.685554713496423,47.130750280591116],[8.685491337714303,47.13071585633993],[8.68541095701655,47.13074143095503],[8.685185026563365,47.13075417180861],[8.684973755782051,47.130782271457285],[8.684821373318373,47.130817388151996],[8.68465949113798,47.1308923609769],[8.684530384065866,47.13089843781698],[8.684346061565954,47.13086669969246],[8.684131839857688,47.13083653557091],[8.684090833033073,47.13082018415848],[8.684013133994826,47.13074967828517],[8.684016050893828,47.13073510013723],[8.684042542152087,47.13069807349855],[8.684167569981732,47.13061864289157],[8.684257058288365,47.13061340944151],[8.68439166019126,47.130622008847276],[8.684561017670468,47.13060659898688],[8.68457779238719,47.13059955326995],[8.684631023883945,47.13054587299548],[8.684637457416581,47.13051078178901],[8.684604359971491,47.13045364687362],[8.684602489705874,47.13042991765326],[8.684565016690978,47.13040397434948],[8.684458271386045,47.13039040441857],[8.68438027914131,47.13035998821657],[8.684341140228334,47.130283955073786],[8.684354185867486,47.13015683496365],[8.684414096873832,47.13009394246627],[8.684443000781641,47.130086990260274],[8.684454961531493,47.13004697233267],[8.684489401353662,47.13003773812063],[8.684513963132332,47.13004358929456],[8.684532122256858,47.13007226076492],[8.68465695128237,47.13006766062379],[8.684732198090678,47.130046946032806],[8.68477078633673,47.13001885610633],[8.684777218655382,47.129982586420844],[8.684756203843076,47.12986688246612],[8.684706456618073,47.12981024286627],[8.684668757274666,47.129788719094606],[8.684516879346093,47.12973265530824],[8.684379650491154,47.129663730243834],[8.684105650328226,47.12961295613153],[8.684073307366669,47.129598418033225],[8.683938750946094,47.12937851931828],[8.683839061019533,47.12934685339997],[8.683673166811852,47.12924401706893],[8.683640675573615,47.12917885986348],[8.683592765926909,47.12912010382441],[8.683506594042527,47.129092681320465],[8.683290640223586,47.12894909466992],[8.683283154960847,47.128857290365005],[8.683309895863536,47.128814008939706],[8.683370960945453,47.128770158038286],[8.68341347852645,47.12875801194646],[8.683495637647129,47.12867237101525],[8.68353344931834,47.12860918743268],[8.683551297924545,47.12854515844114],[8.683548436253885,47.128524120746484],[8.683517905229069,47.12846898183702],[8.683489460266882,47.12843667022448],[8.683419513193561,47.12837171154163],[8.683352201607207,47.12835038196962],[8.683124912278263,47.12839782224495],[8.683088791620712,47.128391978932534],[8.68300495634113,47.12828182137966],[8.683010985824717,47.128194134904874],[8.683030908062626,47.12812856322515],[8.68304511818927,47.12803272777817],[8.682995146718007,47.127974794452605],[8.682838810631681,47.12798752432573],[8.682767710085747,47.12797782228862],[8.682690180141691,47.127912072603934],[8.682545683458265,47.12776374420449],[8.682532213522798,47.127640077712336],[8.682451561434869,47.1276129635637],[8.682399135965609,47.127579858555166],[8.682369575491599,47.12752613921639],[8.68243412490032,47.12740475939203],[8.682628100616766,47.12730447839147],[8.682647923099054,47.12717786085181],[8.682587205640965,47.127095889297955],[8.68252438192895,47.12702424094157],[8.682312572781072,47.12700814424712],[8.682258160156312,47.12697798437718],[8.68224183685385,47.12692099121736],[8.682256277284658,47.12688384339898],[8.682272818363623,47.12671862350231],[8.682313920807562,47.12668249171908],[8.682496132366744,47.12660528699325],[8.6825745436407,47.1265348544944],[8.682561170095351,47.12645448478343],[8.682499728134557,47.12640767747112],[8.682479206398448,47.12640203406694],[8.682343110017774,47.126388204017836],[8.682307389559472,47.12636207011596],[8.682271239499473,47.12628962033539],[8.68230012680036,47.12618156253488],[8.682351407716634,47.126142738776984],[8.682394682152868,47.1260849390316],[8.682387470255627,47.12604455293576],[8.682408756175713,47.125961082487706],[8.682380478910941,47.1258967429502],[8.682324863443746,47.12580622382021],[8.682230089761006,47.12574073231846],[8.682167017432597,47.12573265235126],[8.68205757663921,47.125737101482045],[8.68196846115715,47.1257347726225],[8.68183944874956,47.125700111569756],[8.681681919828875,47.125642998734946],[8.681639939197595,47.1256236703292],[8.681512497684833,47.12555103771647],[8.681477393567029,47.125371937541985],[8.68153229274355,47.125317511911156],[8.681656823179617,47.12527212117035],[8.68174482742598,47.12513290985957],[8.681797666166537,47.125094789171996],[8.681827422632603,47.12505766470625],[8.681794719215148,47.125017230335246],[8.681470936083645,47.12485397139114],[8.681311627151059,47.12481658759603],[8.681117983787896,47.124797962485246],[8.681083958627385,47.12478858747374],[8.680910768591161,47.12478973015638],[8.680793610191355,47.12482334562779],[8.680696935011268,47.12484563861682],[8.68062150994846,47.12484988986034],[8.680565840184958,47.12484893487773],[8.680485384400617,47.12481073417072],[8.680393867639973,47.12473262057304],[8.680227033367409,47.12473842549199],[8.680179538665739,47.12474670192211],[8.680067147702022,47.124758557772424],[8.679990035358085,47.12475028636783],[8.679905312026342,47.12470422383264],[8.679789826744504,47.12454615100554],[8.679696842331587,47.12440065452118],[8.67967861230322,47.1243584890336],[8.679515676673462,47.12424580024917],[8.679454803296512,47.12421648246628],[8.679386128481957,47.12422135275359],[8.679299150327822,47.12426224265742],[8.679118573171754,47.124284099238864],[8.679036946142615,47.124308495479234],[8.678961745081676,47.124377028779165],[8.678856615185659,47.124497522012454],[8.678820015148998,47.124507839408146],[8.678772235313499,47.12455161662236],[8.678742191980964,47.12456561461199],[8.678549103862032,47.124608466988185],[8.678423745384855,47.124583397478325],[8.678284782260963,47.124520628268016],[8.678189717551573,47.12442516190136],[8.677958213671417,47.124269426532884],[8.677545001138537,47.12408258846049],[8.67732999544249,47.12389977598418],[8.677316876398928,47.12387962230659],[8.677306655853418,47.12381553683609],[8.67736675744669,47.12372208640777],[8.677393111990835,47.12364718949191],[8.67743625861385,47.12357118505286],[8.677448927560942,47.12342828173904],[8.677423901220761,47.1233634292082],[8.67752502365459,47.12325824669114],[8.677585194098759,47.12314274614062],[8.677595171029218,47.12310113999236],[8.677571150838157,47.12306554069765],[8.677542831152877,47.123060016440476],[8.677429985032894,47.12308568354325],[8.67722127082209,47.123155366312545],[8.677104937590528,47.12314595020152],[8.677002562952005,47.12312973557098],[8.67692313784418,47.1231079570358],[8.67680433405457,47.12309086663898],[8.67679390708341,47.123073121831936],[8.676818951951306,47.12302878062765],[8.676908282471292,47.12294997602294],[8.676915940089986,47.122930597090054],[8.677047332725438,47.122846895316705],[8.677077089927852,47.12280857560541],[8.677105246553225,47.12278368619131],[8.67723469602299,47.12272826162277],[8.67725721515062,47.12272689452118],[8.677334168399334,47.122685691331746],[8.67739737660024,47.12262404429421],[8.677487077395503,47.12256416285325],[8.677511886371938,47.12254156740727],[8.677720265491288,47.12243017313252],[8.677748143708866,47.12235965873444],[8.67772371234806,47.12231368249099],[8.677610589676187,47.12230054393904],[8.677464176795532,47.122261270702154],[8.677313240509891,47.12229139633793],[8.677308624662935,47.122368775859755],[8.677247978103226,47.12243062015793],[8.67717533400731,47.122424475802],[8.67712076897876,47.12228308840017],[8.677064661821353,47.122252836425176],[8.676986940856999,47.122260816413785],[8.676644289289879,47.12244479577917],[8.67663508730393,47.1224595133953],[8.67652608248228,47.12248198065846],[8.676457625727393,47.122430046009775],[8.676333270836311,47.12244015589362],[8.676295350372545,47.122393290029585],[8.676405274130799,47.122235503970565],[8.67642098495443,47.12220587286716],[8.676413776761173,47.12211410111396],[8.676354484266184,47.12206917459898],[8.676301614485899,47.12207347709935],[8.676209995731545,47.122175290713436],[8.676149276506106,47.12218897052179],[8.676101513286378,47.122171861415396],[8.676090618915259,47.12215098196553],[8.675974185503758,47.12207665054265],[8.675944803401624,47.12203309316933],[8.675946181655652,47.122008888042664],[8.67586858205049,47.12185893186794],[8.675853193603825,47.121843759253316],[8.675714606100339,47.12175515539531],[8.675747990882023,47.12165989717003],[8.675922252241119,47.121624556756785],[8.675992115576857,47.121590825477114],[8.676014508253736,47.12150926945489],[8.676012828959664,47.12146852656251],[8.675899284717286,47.1214421757322],[8.675729795564367,47.12133888108892],[8.675684842801216,47.12125396556284],[8.675661017927254,47.12123300929551],[8.67555489265449,47.12119174386963],[8.675513780118768,47.12118350501787],[8.67540792316067,47.12123547131603],[8.675348799119385,47.12124913355389],[8.674962027488947,47.12137219371018],[8.674857952829198,47.121371225746586],[8.674779644238363,47.12140681035577],[8.674721165513686,47.121408473636684],[8.674685210624066,47.121392433465736],[8.67465730099534,47.12134465880118],[8.674718482842843,47.12125682062286],[8.67484519693144,47.12118457857942],[8.674837023781095,47.1211399562493],[8.674795548790716,47.12109087911598],[8.674725191742432,47.1210798058122],[8.674704579959986,47.12108269923394],[8.67461273785606,47.121138337424405],[8.674585331927156,47.12114836573832],[8.674549201656248,47.1211492759093],[8.674451964928531,47.121130484932785],[8.674415999415078,47.12111911372691],[8.674396980672102,47.1211070835687],[8.674362060384405,47.12103933206469],[8.674289269615015,47.12092675559782],[8.674185395091484,47.120882433074485],[8.674162651908475,47.120842060467986],[8.674253267893945,47.12077555062868],[8.674242089753104,47.12074861074152],[8.674202398504615,47.12070769160911],[8.674155924963195,47.120689272422936],[8.674091009090018,47.12069008697498],[8.67404630202378,47.120704826076384],[8.673954484073036,47.12075865528621],[8.673871529270679,47.120827637443526],[8.673798260716119,47.120856024402],[8.67359245873574,47.120893499618305],[8.673521037910536,47.12089056940814],[8.673475224823354,47.120822475847234],[8.673494619630931,47.120742787726165],[8.673490613502523,47.120703931978454],[8.673454684162458,47.120651232386166],[8.673271375108508,47.12059530270125],[8.673147883438379,47.12051118463219],[8.673130911377363,47.12050559143128],[8.673012773849873,47.12048221980412],[8.672936215961272,47.12047652863829],[8.672884049718501,47.120467265032886],[8.672760829542595,47.120464674534446],[8.672684356884576,47.120475265075186],[8.672624593945848,47.12047491698114],[8.672544959900296,47.12039290039147],[8.672518929905978,47.12037226402148],[8.672504449529413,47.12031463802014],[8.672564757154245,47.12020877336325],[8.672564770764284,47.12018075962277],[8.672511944818515,47.1200947849059],[8.672270118639194,47.11998716083285],[8.67222742114296,47.11999415908515],[8.67218509079948,47.11998848699166],[8.672129986775541,47.1198647892637],[8.672070345070656,47.1198261795321],[8.672002375516762,47.11980765725515],[8.671971986092137,47.11976308415327],[8.671973430350441,47.11971476904954],[8.671988667272444,47.119660476561116],[8.672122023086068,47.11951038668],[8.672130953018426,47.119486685321405],[8.672105438042289,47.11941627736896],[8.672133893840128,47.119377460115004],[8.672275046701081,47.119361677883134],[8.67229042802799,47.1192919286384],[8.672275252126504,47.11926931356774],[8.672194047072319,47.11923114219289],[8.672065459135577,47.11923397919658],[8.672000832035657,47.119260994886886],[8.6719088092535,47.11923951002913],[8.67187715846058,47.11916417505776],[8.671899003729894,47.119060333590824],[8.671919091450272,47.119028982887],[8.671915011271443,47.119014902909484],[8.671843317154067,47.11897766380552],[8.671807683357907,47.11897030946118],[8.671734955476776,47.119003799070306],[8.671646259547474,47.11900830380076],[8.671497827291967,47.11899350490784],[8.671454710514984,47.118962787080704],[8.671361696970822,47.11897438177247],[8.671259302153551,47.11908113787492],[8.671086373797436,47.11910544588277],[8.670896204991246,47.11908268235321],[8.670862133822826,47.11909341095037],[8.670771002628662,47.11913987153107],[8.670733355320571,47.1191165974954],[8.670723198150455,47.11904915527299],[8.67072940123108,47.11902891972821],[8.670758953095621,47.118994175264106],[8.670769039416816,47.11892218000578],[8.670959619264545,47.11877781134907],[8.67103453591565,47.11871629416862],[8.671063068829037,47.11863326992589],[8.671209877058777,47.11842978043454],[8.671160566949904,47.11837844705707],[8.67113142365815,47.11837651049328],[8.670936240634472,47.11844444467586],[8.670788953583973,47.11836820780795],[8.670734854207213,47.11835901794394],[8.670631188807777,47.11838073878026],[8.670575514547444,47.118324273660704],[8.67052539891599,47.11821725431134],[8.670534099793578,47.11819732486056],[8.67060238177856,47.118153907061846],[8.670811333232258,47.11810304424288],[8.67091795068152,47.11808593353841],[8.67097699551878,47.11804888474739],[8.671014838063183,47.118055468996175],[8.671065251094634,47.118106070930224],[8.671117554752406,47.11822967324887],[8.671165953638152,47.11826661378976],[8.67120338977175,47.118262973863196],[8.671356886155909,47.11820987084763],[8.6714035263173,47.11820760750974],[8.671541957348856,47.118241459374445],[8.671600722029964,47.11821629700639],[8.671688379652668,47.118143271762264],[8.671729942601676,47.11809964507632],[8.671735899244174,47.118051551440054],[8.671675355291818,47.11801314910262],[8.671563558601639,47.11799130932172],[8.671411279742388,47.11797359190734],[8.671321735397605,47.11798754232766],[8.67121664009489,47.11791329152134],[8.671214580823337,47.11787591715143],[8.671281918754795,47.1177834987474],[8.671309668379212,47.1177615387953],[8.671470586814028,47.11773208752143],[8.671503843233488,47.1177329543402],[8.671616040466143,47.11780027375239],[8.671678655889497,47.117787268639304],[8.671691196241012,47.11775438862488],[8.671737425088734,47.11768447049431],[8.671740826021695,47.11766275360772],[8.671721650751469,47.11760777769745],[8.671673643142395,47.117600421099986],[8.671484086434148,47.11766186376327],[8.671429229898983,47.117613450710536],[8.671432367094788,47.117590576175694],[8.67144679929995,47.117561445232475],[8.671536605205729,47.1174959087231],[8.671560352435812,47.11742603384741],[8.671546243215605,47.11736040626453],[8.671643672665034,47.117311196645446],[8.67165234464335,47.11724881518933],[8.671620733798665,47.11723526437076],[8.671489940906886,47.1172268344266],[8.671459507341202,47.11720259266298],[8.671472904679984,47.117177745920024],[8.671579549158844,47.11711437674839],[8.671624649890596,47.11706531452792],[8.671726838061378,47.11700817327528],[8.671852977645996,47.1169507390135],[8.671886072538557,47.11692801088486],[8.672019807868377,47.11693262147783],[8.672050835248896,47.11687104367174],[8.672029894415143,47.116829247925786],[8.671975530186307,47.1168245235255],[8.671854052753872,47.116829146248755],[8.67162890895037,47.11688278456211],[8.67146145501202,47.11687322746331],[8.671412461177468,47.11688883918433],[8.671333168306653,47.11692441409062],[8.671257618487035,47.116939392900875],[8.67111570760226,47.11687786129095],[8.671038315798402,47.116868912299395],[8.671004966171516,47.11681986366698],[8.671009482981859,47.11678821222795],[8.671052558898845,47.1167530887806],[8.671141380686315,47.11674390518605],[8.671163758523909,47.11673421045042],[8.671279849577674,47.11661120459729],[8.671333491777979,47.116570822019526],[8.671330830770394,47.11649355673753],[8.671373193787248,47.116450380371795],[8.671444850264491,47.11641399671181],[8.671466634310617,47.11637564695636],[8.671475061235514,47.116343269862554],[8.671413678243146,47.11627175304043],[8.671409947593048,47.11624650522837],[8.67142091036885,47.116138786246104],[8.67130235681286,47.11602587100646],[8.671290529958613,47.115988385452006],[8.671381822699844,47.115946906427816],[8.671494925044936,47.11596153552799],[8.67158072163571,47.116021941269764],[8.67171511629828,47.1160896432274],[8.671763169497666,47.11609388668244],[8.671783096913524,47.11608023286729],[8.671773475923224,47.11595368105916],[8.671784570811042,47.11587348844146],[8.671842512491851,47.115774342440005],[8.671855484181716,47.11573389210332],[8.671828117074694,47.115679678773176],[8.67167191548356,47.115682478795435],[8.671603979930161,47.11575050670164],[8.67151839935092,47.11578650004703],[8.671440447732984,47.11579438890333],[8.671414668562061,47.115769647414425],[8.671428747911076,47.11573436696046],[8.671192326001698,47.115751844461606],[8.669869256192838,47.11571747997959],[8.667071867473608,47.11566841270679],[8.666216761555148,47.11522135025442],[8.665355929718793,47.11497189511665],[8.664601846607486,47.11507367802151],[8.663876412336656,47.114987754703],[8.663144528451314,47.11506347285977],[8.66274727590352,47.11518672085593],[8.662276542615736,47.11508216107464],[8.660872970268933,47.115030603109304],[8.660466116806212,47.11491339207998],[8.6598116453436,47.1146732890775],[8.659808935117773,47.11467059207879],[8.660024159870916,47.11390324927176],[8.660102235452078,47.11354658264956],[8.660164231361849,47.113185777715955],[8.660414887357273,47.112743523919114],[8.660648607419843,47.112345215121174],[8.660561305305167,47.11182573294171],[8.659783000277857,47.11091535809528],[8.65907431272176,47.11056799200432],[8.658113735486381,47.11018186758318],[8.657559398827807,47.10978493293151],[8.656716466304355,47.10921013555163],[8.65585228818911,47.1087183923488],[8.655683799357861,47.10852802172055],[8.653780301125163,47.107851968778355],[8.649326488713477,47.103432712606654],[8.645487189179304,47.09962237863292],[8.644920001936402,47.09585414685099],[8.642193707084848,47.09495480322597],[8.6413529799837,47.09438059208773],[8.6406643726669,47.09453740089497],[8.637252183937234,47.09332447833107],[8.6346462369943,47.093339144645086],[8.63202435453313,47.09361481923695],[8.631900253177243,47.093620030256034],[8.630263785355597,47.09355015574315],[8.629981183953907,47.093800322845546],[8.627595777727633,47.09380073058627],[8.625946611357701,47.093869904956776],[8.622997999468884,47.0947097014806],[8.611794325394236,47.094968228393874],[8.608709235148458,47.09444597250146],[8.607460006141906,47.09199114021103],[8.605723686520147,47.105317464569225],[8.606410447779716,47.10486382319049],[8.606877584947801,47.104569299124584],[8.6075648941224,47.10425156455944],[8.608291882014138,47.10414100318056],[8.608479761365897,47.10422740413231],[8.608591593624041,47.10426308617807],[8.60870850670317,47.10428345928653],[8.609185501056986,47.10431187833099],[8.609306472182858,47.10430510475037],[8.610648661652657,47.10417369623038],[8.611925899660324,47.10447644940438],[8.613441247214034,47.104804642373914],[8.613860047177873,47.10485858264659],[8.614603121991523,47.10497390288418],[8.614884767173521,47.105138174541054],[8.615229462327637,47.10536262168377],[8.616161287439027,47.10510753463524],[8.616397769977958,47.10532981238411],[8.616414893652538,47.10564008701125],[8.616491159343957,47.105706883029434],[8.616678379218547,47.10567973066955],[8.617091807498115,47.105610577796],[8.617432102528715,47.10568776391098],[8.617800133221309,47.10584398175827],[8.617978205017927,47.106043502067045],[8.618239616186337,47.10607435642633],[8.61794863923776,47.10628235095955],[8.617763431342773,47.10643990796238],[8.617404728175567,47.106601232166966],[8.616914371296348,47.10680093221525],[8.61651133497571,47.106956644759386],[8.616118362233717,47.10697324746669],[8.615467389827003,47.10725961613788],[8.615458283552108,47.107308125525115],[8.615468742788176,47.10744238180638],[8.615486309435115,47.10749830962917],[8.615515685402535,47.107548404113295],[8.61550914759746,47.10759627547921],[8.615476543931363,47.1076745681138],[8.615481534940063,47.10770263832141],[8.61550536209545,47.107710661632126],[8.61551692517131,47.10773380674064],[8.615542625559645,47.10782410572177],[8.615339231902471,47.10798209672523],[8.615162928467626,47.10808194819005],[8.61518142409027,47.10813278383641],[8.615215854615574,47.10812324655197],[8.615254398488677,47.108131218227214],[8.615303629244602,47.10816143539705],[8.615345409717658,47.1082009856379],[8.615435219201279,47.10827001861852],[8.615635275095144,47.10837749582054],[8.615653700615445,47.10840772241535],[8.615771884012371,47.10849436650611],[8.615788510049281,47.108521247026935],[8.615864254739837,47.1085341990984],[8.61592053003088,47.108552775082806],[8.615902760764964,47.10858660188947],[8.615904868683796,47.1086231667833],[8.6159214836987,47.108650740085416],[8.615958615463008,47.1086819714975],[8.615977560260035,47.108704636134036],[8.615989712755853,47.10873239906948],[8.615992072032835,47.10875881396778],[8.615985966148045,47.10878495573505],[8.615973667926463,47.10880692384066],[8.615975878141818,47.108833151350886],[8.615965194585717,47.10886084232547],[8.615937719240396,47.10888769774133],[8.615896080596675,47.108906215040776],[8.615797793447523,47.10918243437285],[8.615486447576318,47.10960405044548],[8.615313347358715,47.10975638752932],[8.615270525500078,47.10976666742877],[8.615203899953382,47.1097352339204],[8.615087470202388,47.109753733785425],[8.61495031568691,47.10972131272693],[8.61490730373243,47.10967192439975],[8.614827962645231,47.10962906101955],[8.614767707432904,47.109572076593594],[8.614734056289427,47.10952772910173],[8.614562110574553,47.10950402977361],[8.614517112915284,47.109579066397394],[8.614461234534353,47.109603216352134],[8.61434421799244,47.109603981485435],[8.61428189183246,47.109619525220936],[8.614235739698772,47.1096461754113],[8.61417888154129,47.10967252125876],[8.614154438782661,47.10970493169092],[8.614093262561383,47.109696624338255],[8.614044917986137,47.10969602119984],[8.613979021880105,47.109625726093796],[8.613915200694871,47.10954789813105],[8.61386370431918,47.10954296411583],[8.61378869722259,47.109543856915614],[8.613702266866657,47.109565808975965],[8.613609143431354,47.10954453196136],[8.613419354312162,47.109514086452265],[8.613336674960408,47.10950580055491],[8.61325220997061,47.10952905459263],[8.613185606386843,47.10952980714924],[8.613019035326284,47.109509019257615],[8.612945246511014,47.10949275281415],[8.612711964618477,47.109417905743065],[8.61259493174945,47.10937641537574],[8.61253255673295,47.109347644701444],[8.612412694290793,47.10936523234133],[8.612329148228591,47.10933119922238],[8.612261433773817,47.10931852266769],[8.612166122308695,47.10931821835648],[8.612050159713446,47.109267810541716],[8.611896347397956,47.10922909683696],[8.611780394440146,47.10923206151087],[8.611579520015319,47.10922119331308],[8.611529362841885,47.10921300605658],[8.611417120297553,47.10917599957077],[8.61137631317815,47.109126641434095],[8.61114860529404,47.10911063970073],[8.611091016507812,47.10908437427515],[8.611069895869527,47.109051304765984],[8.61102170364338,47.109020904289636],[8.610963986916497,47.109018290405054],[8.610887866096341,47.108999563559856],[8.610813646943893,47.10896597398881],[8.610717024093624,47.10889244599577],[8.61064998916038,47.10885718178875],[8.610566178963836,47.10882122496844],[8.610521407416075,47.108857431252666],[8.6104909749142,47.108895596381814],[8.610469579355346,47.108939696645876],[8.610462306961459,47.108981907715545],[8.610467141671352,47.10902403134081],[8.610485896353703,47.109068226053324],[8.61060597828249,47.10925462985983],[8.610640885595695,47.10932765373342],[8.610658909880469,47.1093842252658],[8.610744431800395,47.10974109429902],[8.610767336520412,47.109778616647176],[8.610803508616563,47.10981547293869],[8.610837421356116,47.109839398123604],[8.610931039531987,47.10989234699227],[8.610991718745625,47.10994358966101],[8.611036340025244,47.11000345225302],[8.611061279253674,47.11007371696096],[8.611064301300301,47.11014256795369],[8.611047064910792,47.110206929698485],[8.610892810003982,47.11044375539336],[8.610866430579991,47.11049977216572],[8.610852597436654,47.110577566068265],[8.610863741145238,47.11065568100067],[8.610899357205017,47.11073032582095],[8.61092821252286,47.11076938872423],[8.610959584141007,47.110801804956225],[8.611029679782748,47.11085397710631],[8.611134169754509,47.11090868608636],[8.611175558299761,47.110944220628056],[8.611205343069269,47.11099442893048],[8.611211280634283,47.111021284173326],[8.611208990382828,47.11104608231533],[8.611185987988394,47.111100463430965],[8.611141175872662,47.111146925691855],[8.611107768554646,47.11116841586598],[8.610834683166862,47.111316170289655],[8.610736527743525,47.111378766273134],[8.610675162231027,47.11142631471339],[8.610245603767655,47.11179062956458],[8.610165161868018,47.111834180047424],[8.610114243607839,47.11185275378482],[8.610021451050692,47.11187866308352],[8.609983812364327,47.11189590498184],[8.609954470576398,47.111914744562874],[8.609924303332905,47.111942237627815],[8.609902407428045,47.11197317280792],[8.609890313622236,47.11200343237065],[8.609886210396086,47.11203815345627],[8.609891016998908,47.112069356312986],[8.609905622015551,47.112102726304244],[8.609964472602687,47.11219321035518],[8.610002435894296,47.11223238757792],[8.610046721634511,47.112263008210704],[8.6100931724772,47.1122853754946],[8.610139154164292,47.112300748714354],[8.610227441560644,47.11232187094499],[8.610276037548271,47.112342300161515],[8.610324401092022,47.11237800680197],[8.610356263619028,47.11242500957404],[8.610364936769974,47.112466698227706],[8.610356247508891,47.1125116314663],[8.610236740825595,47.11272358798241],[8.610216049260531,47.112771639173815],[8.610203936564742,47.11283116268612],[8.610206821567356,47.11289620077574],[8.610277615414939,47.113116374070955],[8.610302879470972,47.11317857524434],[8.610347413194104,47.11325904862534],[8.610433758188469,47.1133768426719],[8.610480659502821,47.11345348659327],[8.610514343544764,47.11352529049221],[8.610562933251062,47.11366524844153],[8.610582948617504,47.1137043475634],[8.610624547207685,47.11375482238049],[8.610675799918107,47.11379542918575],[8.610717489087802,47.11381932010456],[8.610944259183396,47.11392945675075],[8.61104637564889,47.113987437565484],[8.6111466534658,47.11405652901344],[8.611456751687513,47.11429868445683],[8.611509405866878,47.11432861643428],[8.61156975603538,47.11435073337341],[8.611618580195781,47.11436161503819],[8.611668635347039,47.11436732945918],[8.611719381313069,47.11436788214685],[8.611769658707214,47.11436328493167],[8.612314198600014,47.11423460845927],[8.612402231453139,47.11422227581876],[8.612485279855221,47.114220618191275],[8.612574665017043,47.114229708890974],[8.61266093745111,47.11425009420519],[8.612716716304968,47.114270449051666],[8.612996197094896,47.11439413995397],[8.613049976791997,47.11440744426865],[8.613106969570888,47.114411027123396],[8.613163520491051,47.114404673970164],[8.61321944500005,47.11438718124131],[8.613264224340863,47.11436141816624],[8.613297701278931,47.11432862780181],[8.613340536562353,47.11437526575621],[8.61430870600219,47.1138568736581],[8.614723853000907,47.11385279806114],[8.615574658155944,47.11383477074571],[8.616299029263017,47.11367068812193],[8.616790669646285,47.113728909839224],[8.617148048914041,47.11368305566996],[8.618205660950006,47.113647199587405],[8.618859564578752,47.113607041073735],[8.619263866769344,47.11352832217039],[8.619709074642948,47.11352749118433],[8.620098056872994,47.113600265361555],[8.620294508391057,47.11359856100576],[8.620672591042897,47.11367298359552],[8.620848762605227,47.11374651293938],[8.621011156149978,47.11384893474675],[8.621353620243859,47.113947119902356],[8.621570890612482,47.114290805114635],[8.62153512483372,47.11429490646211],[8.6215029462754,47.11432062410784],[8.621369628609152,47.11431348566785],[8.62111175244768,47.11438379697543],[8.620940241074985,47.11446898936501],[8.61989464797795,47.114871897988614],[8.61951675197208,47.11500115676931],[8.61922559552147,47.115085191579055],[8.618744045157477,47.11525239554482],[8.618505285221774,47.11526360831576],[8.618171512863777,47.115304150671726],[8.617698000429124,47.11534882413957],[8.617643966251634,47.11538093603669],[8.617455831705943,47.115447690022805],[8.617303549570744,47.11547232601089],[8.617177641914802,47.115540942378686],[8.61704289659395,47.11557384540727],[8.616936627323277,47.1156450309422],[8.616614011480447,47.115756207340446],[8.616580016936377,47.11581095403402],[8.616495307325032,47.11584445020368],[8.616263970038004,47.116001622076624],[8.616189338612767,47.11606617665753],[8.616047610759795,47.116135223673155],[8.61594748060458,47.116168058732384],[8.615810239736488,47.11622782967935],[8.615644889763432,47.116350580838],[8.615548003595874,47.116387142623694],[8.615419934576407,47.11641815818647],[8.615001495510633,47.11663688547267],[8.614954958467008,47.11667507256064],[8.614853454852005,47.11671445173752],[8.614758466254122,47.11673545747299],[8.614606614460941,47.11681413291595],[8.614533106342147,47.11683634908394],[8.614448333366305,47.116919321913606],[8.614002296128263,47.11704278206939],[8.613941875350365,47.11705547230966],[8.61380086332154,47.11710093086341],[8.613698928356495,47.117153762306394],[8.613571012549794,47.117201506614464],[8.613528321410985,47.1172685037058],[8.613444861742302,47.117336349202105],[8.613292175335546,47.11737592613977],[8.613174714916738,47.11743475408568],[8.612825233351083,47.11757345170962],[8.61262169217941,47.117697299105245],[8.612377655631905,47.11780624852891],[8.612021329570517,47.11789800088664],[8.611953158757089,47.11787039550551],[8.611664154282968,47.117941398763826],[8.611452140471624,47.118045620441485],[8.611288811298639,47.118112093072305],[8.610995777890416,47.118289341443784],[8.610952590266537,47.118270008827636],[8.610827935165199,47.118187554937904],[8.610762875342683,47.118131669975725],[8.61060989136615,47.11804941471704],[8.610440516464726,47.11793053305255],[8.610379557725429,47.117897023885575],[8.610334195658822,47.11782886540872],[8.610253928668776,47.117797073269244],[8.610224903552908,47.11776606329463],[8.610132612599667,47.11773643567718],[8.610091425559,47.1176934501],[8.610039553377216,47.11762647333824],[8.609983366923647,47.117593617019814],[8.609862919428231,47.11759497011272],[8.609768877492664,47.117525013388274],[8.60971233424648,47.11740710424185],[8.609627828201706,47.1173151812087],[8.609504164047285,47.11710121359559],[8.609419142977877,47.11701643840984],[8.60935998282271,47.11698856882358],[8.609299681048542,47.11693740242793],[8.609260209073105,47.1168588652466],[8.609226270781162,47.11666930714404],[8.609074217812678,47.11498642466173],[8.60868481785403,47.115007687771396],[8.608397648247776,47.11503184957086],[8.60792433211873,47.11504770279937],[8.607447164844412,47.11510871672195],[8.607094746024476,47.11506136444658],[8.607032044113362,47.1150987320429],[8.60693681637317,47.115123880865454],[8.606879700907697,47.115149128087076],[8.6068365383764,47.115177894827966],[8.606782945926525,47.11520456353706],[8.606729966595523,47.11522369641423],[8.606678876535895,47.115236404982994],[8.60657559067254,47.115251604936454],[8.606475742325804,47.115255839846164],[8.606228074769867,47.11523815075184],[8.606189144499503,47.115232572859554],[8.606137040674115,47.1152332369645],[8.606077958235728,47.1152456486049],[8.605927580034098,47.11530524422278],[8.605874489950502,47.11531689323016],[8.605815550629083,47.11532257434163],[8.605422423398428,47.11530537071495],[8.605366682107768,47.115298154990064],[8.60532721035748,47.11528767953251],[8.605286179208603,47.11527094973964],[8.605184581436728,47.11520514115636],[8.605149157525734,47.11518689707889],[8.605100645856803,47.11517097179521],[8.605053217378956,47.115163032862114],[8.604495624137662,47.115150886148996],[8.604284560010559,47.11515655285766],[8.60414905563743,47.1151651684506],[8.603860768734034,47.115196850789076],[8.603538287048977,47.115294072224174],[8.603409613081107,47.115324117936794],[8.603290766950124,47.11534555381374],[8.60323731472128,47.11535330104348],[8.602958941485447,47.1153712878627],[8.602785101006116,47.115391984777965],[8.602625721958116,47.11539958990178],[8.60255897705113,47.1153972070801],[8.602498382783004,47.11538981420421],[8.602443555950494,47.11537857563471],[8.602267890880759,47.11533227076892],[8.602108058737251,47.11531233431185],[8.601815343869905,47.115262769350565],[8.601443011712506,47.11522181744131],[8.60132998705685,47.11519941835035],[8.601222063719135,47.11517101227349],[8.601157712423015,47.11514349687732],[8.601110944518338,47.115105242455776],[8.601098265131547,47.1150887372502],[8.601064424580178,47.11501950514632],[8.601056320267304,47.11498610435293],[8.601034376887071,47.11495866383987],[8.60099129111256,47.1149334071987],[8.600939487472985,47.1149217775149],[8.60089219514157,47.11492311026968],[8.60084399435113,47.11493602091689],[8.600817614400928,47.11495007832392],[8.600792726941284,47.11497218995897],[8.600655969061052,47.11506335148494],[8.600588947479027,47.11508889359286],[8.600516247517744,47.11510173686662],[8.600484088764558,47.11510333030875],[8.600187406936158,47.115083397825885],[8.600117595075893,47.115083581423484],[8.600034431774624,47.11509338154199],[8.599948564578133,47.115115227434714],[8.599825856308327,47.115136653756295],[8.599733028017015,47.11514437427234],[8.59964890224863,47.115145646724166],[8.599557133658434,47.11514085209788],[8.599467165564505,47.11512975108527],[8.59928036093166,47.11508430082929],[8.599242666387006,47.11507976063655],[8.599230379743082,47.11515008865999],[8.599216463461058,47.1152948291987],[8.599369070580359,47.11547582418704],[8.599472842638436,47.115668431035935],[8.599574285428945,47.11576994187991],[8.59961606109643,47.11583568481562],[8.599734196208948,47.11598865439371],[8.59979887164499,47.116160605417484],[8.599770669655456,47.11626877804414],[8.599672235694458,47.11642593194858],[8.599707177611613,47.11659526862292],[8.599650333442277,47.11698652540648],[8.599610963770537,47.117067715116015],[8.599647942475523,47.117147998859],[8.599689099234475,47.117201549578255],[8.599792486310406,47.11723271069602],[8.599940745918623,47.11735324245225],[8.600043729235193,47.11760463589777],[8.600120326085982,47.11770024407076],[8.600141992604073,47.1177896422621],[8.600189601146447,47.117851394847115],[8.600191059186635,47.117927143527254],[8.600290555636294,47.11808266675908],[8.600418838537346,47.118178822981136],[8.600479871509645,47.11828347613803],[8.600481688957425,47.11832838325928],[8.600516220068029,47.11837531669596],[8.600545315097555,47.11846569225208],[8.600621643315357,47.118545173173935],[8.600622592447497,47.11866426019992],[8.600599470816611,47.11870953632281],[8.600563725617416,47.11875914110374],[8.600562665595934,47.118817202307284],[8.600572187668716,47.11895361872804],[8.600566135460376,47.119012405075026],[8.600599699521815,47.119065159604034],[8.60062354104726,47.11917031450165],[8.600684419253852,47.119248323276835],[8.600733496216609,47.11936977551862],[8.600923566469875,47.119557082710315],[8.600916259414436,47.11962118933249],[8.600952330973437,47.119714157028326],[8.600999428906475,47.11976865475651],[8.601000739315158,47.11984058164497],[8.601007193869062,47.119882950003394],[8.601043758633459,47.11991239270017],[8.601117095462527,47.11998871899496],[8.601141581463066,47.12004213189639],[8.601178991048423,47.12006920008949],[8.601229269454299,47.12011415690861],[8.601239178815467,47.12016571110565],[8.601279628740546,47.12021201771899],[8.60130679546598,47.12028509547979],[8.601347067741166,47.120342639732925],[8.601347690111918,47.1204010617445],[8.60136134941764,47.12046082723677],[8.601374564507259,47.12059119696172],[8.601366313048468,47.12065063529007],[8.601338969305239,47.12072909509429],[8.601332757118895,47.1208023394763],[8.60131500684157,47.12086679460862],[8.601341011178494,47.120965234524],[8.601341253540896,47.12100797154048],[8.601321202335937,47.12103625048355],[8.601339033537016,47.12110727261788],[8.601359497798478,47.12113930692772],[8.601423369406156,47.12117717237151],[8.601452408445063,47.12124904369586],[8.60145642208612,47.12127183466719],[8.601450245376839,47.12129267763958],[8.60436582302868,47.127777695327424],[8.598265172000442,47.13651392777745],[8.598213447010535,47.13660609905185],[8.597873594935484,47.13712102022342],[8.597742308558638,47.13728447566049],[8.597754225564918,47.13728870954549],[8.59776174255553,47.13733267746147],[8.59770313116396,47.137337001447065],[8.597678919954117,47.1373866326581],[8.59764654111983,47.13751146150847],[8.597605999155116,47.13756673574598],[8.597562768096775,47.137609235973486],[8.597491151930056,47.13765228308156],[8.597438119260463,47.137709725171135],[8.59743774915814,47.13777852014661],[8.597489244728726,47.137840720328164],[8.597554828957062,47.13787225560969],[8.597617566636195,47.137924545972595],[8.597666382320504,47.13797498852194],[8.597695407099144,47.138025306653525],[8.597687891206766,47.13808249703281],[8.597699902532126,47.138139805472704],[8.59774345450149,47.13823026958567],[8.597776553218697,47.138357326191276],[8.597805023944712,47.13841370408286],[8.597836183488871,47.13845299874104],[8.597895001496806,47.138565339755196],[8.597892721408632,47.13859094692524],[8.597927272887553,47.13864075949768],[8.597971988486597,47.13870211922502],[8.598003032382808,47.1387177919112],[8.598216561969934,47.138852106228356],[8.598265203756243,47.13893889350032],[8.59832374908708,47.1390124019775],[8.598362798814573,47.139093348667785],[8.59841687505161,47.139171112218165],[8.598468021227227,47.139195155109924],[8.598533189235509,47.139212849436106],[8.598638843584181,47.13926153989152],[8.59866743687401,47.13928699761156],[8.598706904286704,47.139335464968845],[8.598750952758449,47.13943046659684],[8.598791999166602,47.13953841652493],[8.598813841459984,47.139625887703474],[8.598812446743398,47.139655830951995],[8.598727211189127,47.139843156607455],[8.598717802352466,47.13989873788384],[8.598691191221917,47.13994166459081],[8.598669979743978,47.13999954189928],[8.598671810287568,47.14003352773024],[8.59865995563553,47.14017704106126],[8.59868961528944,47.14022613809554],[8.598650246069989,47.14033376563763],[8.598550964559498,47.140408343935555],[8.598551341911254,47.14045376014572],[8.598585692098835,47.140503934380995],[8.598588312262128,47.14054272502185],[8.598545769753734,47.14062682440507],[8.598536593680889,47.14069742636411],[8.598545909949786,47.14077753934982],[8.598414464099058,47.14098447386043],[8.598320084540156,47.14107970193547],[8.598224933218553,47.14110826052874],[8.598087320489135,47.1411193903468],[8.598043696202934,47.141135320943],[8.59797962861709,47.14118438236793],[8.597949011184808,47.14123048880897],[8.597900901148591,47.14127733828976],[8.597896731254748,47.141327712048444],[8.59791531586389,47.14136583801805],[8.597979856958412,47.14141718343752],[8.598013548618392,47.141456425528666],[8.598042024040616,47.14159878553789],[8.59802374692721,47.14166194065772],[8.597972915597206,47.14176397108744],[8.597959858460584,47.14186301195821],[8.597995921554366,47.14201785367826],[8.597949542498563,47.14209048578353],[8.597932582822022,47.1421925795835],[8.597906545096114,47.14225171978621],[8.59782255895652,47.14233631750664],[8.597826716898515,47.14241205654602],[8.59776099996641,47.14248245457613],[8.597760455759392,47.14255719748376],[8.597766696588492,47.14258664093966],[8.597744210446187,47.14260765692703],[8.597671216855572,47.142634273520244],[8.59766938591464,47.14264836146054],[8.597690928349753,47.142673890466945],[8.597701229309703,47.14270330200718],[8.59766098303883,47.142815660762516],[8.597693282546317,47.14284050563816],[8.597680350900852,47.142880208637735],[8.597638590965264,47.14290985691438],[8.597625876142656,47.142944960849086],[8.597582117572147,47.14299191924141],[8.597574061367167,47.1430321038558],[8.597595456508818,47.14307579695736],[8.59758952274164,47.143122059363385],[8.597547251841652,47.14315247739734],[8.597560424841426,47.14320249645803],[8.597599341956215,47.143235200014004],[8.597575385836654,47.143350956928366],[8.597660891752636,47.143469865912536],[8.597680017907662,47.14351349190164],[8.59767879772218,47.14354787728606],[8.597703102263452,47.14361815073029],[8.597713395194196,47.14368798963124],[8.597686834587982,47.14377966396363],[8.597692021981864,47.14385728173346],[8.597785877931452,47.14390811595747],[8.597795541480636,47.1439525299646],[8.597795178716469,47.14400459251839],[8.597809466289327,47.14402081195638],[8.597793392176905,47.14407980670734],[8.59785886491534,47.144134453272805],[8.597954264514529,47.14418652222654],[8.598033014996107,47.14424300495542],[8.598092791630647,47.1443116253615],[8.598117585893593,47.144369767392774],[8.59816808951002,47.1444400195231],[8.598188115057118,47.1445111366257],[8.598196399832988,47.14456370572707],[8.598130722169596,47.144694465563276],[8.598207780428066,47.144882196461246],[8.59820866935415,47.14497133621346],[8.598238413612622,47.14503702079651],[8.598325025683978,47.14514958506414],[8.598322299990581,47.1452483688046],[8.5982964072098,47.145287464864865],[8.598232218074553,47.14532991562292],[8.598188045466273,47.14541748556862],[8.598144885888258,47.14546964668114],[8.598108165292722,47.145503148485034],[8.598031603807812,47.1455314024734],[8.598030879262906,47.145557614635734],[8.597994919816733,47.14558912964646],[8.59798567164568,47.14563090054901],[8.598052043657683,47.14569714256547],[8.597988187073929,47.14580795814522],[8.597930474979954,47.14586703070605],[8.597788807268564,47.14596427300885],[8.597784498457948,47.14598998153521],[8.597755992016289,47.14603872034073],[8.597744866358536,47.146067475177446],[8.59762411664514,47.14612787545475],[8.5975628885304,47.14614454991478],[8.597446663838262,47.14620386089395],[8.59730237734512,47.146214903928154],[8.597269616865747,47.14625048857362],[8.597219123331127,47.14624592351831],[8.59719473466488,47.14631802784768],[8.597026019453903,47.146445668623386],[8.596962649614532,47.1464700287711],[8.59688498581182,47.1465406724167],[8.596859737290478,47.14658951311507],[8.596748587425306,47.14670856753285],[8.59664615499127,47.14679724512561],[8.59662202820966,47.14688028560309],[8.596618902188702,47.14691498698959],[8.596599586087937,47.14692965572594],[8.596567790953369,47.14694163438486],[8.59652975795941,47.14696331935198],[8.596471224358238,47.147006485787834],[8.596447394487582,47.14704108070745],[8.59637325737601,47.14710414998304],[8.596352169334283,47.14713749385306],[8.596333461479345,47.147221154405315],[8.596280225504259,47.14728920384838],[8.596226710254061,47.14732543784042],[8.596143475090456,47.14736353614473],[8.596044211356244,47.14746287731509],[8.595962187580078,47.14748627311321],[8.59592771010999,47.147518753072475],[8.595886000141082,47.14756922546461],[8.595745207996977,47.14763170545161],[8.595678583810562,47.1476446819003],[8.59563881551555,47.14766786832598],[8.595617132248698,47.147709089382445],[8.595625582261071,47.147764517618896],[8.595799688027272,47.147992699570224],[8.59583510543773,47.148020770083946],[8.595916435814487,47.148061026814815],[8.596016083127845,47.14804768199685],[8.596181459960313,47.14807022571717],[8.596261245520093,47.14806951277887],[8.594524379594992,47.15050049375148]]]]}},{"type":"Feature","properties":{"id":1353,"uuid":"{C19A0C34-EBF8-42D0-89F5-989959CDF67F}","datum_aenderung":"2025-11-19T00:00:00.000","datum_erstellung":"2008-11-24T00:00:00.000","erstellung_jahr":2000,"erstellung_monat":1,"grund_aenderung":"Verbessert","herkunft":"swisstopo","herkunft_jahr":2026,"herkunft_monat":1,"revision_jahr":2025,"revision_monat":1,"revision_qualitaet":"TGMG_2025_Akt","objektart":"Gemeindegebiet","bfs_nummer":1701,"bezirksnummer":null,"kantonsnummer":9,"name":"Baar","gem_flaeche":2485.0,"see_flaeche":0.0,"icc":"CH","shn":"CH09001701","einwohnerzahl":25004,"hist_nr":11711},"geometry":{"type":"MultiPolygon","coordinates":[[[[8.574374069106419,47.21706247842497],[8.574280847297501,47.21695198664133],[8.574749480143366,47.21689600017902],[8.575234744460271,47.216875272501255],[8.575300058197309,47.21691810389684],[8.575345688897574,47.21694240958359],[8.575608304390567,47.216624403610524],[8.575678405302654,47.21653038188566],[8.576282344941802,47.216082687589015],[8.576897569279652,47.21562662045488],[8.577559622046392,47.21515056628944],[8.577760573588078,47.21500607006505],[8.577476706894547,47.21467179235719],[8.577158987881218,47.21407309774567],[8.577038888157466,47.213637744147405],[8.577061252173609,47.21346285462591],[8.576380871980822,47.21276708058925],[8.57629147201128,47.21261206011773],[8.576343653502322,47.21227114934816],[8.576140046118883,47.21202732735781],[8.575746314949308,47.21181034520194],[8.575495223686147,47.2116719701117],[8.575402011489828,47.21162059846085],[8.57501984139346,47.21121741576243],[8.574380845488648,47.210786872223075],[8.574116117794036,47.210617035929104],[8.573898270355283,47.210466527360126],[8.573128852549353,47.2101467575426],[8.572908039486343,47.210086493695336],[8.572794390738459,47.209887909556215],[8.572686916505365,47.209742032976365],[8.57263739991187,47.20967481930231],[8.571917449732707,47.209227239013096],[8.57173963163256,47.209028394706344],[8.571545574533339,47.20869105094791],[8.571336708099572,47.20843283431377],[8.57106656717174,47.208146604679946],[8.570402435736305,47.20802960501314],[8.569931165417982,47.207997991937894],[8.569293041463467,47.20795519639223],[8.569042727947654,47.208008092226095],[8.56899330172118,47.2082209195809],[8.568649871516847,47.2082439363611],[8.568434052424118,47.208221990452195],[8.568426287238733,47.20819809323743],[8.568156173395973,47.208177983807595],[8.56800549741774,47.20819030126633],[8.567860060178845,47.208105000407436],[8.567685277168085,47.20801213387386],[8.567658829746815,47.20799806309505],[8.567633050206416,47.20798436357984],[8.56759831258835,47.207965903223645],[8.56747981397745,47.20791726492573],[8.56736345903446,47.2078694870704],[8.567216368807129,47.207802723641386],[8.566978722401736,47.207719647634775],[8.566877041234518,47.20767158159356],[8.566811042757042,47.20767114867317],[8.566677111155126,47.2075967083135],[8.56656648806047,47.207535227128204],[8.56645567029453,47.20748453352061],[8.566429505206846,47.20747255568323],[8.566393023625194,47.20745586619742],[8.56633097679937,47.20742747183176],[8.5662364075303,47.20738421123007],[8.56614019860129,47.20734018398391],[8.566099907732706,47.207337528921315],[8.565901084720677,47.20732446152752],[8.565834054297303,47.20730949219891],[8.565673932176175,47.20727373641741],[8.565512844976572,47.20725231092042],[8.565433381762826,47.20723366685432],[8.56537356534834,47.20721962519117],[8.565297949449574,47.20720188793315],[8.56515097584788,47.20716739711922],[8.564983023960504,47.20709953956522],[8.564849900050387,47.20701687618859],[8.56475683420494,47.206804814461876],[8.564598248166138,47.206627477768],[8.56453591102555,47.20649490675727],[8.56455342552749,47.20641328897741],[8.564584547293284,47.20626824481179],[8.564604026747908,47.20614265509501],[8.564608595877878,47.20611327562898],[8.564615744724906,47.206067237995214],[8.564678156962067,47.20584664827686],[8.564652465210793,47.2057273114002],[8.564642166782855,47.20567954627449],[8.564639444347929,47.20566685305309],[8.5646162862077,47.2055593836333],[8.564658656170012,47.20548593371204],[8.564781444012665,47.205390728542035],[8.564918813707589,47.20532042449782],[8.565021083184902,47.20522874812234],[8.565088721589948,47.20522634136482],[8.565153397003295,47.20514655601804],[8.565074182403144,47.20484812670034],[8.564883351966762,47.20455534977495],[8.564583302159267,47.204417717923654],[8.564180499429769,47.204297254834685],[8.56414024703517,47.20418654302571],[8.564022805078269,47.20403701372806],[8.563944247727418,47.203928169463666],[8.562720930497811,47.20394919388965],[8.562262838562418,47.2038844521211],[8.56221366046239,47.20393048590544],[8.562125905353248,47.20389069078537],[8.562168717237627,47.20384257818821],[8.562136021652446,47.20383816547401],[8.561550985369195,47.203876867832314],[8.560841679917202,47.20193981459548],[8.560888355054816,47.20170594967141],[8.56080681654124,47.20162062898314],[8.560854767695263,47.20147526878858],[8.560862801345147,47.201397675000706],[8.560802819447483,47.20088843120166],[8.560831403877174,47.20081714098218],[8.560803045934797,47.20077340163397],[8.5608522385053,47.20074386627814],[8.560846207862333,47.200713726657476],[8.560808722447128,47.20067090386337],[8.560834483516157,47.20062672705284],[8.560811533147865,47.200549453198164],[8.56081070403374,47.20039040020245],[8.560903720776318,47.20029189986372],[8.560952313393441,47.20018535854118],[8.560867320551205,47.200148549113706],[8.560833405597824,47.200106663057596],[8.560801490904995,47.20003932679414],[8.56080139678549,47.199976960865726],[8.560744363881113,47.199911443611114],[8.560685752763105,47.19987198411641],[8.560672828726032,47.19983788160295],[8.560639168451443,47.199821333756375],[8.560643879872261,47.19979362622147],[8.560574141569159,47.199761039824736],[8.560541368146687,47.1997320243326],[8.560532691155602,47.199693373602116],[8.560564409332477,47.19955881346423],[8.560528216269422,47.19951714741914],[8.560461034800102,47.19941010602513],[8.560508091998448,47.199367538909456],[8.560492632052712,47.199225099460335],[8.560425956086501,47.19909053541763],[8.560403955016401,47.19908175410659],[8.560290393688332,47.19897337430796],[8.560235391797658,47.19895491126422],[8.560206708346207,47.19889746556003],[8.56020811633769,47.19882802340166],[8.560154179045481,47.19879674913724],[8.560142515108454,47.19868926574631],[8.560065027131651,47.19859164399807],[8.560035312878743,47.19852530259284],[8.55988134574458,47.19849146706905],[8.559702194073587,47.198300704506046],[8.55971808077093,47.19823124731923],[8.55969429769894,47.19819472264089],[8.55963086194199,47.19816297388812],[8.55956025703586,47.198119762466206],[8.559537533673767,47.19805129287187],[8.559461568093301,47.197910962531864],[8.559413533009183,47.19787093167642],[8.559338740534129,47.197840741609475],[8.559234999611217,47.197826683573254],[8.559196510789977,47.197810146323434],[8.55917648288532,47.19775880513658],[8.559028373192481,47.197664226814574],[8.55899069762025,47.1976190844029],[8.558932081643247,47.197579210277404],[8.558871106529253,47.197577932434825],[8.558881650613687,47.19747200498677],[8.558793283738941,47.19741938554128],[8.558708943973093,47.19738890113901],[8.5585698573111,47.19737849674306],[8.558488404342093,47.19729929063321],[8.558417592694589,47.197261235041324],[8.55837038422184,47.19722910289735],[8.558283439232989,47.19720843079293],[8.558247230216288,47.19717656046031],[8.558144896328109,47.19712623529286],[8.557826546118381,47.19687687616219],[8.558036851120354,47.196720358400256],[8.558080532469958,47.19668109948193],[8.558172663150634,47.196557359057756],[8.558231676982587,47.19642463007673],[8.558243485477139,47.19627123829291],[8.558178947045274,47.19604728931773],[8.558156597777472,47.19602494552406],[8.558063582585255,47.19587933765953],[8.557790196966643,47.19548454927124],[8.557744196510804,47.19541102511611],[8.557722960724652,47.195272185665786],[8.557656256455644,47.19508648896639],[8.557602596258327,47.194962213737945],[8.557563636016699,47.19481196909407],[8.557562187722418,47.19467332411003],[8.557590709005414,47.19456174365733],[8.55766149058842,47.19445913493425],[8.5578206454148,47.19426719485012],[8.557922635325202,47.194167008265175],[8.558091379455433,47.1940140157143],[8.558160414396715,47.19395793119845],[8.558297663619578,47.19387656216205],[8.558445562452963,47.19376114874876],[8.558698919695189,47.19364959388636],[8.558801111264978,47.193550978758964],[8.558860148396192,47.193478205169804],[8.558914217400343,47.19337868181077],[8.558964499201997,47.19327099122996],[8.559034804208498,47.19297003184795],[8.55905571884895,47.192900606684454],[8.559045542325935,47.19278143221126],[8.559024816507142,47.19270927278281],[8.558997868843957,47.19267210406002],[8.558723595039076,47.192405883349096],[8.558585260827485,47.192257451289095],[8.558534272624627,47.1921851363668],[8.558484395277965,47.19208266614484],[8.558437872609447,47.19188890225126],[8.558301816916751,47.19080192984186],[8.558251211140153,47.19045459551692],[8.558235829759846,47.19021776322039],[8.55820545954451,47.190010024735884],[8.558142464717788,47.189476690383586],[8.558121277739632,47.1893558866584],[8.558107042661524,47.189310641926085],[8.557903530187692,47.188839889240484],[8.557750798256706,47.18858361210263],[8.557555901549557,47.18832768161715],[8.557425634428517,47.18820215368117],[8.557358637773746,47.188126953256514],[8.557218371122408,47.18795102056114],[8.557161462691942,47.18786159879434],[8.557042171780445,47.18769671566619],[8.556996013760406,47.187612127999415],[8.556972447439515,47.18753894325659],[8.55695893189846,47.18746113604783],[8.556964122325338,47.18738939011563],[8.556986032598216,47.18725078783609],[8.557028672512486,47.18715573011686],[8.55710172842159,47.18702346761908],[8.557309731572074,47.18675672181995],[8.557347748097529,47.18664316880377],[8.557362027630148,47.18664643039999],[8.557402332065932,47.1865129387016],[8.557399194486486,47.186466380591504],[8.557333872426854,47.186309609073014],[8.557269287208483,47.1862467542055],[8.55726291267885,47.186244801117574],[8.55723636577499,47.18623668410482],[8.557171488993792,47.18617817692779],[8.557102067557201,47.18613076056004],[8.55702400992785,47.18606787453108],[8.556948325854194,47.185989753704284],[8.55689367051118,47.18589121527043],[8.556845187345678,47.18571675631924],[8.556826038659871,47.185613087241734],[8.556832246741886,47.185614025458676],[8.556852185940455,47.18548467185063],[8.556858049039741,47.18540407660308],[8.556847801795213,47.185259750549726],[8.556828181754298,47.18514551612023],[8.556770717870343,47.185021133330935],[8.556718478323129,47.184940265835884],[8.556618302117084,47.18483477494083],[8.556520983716513,47.1847511067085],[8.556483145725217,47.18463007748002],[8.556482227323858,47.18458169864651],[8.55651104139316,47.18428661246106],[8.556483310159885,47.184199020964535],[8.556500626546443,47.18419294264433],[8.556453558009201,47.18409616542609],[8.556449334725537,47.18409864426594],[8.556408826775451,47.18405504874606],[8.556251938113418,47.183962621202326],[8.556161409473553,47.183918386774124],[8.556100745680936,47.183903467141704],[8.555984163071859,47.18383736512111],[8.555939746993001,47.18377719235477],[8.555906127111127,47.183700731557614],[8.555914049475048,47.18368141290541],[8.555844171807912,47.18347986825204],[8.555836305583586,47.18339697744509],[8.555788342896445,47.1833350129174],[8.555753786824276,47.1832996354317],[8.555652796102585,47.183234524217674],[8.555625719298746,47.18325087123942],[8.555484572374521,47.18314565998027],[8.555324644547788,47.18304080166477],[8.555209872662726,47.18290769048179],[8.555180006095197,47.18282006540826],[8.555205604034109,47.18281694748764],[8.55522339586701,47.182765382584854],[8.555206611421546,47.18262559060512],[8.555174924424751,47.18252216877791],[8.555092848154745,47.182387103113925],[8.555000914533444,47.18228294319836],[8.554526386119708,47.182038175127076],[8.554422238748007,47.18189236621553],[8.554409688080154,47.1817884528264],[8.554464026257351,47.181486894618104],[8.554596890548295,47.18125854656235],[8.55465311253386,47.18114227201734],[8.554684303495385,47.181054369639796],[8.554709777349807,47.18094982669673],[8.554864179382243,47.1807654922259],[8.554842576245772,47.18075703887624],[8.555069013435183,47.18046448012176],[8.555190875894144,47.180285777222885],[8.555249662352367,47.18018059612716],[8.555435844955088,47.179969766064524],[8.55549046172482,47.179944246109876],[8.555673165519377,47.17982345124082],[8.555734771262381,47.179718773256326],[8.555736431333035,47.1796725283062],[8.555679549313878,47.179594574980506],[8.555690972991695,47.179564778345885],[8.55566668814424,47.17948725529882],[8.555559983596162,47.179319981461354],[8.555500635169363,47.17916618234486],[8.55550902164932,47.179145105031154],[8.555519827415322,47.178911247206145],[8.555650870613999,47.17878641975824],[8.555880406019623,47.178625166153004],[8.555989305177674,47.17863661305923],[8.556447379700943,47.17865505035907],[8.556555790653983,47.17865006634426],[8.556820000198652,47.17867153637564],[8.55702839490882,47.1786699344587],[8.557714119441052,47.17852363830238],[8.557936009205287,47.1784898158873],[8.557973478984499,47.17847850374322],[8.558082970700706,47.17845520153664],[8.558359557096525,47.178351291600634],[8.55863752996389,47.17819832296258],[8.558715135331402,47.17810013539547],[8.558740162714198,47.17805538113575],[8.558681636837711,47.177852378067115],[8.558659199405515,47.17762944015838],[8.558637337819526,47.17726318617273],[8.558575101114364,47.17717782888831],[8.55859191351803,47.17701037229877],[8.558688380959055,47.17675135597513],[8.558768914263887,47.17650890277665],[8.558869168985556,47.17632248967358],[8.558958031345776,47.176237227070594],[8.559575562655892,47.17610398821811],[8.559655344362106,47.17607968741265],[8.559792607019771,47.175982366249904],[8.559901117627035,47.17578155959271],[8.559922518825969,47.17577224744485],[8.559868243373696,47.175572603813414],[8.559888408634215,47.17541993918067],[8.559914125324674,47.17531752443153],[8.560027853867838,47.17522667524144],[8.560040807484864,47.175068593449154],[8.560114138609109,47.17490528155049],[8.56014276845412,47.174887766800545],[8.560198810352501,47.17479022899114],[8.560425301768817,47.174549419503606],[8.560527197263063,47.17442976391604],[8.56071449678001,47.174107411928105],[8.560734905658613,47.17406528395275],[8.560789327362347,47.173904413833455],[8.56082367730233,47.173660834935895],[8.560818243562313,47.173618752015464],[8.560776043247083,47.1735351345626],[8.560690323009588,47.173457833588046],[8.56049363702758,47.17334366137523],[8.560260076848802,47.173268349840384],[8.56000891176212,47.173207161717635],[8.559869663529929,47.17312624365892],[8.559858801347149,47.173094513668325],[8.559692873685472,47.17300135127988],[8.559665276975412,47.17294912113594],[8.559661987514119,47.17288025504219],[8.55971141057966,47.172806242692005],[8.55977810699824,47.17273122544682],[8.559985090840073,47.172519851728275],[8.56010584507128,47.17238433314999],[8.560424638993837,47.172051479381054],[8.56044537003415,47.171846022135],[8.560413763699325,47.171637125920846],[8.560437046162605,47.17154017706679],[8.560473263430438,47.17147188840099],[8.560516601659554,47.17140474472574],[8.560640126665819,47.17110395622388],[8.560647237967169,47.17101969599857],[8.560625835604633,47.170682790236654],[8.560690090428606,47.17062803655008],[8.560701073154245,47.17051954908374],[8.560744339944257,47.17030434549834],[8.56073528390231,47.17011905006996],[8.560701977383895,47.17006563440714],[8.560650576838523,47.16995453469664],[8.560411736585046,47.169692703858736],[8.560290944186844,47.169454100404046],[8.560308853579663,47.169414254729496],[8.560276581870596,47.16928177448825],[8.560253028054184,47.16911775124028],[8.56025164269664,47.16903465330084],[8.560257525810126,47.1690163976226],[8.560241111512244,47.16891357461778],[8.560195322374547,47.16873716505692],[8.560144478373417,47.1685920828521],[8.559971710773201,47.168340545951814],[8.559801492646491,47.16820622516777],[8.559696910044815,47.168151767438054],[8.559452235951023,47.16797985868971],[8.559409286694763,47.16790110566917],[8.559403471540307,47.167814902349825],[8.559424487358463,47.16765380022182],[8.559331773887246,47.1675204150627],[8.559239950314103,47.16732682180236],[8.559204986771107,47.167208598675444],[8.559210018022041,47.167049478350606],[8.559223259619033,47.1669983706544],[8.5592356646918,47.16687077148735],[8.559233148143528,47.166768217780664],[8.559265095387921,47.16655781158616],[8.559249324290999,47.166394234027656],[8.559167244357642,47.16608442000467],[8.559170982184831,47.16605756735662],[8.559128372801668,47.165853824324245],[8.559300934224659,47.16569543839998],[8.559583646250905,47.16551821268394],[8.559704450414806,47.16546701959523],[8.5598606385821,47.16535389687097],[8.559969641880395,47.165211017094435],[8.560062193762628,47.16512087755603],[8.560173457626128,47.16485491398928],[8.560222411151148,47.16471230435329],[8.56017772742979,47.164592880800875],[8.56010710529068,47.164490729947794],[8.559985823552067,47.16433894854516],[8.559922411165754,47.16413704565327],[8.559879369259606,47.164022274764214],[8.559855169248147,47.16387382916525],[8.55970771472895,47.16359893506298],[8.559568142641826,47.16335837264714],[8.559509814906349,47.163135244025995],[8.559560016468305,47.162992388568554],[8.559607693052268,47.16292799145594],[8.559779486578792,47.16258989535455],[8.559867351307219,47.16250979580251],[8.560034169967004,47.16241976008421],[8.560127213826611,47.16235207793439],[8.560346078864269,47.16221117634609],[8.560359523945671,47.16221457160245],[8.56058091080493,47.162160057987],[8.560829125546825,47.16202634472679],[8.56080192673307,47.161851328097654],[8.560769143779089,47.16172324269109],[8.56078804526709,47.16151129874511],[8.56111885274996,47.16105461496166],[8.561277641101114,47.16074111159817],[8.561339031220646,47.160398836460594],[8.561395171344309,47.159884901801036],[8.561269309687667,47.15973829391415],[8.561048532075702,47.15958737633066],[8.560807804828647,47.1594152340457],[8.560609711822657,47.15925476580359],[8.560506007492677,47.159135072179986],[8.560451214538903,47.159049742087],[8.560401635077781,47.15895200998659],[8.560355699590882,47.15880536847931],[8.560343768383488,47.158689142883674],[8.560346435919941,47.15854518501987],[8.560359807771663,47.15840415435566],[8.56038348799463,47.15797528537152],[8.560393110022956,47.15749484586742],[8.560423255257447,47.15731535673493],[8.560499400341833,47.15716230733664],[8.560586695499495,47.15701397986225],[8.56066000330998,47.15686969287473],[8.560696588125149,47.15672379391542],[8.56071206956153,47.156573368994046],[8.560716762924944,47.15657329623326],[8.560729267620161,47.156423053262664],[8.560753861630173,47.15600210030357],[8.560753895340843,47.155872849074726],[8.560751796831935,47.15580230689707],[8.560731806086368,47.155669643670336],[8.560711869976807,47.15559431880322],[8.560676835643513,47.15551780981046],[8.560629525510855,47.155442014243945],[8.560519131761215,47.15529915881055],[8.560316240655714,47.15510152144086],[8.560281172794852,47.15503029315877],[8.560269731818599,47.15499784009004],[8.560265249271756,47.1549506920935],[8.560273247091663,47.154849025128165],[8.560286323734838,47.154792755168984],[8.560341662774352,47.15467402048013],[8.560388396546514,47.15463803160823],[8.56041647604166,47.154623094747805],[8.560449935867238,47.15461129890863],[8.560479279300687,47.15460507558535],[8.560830383023573,47.15457498798072],[8.560948174098565,47.15456938606541],[8.56124300051487,47.15449875358886],[8.561336520535828,47.15445827768503],[8.561426767759695,47.15441078097459],[8.561575641382742,47.15437061923618],[8.562117236797917,47.15424325922604],[8.562425310025125,47.15418755321103],[8.562756496351277,47.15413544372301],[8.562978910715989,47.154070650838115],[8.56312663604485,47.1540650689789],[8.563234373878482,47.15406872964607],[8.56341876808031,47.15405977538157],[8.563607827554051,47.154004869857445],[8.563698691176839,47.15393286985932],[8.563816558470359,47.15381301813004],[8.563820527775547,47.15378603701628],[8.563815274532745,47.15374691187212],[8.563787351694021,47.15363810240965],[8.563771935736119,47.15360672304827],[8.56368698369942,47.1534918773996],[8.56348673005466,47.15332083814382],[8.563266947775881,47.153142271092],[8.56318730901739,47.15309257439017],[8.563039874668114,47.15301770445253],[8.562848883929869,47.15294910721488],[8.56269927088433,47.152907974235134],[8.562246093781484,47.15280401135922],[8.562024985779802,47.152757404679214],[8.561935870719738,47.15273363547075],[8.561849688657652,47.1527000681666],[8.561811847427727,47.15267077861198],[8.561799831874033,47.15262667278265],[8.561812113616218,47.15257032939805],[8.561847893488531,47.15250828717103],[8.56191642695411,47.1524285273344],[8.562198915553159,47.15214512810273],[8.562331667218855,47.152035819429216],[8.56229408000515,47.152016737735295],[8.562254738615165,47.15198632951113],[8.562193426610179,47.15187416650182],[8.562109670798655,47.15179215153341],[8.56208983867064,47.15174568420942],[8.562088961873197,47.15170578758643],[8.562119449195023,47.15166115875334],[8.56216344702555,47.151662123406645],[8.562231176129083,47.15169741797005],[8.5622739362631,47.15167585129764],[8.562270837069537,47.15163185632312],[8.56223568033019,47.151600390699045],[8.562115560886955,47.151547508324306],[8.56204742253582,47.15150652337515],[8.562025321879645,47.15144871654766],[8.561965975299492,47.15140251811491],[8.56188619765109,47.15138750053681],[8.56181414355157,47.15138675573185],[8.561750575654573,47.15140835445969],[8.561676502714208,47.151408178019054],[8.561628904080154,47.15139333189318],[8.561534754515991,47.15135448966575],[8.561485359197816,47.15131684777484],[8.561453748757902,47.15117150597609],[8.56138802781673,47.15111873059529],[8.561236005639735,47.151054221300114],[8.561136089962252,47.151022082885426],[8.56102894574362,47.15099108540637],[8.560926756090646,47.15098381528261],[8.560821072094225,47.150925591197336],[8.560692193561357,47.15089065837513],[8.560527752993286,47.15087657355816],[8.560422292949498,47.15087179972013],[8.560201915874154,47.150912495302364],[8.56014699471021,47.15095029116505],[8.560032436949934,47.15100852198483],[8.559984306601127,47.151014838387965],[8.559755218588258,47.151007346785235],[8.559659606064846,47.1510339344359],[8.559589569515826,47.151064653727886],[8.559334466123708,47.15109882224102],[8.559207109178557,47.151083636613066],[8.55900031929709,47.15102698939543],[8.55891445641501,47.15103870144563],[8.558755854376345,47.150954507297115],[8.558675218503698,47.15094062033161],[8.55860174461625,47.150885211147184],[8.558559415932228,47.150861253731506],[8.558499622067746,47.150874186989235],[8.558446560269088,47.150907627975066],[8.558395479422213,47.15096895448306],[8.558358566391195,47.15105135505444],[8.558366464949872,47.15110556754938],[8.558359976343738,47.151130746850185],[8.558317990792023,47.15116859583002],[8.558181784910834,47.15122020770155],[8.558136106339397,47.15129018939899],[8.558083863740585,47.151311756837885],[8.557871080632376,47.1513241633385],[8.557846721693371,47.15132905113001],[8.557647189949845,47.151859357645584],[8.557306451571945,47.15267374629147],[8.556721357608858,47.15401214503702],[8.556526555590343,47.15448451548892],[8.55530195182319,47.157364258632555],[8.555358043235053,47.157808166499265],[8.554544998703616,47.15785340533969],[8.554527221359693,47.15740550926485],[8.553701263119049,47.15695716362014],[8.552325888019963,47.15660904571768],[8.55210349394498,47.15653770312207],[8.551877301207108,47.156492304564374],[8.551353085890716,47.15627032342797],[8.551003589661219,47.15635187594485],[8.550748135537084,47.15642775065981],[8.550554118490826,47.15659166597861],[8.550151745640612,47.156610190050515],[8.549007956554698,47.156755540683974],[8.548096972794166,47.15666249738116],[8.547740825596247,47.156802756162705],[8.547472919148364,47.15721051484033],[8.546448825681283,47.156965576250606],[8.546352796005133,47.157351391780985],[8.543690050234728,47.157459308179384],[8.54295183804562,47.157947217014545],[8.543108560465518,47.1591728898289],[8.542674075307595,47.159284612468234],[8.541507006131727,47.15916020381537],[8.539983507906554,47.1617111536652],[8.54023662169783,47.16207267874667],[8.539211790440117,47.16332392794522],[8.538774522654718,47.163195764745836],[8.53767604059509,47.16330187716373],[8.537210869399606,47.16370780596853],[8.53596270480977,47.16493431355276],[8.536319485811289,47.166625518091465],[8.535934638766866,47.166569861926455],[8.535792550319757,47.16663279218599],[8.535827529314904,47.16665973359292],[8.53578128852804,47.166710784186805],[8.53574755588885,47.167094699708606],[8.535849672086696,47.167488276729586],[8.536175014267608,47.1678766933118],[8.536303883776132,47.16803798913763],[8.53685597838209,47.16841917615284],[8.537276049893107,47.16862153648666],[8.539742039471731,47.1690508734029],[8.539692507158302,47.169132281501724],[8.539346582081725,47.169486026556825],[8.538755105738748,47.170211606704676],[8.539120894751912,47.17080101470492],[8.539079392234306,47.17131668407633],[8.53908044880455,47.17136165236696],[8.539051612218056,47.17138731390455],[8.538935679255873,47.17146914059188],[8.53883798267432,47.171576286572105],[8.5388231480873,47.17163047441978],[8.53877311983318,47.17166483938336],[8.538750908093746,47.1717073313938],[8.538696934984603,47.17174103236884],[8.538680887284185,47.17175674828317],[8.538550120084778,47.17179722829164],[8.538466220775947,47.17183249255244],[8.538244741754408,47.17186369194734],[8.538181198525688,47.17188363077235],[8.538046291859565,47.172019953695035],[8.537942688191334,47.172106177389054],[8.537893034291683,47.17211000705928],[8.53785264425516,47.17217437008082],[8.537724714045813,47.17222588671441],[8.537700111514958,47.172258002338495],[8.537532700230813,47.17231540113855],[8.53751638307369,47.17235078399954],[8.537484502182075,47.172367658433224],[8.537456770076224,47.17239834658404],[8.53743119987972,47.1724135415281],[8.53738023364085,47.172516668751605],[8.537312869444204,47.17256965768288],[8.537298690647944,47.1725954756858],[8.537298475245642,47.17262161017234],[8.537227109410837,47.17266346462514],[8.537238355306094,47.17269912406993],[8.537222352045887,47.17272796403253],[8.537213861406734,47.172768687529555],[8.537156813799855,47.172861572642866],[8.537114688858018,47.17294688486816],[8.537094738106788,47.172965939213526],[8.537097978853337,47.173010068035616],[8.536906116340521,47.173101999751424],[8.536847518982983,47.173195906999425],[8.536735493218087,47.17321841261009],[8.536535191107843,47.17327970399979],[8.536511363457475,47.17331749722154],[8.536464310813436,47.173327292564345],[8.53641862591136,47.173375468361044],[8.536373598298692,47.173393952158555],[8.536273839009294,47.17346912690202],[8.536281566474676,47.17353007982465],[8.53624580679624,47.17357014574559],[8.53620774317624,47.17358085377103],[8.536173075190838,47.173614333422876],[8.536162183471783,47.1736718206618],[8.536034031978991,47.17378484983834],[8.536002901394617,47.17383902172513],[8.535997009210586,47.1738739900943],[8.536030966770527,47.17391779006431],[8.536042802036336,47.17396034366763],[8.536020539541148,47.17401209212352],[8.536027891026395,47.17409653632659],[8.535999399855045,47.17424404907247],[8.535936638971945,47.174361510174705],[8.535603966946931,47.17465606905799],[8.533975214893731,47.174713114480255],[8.53287414599413,47.174684699886484],[8.531882883733058,47.17473019261511],[8.531512198660636,47.174668431603116],[8.53142387076622,47.17443752412439],[8.531133752955348,47.17403714691736],[8.530565232585568,47.17367091349146],[8.530539671240634,47.173744209756975],[8.53049827977797,47.17376321446484],[8.530442096804515,47.17383637841252],[8.530376366597098,47.17394724374481],[8.530225113040434,47.17405688719895],[8.53017137051263,47.17414754240263],[8.53018960841471,47.17420994322938],[8.530145281584415,47.17428038582804],[8.530078203764269,47.17430970911578],[8.53003372884302,47.17440006945747],[8.530075676878369,47.174446485064415],[8.530017445741146,47.17453054395273],[8.529847113734595,47.17462918618331],[8.52978854298426,47.174629975375254],[8.52973301382162,47.1746434195781],[8.529489239700107,47.1747647248792],[8.529442015075887,47.17480050740183],[8.529408929243802,47.174847130606594],[8.529398623915943,47.17487938774106],[8.529397146216898,47.17491238881351],[8.52942571680796,47.17501445261368],[8.529383467548243,47.175177197603745],[8.529366284613381,47.17532121895222],[8.529319174853992,47.17550183035483],[8.5292932922455,47.17556661044651],[8.52926170303322,47.1756271446838],[8.529317680859982,47.17562659623802],[8.52935578511445,47.176285067763324],[8.527728032199239,47.177029138367146],[8.527511269143183,47.177052904739085],[8.527037130071013,47.17706712261561],[8.5254591355555,47.177731789134064],[8.525381852514993,47.177650667498874],[8.523876892956913,47.178377555759454],[8.523357009045371,47.17890048813868],[8.523527322360966,47.17942828518256],[8.523780708354945,47.17971484546629],[8.524307494814154,47.1797289667019],[8.524351103115187,47.18045092291832],[8.524381206355075,47.18050010596638],[8.524530554077757,47.18051286525531],[8.524500589133105,47.180516665231295],[8.524476074770831,47.180528995617664],[8.524462934108776,47.18054851416742],[8.524464299680167,47.18056834565616],[8.524621820854932,47.18086875310428],[8.524797788447387,47.181160692295805],[8.524936306074627,47.181437314253145],[8.525699090830377,47.1812861919531],[8.525833550890457,47.181555078960145],[8.52635656998211,47.1813998207562],[8.526691698732833,47.18192942896946],[8.526696543220995,47.181952250082425],[8.526688663507302,47.18197676570622],[8.526867890323473,47.18201172865812],[8.526917629501408,47.18206480043853],[8.526912045956857,47.18206597768174],[8.526935703458982,47.182097139785895],[8.526991182455602,47.18214243901225],[8.5270291390984,47.182187705989065],[8.527318038451455,47.18264362545602],[8.527415799455465,47.182814400497755],[8.527507297555196,47.183019723960534],[8.527574049331673,47.18322791716727],[8.52759668562728,47.18333009133391],[8.52763281615105,47.1835422893675],[8.52767120786022,47.18369701987656],[8.527640004498133,47.18372627201841],[8.527482614386962,47.18380896445231],[8.527380219693722,47.183902731897554],[8.527337295090806,47.18388119752629],[8.525929658478779,47.185187407602285],[8.525611806501502,47.18536986309522],[8.525644385863005,47.185410836390446],[8.525269448112104,47.18584397127183],[8.524787034388659,47.186075825354806],[8.524535315748468,47.18619108614757],[8.524022530198588,47.186371381671044],[8.523465973562233,47.186433273206354],[8.523393560486978,47.18642425829625],[8.523204158075261,47.18588858153557],[8.522347260542011,47.18519676527225],[8.522255079568076,47.18509699902114],[8.522153566471955,47.185065462366865],[8.52119540378252,47.18468226798305],[8.520641669839872,47.1827455082223],[8.519154479806302,47.18296694378465],[8.518995561785198,47.18297841154209],[8.518832149229898,47.183008416251724],[8.518726148315576,47.18301832556898],[8.518454893740664,47.18301344904947],[8.518188559213131,47.18298037845594],[8.517930272920077,47.18291522537488],[8.517693708844886,47.1828254000116],[8.517479467944794,47.182706668927224],[8.517297218135331,47.18257259700086],[8.517147669393232,47.18241848201692],[8.517032346075673,47.182250570769746],[8.516997740202292,47.18217277700918],[8.516982309813494,47.18217572819559],[8.516629542138752,47.182059948384136],[8.516062308849904,47.18247239177146],[8.516047500714441,47.182463660695554],[8.51598539742448,47.182452601627055],[8.51581101915044,47.18256315248208],[8.515764124313186,47.182583336681894],[8.515632264231785,47.18262148847744],[8.515577443691855,47.18268645496586],[8.515454889045335,47.182742501730075],[8.51536922300662,47.18279253607692],[8.5153208495621,47.18284154687805],[8.515080468893562,47.18294871986823],[8.515136281504192,47.182986141434235],[8.515134426881039,47.18299298644985],[8.514883020052903,47.183233586120515],[8.514606182478143,47.18337365405871],[8.514513641338816,47.18343948533289],[8.514405156348962,47.18349195412216],[8.514317987799837,47.18355267948984],[8.51422433257834,47.183593971908174],[8.513972486238323,47.183765775162755],[8.513865468740136,47.18383026584644],[8.51380107457084,47.18385956330876],[8.51374353548178,47.18387345919507],[8.513621691259079,47.18393882575984],[8.513554189299283,47.18396318652608],[8.513168078512216,47.1841806889383],[8.512967248502385,47.18430380622361],[8.512775286424294,47.18441059433169],[8.512586084441516,47.18450505036889],[8.512543342413377,47.18451665764482],[8.512492489334235,47.18453633766419],[8.512382317196627,47.18461540224951],[8.512271884131302,47.18468147950278],[8.512012064179324,47.18485496289427],[8.511811978968224,47.18496744734024],[8.511764951957618,47.18497464144337],[8.511674580654113,47.184952913892836],[8.511629572728411,47.18495222696137],[8.511565071871775,47.18497304127969],[8.511406825262155,47.18506311380525],[8.511326108505434,47.18512345286097],[8.511263108485913,47.18515332958499],[8.511208488237967,47.18519116127103],[8.51092880539593,47.18531730343653],[8.510829513633475,47.185372588708184],[8.510766792347317,47.1854269395912],[8.510723199378527,47.18545276715461],[8.510649230416236,47.18544296713474],[8.510553655551039,47.185506637431835],[8.510420650496183,47.18555140555505],[8.510346309720969,47.18559023902258],[8.509895295181789,47.1851559913718],[8.509196893433364,47.18551866929162],[8.508326650552059,47.18596153428667],[8.508347752837887,47.185979527297356],[8.50720671368246,47.18658071230876],[8.507202232923937,47.18660543781054],[8.507921309662628,47.18721845843149],[8.507662089280323,47.187542134487565],[8.50742672938137,47.18785819401073],[8.507403075377885,47.18790272589526],[8.507392646604467,47.187961959730906],[8.507403256386132,47.188018137652016],[8.507420388100199,47.188052683595366],[8.507513975410113,47.188150010577814],[8.507529036618623,47.188170740509804],[8.507541016253462,47.18821027285047],[8.50753375486833,47.188250370651275],[8.507135908921835,47.188441343085024],[8.50709817526341,47.188404631467506],[8.506797353608722,47.18807276907405],[8.506180362452595,47.18746527178408],[8.505855836712314,47.18711340467948],[8.505224479380523,47.18750115466654],[8.504154346965995,47.187005521317346],[8.502925485534023,47.18669304758723],[8.502818052745278,47.186423156640515],[8.502683841512756,47.18579596545284],[8.502557075908799,47.18531678163109],[8.502797169300866,47.18505142340453],[8.503212980603012,47.18514383161933],[8.503333903249137,47.184900758858355],[8.503036174346613,47.1848070884026],[8.500558048835444,47.18416014585759],[8.499829498262738,47.184643099777546],[8.4995212195236,47.18512629652701],[8.499254364654425,47.185309161938505],[8.49737562389885,47.18635492990419],[8.497547587226206,47.1865031966063],[8.497621952203097,47.186557727410964],[8.497701686869457,47.18660888040461],[8.49782556295716,47.1866762060703],[8.498226588786004,47.186868691231965],[8.498037129188049,47.187047144052485],[8.498700524796412,47.187417655144436],[8.49904086758133,47.187588522177606],[8.499500166364376,47.18767139478808],[8.49950425911511,47.18765220548378],[8.499589857093552,47.187660826028676],[8.499738971516141,47.187667799605244],[8.500052313028824,47.18766863521626],[8.500125248528283,47.1877087666865],[8.500089181289852,47.18793070535856],[8.500119321737248,47.18797270667936],[8.500049974916218,47.188571767972576],[8.500015471692256,47.18984239648035],[8.499888692165662,47.1897156931136],[8.49974798436294,47.19087005177904],[8.499777445030034,47.19138667482457],[8.500119767809029,47.19145502496985],[8.49998926696383,47.191938498664975],[8.499913275416182,47.1923107072345],[8.499848230552239,47.19246842341149],[8.499670935087138,47.192805808069586],[8.49962949036521,47.192903926852985],[8.499572802501776,47.19315905078932],[8.500129820061042,47.193750088890006],[8.500194609617363,47.193804922226626],[8.500268348298805,47.193854509554846],[8.50037399036156,47.19390906504674],[8.500520031155482,47.19375366013399],[8.502150767782922,47.19445304554602],[8.502159979052234,47.194500825881605],[8.502194459926574,47.19457036696],[8.502195432283848,47.194615956513786],[8.502216241953581,47.19463509576256],[8.50223850626015,47.19468558012088],[8.502267611149916,47.19481328220692],[8.502378674112252,47.1948734530128],[8.502809686398713,47.19508534579144],[8.502864348946195,47.19538716360233],[8.502774901188936,47.19579270988661],[8.50288281011665,47.19612805675039],[8.502927992559949,47.19656888959846],[8.50357421671833,47.19656838381933],[8.503652818201735,47.19674917833633],[8.503645061041057,47.196878597324286],[8.503592143270616,47.19704921989968],[8.503485546980347,47.1972084287481],[8.50362656080229,47.197408409306014],[8.503791882957117,47.19752736666861],[8.50384738134888,47.19772096853486],[8.50378045535761,47.19789465330312],[8.502892432425902,47.19821905853195],[8.502313139814586,47.19827587492416],[8.502137735005952,47.197911276870265],[8.501061302132504,47.19801847400777],[8.500697772595128,47.198442334014935],[8.499592371859604,47.199435990490535],[8.498900459229137,47.19954430118983],[8.498479811401495,47.19975594391604],[8.498267115975581,47.19981506811975],[8.497343534261734,47.200005921231146],[8.497178143670759,47.20007123817726],[8.496698637461874,47.20012564242094],[8.496503151502516,47.20011012206864],[8.496177577997262,47.20013848006046],[8.4960813034038,47.201267216641924],[8.496033604166959,47.20239029833646],[8.49611546981214,47.20258083676084],[8.496481368740685,47.203653036839576],[8.497162051472758,47.20350659551819],[8.497617101224488,47.20353610908555],[8.498206786919027,47.20349311046208],[8.49822665533216,47.20408295419747],[8.498359317735463,47.20454969946832],[8.498857874028849,47.20526197410924],[8.499029847037379,47.20548069146875],[8.499318341019087,47.20581744535536],[8.500008449288863,47.20658265248349],[8.5007766321747,47.207216331367135],[8.501873537242535,47.207997466182604],[8.502723574579893,47.20876953749179],[8.501980998968087,47.20936570255323],[8.501295665420152,47.21007179956602],[8.500392463157052,47.210409222131176],[8.500206027472233,47.21050643724356],[8.499339885410812,47.2112335108363],[8.498405338510151,47.21206393586648],[8.499302515609465,47.21195718516421],[8.500318509597706,47.211859479200285],[8.501284265527566,47.21182937038128],[8.501829835833414,47.21187902827195],[8.502821295285191,47.21210237920538],[8.503324669531395,47.212234495135746],[8.503204741328819,47.21238142122563],[8.503852528464272,47.21257306374149],[8.504231296853042,47.21279513198389],[8.504352762820767,47.21293281816776],[8.504618463347649,47.21316813822995],[8.505044206439297,47.21342241384974],[8.505210633358917,47.21352792862982],[8.505808733086504,47.213770323390186],[8.50581250871514,47.21378090313351],[8.50589726445569,47.21385233392884],[8.505513526066451,47.214297065766566],[8.505339922068439,47.21448845232699],[8.50521442828347,47.21461710808322],[8.50506664784611,47.21475233887333],[8.50510878559045,47.21476607170239],[8.505462663642414,47.21469768495266],[8.506330602219993,47.21454989716362],[8.507203524500206,47.214386152448846],[8.5073107363415,47.21437285187387],[8.50741490520426,47.21439291687442],[8.507963085221018,47.21460513399117],[8.508145286935168,47.21471140668363],[8.508589320621505,47.214915007611864],[8.50914446608951,47.215046653446535],[8.509420634872763,47.2149631895574],[8.509712033538884,47.21519391430323],[8.510031586840109,47.21541697311561],[8.510413528582694,47.21569296497496],[8.510921296137461,47.21560104538585],[8.511619279374123,47.21550839523103],[8.512180263800941,47.21548563573254],[8.512343144800994,47.215513460951286],[8.51258794099236,47.216036689003005],[8.512673247595698,47.21624600231818],[8.512694922608524,47.21632602239237],[8.512724486198108,47.21637153399277],[8.512774636959756,47.21641200501155],[8.51279276825269,47.21644113438789],[8.512793392687762,47.21649851108325],[8.512838810094632,47.216535347041265],[8.51261152690388,47.216632585213645],[8.512671715232274,47.216892777560375],[8.512756220133703,47.21698519230292],[8.51279059501755,47.2170789380465],[8.512705858765553,47.217302358665115],[8.512713392929546,47.21748486174679],[8.512552341391308,47.218232146914055],[8.512438996344535,47.21865306095019],[8.51247150624564,47.21896686377582],[8.51257476888348,47.21940932667024],[8.512643240875668,47.21939222646452],[8.516892585528119,47.219601246122174],[8.51749901912013,47.21959754700461],[8.517919217850391,47.21957086103233],[8.520645695703507,47.21932178894779],[8.520838669421709,47.21964706301557],[8.520940902793525,47.21980556645672],[8.52107556300455,47.21999204708121],[8.521224996493935,47.22017515031483],[8.5216555539538,47.21994984878694],[8.521573041548546,47.21987271414292],[8.521653543701383,47.21979127629303],[8.521677306221719,47.21971809004092],[8.521630493916078,47.21964802310711],[8.52153338330136,47.219575658384194],[8.521429619161937,47.21953332027327],[8.521423451854295,47.21948043948178],[8.521534618161573,47.21945473769571],[8.521602392129996,47.21937657695818],[8.521672252840737,47.21936038484187],[8.521764785966887,47.21932019528379],[8.521825853682067,47.219164546887605],[8.521922414858821,47.21900907740929],[8.521967894086345,47.21896382490419],[8.522027621256964,47.218944075676184],[8.522257055080079,47.21892789351418],[8.522342506735878,47.21892923055847],[8.522423251879033,47.21891593109251],[8.52244636460954,47.21887459499432],[8.522515130172234,47.21882070333499],[8.522646812138525,47.21883602499814],[8.522832761571754,47.21889509382952],[8.52288142418186,47.21888902257474],[8.523045907213755,47.218748295146185],[8.523128459848648,47.21871021342583],[8.523200234306108,47.21872008943453],[8.523223918706412,47.21874016938103],[8.52320141283717,47.21876647736665],[8.52315658113691,47.218795424346375],[8.523172673438019,47.21883436747902],[8.523234117462799,47.218849819018246],[8.523343696921975,47.2188520885609],[8.52352721263288,47.218826953892815],[8.523708862587034,47.218895318230224],[8.523785225236473,47.21889249392251],[8.52383965424845,47.218873900110886],[8.52385114195534,47.2188349131297],[8.523844979795363,47.21877654510392],[8.523932893468269,47.21874762373628],[8.524036701873305,47.21876479864093],[8.524135377228522,47.21876585682485],[8.524197142452069,47.218731433507536],[8.524278337407072,47.218716914095054],[8.52442951478754,47.21873584610183],[8.524584010333966,47.21877708257642],[8.524660230630321,47.21880171344302],[8.524837306622404,47.21883983112508],[8.524968224458032,47.21882530111908],[8.525073912640226,47.21884464328383],[8.52514515559163,47.21880169223697],[8.52523190033472,47.21873607005923],[8.525391708541909,47.21871645441928],[8.525500592497796,47.21874492351196],[8.5255753816764,47.21880045799914],[8.525638368454544,47.218815776762455],[8.525703783078265,47.21886738761579],[8.52577482958038,47.2188712958507],[8.525874600735095,47.21880415593201],[8.525882284931987,47.21873467373413],[8.525875332667159,47.218649893319075],[8.525896994753248,47.21859124475989],[8.52594353151327,47.21856961197589],[8.526017697005141,47.21860290606932],[8.526105504199926,47.218622703939815],[8.526249305980791,47.21858473436425],[8.526418477788889,47.218645116278566],[8.5265512453459,47.21864951162872],[8.526633626226275,47.218670601734225],[8.526715711476381,47.21870570964412],[8.526804353774805,47.218701642892334],[8.526890326390536,47.218676686634545],[8.526977085415808,47.21863588171309],[8.527042700355292,47.218623333643386],[8.527220210827664,47.2186230685393],[8.527263651898805,47.218608939777454],[8.527300363157048,47.21857619083883],[8.527358381358459,47.21857248504956],[8.527472416409424,47.218596468792306],[8.527639109349657,47.218593408726484],[8.527693815932295,47.21860537734471],[8.527762403468751,47.218607841324896],[8.527890791049664,47.2186104594422],[8.52798550572985,47.21860635234812],[8.528016196838827,47.21859373818742],[8.528178686194543,47.21859950575182],[8.528213052253191,47.21861627224205],[8.528332847668416,47.218606728189734],[8.52844486559665,47.21858094865406],[8.528552690462945,47.21853212608756],[8.528664070463476,47.2185249371899],[8.528739484126511,47.21855914427755],[8.528807911969995,47.218564784577545],[8.528885066135977,47.21852375425936],[8.528967647433813,47.21844779674512],[8.528996412758552,47.21843205210357],[8.529067518673171,47.218433061173016],[8.529170104951632,47.21839867150456],[8.529252281523638,47.218318435724576],[8.529301414270485,47.21831411142681],[8.52962977688676,47.218258602727325],[8.529708491576592,47.21822227973172],[8.529828897238858,47.21818511196696],[8.529936386892826,47.21816654331954],[8.529998511940603,47.21813767268987],[8.530044240214666,47.21806876522914],[8.53009165933333,47.217959154811815],[8.530124408031948,47.21790314399466],[8.530098649336152,47.21780095563748],[8.530108121428809,47.217770182029646],[8.530137702077816,47.217747196937744],[8.530252692521724,47.217708056025145],[8.530381971895705,47.21771241702944],[8.53050563464909,47.21769840822133],[8.53065067630453,47.21770202580391],[8.530723272960559,47.21768492064093],[8.530879739859735,47.21759504668965],[8.530970059336589,47.21756007904333],[8.531090292758629,47.217557247624036],[8.531101389312084,47.217618941891324],[8.531153087601378,47.21765363320112],[8.531219909587708,47.2176744178268],[8.531244617010772,47.217698561439505],[8.53140361424637,47.217756450856626],[8.53152054730377,47.21783371979987],[8.531561981700039,47.21787911407827],[8.531577520726644,47.21793268813474],[8.531570046816448,47.2180088615014],[8.531583241121792,47.21805494650918],[8.531647861354394,47.21811266956639],[8.531781900561198,47.218205140347],[8.531900794306058,47.21826393141063],[8.531892003001746,47.21829502254987],[8.53184084628474,47.21834693569176],[8.531834748620334,47.218400643088685],[8.531875041199896,47.21844698362936],[8.531870104327442,47.218476742822396],[8.531814618025443,47.21851967449194],[8.531828241228817,47.2185673476127],[8.531834932558855,47.21862211205125],[8.531811563984,47.21865832506506],[8.531822148213097,47.218703949051275],[8.53178274186317,47.218738425193074],[8.531755471926449,47.218823413161786],[8.531765077921156,47.21889610507846],[8.531705279088033,47.21892638487597],[8.531733619455785,47.219017115023924],[8.531731367704872,47.21905357740333],[8.531692517636687,47.219087508495726],[8.531766100482661,47.2191450474854],[8.531747757370614,47.21921849038519],[8.531757968842594,47.219272357840595],[8.531829197400196,47.21933420101778],[8.531790560189574,47.219411488712495],[8.531815576029203,47.219449374488875],[8.531868176313026,47.21948868063982],[8.531882865463977,47.21953422967231],[8.531832890412078,47.21959104314262],[8.531825699445035,47.21963455093757],[8.53187110382992,47.21970484311078],[8.531876008295534,47.21974452994461],[8.53185501041286,47.2198108285853],[8.53185761375417,47.21990070548284],[8.531934636945886,47.21996177395569],[8.531907628980797,47.22003440854321],[8.531906348317872,47.22008930259329],[8.531950809395216,47.22014572353948],[8.532056139776374,47.2202099415713],[8.532104485608778,47.22026520113976],[8.532120164896781,47.22030814102196],[8.532181074749486,47.220360528651696],[8.532274166450982,47.220394421704704],[8.532302057200303,47.22045598337224],[8.532305146442253,47.22047791219718],[8.53238284288683,47.220493078649845],[8.5324126329068,47.22053064909781],[8.532525526315087,47.2206443694095],[8.532523783914334,47.22070247926226],[8.532575867150207,47.22086873530051],[8.53255795462305,47.22093867494115],[8.532537868233215,47.22097012524438],[8.532534691658668,47.22099492017587],[8.532549529351313,47.221042518691284],[8.532572158379153,47.22122182810892],[8.532602102597368,47.22127207177963],[8.532600159326135,47.22132294211006],[8.53262781638329,47.221364005040535],[8.532621496185023,47.22144230840326],[8.53260145106074,47.22152353972235],[8.532596483548938,47.22158148228875],[8.53261034778394,47.22166796882359],[8.53257205675334,47.2216976669572],[8.532545061433554,47.22173994154509],[8.532569342435995,47.221811531475424],[8.532521867539284,47.221887356048256],[8.532485384159376,47.221981544101375],[8.532477983555596,47.22204448429876],[8.53247983575313,47.22208274279208],[8.532509957767447,47.22210874177427],[8.532528948905325,47.222100537404906],[8.532553775387747,47.22212714438562],[8.532621869867304,47.22208978688086],[8.532968578730586,47.22184650137839],[8.533126156998222,47.22174664691945],[8.533334048634783,47.22163488976719],[8.533555940013647,47.221536249618026],[8.533745184541212,47.22146631836798],[8.535724363244489,47.2208023515772],[8.535870517846352,47.220728509273876],[8.535964111969081,47.220643905035885],[8.536086566194298,47.220608060583174],[8.536372926931511,47.220595221049194],[8.536418910354662,47.22065672628983],[8.536408678914418,47.220715960626436],[8.536496966148825,47.22077742250384],[8.536521156293704,47.22083020280924],[8.53657578878207,47.22086021304865],[8.536543340076628,47.22098010933278],[8.536599139013056,47.2210373380126],[8.536668855789667,47.22114862327101],[8.536647426654419,47.22125988674424],[8.536658770412833,47.221391779496145],[8.536607910594354,47.22154294892703],[8.53665965720028,47.22158541850104],[8.536673963740887,47.22165775937145],[8.536728547189114,47.221777275843195],[8.53684901197129,47.221780112497555],[8.536930308191192,47.22179616813279],[8.53698895295187,47.221838247952626],[8.537089840725123,47.22185221861291],[8.537212343472188,47.22194009748732],[8.537451035602881,47.222010334164146],[8.537498873026575,47.22206877179479],[8.537560137247327,47.222084721220654],[8.537645311820297,47.22211791188636],[8.537753960819112,47.22212272240853],[8.537786917198964,47.22216957169141],[8.537911845821593,47.22220258973999],[8.537964968347852,47.22219758502072],[8.538007112809142,47.22220130279418],[8.538123186580169,47.22229042048688],[8.538273722977571,47.22235448029911],[8.538332580083095,47.222352874966916],[8.538438520609981,47.22242626588586],[8.538481085184173,47.222424078387874],[8.538577176130882,47.222542415093784],[8.5386658499086,47.22256078289788],[8.538752969533764,47.22258447285796],[8.538805843528714,47.22266555766164],[8.538871454909653,47.22266812446209],[8.538928558224452,47.22268586704294],[8.539006793546967,47.2226955276319],[8.539068068337288,47.22273438786185],[8.53910098997268,47.222795513065975],[8.539171058902525,47.22284014534428],[8.539165928443815,47.22290009580877],[8.539219126336365,47.223002002057825],[8.539225735675366,47.22304982229171],[8.539340870016357,47.22307579890276],[8.53938296884763,47.2230702062084],[8.539452641911634,47.22305453584919],[8.539605294026154,47.223012111240934],[8.539788871911108,47.223011445078924],[8.539861255679211,47.22298250709009],[8.540594048648067,47.2227331951859],[8.543232070972758,47.222069838456854],[8.54345091088071,47.222041562723405],[8.54442976783675,47.22191601979007],[8.545107647143897,47.22170357498217],[8.54515633606866,47.221523942434345],[8.545408858600922,47.22151046995681],[8.545595727181508,47.221492968131756],[8.545889581167627,47.221391678402085],[8.54619821864119,47.221615939645076],[8.546482988619758,47.22177468993444],[8.546818663658064,47.221930988799905],[8.546951560724894,47.221960879933],[8.547184908874423,47.22195995697587],[8.54725318750839,47.22193961757583],[8.547299484786706,47.22193854232291],[8.547307340987393,47.22197037402862],[8.548009284661427,47.22197513057827],[8.548650401668187,47.22200233724048],[8.549978938107776,47.22187158689705],[8.551234861360903,47.22169204679167],[8.552671821700047,47.22162753197147],[8.552965694889338,47.221650030163055],[8.553105687436314,47.222018934267524],[8.55384727308174,47.223231648950346],[8.554255439402642,47.2230510235432],[8.554538848051344,47.222932334441325],[8.555463879809984,47.22255975937881],[8.55748768445033,47.22169543464419],[8.557590496337898,47.221647766871435],[8.557688594997622,47.22159571895773],[8.557820788633734,47.22151351930868],[8.55794118554933,47.2214235000111],[8.558048694551918,47.22132651729137],[8.558142656534024,47.221223252260614],[8.558246326429757,47.221262032233035],[8.558306775802933,47.221182688231046],[8.558365277770477,47.22109169583265],[8.558789222757866,47.22031444731411],[8.558838179247974,47.22025571572883],[8.55896015141148,47.2201995034343],[8.559630447847992,47.21984193796003],[8.559892187699152,47.21971319118585],[8.56035570232572,47.21953855356274],[8.561096436665018,47.219538984197335],[8.562653157396184,47.219552662274566],[8.56351761736447,47.2195698342026],[8.564128386898359,47.21960895416427],[8.564168063626875,47.21960897128983],[8.564224447967753,47.21959292989831],[8.564566032084532,47.219461772931],[8.564611195868885,47.21943456951984],[8.564755989411058,47.219380889570296],[8.564887299130957,47.21934525153775],[8.564910932499323,47.219331428092005],[8.565183245450992,47.21925026049151],[8.565268810368003,47.21924057195537],[8.565300083664292,47.219225900081106],[8.565523002281406,47.219149766559376],[8.565552127882926,47.21914721472753],[8.565765874388745,47.219067554222164],[8.565784280060738,47.21910013615093],[8.566264614261662,47.218962884582766],[8.566727671170689,47.218673945168305],[8.566962245888796,47.21857287574203],[8.567145722730432,47.21851806716348],[8.567648150044382,47.21848209984031],[8.568128040457989,47.21851746168976],[8.568506976893119,47.218519565512395],[8.569952753479207,47.21837917528496],[8.570274671302423,47.218386582968215],[8.570909152307634,47.21849521301176],[8.571270508563018,47.21850197836297],[8.572407197909804,47.218421016658525],[8.572850635427038,47.218379103368065],[8.57312437519693,47.21828941987659],[8.573656611043285,47.2179412721665],[8.574250861675328,47.217710964999725],[8.574364057356469,47.21762609960881],[8.574397941898837,47.217515721923675],[8.574315819017995,47.21717628081097],[8.574341907181045,47.21708735362379],[8.574374069106419,47.21706247842497]]]]}},{"type":"Feature","properties":{"id":1432,"uuid":"{E1C06979-014C-4733-AD71-F00AB832DF4E}","datum_aenderung":"2025-11-19T00:00:00.000","datum_erstellung":"2008-11-24T00:00:00.000","erstellung_jahr":1997,"erstellung_monat":1,"grund_aenderung":"Verbessert","herkunft":"swisstopo","herkunft_jahr":2026,"herkunft_monat":1,"revision_jahr":2025,"revision_monat":1,"revision_qualitaet":"TGMG_2025_Akt","objektart":"Gemeindegebiet","bfs_nummer":1711,"bezirksnummer":null,"kantonsnummer":9,"name":"Zug","gem_flaeche":3384.0,"see_flaeche":1221.0,"icc":"CH","shn":"CH09001711","einwohnerzahl":32122,"hist_nr":10323},"geometry":{"type":"MultiPolygon","coordinates":[[[[8.493743292494194,47.11372608115831],[8.480382377559318,47.12632123505763],[8.489405371418519,47.144295483179576],[8.473838098693586,47.16742730819802],[8.475543465563263,47.18094703465953],[8.475274576568584,47.18227225297985],[8.475729481170188,47.182518744570146],[8.475693460901816,47.182593606249725],[8.475711239306882,47.18299147234134],[8.475803730274357,47.18373885310587],[8.476757360084155,47.184826580930334],[8.476767081132094,47.184838646254434],[8.476785975232577,47.18493381970521],[8.476800859923799,47.184932516048974],[8.47689371115635,47.18505492668285],[8.476930578762957,47.18509308612257],[8.477055442614546,47.185265888815906],[8.477099273393536,47.185317442733385],[8.478509483983874,47.18516905979689],[8.478545577149264,47.18516934545293],[8.479383663230081,47.18500428639251],[8.479674889385665,47.18505273886197],[8.480065665956474,47.18498911397021],[8.480077909613149,47.18488059776439],[8.480123309723826,47.184872999578225],[8.48039816447937,47.18490738535509],[8.480362700976672,47.18503770105986],[8.480378126132647,47.18505060502783],[8.480612065645422,47.18509179237707],[8.480839887867585,47.185149478513246],[8.481007165879664,47.18520408722891],[8.481263872636866,47.18530715443771],[8.481414225964711,47.185357193187805],[8.481969744642052,47.185515096276575],[8.48208165663166,47.18554249890897],[8.482242615032828,47.18556860223352],[8.482504633181632,47.1855872762035],[8.482665540419127,47.1856087107088],[8.483483919103344,47.18578745784018],[8.483597970477797,47.18581623390277],[8.483696738785035,47.18584618308529],[8.48379270852144,47.185880115638035],[8.48389684774368,47.185922915520024],[8.484039911300231,47.185993356020646],[8.484163061343192,47.18606703569502],[8.48428477791432,47.186155121154854],[8.484393135006913,47.18625097407293],[8.48450149512866,47.18638003846733],[8.484592019308938,47.18651534581339],[8.484665465747335,47.18665923710313],[8.484718387182715,47.18680614845473],[8.485201459281797,47.18673315770529],[8.485551044030059,47.18668760099785],[8.486075263608885,47.186635201004655],[8.48647438312387,47.1866085941947],[8.48742940108973,47.18658142064342],[8.487850007117151,47.1849866412218],[8.488500511061055,47.1850964744186],[8.48867162491504,47.18512897095465],[8.489180351750711,47.185299149374316],[8.491062859698443,47.18594410943089],[8.491353998025122,47.18605433285692],[8.491312726804473,47.1860444103314],[8.491268994985111,47.18604422550671],[8.491227553123114,47.18605379791207],[8.491192985781844,47.186072087123755],[8.491179521851826,47.18608390446795],[8.491094006477866,47.18619935284201],[8.491048595728362,47.186252679934405],[8.490991055782168,47.18630988702979],[8.490919538047919,47.186369569707026],[8.493155028802313,47.18714729089954],[8.49283886022472,47.187474926674106],[8.492658268168197,47.187653064336295],[8.49232412861056,47.187953597568544],[8.493062567371055,47.18808052861402],[8.493607607103193,47.18819562608931],[8.493871012703053,47.18825968024551],[8.494119234468586,47.18830719522778],[8.494793942499767,47.18846058877293],[8.495137472828501,47.188547941118344],[8.495316004551942,47.18856372700337],[8.495507863314614,47.18873445592285],[8.496349177651622,47.18893796339242],[8.49665437157038,47.18888809417561],[8.496738274943933,47.18893305654794],[8.497786261620126,47.18917616846392],[8.498859746622689,47.189450286721474],[8.499676862123671,47.189675303425254],[8.499804970777735,47.18969407485145],[8.499888692165662,47.1897156931136],[8.500015471692256,47.18984239648035],[8.500049974916218,47.188571767972576],[8.500119321737248,47.18797270667936],[8.500089181289852,47.18793070535856],[8.500125248528283,47.1877087666865],[8.500052313028824,47.18766863521626],[8.499738971516141,47.187667799605244],[8.499589857093552,47.187660826028676],[8.49950425911511,47.18765220548378],[8.499500166364376,47.18767139478808],[8.49904086758133,47.187588522177606],[8.498700524796412,47.187417655144436],[8.498037129188049,47.187047144052485],[8.498226588786004,47.186868691231965],[8.49782556295716,47.1866762060703],[8.497701686869457,47.18660888040461],[8.497621952203097,47.186557727410964],[8.497547587226206,47.1865031966063],[8.49737562389885,47.18635492990419],[8.499254364654425,47.185309161938505],[8.4995212195236,47.18512629652701],[8.499829498262738,47.184643099777546],[8.500558048835444,47.18416014585759],[8.503036174346613,47.1848070884026],[8.503333903249137,47.184900758858355],[8.503212980603012,47.18514383161933],[8.502797169300866,47.18505142340453],[8.502557075908799,47.18531678163109],[8.502683841512756,47.18579596545284],[8.502818052745278,47.186423156640515],[8.502925485534023,47.18669304758723],[8.504154346965995,47.187005521317346],[8.505224479380523,47.18750115466654],[8.505855836712314,47.18711340467948],[8.506180362452595,47.18746527178408],[8.506797353608722,47.18807276907405],[8.50709817526341,47.188404631467506],[8.507135908921835,47.188441343085024],[8.50753375486833,47.188250370651275],[8.507541016253462,47.18821027285047],[8.507529036618623,47.188170740509804],[8.507513975410113,47.188150010577814],[8.507420388100199,47.188052683595366],[8.507403256386132,47.188018137652016],[8.507392646604467,47.187961959730906],[8.507403075377885,47.18790272589526],[8.50742672938137,47.18785819401073],[8.507662089280323,47.187542134487565],[8.507921309662628,47.18721845843149],[8.507202232923937,47.18660543781054],[8.50720671368246,47.18658071230876],[8.508347752837887,47.185979527297356],[8.508326650552059,47.18596153428667],[8.509196893433364,47.18551866929162],[8.509895295181789,47.1851559913718],[8.510346309720969,47.18559023902258],[8.510420650496183,47.18555140555505],[8.510553655551039,47.185506637431835],[8.510649230416236,47.18544296713474],[8.510723199378527,47.18545276715461],[8.510766792347317,47.1854269395912],[8.510829513633475,47.185372588708184],[8.51092880539593,47.18531730343653],[8.511208488237967,47.18519116127103],[8.511263108485913,47.18515332958499],[8.511326108505434,47.18512345286097],[8.511406825262155,47.18506311380525],[8.511565071871775,47.18497304127969],[8.511629572728411,47.18495222696137],[8.511674580654113,47.184952913892836],[8.511764951957618,47.18497464144337],[8.511811978968224,47.18496744734024],[8.512012064179324,47.18485496289427],[8.512271884131302,47.18468147950278],[8.512382317196627,47.18461540224951],[8.512492489334235,47.18453633766419],[8.512543342413377,47.18451665764482],[8.512586084441516,47.18450505036889],[8.512775286424294,47.18441059433169],[8.512967248502385,47.18430380622361],[8.513168078512216,47.1841806889383],[8.513554189299283,47.18396318652608],[8.513621691259079,47.18393882575984],[8.51374353548178,47.18387345919507],[8.51380107457084,47.18385956330876],[8.513865468740136,47.18383026584644],[8.513972486238323,47.183765775162755],[8.51422433257834,47.183593971908174],[8.514317987799837,47.18355267948984],[8.514405156348962,47.18349195412216],[8.514513641338816,47.18343948533289],[8.514606182478143,47.18337365405871],[8.514883020052903,47.183233586120515],[8.515134426881039,47.18299298644985],[8.515136281504192,47.182986141434235],[8.515080468893562,47.18294871986823],[8.5153208495621,47.18284154687805],[8.51536922300662,47.18279253607692],[8.515454889045335,47.182742501730075],[8.515577443691855,47.18268645496586],[8.515632264231785,47.18262148847744],[8.515764124313186,47.182583336681894],[8.51581101915044,47.18256315248208],[8.51598539742448,47.182452601627055],[8.516047500714441,47.182463660695554],[8.516062308849904,47.18247239177146],[8.516629542138752,47.182059948384136],[8.516982309813494,47.18217572819559],[8.516997740202292,47.18217277700918],[8.517032346075673,47.182250570769746],[8.517147669393232,47.18241848201692],[8.517297218135331,47.18257259700086],[8.517479467944794,47.182706668927224],[8.517693708844886,47.1828254000116],[8.517930272920077,47.18291522537488],[8.518188559213131,47.18298037845594],[8.518454893740664,47.18301344904947],[8.518726148315576,47.18301832556898],[8.518832149229898,47.183008416251724],[8.518995561785198,47.18297841154209],[8.519154479806302,47.18296694378465],[8.520641669839872,47.1827455082223],[8.52119540378252,47.18468226798305],[8.522153566471955,47.185065462366865],[8.522255079568076,47.18509699902114],[8.522347260542011,47.18519676527225],[8.523204158075261,47.18588858153557],[8.523393560486978,47.18642425829625],[8.523465973562233,47.186433273206354],[8.524022530198588,47.186371381671044],[8.524535315748468,47.18619108614757],[8.524787034388659,47.186075825354806],[8.525269448112104,47.18584397127183],[8.525644385863005,47.185410836390446],[8.525611806501502,47.18536986309522],[8.525929658478779,47.185187407602285],[8.527337295090806,47.18388119752629],[8.527380219693722,47.183902731897554],[8.527482614386962,47.18380896445231],[8.527640004498133,47.18372627201841],[8.52767120786022,47.18369701987656],[8.52763281615105,47.1835422893675],[8.52759668562728,47.18333009133391],[8.527574049331673,47.18322791716727],[8.527507297555196,47.183019723960534],[8.527415799455465,47.182814400497755],[8.527318038451455,47.18264362545602],[8.5270291390984,47.182187705989065],[8.526991182455602,47.18214243901225],[8.526935703458982,47.182097139785895],[8.526912045956857,47.18206597768174],[8.526917629501408,47.18206480043853],[8.526867890323473,47.18201172865812],[8.526688663507302,47.18197676570622],[8.526696543220995,47.181952250082425],[8.526691698732833,47.18192942896946],[8.52635656998211,47.1813998207562],[8.525833550890457,47.181555078960145],[8.525699090830377,47.1812861919531],[8.524936306074627,47.181437314253145],[8.524797788447387,47.181160692295805],[8.524621820854932,47.18086875310428],[8.524464299680167,47.18056834565616],[8.524462934108776,47.18054851416742],[8.524476074770831,47.180528995617664],[8.524500589133105,47.180516665231295],[8.524530554077757,47.18051286525531],[8.524381206355075,47.18050010596638],[8.524351103115187,47.18045092291832],[8.524307494814154,47.1797289667019],[8.523780708354945,47.17971484546629],[8.523527322360966,47.17942828518256],[8.523357009045371,47.17890048813868],[8.523876892956913,47.178377555759454],[8.525381852514993,47.177650667498874],[8.5254591355555,47.177731789134064],[8.527037130071013,47.17706712261561],[8.527511269143183,47.177052904739085],[8.527728032199239,47.177029138367146],[8.52935578511445,47.176285067763324],[8.529317680859982,47.17562659623802],[8.52926170303322,47.1756271446838],[8.5292932922455,47.17556661044651],[8.529319174853992,47.17550183035483],[8.529366284613381,47.17532121895222],[8.529383467548243,47.175177197603745],[8.52942571680796,47.17501445261368],[8.529397146216898,47.17491238881351],[8.529398623915943,47.17487938774106],[8.529408929243802,47.174847130606594],[8.529442015075887,47.17480050740183],[8.529489239700107,47.1747647248792],[8.52973301382162,47.1746434195781],[8.52978854298426,47.174629975375254],[8.529847113734595,47.17462918618331],[8.530017445741146,47.17453054395273],[8.530075676878369,47.174446485064415],[8.53003372884302,47.17440006945747],[8.530078203764269,47.17430970911578],[8.530145281584415,47.17428038582804],[8.53018960841471,47.17420994322938],[8.53017137051263,47.17414754240263],[8.530225113040434,47.17405688719895],[8.530376366597098,47.17394724374481],[8.530442096804515,47.17383637841252],[8.53049827977797,47.17376321446484],[8.530539671240634,47.173744209756975],[8.530565232585568,47.17367091349146],[8.531133752955348,47.17403714691736],[8.53142387076622,47.17443752412439],[8.531512198660636,47.174668431603116],[8.531882883733058,47.17473019261511],[8.53287414599413,47.174684699886484],[8.533975214893731,47.174713114480255],[8.535603966946931,47.17465606905799],[8.535936638971945,47.174361510174705],[8.535999399855045,47.17424404907247],[8.536027891026395,47.17409653632659],[8.536020539541148,47.17401209212352],[8.536042802036336,47.17396034366763],[8.536030966770527,47.17391779006431],[8.535997009210586,47.1738739900943],[8.536002901394617,47.17383902172513],[8.536034031978991,47.17378484983834],[8.536162183471783,47.1736718206618],[8.536173075190838,47.173614333422876],[8.53620774317624,47.17358085377103],[8.53624580679624,47.17357014574559],[8.536281566474676,47.17353007982465],[8.536273839009294,47.17346912690202],[8.536373598298692,47.173393952158555],[8.53641862591136,47.173375468361044],[8.536464310813436,47.173327292564345],[8.536511363457475,47.17331749722154],[8.536535191107843,47.17327970399979],[8.536735493218087,47.17321841261009],[8.536847518982983,47.173195906999425],[8.536906116340521,47.173101999751424],[8.537097978853337,47.173010068035616],[8.537094738106788,47.172965939213526],[8.537114688858018,47.17294688486816],[8.537156813799855,47.172861572642866],[8.537213861406734,47.172768687529555],[8.537222352045887,47.17272796403253],[8.537238355306094,47.17269912406993],[8.537227109410837,47.17266346462514],[8.537298475245642,47.17262161017234],[8.537298690647944,47.1725954756858],[8.537312869444204,47.17256965768288],[8.53738023364085,47.172516668751605],[8.53743119987972,47.1724135415281],[8.537456770076224,47.17239834658404],[8.537484502182075,47.172367658433224],[8.53751638307369,47.17235078399954],[8.537532700230813,47.17231540113855],[8.537700111514958,47.172258002338495],[8.537724714045813,47.17222588671441],[8.53785264425516,47.17217437008082],[8.537893034291683,47.17211000705928],[8.537942688191334,47.172106177389054],[8.538046291859565,47.172019953695035],[8.538181198525688,47.17188363077235],[8.538244741754408,47.17186369194734],[8.538466220775947,47.17183249255244],[8.538550120084778,47.17179722829164],[8.538680887284185,47.17175674828317],[8.538696934984603,47.17174103236884],[8.538750908093746,47.1717073313938],[8.53877311983318,47.17166483938336],[8.5388231480873,47.17163047441978],[8.53883798267432,47.171576286572105],[8.538935679255873,47.17146914059188],[8.539051612218056,47.17138731390455],[8.53908044880455,47.17136165236696],[8.539079392234306,47.17131668407633],[8.539120894751912,47.17080101470492],[8.538755105738748,47.170211606704676],[8.539346582081725,47.169486026556825],[8.539692507158302,47.169132281501724],[8.539742039471731,47.1690508734029],[8.537276049893107,47.16862153648666],[8.53685597838209,47.16841917615284],[8.536303883776132,47.16803798913763],[8.536175014267608,47.1678766933118],[8.535849672086696,47.167488276729586],[8.53574755588885,47.167094699708606],[8.53578128852804,47.166710784186805],[8.535827529314904,47.16665973359292],[8.535792550319757,47.16663279218599],[8.535934638766866,47.166569861926455],[8.536319485811289,47.166625518091465],[8.53596270480977,47.16493431355276],[8.537210869399606,47.16370780596853],[8.53767604059509,47.16330187716373],[8.538774522654718,47.163195764745836],[8.539211790440117,47.16332392794522],[8.54023662169783,47.16207267874667],[8.539983507906554,47.1617111536652],[8.541507006131727,47.15916020381537],[8.542674075307595,47.159284612468234],[8.543108560465518,47.1591728898289],[8.54295183804562,47.157947217014545],[8.543690050234728,47.157459308179384],[8.546352796005133,47.157351391780985],[8.546448825681283,47.156965576250606],[8.547472919148364,47.15721051484033],[8.547740825596247,47.156802756162705],[8.548096972794166,47.15666249738116],[8.549007956554698,47.156755540683974],[8.550151745640612,47.156610190050515],[8.550554118490826,47.15659166597861],[8.550748135537084,47.15642775065981],[8.551003589661219,47.15635187594485],[8.551353085890716,47.15627032342797],[8.551877301207108,47.156492304564374],[8.55210349394498,47.15653770312207],[8.552325888019963,47.15660904571768],[8.553701263119049,47.15695716362014],[8.554527221359693,47.15740550926485],[8.554544998703616,47.15785340533969],[8.555358043235053,47.157808166499265],[8.55530195182319,47.157364258632555],[8.556526555590343,47.15448451548892],[8.556721357608858,47.15401214503702],[8.557306451571945,47.15267374629147],[8.557647189949845,47.151859357645584],[8.557846721693371,47.15132905113001],[8.557871080632376,47.1513241633385],[8.558083863740585,47.151311756837885],[8.558136106339397,47.15129018939899],[8.558181784910834,47.15122020770155],[8.558317990792023,47.15116859583002],[8.558359976343738,47.151130746850185],[8.558366464949872,47.15110556754938],[8.558358566391195,47.15105135505444],[8.558395479422213,47.15096895448306],[8.558446560269088,47.150907627975066],[8.558499622067746,47.150874186989235],[8.558559415932228,47.150861253731506],[8.55852198873863,47.15085791183386],[8.558395834803814,47.15078861313598],[8.558298515930542,47.1506567020727],[8.558300699626969,47.150449013816925],[8.558327574410281,47.150347549995246],[8.558309882622963,47.15021534964997],[8.558115781276676,47.15007478191048],[8.557866330962515,47.14986763503629],[8.557738704737156,47.14981480319407],[8.557491013850159,47.14967152625891],[8.557429236316771,47.14966394095824],[8.557351340762851,47.149577889469796],[8.557037681540018,47.14946426439896],[8.556796705084986,47.149361986333446],[8.556739649538322,47.14931087828452],[8.55626328342608,47.14912933126011],[8.556130996740356,47.1490387877547],[8.556005716926407,47.148877073595635],[8.555865627535262,47.148823290267266],[8.555753908340616,47.14880143606775],[8.555505926122352,47.14880615589833],[8.555030920235167,47.14877605212775],[8.554849553596066,47.148740929534185],[8.554750082190544,47.14861838300148],[8.554533532122491,47.14836986218179],[8.553882010103552,47.147819343393394],[8.553435775770405,47.14748102055453],[8.552686311580032,47.14705298586349],[8.552056945520663,47.146670912698355],[8.551551342279899,47.14638317369112],[8.549921472058207,47.14554324638257],[8.549202939691094,47.14516845120224],[8.549077777057128,47.145124096079705],[8.54919118957503,47.144909621937884],[8.549148704325164,47.14470921994429],[8.549009866483033,47.14464752702938],[8.547727937217793,47.144477622785374],[8.54756423711062,47.14442112452522],[8.54736548918255,47.1442517883339],[8.54711574973081,47.14413368824219],[8.546836683467347,47.144089878201434],[8.546242495370997,47.1440304631308],[8.545693758291385,47.143696929912544],[8.545262387007709,47.14352875832489],[8.545130559044338,47.14337078381328],[8.544919234668598,47.14327051685926],[8.54484555452041,47.14320008710928],[8.544847765729102,47.142869966844984],[8.544821472019235,47.14272363398635],[8.544736926264013,47.142587981530504],[8.5444458918357,47.1423050748908],[8.544226110099377,47.14199224647023],[8.544066650663979,47.14174657590018],[8.543480215973668,47.14122254076845],[8.543489438309543,47.14089635622005],[8.543373201220321,47.14030491358732],[8.543235577866655,47.139884514517504],[8.543264246084611,47.13899842732562],[8.542923798388744,47.138185421796365],[8.542216872838766,47.136610654286216],[8.542086688916484,47.13600594913616],[8.542077880224877,47.135826046504725],[8.54200460446974,47.13562100752023],[8.542011778854198,47.135420252284234],[8.541965320472396,47.13527167423948],[8.54198054172901,47.13521450408559],[8.541972715522089,47.135120654434],[8.54188239968659,47.13490170946009],[8.54182588550634,47.13484279860676],[8.541725666285986,47.134378526141774],[8.54168271933103,47.134308825105364],[8.541728391142813,47.13408586786799],[8.541676771576913,47.13383253855056],[8.541724859072515,47.13372367836773],[8.541936922322385,47.133621989014046],[8.542318987258001,47.1328802833906],[8.54239616909536,47.13246780640944],[8.542760837025893,47.1318567405861],[8.542804403661357,47.131666898378626],[8.542675686938313,47.131199607548346],[8.542888942972942,47.130930025744256],[8.543605047235765,47.130442134148154],[8.54370736283905,47.1302467253191],[8.54368323095751,47.130027757202456],[8.543506135622296,47.12953874840363],[8.543498293275977,47.12856501305622],[8.543899252772201,47.127957992922525],[8.54508524949777,47.127133089656546],[8.545599122138967,47.12693733429299],[8.54509861083535,47.126200116373646],[8.544949494546238,47.12582202802853],[8.544662559297286,47.125305632662396],[8.54483018302445,47.12431575206312],[8.545069865120587,47.12338958740322],[8.545107751693308,47.12295868429686],[8.544977289121807,47.12294219100909],[8.544944347444197,47.122901064367994],[8.544418320063855,47.12281974696969],[8.544138838672056,47.12286080153648],[8.543977794411369,47.122959630308515],[8.543804973441446,47.12296359451014],[8.543279261377528,47.122929460784086],[8.543079529342103,47.12293797342847],[8.5429435967233,47.12289457000821],[8.542769337745987,47.12296750816833],[8.542646777317865,47.12306388745483],[8.542471067483753,47.123056875538914],[8.54213596712412,47.1228440313449],[8.541481402762225,47.122721635931875],[8.54111069891905,47.12277971450072],[8.54070178049888,47.12277214709674],[8.540519971029552,47.12281388485144],[8.540180789999352,47.122807185527925],[8.539881559764549,47.12271475957862],[8.539584387641188,47.122578782560275],[8.53944646077796,47.12247021968964],[8.539224511792282,47.122409571877775],[8.539130303293092,47.12235559035672],[8.53900026252026,47.12238576539144],[8.538828781349908,47.1222469822313],[8.538560022448584,47.122235187355834],[8.538407889534732,47.122244010174974],[8.538347220396066,47.122243151143095],[8.538210343665845,47.12217594836696],[8.537987377377068,47.12202257940698],[8.537881038846386,47.121995871119815],[8.537695606711559,47.1221211648757],[8.53746458747426,47.12217841812691],[8.537186811917353,47.122054034079675],[8.536874355760654,47.12202186352971],[8.53653371446829,47.121811826859734],[8.5363105007587,47.121798494348724],[8.536185893453052,47.12172529781084],[8.536094597625784,47.12140029718541],[8.536012757959854,47.12133611081285],[8.535874185551142,47.12130746838986],[8.535615916823254,47.121207219026594],[8.535520501323221,47.121084356429535],[8.535396189849283,47.12106795557556],[8.534935954569976,47.12090655271825],[8.534873610113173,47.120695602440335],[8.534654906937268,47.12057783674013],[8.534477892755449,47.12046666300807],[8.5342625820711,47.12042446475902],[8.533888790675315,47.12100338706819],[8.533249920337983,47.12195132879311],[8.53288685144103,47.12318779019619],[8.532563081285707,47.12435777516794],[8.532529860003885,47.12443547281828],[8.532416239423306,47.124604738562184],[8.532003287156005,47.12532926285217],[8.530809736942286,47.127357680379944],[8.527377250358574,47.12732830450955],[8.525875236831972,47.127311831643574],[8.525360002796837,47.12750454237629],[8.524525380847098,47.1271815634625],[8.52441272878989,47.12714461120064],[8.524359276709633,47.12710080285186],[8.524205767034523,47.12704897937229],[8.524192041952945,47.127020160627275],[8.523740714231568,47.1269323130853],[8.523656223613918,47.126909361592],[8.523638542884399,47.12685312508548],[8.523582725967318,47.126846086326374],[8.523520506994021,47.12669932301394],[8.523460674146174,47.12669182732037],[8.523405589287512,47.126713765870385],[8.523296038109795,47.126651514218175],[8.522969674990385,47.12655763613203],[8.522921019682435,47.126552760465756],[8.522850349372488,47.126519701782016],[8.522813347269036,47.12642570326996],[8.522696824780791,47.12637060543433],[8.52260304050718,47.12635793297625],[8.52252128930316,47.12631591983356],[8.522487327367664,47.12627377103726],[8.522341076668862,47.126325147852725],[8.522326911274149,47.12638916015465],[8.522223161438777,47.126410954055515],[8.522204824229554,47.1264668195236],[8.522095712785575,47.12654479728842],[8.52207887461418,47.12657313062109],[8.521398932479205,47.12709058347665],[8.520182052733563,47.1275539905859],[8.5195467971937,47.12760225278092],[8.51871131468331,47.12747607584511],[8.51780678411279,47.127375459102154],[8.515970647804865,47.1254154676051],[8.514487174279514,47.12507752498877],[8.514062434292661,47.12498821250803],[8.5135645286639,47.12489076666319],[8.512934541495166,47.12501638762556],[8.511737913201351,47.12532477154116],[8.510735237517768,47.125551200677045],[8.509118637777664,47.12492709768235],[8.509035396725848,47.12483098861386],[8.509153144257251,47.12424660930555],[8.509107067822399,47.12373420066157],[8.50917380084833,47.12306113039051],[8.509052391138873,47.122786109722],[8.509008643977985,47.122698160892924],[8.508733851129264,47.12267101478092],[8.508638038754475,47.12261767118435],[8.508379924868906,47.122548610823785],[8.508132188200662,47.12246194766827],[8.507844044110668,47.122276886609214],[8.507759493752662,47.122180887747795],[8.507563904223247,47.122132231220526],[8.507501880254978,47.12210833943823],[8.507411521797794,47.122044859916564],[8.507195244025809,47.1217452702157],[8.507104479265646,47.12167789008483],[8.507044433550602,47.1216150461466],[8.506934135271797,47.12133013267402],[8.50675600104249,47.12105291095379],[8.506687284449448,47.12088892739213],[8.5065317854981,47.12072364486092],[8.506222231560933,47.12054407714586],[8.506131476491799,47.1204823095066],[8.506650193743972,47.12007101996127],[8.506726351503529,47.119961185224895],[8.506793110960778,47.11976733661474],[8.506407322821998,47.11947271151408],[8.506252639261842,47.119282628778045],[8.50618949167307,47.11919753075944],[8.506042058869467,47.11908355630955],[8.505983361928235,47.11900221305934],[8.505774449528055,47.11885633440168],[8.505631190322022,47.11867458280134],[8.505306266221092,47.11849074740928],[8.50524465721906,47.11839080063562],[8.505076332837248,47.11798911923381],[8.504860484062966,47.11787446451484],[8.5046478008377,47.11756056945531],[8.504420557614655,47.117497016407455],[8.504374191861942,47.11742720751031],[8.504078316503717,47.11720919449169],[8.503745060680385,47.116976756041396],[8.503478455269029,47.11688917837964],[8.503347007119242,47.116771265267765],[8.503026420997434,47.116607794685216],[8.502889103673516,47.11645770367335],[8.502693928375983,47.11627071675833],[8.502662328405833,47.11623026753678],[8.502542865525466,47.115695146252804],[8.502296166783728,47.11560093173432],[8.501913879222466,47.11534379861203],[8.501703227443228,47.11518734077708],[8.501220479948241,47.11511088710862],[8.500811372681103,47.11485845115092],[8.500777039697958,47.11490402590957],[8.50059094132343,47.114795367450014],[8.500499248953489,47.11472870141797],[8.5003327807273,47.114588520083316],[8.500163192376137,47.11446905751507],[8.493743292494194,47.11372608115831]]],[[[8.563292255710442,47.09260537046164],[8.563490592424266,47.09270093549469],[8.563933236694517,47.09299295298595],[8.564028145928265,47.09323209661969],[8.56408842696417,47.093843873836555],[8.564225428339547,47.094527856087275],[8.56421679761823,47.09489525134487],[8.564451327628024,47.095117365117034],[8.565155608307542,47.09546508082041],[8.56548413496171,47.09569854142855],[8.565968447488883,47.09576978858802],[8.56634565666139,47.09586191170779],[8.56672799536607,47.09575897954365],[8.566778800189343,47.09566746948014],[8.56664083858042,47.09555223714274],[8.566803250669182,47.095391595644635],[8.566813019060445,47.095317481631334],[8.566763035132539,47.095222696944404],[8.56691925425077,47.095060784662415],[8.566924943008278,47.095019401724294],[8.566881148690138,47.094906393624306],[8.567003006801862,47.09474172397242],[8.567055533075962,47.09465070961432],[8.567099774074599,47.09447902054105],[8.56712013367954,47.09433176489199],[8.567203942321067,47.09420625888775],[8.567318509384606,47.09412395481152],[8.567358849873214,47.094077967437386],[8.567328167486599,47.094000868209136],[8.567407457798161,47.09390729683095],[8.567450065565254,47.093834506397585],[8.567393776794297,47.09374368810467],[8.567421215798129,47.09370370174115],[8.567982992145,47.09358799147083],[8.56896907470479,47.09323808066768],[8.569472539043169,47.09283442937933],[8.569854237696886,47.09258265573607],[8.570507673400481,47.0919834998081],[8.570646624976341,47.0916648368258],[8.570825519387991,47.091429450917694],[8.571196867009585,47.09102583385776],[8.571623592371925,47.09063201477559],[8.571840538761922,47.09037701872079],[8.572223628182346,47.090024828816276],[8.572325908109,47.08959531795223],[8.572674362791943,47.089199001363674],[8.572915301843175,47.088914385670336],[8.573289108756986,47.08870937561352],[8.573517358599988,47.088448399177295],[8.573650294541032,47.08813926415607],[8.573741051490593,47.087928205215476],[8.573949821112418,47.08774208630617],[8.574431965939564,47.087299310446475],[8.574921564761738,47.08705878577307],[8.57527367170541,47.086679858688036],[8.575368634611955,47.08645452516413],[8.575408009231706,47.0863611088653],[8.575452426014957,47.08629429755407],[8.575603952591845,47.08606636206062],[8.575730831923043,47.08587549055326],[8.575788855511346,47.085815003500436],[8.576032687995738,47.085560857259836],[8.576161555284143,47.08542654986505],[8.576551612701943,47.08483296902021],[8.576868586540117,47.0847221840874],[8.577601982758244,47.08447850331169],[8.575813561377005,47.08327720849548],[8.57511868549451,47.082810431072275],[8.574282114471506,47.08224846104321],[8.57349757513416,47.08202213057159],[8.572958004827818,47.082021521872456],[8.57228955146747,47.081941561056084],[8.571647249178895,47.08195229617689],[8.57094414790894,47.08184730976416],[8.57030516069132,47.0817155994007],[8.569999537269094,47.08159896381317],[8.569552128434815,47.08120932985826],[8.569432304395328,47.08120951976877],[8.569303470039552,47.08122644966632],[8.56906515578987,47.08116643515106],[8.568768849436987,47.08114164288383],[8.568618174912961,47.08107835439987],[8.568504049510437,47.08110147185046],[8.568469522120694,47.081108468386425],[8.5683704912901,47.081098593181686],[8.567810097672334,47.081102393237984],[8.56751121367655,47.081080222888545],[8.56738704605341,47.0810542392658],[8.567325630230108,47.08104138477645],[8.567111160914076,47.08104230415738],[8.567116175850876,47.081069080701106],[8.56704782123106,47.081075059688516],[8.56691675247486,47.081042162516745],[8.5667395324058,47.08106278525094],[8.566455443457304,47.081030220542154],[8.565865424901736,47.081026754370775],[8.565674696481132,47.081025629950986],[8.56550256669788,47.0810697791095],[8.565245932696033,47.08110908929214],[8.565094447257879,47.08111291364273],[8.564908385110442,47.0811822071273],[8.564831720272728,47.081287850937],[8.56470977716701,47.08134013398867],[8.564671065654128,47.081356742030465],[8.56461767044863,47.08137962917914],[8.564574347043406,47.081384830600626],[8.564446991470355,47.081400148263555],[8.564399346391086,47.081405877746874],[8.56435799716344,47.08143861419748],[8.564321233726037,47.08146772533006],[8.564142881653549,47.08148284063495],[8.563966764423293,47.08149777184509],[8.563868747465953,47.081506072547626],[8.563705112785748,47.0815020886549],[8.563431136933676,47.08162513650754],[8.563340442651997,47.081765280976995],[8.563025224986474,47.08189997644278],[8.562886218222788,47.0821673455891],[8.562507357277497,47.08289604087024],[8.562718032593098,47.08313336069002],[8.562849975279631,47.08380434216579],[8.563146000792162,47.08389680170578],[8.563276108230873,47.08419123236044],[8.563304159931848,47.08427845186931],[8.563419675468014,47.084637471796725],[8.563472573303919,47.08506201903701],[8.563658342567686,47.08536017733361],[8.563917441053896,47.085775994165886],[8.564186127713494,47.085977749117895],[8.564242342843613,47.086043759041985],[8.564561673902332,47.08641860177411],[8.564827277999413,47.08673037827342],[8.56488365827142,47.087257344911094],[8.564592581739642,47.08745102757102],[8.56451332079302,47.08750376453661],[8.564341354264235,47.08761817699727],[8.564129798514884,47.08799241850906],[8.564001183161624,47.08829036275369],[8.5638916322177,47.088561672205515],[8.563811614367118,47.088916003261474],[8.56387221929156,47.089437531169054],[8.56368028093595,47.09017644367235],[8.563729298498075,47.0907859837628],[8.563669692899783,47.09152936655782],[8.563604814444073,47.09194633122747],[8.563292255710442,47.09260537046164]]]]}},{"type":"Feature","properties":{"id":1658,"uuid":"{06EE4664-8B82-463A-95A0-6FB4E76C2E05}","datum_aenderung":"2025-11-19T00:00:00.000","datum_erstellung":"2008-11-24T00:00:00.000","erstellung_jahr":1997,"erstellung_monat":1,"grund_aenderung":"Verbessert","herkunft":"swisstopo","herkunft_jahr":2026,"herkunft_monat":1,"revision_jahr":2025,"revision_monat":1,"revision_qualitaet":"TGMG_2025_Akt","objektart":"Gemeindegebiet","bfs_nummer":1704,"bezirksnummer":null,"kantonsnummer":9,"name":"Menzingen","gem_flaeche":2751.0,"see_flaeche":0.0,"icc":"CH","shn":"CH09001704","einwohnerzahl":4700,"hist_nr":12389},"geometry":{"type":"MultiPolygon","coordinates":[[[[8.594524379594992,47.15050049375148],[8.593157640122572,47.150213686422205],[8.591660804325334,47.150427623488596],[8.591518447382779,47.150418012394226],[8.591300081913717,47.15044138574305],[8.591150598463564,47.150533795116395],[8.59099894341113,47.15059701664818],[8.590824679164562,47.15076100158779],[8.59070365323085,47.15082044355745],[8.590413596283586,47.15095257279843],[8.590272820833667,47.15106679859521],[8.590168647661136,47.151114664589116],[8.590124938581216,47.15117986292126],[8.590122089203625,47.151206788904716],[8.590096263125808,47.151258593381456],[8.589969575695205,47.15132221129897],[8.589838163026604,47.151489274150954],[8.589694981478225,47.151570832520825],[8.589672563844145,47.15164626175545],[8.589515542725113,47.15165332017156],[8.589350050299215,47.151850310564136],[8.589224614721187,47.15211585290579],[8.589087139333712,47.15218753898898],[8.589050367845186,47.15225658066985],[8.588949690811804,47.15228013087946],[8.588831287254308,47.152482137039],[8.588641975742389,47.152544769285356],[8.588690167377754,47.1525659404259],[8.588524142120097,47.15273041503524],[8.58846817155189,47.15283210525831],[8.588264633620614,47.15295756178597],[8.588057719327857,47.153132789448335],[8.588070770883425,47.15323948416116],[8.58786052648277,47.153353654245194],[8.587708312321338,47.1533219531999],[8.5874844075659,47.15341105279877],[8.587306510339172,47.15343184629122],[8.587263123594479,47.153368499280944],[8.586948953692488,47.15336609419747],[8.58679228718124,47.153313692079365],[8.58659608455015,47.153276599298344],[8.58650871572063,47.15328932753324],[8.5864004019912,47.15323299703577],[8.586178907702475,47.15323346144061],[8.58612716777487,47.15318208078197],[8.586025967234484,47.15312227857564],[8.585868895918608,47.15305952508969],[8.58568866989203,47.15300914658579],[8.585586351151523,47.15294573883788],[8.585293517124056,47.15285020797174],[8.585085622439188,47.15279966351616],[8.584909962825542,47.15273213729308],[8.58483258091542,47.152738269788394],[8.584699379145185,47.15268715135284],[8.584444953742489,47.15264422993649],[8.584278576903733,47.152597552512376],[8.58409991054517,47.15257184946628],[8.583904104446264,47.15256601756291],[8.583732401243829,47.15250148175581],[8.583564895503864,47.15247534294502],[8.583464270543962,47.15245150696475],[8.583287693704717,47.152432825576966],[8.582891770449276,47.152213236839216],[8.582893696848867,47.15216886842136],[8.582577810797927,47.15193954068596],[8.582549121316665,47.15187806085351],[8.582477486322482,47.15185131797957],[8.582374986555601,47.15168101221501],[8.582368783561243,47.15159435444322],[8.582319897511972,47.151552245381225],[8.582216801043463,47.1515595223579],[8.582097330288471,47.15151325711707],[8.581946485153408,47.15136124317515],[8.581882374154176,47.15131875448963],[8.581780235363754,47.15129984380599],[8.581537513599137,47.15132168638332],[8.581370482462633,47.15131631998142],[8.581209936403981,47.151237915066105],[8.581064344228603,47.15125280970915],[8.580943051281714,47.15123416046627],[8.580781229327952,47.151159572848776],[8.580742609285897,47.15110348969386],[8.58064235934645,47.15107232497865],[8.580536241159226,47.15106525517999],[8.580353930656692,47.150912247129455],[8.58023819022676,47.15088864833487],[8.580017425837148,47.15090556502131],[8.579739509011938,47.15083702147032],[8.57964893054293,47.15085062196749],[8.57944842228931,47.150841005972836],[8.579183811981308,47.150855414238485],[8.579091387377506,47.15087149744442],[8.578803593988098,47.15087038303474],[8.578690657146582,47.15083597794924],[8.57859865891756,47.15083307541982],[8.578445500168144,47.15087160170153],[8.578270585382297,47.150876150317764],[8.578187005199025,47.15089578846971],[8.578109957686818,47.150898332828284],[8.577789927042723,47.15104985184793],[8.57758914827371,47.151074023459344],[8.577486367771137,47.151028568771025],[8.577256402025352,47.15091362105084],[8.577200021945124,47.150880399896245],[8.577145214483542,47.15091926437206],[8.577093844496519,47.15091390750459],[8.577100535379216,47.150860829125406],[8.577048398125719,47.15083675060592],[8.57698936747505,47.15085932944905],[8.57686807291421,47.15086840095644],[8.576829173555678,47.15090255601089],[8.576797265751447,47.15094924497376],[8.576659372273298,47.15099382491991],[8.576519914004173,47.15119806835509],[8.576478481292275,47.151225348575586],[8.576429371052761,47.15124194575796],[8.576102920316469,47.15131814783656],[8.57597700849831,47.151378081221054],[8.575932451574936,47.151376875496645],[8.57587521103999,47.15135279292539],[8.5758092396837,47.15136030885668],[8.575762620024275,47.151396707834955],[8.575722258668103,47.15138567314631],[8.575669379001734,47.151399275679275],[8.575589627888599,47.15146393394883],[8.575510189621617,47.151476890312125],[8.575464411200679,47.15150634510452],[8.57531004750571,47.15151998774433],[8.575217739077384,47.15158885390659],[8.575149778702176,47.151569158878296],[8.575048540531483,47.151555306960084],[8.574958587662364,47.15151089276466],[8.57483913533527,47.15141051024651],[8.574763102069873,47.15137140986448],[8.574616617169571,47.15131822507517],[8.57447119323323,47.15129763033386],[8.57429620760003,47.151233643736205],[8.574272659727558,47.151191533059745],[8.574097043197588,47.151143780778376],[8.574038306987319,47.151090781636896],[8.573963439693054,47.15109293286802],[8.573858299995818,47.15102935376365],[8.573710240521686,47.1509963519101],[8.573681043729492,47.15091292526216],[8.573568038714376,47.150893808677274],[8.573535196516012,47.15084181322834],[8.573337191051907,47.15077041487141],[8.573195126681112,47.150765761900054],[8.573124408688606,47.15071727940526],[8.572901172892927,47.15068980362712],[8.57269149025324,47.15062671445973],[8.572619043640948,47.15062857108532],[8.572504514886974,47.15068315290436],[8.57238203436403,47.15068978451569],[8.572293368483274,47.15073835393119],[8.572134492252438,47.15070072488004],[8.571963585696496,47.1507388776144],[8.571739261539237,47.15081010297583],[8.571617945765567,47.150762747637856],[8.57153184912257,47.15078383604426],[8.57132295467347,47.15075232979964],[8.571231202794955,47.150819630988195],[8.571129766599691,47.15079131238498],[8.570989798287588,47.15079597367159],[8.570871509172813,47.15088483777235],[8.570767389602615,47.150900480625666],[8.570642878285986,47.15086847551946],[8.570465710435188,47.15091117651457],[8.57035312930955,47.15090394502562],[8.570247324187728,47.15097086190788],[8.57017932852306,47.15094125996623],[8.57001092103041,47.15100916120438],[8.56978533337585,47.15106756716761],[8.569708564481257,47.151092061833765],[8.569615829869413,47.15104617755913],[8.569540456273664,47.151048708710356],[8.56933991432179,47.15100683458961],[8.569264037265206,47.150934948485116],[8.569156850703202,47.15095025119111],[8.569020807538884,47.150934118256465],[8.568871156169838,47.15089613319443],[8.568772885219323,47.15081780991466],[8.568480898716182,47.15072980272865],[8.568282182576988,47.15074748784064],[8.568109644051406,47.15070779244907],[8.568009974855542,47.15066375614359],[8.567906246304902,47.15049478135744],[8.567743762047463,47.15034216176881],[8.567546480767664,47.150264620302394],[8.567489457769163,47.15020371177629],[8.567440894339951,47.15012374813206],[8.567361689923926,47.15005022023175],[8.5673150642714,47.14998772530053],[8.56716692077886,47.14995352846756],[8.567153047293935,47.14986087319059],[8.566946433179215,47.149676984305444],[8.566906973026748,47.149625969499795],[8.566852541627272,47.14959348886847],[8.566788293747273,47.149479998609124],[8.566757019481196,47.14936438580125],[8.566614462598432,47.14927480949219],[8.566624119816606,47.14912421553968],[8.566653230838291,47.149060824745426],[8.56664978276639,47.1489904216621],[8.566619021884684,47.148957978684386],[8.566470883899257,47.14892638969912],[8.566406154467835,47.148821261017936],[8.566220331796359,47.148752123981595],[8.566064507091811,47.14875246385292],[8.565951571204527,47.148785748534266],[8.565814352551207,47.14873163424095],[8.56565687911091,47.14873758508548],[8.56557556305693,47.14872576966087],[8.565411441067901,47.14863384834696],[8.565247324534063,47.148618606697546],[8.56520907669942,47.148608798067784],[8.565164438830413,47.14857353999827],[8.56517671777087,47.14830233219752],[8.565166457024118,47.148279043677526],[8.565113585668978,47.14822345481492],[8.565003546671644,47.14814997538383],[8.56492581125027,47.14808580504356],[8.564914926966118,47.148057314055],[8.564733380452582,47.14807152357774],[8.564623528442018,47.14809780505508],[8.56462551936132,47.14810281420291],[8.564542060926096,47.14812450128562],[8.564449466226883,47.14815566930692],[8.564341025856036,47.148202069228354],[8.564251195387024,47.14825748062291],[8.564170937175,47.14832604005866],[8.564111389123738,47.148398768755],[8.564068439951695,47.14847704733697],[8.564050005800892,47.1485297269925],[8.564039147716956,47.14858338503087],[8.564034625850319,47.14865807615617],[8.564037219724206,47.14872564498315],[8.564056380058586,47.14884174582783],[8.564159651479105,47.14920484814283],[8.564144892447377,47.14920654881434],[8.564187915963092,47.14937075040518],[8.564206395733354,47.14936852755162],[8.564214370376613,47.14940664555056],[8.564222534646866,47.14947573411918],[8.564223091450813,47.14953734067873],[8.564216207362671,47.149606288623126],[8.564201465089875,47.14967464776721],[8.56419240582719,47.149704737287855],[8.564185634805806,47.14970505541915],[8.563924186684249,47.15055111011745],[8.563930567695174,47.15055230710611],[8.56370851815929,47.15125930599599],[8.563665204046478,47.15145213095275],[8.563552614903744,47.15167860276766],[8.563425573664164,47.15184614958983],[8.563372792417788,47.151944314614404],[8.56336655098723,47.151942864347745],[8.562971701482985,47.15268635531007],[8.562959355564182,47.15268307557171],[8.562902613800558,47.15279115639285],[8.562904513538236,47.15284645274171],[8.562848883929869,47.15294910721488],[8.563039874668114,47.15301770445253],[8.56318730901739,47.15309257439017],[8.563266947775881,47.153142271092],[8.56348673005466,47.15332083814382],[8.56368698369942,47.1534918773996],[8.563771935736119,47.15360672304827],[8.563787351694021,47.15363810240965],[8.563815274532745,47.15374691187212],[8.563820527775547,47.15378603701628],[8.563816558470359,47.15381301813004],[8.563698691176839,47.15393286985932],[8.563607827554051,47.154004869857445],[8.56341876808031,47.15405977538157],[8.563234373878482,47.15406872964607],[8.56312663604485,47.1540650689789],[8.562978910715989,47.154070650838115],[8.562756496351277,47.15413544372301],[8.562425310025125,47.15418755321103],[8.562117236797917,47.15424325922604],[8.561575641382742,47.15437061923618],[8.561426767759695,47.15441078097459],[8.561336520535828,47.15445827768503],[8.56124300051487,47.15449875358886],[8.560948174098565,47.15456938606541],[8.560830383023573,47.15457498798072],[8.560479279300687,47.15460507558535],[8.560449935867238,47.15461129890863],[8.56041647604166,47.154623094747805],[8.560388396546514,47.15463803160823],[8.560341662774352,47.15467402048013],[8.560286323734838,47.154792755168984],[8.560273247091663,47.154849025128165],[8.560265249271756,47.1549506920935],[8.560269731818599,47.15499784009004],[8.560281172794852,47.15503029315877],[8.560316240655714,47.15510152144086],[8.560519131761215,47.15529915881055],[8.560629525510855,47.155442014243945],[8.560676835643513,47.15551780981046],[8.560711869976807,47.15559431880322],[8.560731806086368,47.155669643670336],[8.560751796831935,47.15580230689707],[8.560753895340843,47.155872849074726],[8.560753861630173,47.15600210030357],[8.560729267620161,47.156423053262664],[8.560716762924944,47.15657329623326],[8.56071206956153,47.156573368994046],[8.560696588125149,47.15672379391542],[8.56066000330998,47.15686969287473],[8.560586695499495,47.15701397986225],[8.560499400341833,47.15716230733664],[8.560423255257447,47.15731535673493],[8.560393110022956,47.15749484586742],[8.56038348799463,47.15797528537152],[8.560359807771663,47.15840415435566],[8.560346435919941,47.15854518501987],[8.560343768383488,47.158689142883674],[8.560355699590882,47.15880536847931],[8.560401635077781,47.15895200998659],[8.560451214538903,47.159049742087],[8.560506007492677,47.159135072179986],[8.560609711822657,47.15925476580359],[8.560807804828647,47.1594152340457],[8.561048532075702,47.15958737633066],[8.561269309687667,47.15973829391415],[8.561395171344309,47.159884901801036],[8.561339031220646,47.160398836460594],[8.561277641101114,47.16074111159817],[8.56111885274996,47.16105461496166],[8.56078804526709,47.16151129874511],[8.560769143779089,47.16172324269109],[8.56080192673307,47.161851328097654],[8.560829125546825,47.16202634472679],[8.56058091080493,47.162160057987],[8.560359523945671,47.16221457160245],[8.560346078864269,47.16221117634609],[8.560127213826611,47.16235207793439],[8.560034169967004,47.16241976008421],[8.559867351307219,47.16250979580251],[8.559779486578792,47.16258989535455],[8.559607693052268,47.16292799145594],[8.559560016468305,47.162992388568554],[8.559509814906349,47.163135244025995],[8.559568142641826,47.16335837264714],[8.55970771472895,47.16359893506298],[8.559855169248147,47.16387382916525],[8.559879369259606,47.164022274764214],[8.559922411165754,47.16413704565327],[8.559985823552067,47.16433894854516],[8.56010710529068,47.164490729947794],[8.56017772742979,47.164592880800875],[8.560222411151148,47.16471230435329],[8.560173457626128,47.16485491398928],[8.560062193762628,47.16512087755603],[8.559969641880395,47.165211017094435],[8.5598606385821,47.16535389687097],[8.559704450414806,47.16546701959523],[8.559583646250905,47.16551821268394],[8.559300934224659,47.16569543839998],[8.559128372801668,47.165853824324245],[8.559170982184831,47.16605756735662],[8.559167244357642,47.16608442000467],[8.559249324290999,47.166394234027656],[8.559265095387921,47.16655781158616],[8.559233148143528,47.166768217780664],[8.5592356646918,47.16687077148735],[8.559223259619033,47.1669983706544],[8.559210018022041,47.167049478350606],[8.559204986771107,47.167208598675444],[8.559239950314103,47.16732682180236],[8.559331773887246,47.1675204150627],[8.559424487358463,47.16765380022182],[8.559403471540307,47.167814902349825],[8.559409286694763,47.16790110566917],[8.559452235951023,47.16797985868971],[8.559696910044815,47.168151767438054],[8.559801492646491,47.16820622516777],[8.559971710773201,47.168340545951814],[8.560144478373417,47.1685920828521],[8.560195322374547,47.16873716505692],[8.560241111512244,47.16891357461778],[8.560257525810126,47.1690163976226],[8.56025164269664,47.16903465330084],[8.560253028054184,47.16911775124028],[8.560276581870596,47.16928177448825],[8.560308853579663,47.169414254729496],[8.560290944186844,47.169454100404046],[8.560411736585046,47.169692703858736],[8.560650576838523,47.16995453469664],[8.560701977383895,47.17006563440714],[8.56073528390231,47.17011905006996],[8.560744339944257,47.17030434549834],[8.560701073154245,47.17051954908374],[8.560690090428606,47.17062803655008],[8.560625835604633,47.170682790236654],[8.560647237967169,47.17101969599857],[8.560640126665819,47.17110395622388],[8.560516601659554,47.17140474472574],[8.560473263430438,47.17147188840099],[8.560437046162605,47.17154017706679],[8.560413763699325,47.171637125920846],[8.56044537003415,47.171846022135],[8.560424638993837,47.172051479381054],[8.56010584507128,47.17238433314999],[8.559985090840073,47.172519851728275],[8.55977810699824,47.17273122544682],[8.55971141057966,47.172806242692005],[8.559661987514119,47.17288025504219],[8.559665276975412,47.17294912113594],[8.559692873685472,47.17300135127988],[8.559858801347149,47.173094513668325],[8.559869663529929,47.17312624365892],[8.56000891176212,47.173207161717635],[8.560260076848802,47.173268349840384],[8.56049363702758,47.17334366137523],[8.560690323009588,47.173457833588046],[8.560776043247083,47.1735351345626],[8.560818243562313,47.173618752015464],[8.56082367730233,47.173660834935895],[8.560789327362347,47.173904413833455],[8.560734905658613,47.17406528395275],[8.56071449678001,47.174107411928105],[8.560527197263063,47.17442976391604],[8.560425301768817,47.174549419503606],[8.560198810352501,47.17479022899114],[8.56014276845412,47.174887766800545],[8.560114138609109,47.17490528155049],[8.560040807484864,47.175068593449154],[8.560027853867838,47.17522667524144],[8.559914125324674,47.17531752443153],[8.559888408634215,47.17541993918067],[8.559868243373696,47.175572603813414],[8.559922518825969,47.17577224744485],[8.559901117627035,47.17578155959271],[8.559792607019771,47.175982366249904],[8.559655344362106,47.17607968741265],[8.559575562655892,47.17610398821811],[8.558958031345776,47.176237227070594],[8.558869168985556,47.17632248967358],[8.558768914263887,47.17650890277665],[8.558688380959055,47.17675135597513],[8.55859191351803,47.17701037229877],[8.558575101114364,47.17717782888831],[8.558637337819526,47.17726318617273],[8.558659199405515,47.17762944015838],[8.558681636837711,47.177852378067115],[8.558740162714198,47.17805538113575],[8.558715135331402,47.17810013539547],[8.55863752996389,47.17819832296258],[8.558359557096525,47.178351291600634],[8.558082970700706,47.17845520153664],[8.557973478984499,47.17847850374322],[8.557936009205287,47.1784898158873],[8.557714119441052,47.17852363830238],[8.55702839490882,47.1786699344587],[8.556820000198652,47.17867153637564],[8.556555790653983,47.17865006634426],[8.556447379700943,47.17865505035907],[8.555989305177674,47.17863661305923],[8.555880406019623,47.178625166153004],[8.555650870613999,47.17878641975824],[8.555519827415322,47.178911247206145],[8.55550902164932,47.179145105031154],[8.555500635169363,47.17916618234486],[8.555559983596162,47.179319981461354],[8.55566668814424,47.17948725529882],[8.555690972991695,47.179564778345885],[8.555679549313878,47.179594574980506],[8.555736431333035,47.1796725283062],[8.555734771262381,47.179718773256326],[8.555673165519377,47.17982345124082],[8.55549046172482,47.179944246109876],[8.555435844955088,47.179969766064524],[8.555249662352367,47.18018059612716],[8.555190875894144,47.180285777222885],[8.555069013435183,47.18046448012176],[8.554842576245772,47.18075703887624],[8.554864179382243,47.1807654922259],[8.554709777349807,47.18094982669673],[8.554684303495385,47.181054369639796],[8.55465311253386,47.18114227201734],[8.554596890548295,47.18125854656235],[8.554464026257351,47.181486894618104],[8.554409688080154,47.1817884528264],[8.554422238748007,47.18189236621553],[8.554526386119708,47.182038175127076],[8.555000914533444,47.18228294319836],[8.555092848154745,47.182387103113925],[8.555174924424751,47.18252216877791],[8.555206611421546,47.18262559060512],[8.55522339586701,47.182765382584854],[8.555205604034109,47.18281694748764],[8.555180006095197,47.18282006540826],[8.555209872662726,47.18290769048179],[8.555324644547788,47.18304080166477],[8.555484572374521,47.18314565998027],[8.555625719298746,47.18325087123942],[8.555652796102585,47.183234524217674],[8.555753786824276,47.1832996354317],[8.555788342896445,47.1833350129174],[8.555836305583586,47.18339697744509],[8.555844171807912,47.18347986825204],[8.555914049475048,47.18368141290541],[8.555906127111127,47.183700731557614],[8.555939746993001,47.18377719235477],[8.555984163071859,47.18383736512111],[8.556100745680936,47.183903467141704],[8.556161409473553,47.183918386774124],[8.556251938113418,47.183962621202326],[8.556408826775451,47.18405504874606],[8.556449334725537,47.18409864426594],[8.556453558009201,47.18409616542609],[8.556500626546443,47.18419294264433],[8.556483310159885,47.184199020964535],[8.55651104139316,47.18428661246106],[8.556482227323858,47.18458169864651],[8.556483145725217,47.18463007748002],[8.556520983716513,47.1847511067085],[8.556618302117084,47.18483477494083],[8.556718478323129,47.184940265835884],[8.556770717870343,47.185021133330935],[8.556828181754298,47.18514551612023],[8.556847801795213,47.185259750549726],[8.556858049039741,47.18540407660308],[8.556852185940455,47.18548467185063],[8.556832246741886,47.185614025458676],[8.556826038659871,47.185613087241734],[8.556845187345678,47.18571675631924],[8.55689367051118,47.18589121527043],[8.556948325854194,47.185989753704284],[8.55702400992785,47.18606787453108],[8.557102067557201,47.18613076056004],[8.557171488993792,47.18617817692779],[8.55723636577499,47.18623668410482],[8.55726291267885,47.186244801117574],[8.55765002891912,47.185914000915744],[8.558032059101556,47.18558755772537],[8.55838531356161,47.185437357593266],[8.558542178271459,47.18537065793202],[8.558650468942162,47.18532461697106],[8.558867193825401,47.18557153554662],[8.559088868319936,47.1857528990036],[8.559236587577333,47.18585434470948],[8.559294101062909,47.185893842590836],[8.55940658783581,47.18607832834849],[8.559531902638287,47.1862244664477],[8.559767863031526,47.18634933158197],[8.560036446218307,47.1864088666759],[8.560207514245363,47.18641224668776],[8.560470005975805,47.18637568529562],[8.560487616242185,47.186383609792244],[8.560642900191235,47.18624278028612],[8.560736972649424,47.186193889384924],[8.560892806217932,47.186104482479806],[8.560924044006711,47.18605564623764],[8.560986806492503,47.186018206016314],[8.561028761663623,47.18600851341394],[8.560833043684415,47.18630131487217],[8.560850858041192,47.18648441922051],[8.561043758480785,47.186666770131346],[8.561177307202662,47.1868057106105],[8.561580603822442,47.186726843244486],[8.561797992103044,47.18682970208313],[8.562128916905252,47.186873619276845],[8.562414663011664,47.186883694018],[8.562870698334072,47.18709861904783],[8.563034837188065,47.18696430265368],[8.56314642197064,47.18681321868063],[8.56319981408695,47.18701240130127],[8.563479442903919,47.18744632882237],[8.564110868893787,47.18773837328461],[8.56426639936576,47.18768666571031],[8.564428070529765,47.18751479648628],[8.5645566693287,47.18744998429028],[8.564663733450493,47.187445392804406],[8.56493125456503,47.18755486200737],[8.565159750436829,47.18753364534993],[8.565283961723393,47.18754688585816],[8.565187836046594,47.18772128138808],[8.565104859647315,47.18803138299779],[8.565172901486307,47.18818390469368],[8.565228741983711,47.188215688733216],[8.565197611317219,47.18814415384227],[8.56523099064943,47.18810314870469],[8.565551184226614,47.188096281573095],[8.565656342241482,47.188024950853276],[8.565693451317681,47.18796996574932],[8.565911972589223,47.18788673905086],[8.566002009214053,47.18788562347541],[8.566229302895437,47.18769900378526],[8.566247389445428,47.1876092565677],[8.566301514286586,47.18756026662638],[8.566364024149884,47.18753534793935],[8.566488850758867,47.18751892233903],[8.56656755816794,47.18750371311756],[8.566670446389638,47.18752887343847],[8.56676944474422,47.187457790932655],[8.56699336641774,47.187466876947205],[8.567146435089889,47.18744501028257],[8.567234249043441,47.187351700710096],[8.56727901906727,47.18726527198799],[8.567242340384567,47.18713726308824],[8.567245779756453,47.18711452424693],[8.567806304349226,47.18732001249758],[8.568115332664693,47.18743329519676],[8.5687749849075,47.18778225897568],[8.568697503537798,47.187987320725505],[8.568526107005834,47.18833480640571],[8.568424954451727,47.18843319548077],[8.568103358103759,47.18878248723786],[8.56840675379282,47.18887168903361],[8.568863834049532,47.18900605995574],[8.568988663996876,47.18904275118722],[8.569265505745383,47.18912414233079],[8.569663332446645,47.18939108577864],[8.569771289698757,47.18946351988723],[8.570212168786371,47.18983285918161],[8.5703100367812,47.189914846430774],[8.57084654928788,47.19036428538256],[8.571025684318391,47.190514343773756],[8.572674544855884,47.191777975456766],[8.573365989653992,47.19230784535644],[8.573436385942422,47.19228879130148],[8.5737838087022,47.19225982757036],[8.573760746426212,47.19229616365391],[8.573781643510229,47.19231575712952],[8.573784177106226,47.192353064260494],[8.573797826342075,47.19239988718102],[8.573869269077711,47.192420196676665],[8.573840940418528,47.19244840762181],[8.573896789278113,47.19250189403407],[8.573918031075085,47.19256508619201],[8.573988976342788,47.19266081138329],[8.574026484414613,47.19268518863462],[8.574077211279372,47.192761583518134],[8.574065345251618,47.192818067529544],[8.574071909579684,47.19291843066128],[8.574093213407734,47.19298452777972],[8.57408099147454,47.19305719854276],[8.5741156074895,47.19313493972386],[8.574137707932564,47.193150896004845],[8.574151926195713,47.193257453631965],[8.574187689220974,47.19327855562113],[8.575169620222313,47.19307155513698],[8.575655147662168,47.19298149101577],[8.575738476014486,47.19321321565732],[8.57596968140728,47.19349787646558],[8.576897370223916,47.19339383099728],[8.577135680535177,47.193367105347704],[8.577378055373892,47.19316679408233],[8.577487005861087,47.19307674001564],[8.577947734492838,47.192940907503385],[8.57830421315867,47.192846315887756],[8.578420476389468,47.19277936143362],[8.578775255240275,47.19239023904311],[8.579530352361125,47.191803831532454],[8.580091130163613,47.191813745606595],[8.580512897269633,47.19184726416135],[8.580872975775854,47.19169993191562],[8.581628767198222,47.19128712942997],[8.581894536169724,47.19116075461712],[8.582542525687755,47.19098007114454],[8.583206145314033,47.19087386597597],[8.58357250836189,47.19104733957789],[8.584020149217032,47.19119607485007],[8.584096960644086,47.191227875105284],[8.584359261874603,47.19125041703575],[8.58550529436496,47.19131360766839],[8.585697515621941,47.19099544838353],[8.585835496631088,47.19085140152121],[8.586311915908198,47.190262840271835],[8.586968643022505,47.18935243780782],[8.587509495167392,47.189300785631666],[8.587746893912156,47.18927016969283],[8.588094740139855,47.18913500874271],[8.588800337139732,47.18871858408739],[8.58933750212792,47.18859465243962],[8.589830173845776,47.18842007646815],[8.590769963468013,47.18780104337347],[8.591102211126065,47.18818607229511],[8.591570043932588,47.187932116222974],[8.59194723835561,47.18761665389876],[8.59216316819403,47.18737475417558],[8.59255482343788,47.18705773250712],[8.592706462652664,47.18759283484336],[8.592858127327778,47.18809717128377],[8.593330548178299,47.187880737132],[8.594428577140683,47.187651778551654],[8.595270947912034,47.1882115157255],[8.59543045761646,47.18818706382037],[8.59555503778311,47.18818457048567],[8.595692239694605,47.188210448648235],[8.595931794347008,47.18852392593154],[8.596241915787402,47.18892973604563],[8.59775218980011,47.18902701327408],[8.598324626367301,47.188643247261446],[8.598725631507712,47.188411164958424],[8.599407449477827,47.18854993318712],[8.599408370540988,47.18923584912244],[8.600406669465817,47.1893509277385],[8.600549317248298,47.18997727387124],[8.601156281894388,47.18989487144895],[8.602419471961234,47.18978731164808],[8.602812360178518,47.18960712162083],[8.603761176782262,47.18934478732572],[8.604820164432784,47.18923954635478],[8.6056564596042,47.189535730732175],[8.607028069672488,47.18867790867437],[8.607636288741302,47.18822644417154],[8.607770756340203,47.188075587137185],[8.607896287199933,47.187583485670615],[8.608223377647276,47.187519342611004],[8.60898343887623,47.187564225166106],[8.60925432029429,47.18746958823565],[8.609465046094009,47.18768325350465],[8.61006055665846,47.18838726662313],[8.610995672322833,47.18872587434644],[8.611192989885287,47.188979884103304],[8.61079626484199,47.189226809740624],[8.610212470495588,47.19003425641221],[8.609688828989327,47.18996671853374],[8.609548899366779,47.19014835380297],[8.608830101204386,47.189887912749356],[8.608159323481736,47.19036537784669],[8.608247354157303,47.19130869559553],[8.608356179869258,47.19175079256102],[8.607808986518764,47.192154475695126],[8.60753455423545,47.19238495368792],[8.607277399245422,47.19251114784621],[8.60741116435321,47.1926598120169],[8.608059834464854,47.193380728989396],[8.606978937611027,47.19529003827211],[8.60682867185333,47.19607573949293],[8.608524580330608,47.19656622167716],[8.608317450631041,47.19735195380391],[8.608165988096005,47.197584889709944],[8.608140178128798,47.19764792411642],[8.608096958300235,47.19779540739737],[8.608077026432161,47.19782788653858],[8.608034239121235,47.197949286757094],[8.608024028098006,47.19806479674617],[8.607934945575446,47.19825221900242],[8.607922923384816,47.198356736585424],[8.607892784701454,47.19845966597686],[8.607887070012367,47.198523071965184],[8.607779496016057,47.198561379659445],[8.607720081479322,47.198675113271904],[8.607643835543076,47.19872529196263],[8.607646098649596,47.19882582328503],[8.607606108478997,47.19887358282053],[8.607564133262995,47.19888909480168],[8.60754487007284,47.19894375052123],[8.607490573833013,47.198964991895096],[8.607450696509687,47.19900765864278],[8.607419716413,47.19910958889963],[8.6073011059717,47.19923665208614],[8.607262516770412,47.199309900168515],[8.607200010115788,47.1993709948523],[8.607127954266414,47.19961304555794],[8.607056951584507,47.19966769547201],[8.607065159522246,47.19971112452626],[8.607245522602518,47.19996139048188],[8.60720924048398,47.20003091786776],[8.607087707492743,47.20011735874138],[8.607164757286505,47.20021502610105],[8.60714338090228,47.20031799224075],[8.607195490282253,47.20037722204481],[8.607222401146677,47.20047079237374],[8.60728945021213,47.200528134341035],[8.607284526837372,47.200577660813245],[8.607403926052115,47.20073662687672],[8.607323559371016,47.20086596454494],[8.607334387868756,47.20091211966624],[8.607427621164298,47.200913746129174],[8.607480189616055,47.20093777086366],[8.60750387870792,47.20104332914665],[8.607423273353334,47.201138197669806],[8.607322144616004,47.201381128190725],[8.607348228462788,47.20145312612109],[8.607292041512496,47.20152266661137],[8.607222100688054,47.20158373774361],[8.60721849796213,47.201636930047314],[8.607167310024638,47.201725661593734],[8.607202423338606,47.201775969183814],[8.607182381477767,47.20183552636503],[8.607120390880485,47.20189440275031],[8.607129576895062,47.201949354373475],[8.607086205821034,47.20202736460804],[8.60699478850787,47.202107751430994],[8.606925424617458,47.20212095925868],[8.606898175694006,47.20215393517258],[8.60683469063921,47.20218974352802],[8.60677146868531,47.202204966963315],[8.606690424552376,47.202188013531675],[8.606556701935581,47.202254462950066],[8.60639794870938,47.2022342583754],[8.606299060169583,47.20227599380964],[8.606079578081566,47.202495906685556],[8.605910514685824,47.20258089397626],[8.605692675882192,47.202676018770894],[8.605582230268316,47.20265696967498],[8.605351137512768,47.20262498367074],[8.605236448601154,47.20267038659127],[8.605148923769418,47.202658292448604],[8.604955875780723,47.20267491093122],[8.604703829001046,47.20254634192809],[8.604613648348344,47.20258072816724],[8.604566843437993,47.2025783054643],[8.60449191107824,47.202527455707234],[8.604401400071788,47.20252912769585],[8.604169286837624,47.20260167990632],[8.60391486018993,47.20257460498044],[8.603750489458388,47.20260372314746],[8.60367284828489,47.20266298985885],[8.603567668205212,47.20271476281643],[8.603543754940091,47.202710704779754],[8.603416820112798,47.20278542085088],[8.603160904704943,47.20303251274108],[8.603333467407591,47.203138266302105],[8.604390745673557,47.20404603034913],[8.604840881631919,47.20465318119872],[8.605115918695489,47.20491666867375],[8.605549550644577,47.205129072102864],[8.606052160032247,47.205236424385284],[8.607860068031526,47.20472959683549],[8.608223698332901,47.20457747479671],[8.608905588095695,47.20443202199066],[8.609162802095296,47.20424274651428],[8.609264822660906,47.20413959899726],[8.609495100270351,47.20380532461181],[8.6096705793532,47.20344011295212],[8.609908630953926,47.2032199863021],[8.610226884096866,47.202985558566496],[8.6108074871044,47.2026765028115],[8.611581224965333,47.20244731105865],[8.612025875144404,47.20237891122526],[8.61246615450118,47.20223229134021],[8.612812073113824,47.20199622484101],[8.612948942318276,47.201857644159276],[8.613019138172648,47.20150789373945],[8.613011736463449,47.20123090055895],[8.613192610634446,47.20105273927084],[8.613378406937464,47.20055787748029],[8.613494562549475,47.20043794863328],[8.614096346031358,47.200073776489695],[8.614556171691161,47.199856781944966],[8.614914059207413,47.199505890773494],[8.615157534036426,47.19935407390051],[8.615173424425027,47.199334840556055],[8.61545905734165,47.19902120857173],[8.615555062663864,47.19890301273887],[8.615637795172931,47.19878025671542],[8.615706754764513,47.198653602332314],[8.615761574886216,47.19852378201761],[8.615801954776513,47.19839151852686],[8.615827660451815,47.19825756991111],[8.615897120594344,47.19775552666792],[8.615913477920476,47.19765440012537],[8.61593541542296,47.197553756265414],[8.615962910045809,47.197453748248094],[8.615995912145678,47.19735452050879],[8.616034385077528,47.197256208353515],[8.616078266203335,47.197158965344855],[8.616137774061507,47.19703955889765],[8.616201354895507,47.19692112727751],[8.616268983875814,47.1968037426975],[8.616340609586015,47.19668746864654],[8.616416207000864,47.196572368343276],[8.616495737901282,47.19645850514104],[8.617036924908867,47.19571900386614],[8.617108673118436,47.195627601285345],[8.617188848209517,47.19553951279197],[8.61727714160869,47.19545511035324],[8.617373177786163,47.19537472164235],[8.617476555425588,47.19529870158361],[8.61769796435356,47.19515528197528],[8.617799910278707,47.19507721624593],[8.617892008012763,47.19499364693386],[8.617973623732405,47.19490515628356],[8.618044203588072,47.194812361702425],[8.618103220528317,47.19471589831338],[8.618150319635907,47.194616426461],[8.61818514659781,47.19451463346804],[8.618207479449474,47.194411223289585],[8.61821713601325,47.19430690846511],[8.618214079451086,47.19420240903682],[8.618198325702902,47.194098444502075],[8.618169956480372,47.193995724684456],[8.618129211822739,47.193894957781545],[8.618076344957148,47.19379685185207],[8.618011713665059,47.193702068901494],[8.617443125419634,47.19297500725136],[8.617398347404597,47.19291030041762],[8.61736222502524,47.19284312107107],[8.61733506060984,47.19277401486571],[8.617317037538022,47.19270351967584],[8.61730832737933,47.19263223646495],[8.617308967978163,47.19256068660153],[8.617319025151435,47.19248946313158],[8.617338340023675,47.192419143407754],[8.617366779316919,47.19235026853547],[8.617404131187673,47.1922834074098],[8.617450103642911,47.192219084766016],[8.617504325532131,47.19215782614842],[8.617566318971578,47.19210010421865],[8.61766236104927,47.19202626398903],[8.617691876930456,47.19200806013943],[8.617723933795274,47.191991980246236],[8.617758191976733,47.191978180714216],[8.61779431101621,47.191966781973434],[8.617921290605958,47.191939258697204],[8.61800803922847,47.19191560178887],[8.618091632738379,47.19188711042821],[8.618171441585435,47.19185396199146],[8.618246930166702,47.191816404859765],[8.6183175498888,47.19177469654421],[8.618382858110143,47.19172911146248],[8.618442361006235,47.191679996523284],[8.618796168525945,47.191363137553296],[8.61886557198806,47.19130702113668],[8.618941438698695,47.191254958475184],[8.619023300830825,47.19120727820055],[8.619110584816923,47.19116430103334],[8.619202716699332,47.19112632970759],[8.6192990945518,47.1910935952792],[8.619487846309175,47.19103566971744],[8.619673135308913,47.19097274173282],[8.619854660244691,47.19090491338641],[8.6200321462021,47.19083228647],[8.620205305078244,47.19075496291211],[8.620373902343992,47.1906730800757],[8.620496123581777,47.190610762118894],[8.620615639599475,47.190546069931294],[8.620732372025412,47.19047904030903],[8.62078505848308,47.19044469319286],[8.620832898308693,47.19040720232141],[8.620875475477064,47.1903668508419],[8.620912415534596,47.190324011432374],[8.620943422992932,47.19027904696394],[8.620968241748322,47.19023231090684],[8.620986630284582,47.190184219551256],[8.620998452634675,47.19013518810249],[8.621003625208907,47.190085613235304],[8.621002091600285,47.190035927327315],[8.620993276286116,47.189972030913275],[8.620980548753275,47.189908453546465],[8.62096392399766,47.18984527603371],[8.620943418803686,47.189782660125076],[8.620919087348557,47.18972066823266],[8.62068847453042,47.18923889267114],[8.620638351925196,47.189124045472624],[8.620595773136577,47.18900779841909],[8.620560782863855,47.188890384949545],[8.62053349097446,47.18877200184949],[8.620513916969696,47.188652936788465],[8.620502144128732,47.18853337782615],[8.620487204511786,47.18826329802518],[8.620487982156751,47.188173656104006],[8.620498848055876,47.188084315420745],[8.620519721332963,47.18799579855751],[8.620550495125757,47.18790864635234],[8.620590942648256,47.1878233468975],[8.62064087729355,47.187740414857934],[8.62069996654543,47.187660330411795],[8.620767904279974,47.187583573464735],[8.621427187891664,47.18692226834136],[8.621691134701319,47.186648216223254],[8.621948376390833,47.18637121878991],[8.622198848651852,47.18609134871376],[8.622442500572163,47.185808687524755],[8.623703739721343,47.18427933474058],[8.623870631964527,47.184083523215946],[8.624040531426935,47.18388890388672],[8.62421341250084,47.183695512986446],[8.624389288756165,47.1835033683535],[8.62548967256788,47.18232855618338],[8.625608547949648,47.182188507205986],[8.625707448716762,47.182041422472395],[8.625785520113771,47.18188861524157],[8.625842040726202,47.18173146035957],[8.625876501022873,47.18157136646024],[8.625888602748882,47.18140974898253],[8.625887546614258,47.181195659756575],[8.625892322411623,47.1811171490962],[8.62590711219412,47.181039218822846],[8.62593183675282,47.18096246347241],[8.625966284771511,47.18088746994517],[8.626010204966212,47.180814807559976],[8.626063267112045,47.180745055443985],[8.626125060048667,47.180678712595586],[8.626195093876746,47.180616296816034],[8.626272864915622,47.18055829906087],[8.626357749177895,47.18050513956047],[8.62644912268515,47.18045723854562],[8.626546281124376,47.18041496310232],[8.627563213423729,47.180014584991405],[8.627653082857982,47.179975676348896],[8.627737490166474,47.1799314355737],[8.627815717639983,47.17988222092921],[8.62788718008479,47.17982841629825],[8.627951293714402,47.1797704685201],[8.628007527913212,47.17970884187638],[8.628055445008162,47.17964402667525],[8.62809464770497,47.17957654878987],[8.628124844641015,47.179506950989065],[8.628145770840057,47.179435775767246],[8.628157254664188,47.179363609631345],[8.628159203622015,47.17929103826816],[8.628151617357751,47.179218637414195],[8.628134561668226,47.17914699111579],[8.62810816830153,47.17907668273542],[8.628072620765328,47.17900825011944],[8.62802823586809,47.17894229270542],[8.627975367185348,47.17887928360799],[8.62705597097105,47.17790256942888],[8.626950368690345,47.17779787800787],[8.626837667420379,47.177696687183584],[8.626718096804792,47.17759923745206],[8.626591938243017,47.17750572379567],[8.626459460536513,47.1774163683143],[8.62632095826128,47.17733136585453],[8.625477110275456,47.17684305196039],[8.625400616876352,47.17679605497422],[8.625329618618434,47.17674519605097],[8.625264518580844,47.176690803889954],[8.625205718839943,47.176633162221755],[8.625153557112363,47.17657262740667],[8.625108344729696,47.17650955607653],[8.62507031367977,47.176444296684465],[8.625039723722146,47.17637726036699],[8.624665368239416,47.17540975079757],[8.624629350227718,47.17533228118301],[8.624583216918957,47.175257344659904],[8.62452732523156,47.17518556724596],[8.624462202146056,47.175117510234],[8.62438830888511,47.17505374458901],[8.62423330537546,47.1749422370842],[8.62416709127475,47.17488564281908],[8.624108145587858,47.174825438293894],[8.624056860560954,47.17476206027433],[8.6240136680024,47.17469594511775],[8.623978802868134,47.174627576186964],[8.623952565857575,47.1745574271704],[8.623935113776994,47.17448602721166],[8.623848930006275,47.17401976209829],[8.623836196679967,47.17391957189106],[8.623835209486655,47.17381900883358],[8.623845995692239,47.173718711347576],[8.623868477049049,47.17361931893794],[8.623902548734309,47.173521462383945],[8.623947934868207,47.173425792214964],[8.624004384163017,47.17333287774192],[8.624071514442969,47.17324333460043],[8.624148915968066,47.173157724733066],[8.624236073296402,47.173076602174],[8.624325448435807,47.1730033010492],[8.624420358340856,47.17293331625591],[8.62452060995496,47.17286686566959],[8.624625837772008,47.17280412396362],[8.624735821769079,47.17274528230444],[8.624850208642208,47.17269047026177],[8.625070162087997,47.172600745554604],[8.625298156630102,47.17252089587859],[8.625533250932598,47.17245129972439],[8.625774461119953,47.172392201090624],[8.626020790942224,47.17234388009407],[8.62627117642373,47.172306536595876],[8.62770364340756,47.17211983476441],[8.627942183930134,47.17209333301511],[8.628182275578517,47.17207430826004],[8.628423378108735,47.17206278406763],[8.6286650048341,47.17205881944018],[8.628906640891618,47.172062392713116],[8.629147785407117,47.17207351806466],[8.630608349798587,47.17217173806285],[8.630754068964658,47.172178900673025],[8.630900135931304,47.172180356138256],[8.63104611521857,47.17217609997305],[8.631191466036018,47.17216613778119],[8.631335740717809,47.17215051018732],[8.631478465422406,47.172129267085566],[8.63229493676709,47.17199432000283],[8.63238322200537,47.17197799439556],[8.63247061675792,47.171959599919575],[8.632557028894494,47.17193914652842],[8.632642340710321,47.17191668042455],[8.632726472863673,47.1718921934377],[8.63280930745028,47.17186572277714],[8.63336750574632,47.171678932947856],[8.63346927678595,47.17164922461974],[8.63357467834753,47.17162614441933],[8.633682791873982,47.17160990877995],[8.633792657238606,47.17160064461153],[8.633903300124881,47.17159843399569],[8.634013784779693,47.17160331363803],[8.63543384157507,47.17170656194902],[8.635735627908263,47.1717235378307],[8.636037943562343,47.17173527183522],[8.636340616391134,47.1717417387616],[8.636643408706494,47.171742932084584],[8.636946162556633,47.17173887143866],[8.637246704635409,47.171730299126324],[8.63754681362673,47.171716530941445],[8.637846344770436,47.171697586386635],[8.638145060784591,47.17167347693449],[8.63844279013034,47.171644204378715],[8.638739322308716,47.1716097979087],[8.63887063324301,47.17158978909521],[8.639000190185277,47.171565102593256],[8.639127676978754,47.171535759698074],[8.63925270055604,47.17150188146294],[8.639374919195157,47.17146352543599],[8.639494006383842,47.17142083896648],[8.639540052076025,47.17140172807426],[8.639583492178323,47.17137996359108],[8.63962398721379,47.17135570199207],[8.639661238080727,47.17132913531462],[8.639694972056624,47.17130045532096],[8.639724930416978,47.17126988961071],[8.639750867829637,47.17123767463944],[8.639772604705492,47.17120403718056],[8.639789975453008,47.171169239844524],[8.639802867236396,47.17113354469071],[8.639811128058916,47.17109723217853],[8.639814763380205,47.17106054514006],[8.639813687955186,47.17102379932035],[8.639807947213447,47.17098725512485],[8.63979758678615,47.170951181952205],[8.6397826525058,47.17091585819426],[8.63938814994932,47.17010010227406],[8.639366295121457,47.17004851420356],[8.639350959140181,47.169995850576555],[8.639342282143438,47.169942478763254],[8.639340286178552,47.16988879435233],[8.639345019668902,47.169835192656215],[8.63935642553167,47.16978207008692],[8.63937440651475,47.169729796486976],[8.639398891945723,47.16967875041639],[8.639429639908808,47.16962932121684],[8.639466460234898,47.16958185271003],[8.639509083830369,47.169536698536454],[8.63955718844869,47.169494194899045],[8.639610411273436,47.16945463344478],[8.639668389492098,47.169418305820464],[8.639730720327938,47.169385486098534],[8.639796907479909,47.16935639535288],[8.639866494619008,47.1693312722326],[8.639938957662173,47.1693102751322],[8.641001330901547,47.16903155323866],[8.641223383280073,47.16898189672611],[8.641451030499693,47.168945837013204],[8.641682445649689,47.16892366304377],[8.641915851553014,47.16891552831789],[8.64214937710605,47.16892151536529],[8.642381227503096,47.1689415799906],[8.642609552550717,47.16897556164596],[8.642832578743402,47.16902319104486],[8.644395724780766,47.16941568507614],[8.645485805210772,47.169730079393624],[8.645668472763559,47.16977775776129],[8.645855169566481,47.16981749520482],[8.646045179118019,47.169849110308576],[8.646237720997277,47.16987251229049],[8.646432066719292,47.169887573844925],[8.646758091144912,47.16989863494933],[8.646888140093601,47.16990834349427],[8.647017134336192,47.16992333454492],[8.647144571536623,47.16994355940538],[8.647270014282638,47.16996892372058],[8.647392999595159,47.1699993693893],[8.647591490321728,47.17005539760991],[8.647708023861819,47.170085191054916],[8.64782651718508,47.170111221510055],[8.647946677687335,47.17013338409356],[8.648068241374688,47.170151672578626],[8.648190930250742,47.170166044903226],[8.648314465707992,47.170176432025166],[8.649856337560244,47.17027841062949],[8.650055656843257,47.170296868155106],[8.650251987471977,47.17032664662068],[8.650443992244583,47.170367526230976],[8.650630306144516,47.17041922452087],[8.650809615059808,47.17048137753412],[8.650980668968092,47.170553539683254],[8.651812264367651,47.1709258950604],[8.651903076507185,47.170958510275824],[8.651997682380312,47.170985642918204],[8.6520953521078,47.171007102765],[8.652195382998649,47.17102273529267],[8.652297033404507,47.17103241337824],[8.652399523332553,47.17103606428095],[8.652502100593574,47.17103367794055],[8.652603973636571,47.17102525371052],[8.652704405297785,47.17101086234035],[8.652802645839182,47.17099060170235],[8.652897946954376,47.170964632627296],[8.65298960072319,47.17093315150565],[8.653076926423964,47.170896390426265],[8.654739104417654,47.17010815153438],[8.654884204875467,47.17004521220242],[8.655036786891872,47.169991081530505],[8.655195686782209,47.169946212589956],[8.6553596980415,47.16991091497614],[8.655527586983041,47.169885462594486],[8.655698078729586,47.16987005782576],[8.655869882768236,47.169864795272844],[8.65604170777143,47.16986973357134],[8.656212273349759,47.169884832293995],[8.656380244311366,47.16990996164214],[8.656544403538128,47.16994496358734],[8.656703478079319,47.16998954576044],[8.656856273486943,47.170043387979725],[8.657001632610928,47.17010607071927],[8.65745197263271,47.17032484066698],[8.657612855410541,47.17039428506161],[8.657781818352792,47.17045417096795],[8.65795761164592,47.17050407079431],[8.658138986687778,47.17054361091743],[8.658324631378308,47.17057252634435],[8.658513181261714,47.17059057063657],[8.658703315333913,47.17059766782519],[8.658893646234304,47.170593724661636],[8.659082789472073,47.17057877381834],[8.659269402381028,47.17055294648789],[8.660741057780278,47.17030459469049],[8.660648339815952,47.16991777548894],[8.660514860290071,47.1697706527],[8.66048161839423,47.169630273947504],[8.660440849426571,47.16954962685045],[8.66051722894192,47.16937983706692],[8.660445005133212,47.16924804046704],[8.66050423402131,47.16918333386061],[8.66051292012795,47.16908134516829],[8.66059223851448,47.16889471977441],[8.660698672536618,47.16885692227052],[8.660706881076534,47.168769853812684],[8.660778650982039,47.168681336674446],[8.660928734393744,47.16869496367883],[8.66095087216974,47.168635031787126],[8.660937162281101,47.16850951377517],[8.661005792184541,47.168379423824604],[8.66116555908201,47.168191610534095],[8.661148166473076,47.168136452565115],[8.661161543049998,47.167981158253255],[8.661080937006954,47.167838691972335],[8.660859980991969,47.167352013149355],[8.660812094258272,47.166596893423396],[8.660886693397757,47.165775270303776],[8.66101336780084,47.165400181038166],[8.660902955022555,47.16503588645154],[8.660817998062116,47.1648823022435],[8.660812639339353,47.164755651889706],[8.66077279021363,47.16473074268219],[8.66071998287985,47.164483772314355],[8.660805085260948,47.16431856727081],[8.66070827360315,47.164166791119186],[8.660661854286971,47.16414641362265],[8.66060982536765,47.164111423364055],[8.66059380170458,47.16408841109139],[8.660436807661755,47.16392980722242],[8.660454092121736,47.163796007542686],[8.660693690967411,47.16336811876366],[8.66077745345725,47.16283123509598],[8.66098179047028,47.162352560355636],[8.661058640119322,47.161993095076824],[8.661068411285394,47.16199415173758],[8.661087021337247,47.16177527248391],[8.661166805288333,47.16149699096019],[8.661207507230309,47.16132778622685],[8.661240043956626,47.16094548315061],[8.661393893681044,47.16075426841117],[8.661497829906022,47.160723333352095],[8.661827701131834,47.16061988232754],[8.662348970786429,47.160517543407344],[8.662773261281373,47.16049430948698],[8.663509289722347,47.1605390933214],[8.664014874365218,47.160329052744856],[8.664713195282282,47.15992939127892],[8.665209247167853,47.15978150974886],[8.665784002860187,47.15965987335437],[8.665751933626105,47.159480656797164],[8.665654259245208,47.15923107212007],[8.665168702268442,47.158469724898076],[8.664751055853559,47.158341819523336],[8.664685269102257,47.158310063309976],[8.664501602538962,47.15824834726816],[8.664203831869624,47.15818848517882],[8.663900107399533,47.158194598846805],[8.663802723979375,47.158170438333954],[8.66367273963198,47.158179747850525],[8.663441573106134,47.158208675011814],[8.663376752376475,47.15822889519852],[8.663144057638856,47.15821697855796],[8.66297865752362,47.15826588642503],[8.662817494477416,47.15828324525852],[8.662621005936476,47.15831416769921],[8.662560004847585,47.158299001821],[8.662328771482809,47.15828755376362],[8.662237273884294,47.15827045409717],[8.66219996740085,47.158252166331955],[8.662181073984321,47.15821895642031],[8.662094720225479,47.15817416647839],[8.662012774666147,47.15815259304291],[8.66185851681485,47.158159315901244],[8.661769508002195,47.15813683683459],[8.66167202455574,47.15816481592941],[8.661664588176908,47.15817990916618],[8.661616859986097,47.15817187939379],[8.661453484583127,47.15819169772545],[8.661420906222913,47.1581794586897],[8.661314857842651,47.158197390109734],[8.661067650759637,47.158173676923546],[8.660981218915651,47.158192416144786],[8.660584732830412,47.158117949577445],[8.660529899032497,47.158119863342996],[8.660500419375625,47.1580960313884],[8.660504674743636,47.158067523119506],[8.660401594049238,47.15800688783972],[8.660202105062584,47.157972806539995],[8.66026540031271,47.157952163548394],[8.660409193824467,47.157924980288406],[8.660466086112983,47.15775787970325],[8.660532060060582,47.15768300771739],[8.660588738559746,47.15744648783581],[8.660709094070874,47.157279477687226],[8.660788461964186,47.15725639669538],[8.660787597211081,47.15718039937279],[8.660750819757066,47.15709973682823],[8.660711724281832,47.15706830656526],[8.66073740715266,47.15703272477584],[8.660843162860484,47.15702979316532],[8.660890370017476,47.157016787331166],[8.660916509950562,47.15698043599098],[8.660919197726738,47.15693353870063],[8.660910876229877,47.156900630078816],[8.660929105670792,47.15683320091204],[8.660947333365609,47.15682402933012],[8.660986562087368,47.156762539252],[8.661005520173095,47.15669352804187],[8.66106069799614,47.15659355485596],[8.661049374070851,47.15653312364114],[8.661070293094035,47.15642178376821],[8.661153877243988,47.15630504615873],[8.661188505612321,47.15623848620298],[8.661171173138094,47.156124584120185],[8.66125508798131,47.15604371864084],[8.661240690720298,47.15597922695245],[8.661303931673126,47.155857595713044],[8.661330972774904,47.155819741359316],[8.661408696411407,47.15574614728691],[8.661389755590228,47.155689440395804],[8.66146418219144,47.15564529798882],[8.66152624172289,47.1556232370401],[8.661558307970639,47.1555958094624],[8.661635714695258,47.15555108651091],[8.661715521007288,47.15540014112215],[8.661818083399154,47.155348214744855],[8.661895566872841,47.155321302722776],[8.66176068173843,47.15523589020998],[8.661755098487005,47.154987500141644],[8.661778406916515,47.15493984381016],[8.661655638425664,47.154862335715364],[8.661639654571934,47.15479363283945],[8.661546000046918,47.15470551479049],[8.661498407149493,47.15472232130472],[8.661456965335947,47.154680489955346],[8.661313841885402,47.1546927252941],[8.661290946088446,47.1546787820542],[8.661286389237356,47.15464036391173],[8.661255080028587,47.15463740414373],[8.661203136724703,47.15467448860207],[8.661163262387172,47.15467067525785],[8.661142113161297,47.15462349148188],[8.66114284292159,47.15456767301496],[8.66111876002761,47.15454736424598],[8.661032312366967,47.15456111101509],[8.66100763447518,47.15452167421543],[8.660969932984678,47.154498082669576],[8.660966036710544,47.1544643263813],[8.660909117429306,47.154445203070026],[8.660847000788984,47.15445778260701],[8.660689601863288,47.15439288485632],[8.660675587878012,47.15434975433135],[8.660698705315381,47.15432489591835],[8.660587606015062,47.15419864877402],[8.660038044182558,47.15386878387736],[8.659642659777894,47.15359890220067],[8.659578883357373,47.1533004646222],[8.659694106408402,47.153074064707624],[8.66009089739234,47.152561366708895],[8.659981593878179,47.15189745833593],[8.659840569575133,47.151686930473325],[8.659548454183001,47.15163381556559],[8.658343924040976,47.1514962262627],[8.657080639116618,47.15131979061945],[8.656673524913867,47.151355290829656],[8.65610207344942,47.15147245769791],[8.655730333070423,47.15145148161178],[8.65493767169201,47.151454458702574],[8.653697133244433,47.15153943675764],[8.653377992605476,47.15160838741032],[8.652733631948173,47.15185628026936],[8.652369485123742,47.151929481349356],[8.652051983767587,47.152065691411764],[8.651946457611535,47.15211673175904],[8.650793616906839,47.15231921144094],[8.649401967248771,47.152512588402566],[8.649081598577776,47.15250380629326],[8.648944675700534,47.15246701430972],[8.648675852104443,47.15228946531881],[8.648355476276292,47.152042208800395],[8.648197101287264,47.1519436147504],[8.647750937062318,47.15178381490124],[8.64733397727058,47.15162077383222],[8.646784222294377,47.15156906494517],[8.646382990971578,47.15153893169417],[8.64579586313223,47.151464275089545],[8.64517836388159,47.15141928768012],[8.64468112076556,47.151410198338176],[8.644327799495422,47.15143157893894],[8.643683569503334,47.151504215187124],[8.643192857404674,47.151544528432616],[8.642534126696889,47.15158407920215],[8.64169110478732,47.15160527688597],[8.641198659213597,47.151640139217605],[8.64049852771091,47.15165422089959],[8.640322297523102,47.151733498578785],[8.639941605770112,47.15182462684552],[8.639223443392387,47.1517833573919],[8.638962980272435,47.151788864121585],[8.638693391312577,47.15178199715687],[8.63823062184395,47.15170779485693],[8.637065248123864,47.151538350239264],[8.636670324401855,47.15148454823331],[8.636499806052386,47.151534667823924],[8.636128523161753,47.151708249685925],[8.635602459989293,47.15184218576937],[8.635213801720102,47.151807366848125],[8.63436538476114,47.151757877246574],[8.632980115923328,47.15163261557451],[8.63189967772963,47.15174031754995],[8.631507560193894,47.15182883750386],[8.6311928597055,47.15185037092188],[8.63108552627477,47.15188565888381],[8.630696249388253,47.15190997901962],[8.630361961101162,47.15194078996465],[8.630064458492576,47.15201519978946],[8.629961920376026,47.15182573808363],[8.629343964458508,47.15197256146628],[8.629274504202066,47.15202274869493],[8.628848435543727,47.152364457854105],[8.628598994314522,47.15237771641861],[8.627964782138598,47.15225744212799],[8.62755603342553,47.152264365972854],[8.626863972675956,47.152166021690455],[8.626677071161048,47.152179574678044],[8.62633330358333,47.15199905089063],[8.626285375560123,47.15210633564436],[8.625775409597027,47.15186431193903],[8.625674124690274,47.151793111292356],[8.625520482999189,47.15186382978801],[8.625232304327199,47.151942116021424],[8.62498224043974,47.152202732479125],[8.62473712282824,47.152395063726765],[8.624383573989718,47.152659786319894],[8.623784181942566,47.15296479632291],[8.623194858300884,47.15319174132003],[8.622793684353217,47.153361988932474],[8.62258263313322,47.15342150973133],[8.622473758466002,47.15342208140265],[8.621888169541656,47.15334654043888],[8.621464983490476,47.15322625468823],[8.6212749792155,47.153159272851354],[8.620631159459279,47.15297319833115],[8.620070250053,47.15283485542731],[8.619623999403474,47.15257848565374],[8.619286142917709,47.15239294163596],[8.618698571572189,47.152157341698924],[8.618521679934766,47.15208126998948],[8.617833713784647,47.15168776559079],[8.617697074172757,47.15181240930992],[8.617301262427503,47.1520204733175],[8.617202540341122,47.15206218198708],[8.617094130255833,47.15214063891111],[8.617063196270996,47.15214195433113],[8.617043065523838,47.15215539343826],[8.61703276966003,47.15217051297835],[8.6165257004893,47.15215831697507],[8.616087284317892,47.15202687777657],[8.615837914196955,47.152184338372116],[8.615529244853475,47.15235218355426],[8.615331303244094,47.15252894371768],[8.615167177123462,47.15269273651957],[8.61502178722285,47.15277183949756],[8.613701169345642,47.15371400408395],[8.613210059833781,47.15413770368647],[8.612775348273566,47.15427352538821],[8.612140706270289,47.15436816895673],[8.611638647104556,47.15435859886017],[8.611377510755162,47.15432498090889],[8.611015496724786,47.15422841203227],[8.61057891018405,47.15404936324347],[8.610306928571696,47.153886466257845],[8.610164336624452,47.153780544109985],[8.609998680265441,47.15366737209518],[8.609550330176463,47.15350300349307],[8.609001767827822,47.15341499281246],[8.60872126216576,47.15338060338168],[8.608449460000873,47.15335584926527],[8.608032071469061,47.15328884572347],[8.607640347531841,47.15324726299099],[8.6073878153513,47.1532032843792],[8.60663101425913,47.15340687265446],[8.606403405048852,47.15341906968796],[8.605682456662496,47.153537511021995],[8.605342246992802,47.153549390831856],[8.605204869110972,47.15355031617602],[8.604721423070293,47.15358840302494],[8.603953034657081,47.15362023470816],[8.60359395146685,47.15362294485485],[8.60301522417334,47.153671875722786],[8.602433339930197,47.15347494378485],[8.602173874495323,47.15348919988404],[8.601878750611373,47.15351680592333],[8.601795039482486,47.153451326128724],[8.601096786033631,47.153143287153455],[8.600941537429103,47.15303716679742],[8.599880382039,47.15347482461471],[8.599154118386501,47.15314373952952],[8.59898434382374,47.15310525872628],[8.598827773987972,47.153018291986804],[8.598705579836501,47.15290742735254],[8.598620652474569,47.152882357769606],[8.598446998059998,47.15272073557314],[8.598351903307073,47.15261589443263],[8.598259855375757,47.152536633596135],[8.598096576163407,47.152453925560444],[8.597956146068633,47.15234178661384],[8.597839945416807,47.152258477837435],[8.597719990889614,47.15215160174193],[8.597558603781096,47.15204472911708],[8.597464971490465,47.15195918654424],[8.597392738500723,47.15193624614622],[8.597277725220893,47.151889438875344],[8.597204049080934,47.15182661644443],[8.597104284608424,47.151812921963966],[8.596997804009064,47.151739922629446],[8.596925527978796,47.151705827561806],[8.596756022879942,47.15166488494807],[8.59653140247322,47.151560770479335],[8.596433617684989,47.15153431742051],[8.596338646686839,47.15152638533684],[8.596159085785864,47.15152651899257],[8.596105415565027,47.151468568210404],[8.59606962462023,47.15139405613578],[8.595865977716883,47.151238282290265],[8.595779146220016,47.15121400343474],[8.595656586886774,47.15115775289491],[8.595538089478115,47.151096018908206],[8.595441015888035,47.15108593924516],[8.595427125471494,47.15105641971804],[8.595358399672303,47.151032750113686],[8.595333244876976,47.15098966120316],[8.595267203186701,47.150964489242945],[8.595209015387871,47.1509189257312],[8.595085163550696,47.15086199490833],[8.594997159127123,47.15063196595948],[8.594880369764946,47.15058450848968],[8.594524379594992,47.15050049375148]]]]}},{"type":"Feature","properties":{"id":1804,"uuid":"{AC37F086-A0E5-4B18-9A8C-CC8CC9F97087}","datum_aenderung":"2025-11-19T00:00:00.000","datum_erstellung":"2008-11-24T00:00:00.000","erstellung_jahr":2001,"erstellung_monat":1,"grund_aenderung":"Verbessert","herkunft":"swisstopo","herkunft_jahr":2026,"herkunft_monat":1,"revision_jahr":2025,"revision_monat":1,"revision_qualitaet":"TGMG_2025_Akt","objektart":"Gemeindegebiet","bfs_nummer":1702,"bezirksnummer":null,"kantonsnummer":9,"name":"Cham","gem_flaeche":1912.0,"see_flaeche":139.0,"icc":"CH","shn":"CH09001702","einwohnerzahl":18273,"hist_nr":11397},"geometry":{"type":"MultiPolygon","coordinates":[[[[8.46159589973427,47.171286196128214],[8.454132192263948,47.17364877701053],[8.452757620441613,47.17444682823356],[8.452012172083304,47.1748387358932],[8.451632191897083,47.17523769547189],[8.451603173373476,47.175263714078],[8.451476579581486,47.17535427075616],[8.451375160008459,47.17541993103588],[8.45105240883047,47.175832633916286],[8.450294483652645,47.17597166748682],[8.449953299806543,47.17616354496997],[8.449869897582163,47.17605465823787],[8.449897979057942,47.175852623791926],[8.44921776003246,47.17567900253615],[8.449177749055385,47.175674883057496],[8.448480248538667,47.175821227220844],[8.448415355017652,47.17593727215517],[8.448150306681498,47.17637995519747],[8.448027178033469,47.17634622238934],[8.447822155944305,47.176689139525756],[8.446984225233452,47.17774823991178],[8.447103802018434,47.17851954771109],[8.447098231493248,47.17892752533286],[8.447108304718515,47.179377329946014],[8.447392676371347,47.180097034269764],[8.446088418185958,47.180345983501056],[8.445781336047126,47.180399045635426],[8.445366628831293,47.180456745437674],[8.44500116107185,47.18049281083422],[8.444571241267395,47.18052319544867],[8.441610885067371,47.180687423969864],[8.441625366941519,47.18067732176667],[8.440954555884197,47.18071473910538],[8.440605504835666,47.18072940916101],[8.440523851480798,47.1807309024978],[8.440523636214287,47.18071799582136],[8.44043074553862,47.180718975205345],[8.440444473257426,47.18074116458433],[8.440452413779528,47.18082209999946],[8.440280816743153,47.180819914156444],[8.44033534909766,47.18086378745629],[8.440299426231064,47.18100633697546],[8.440236679137474,47.18109524581182],[8.440141091199246,47.18116715098693],[8.439404072838409,47.181530079762176],[8.439180321295735,47.18160141613649],[8.438542107683828,47.18175085376303],[8.437517905973118,47.18199930501068],[8.43717165846557,47.182093289521106],[8.436804828712651,47.18225171528064],[8.43634709762414,47.182464307018506],[8.436095407775033,47.182556236259224],[8.43585240744377,47.182601906796236],[8.435403834762065,47.182673294068],[8.43526624507575,47.182699375910126],[8.43512981599696,47.18273464992868],[8.435023828820386,47.18275381023297],[8.434896211848283,47.182872638788304],[8.43387817814124,47.18373777960076],[8.433553687487995,47.18391285715573],[8.433304590010216,47.183957477472354],[8.432642571881685,47.184295264164525],[8.432394058264746,47.184509280418624],[8.432005712505877,47.185168492902314],[8.431852425501262,47.185372231875355],[8.43125112012992,47.18605873590678],[8.430955245139808,47.186320185561925],[8.430677830770444,47.18648718473521],[8.430388745322498,47.186606931570225],[8.43023124036834,47.186651979370495],[8.430416397147122,47.18700744184847],[8.43057068970803,47.18734280419982],[8.430361064924684,47.18754748515065],[8.430312660191209,47.18758425283396],[8.430249259257362,47.18756016034573],[8.429835089249377,47.188053845423504],[8.429911196337438,47.18815122280207],[8.429606399463221,47.18826821526359],[8.428603815525754,47.188473706759915],[8.427946131698725,47.18871152437106],[8.42840086944488,47.18966776513784],[8.428136390194355,47.1898198940578],[8.427948326743529,47.18991780672485],[8.427729527240654,47.19005271162527],[8.427182023592188,47.19014365352687],[8.42558966873853,47.19030109852996],[8.425502007841715,47.19086551457186],[8.425497465559992,47.19147416833872],[8.425390861815194,47.191944680967346],[8.425499276161283,47.192398616065944],[8.425493747512718,47.192576071857495],[8.425314203209943,47.193362086345786],[8.425160208273569,47.19375765868405],[8.425036241317718,47.19415793000389],[8.424944783894055,47.194426175269264],[8.424930941067561,47.19452428130512],[8.424923807188211,47.1947006802486],[8.424984778733727,47.19546235146221],[8.424972724898483,47.19566179387732],[8.424940230885692,47.19580983146918],[8.424914208267527,47.19587653074049],[8.42489918510848,47.19588558290879],[8.424870999502831,47.19588363843791],[8.424675151199589,47.195803394233636],[8.424443824601603,47.19573506658221],[8.424362245665655,47.19573039472244],[8.42426223844351,47.19573977852131],[8.424013333044291,47.19582616026525],[8.423911937955625,47.195925725996396],[8.423862709229187,47.195962830669174],[8.423718842117635,47.19611959285892],[8.423631443020374,47.196248975429505],[8.42348627757594,47.196432069084295],[8.423433212146413,47.196520318496795],[8.423379337507496,47.1965846918963],[8.423342586679171,47.19665589029721],[8.42331574322052,47.196727597659134],[8.4232947397324,47.19682261624077],[8.423319398881098,47.19691831478915],[8.423375441568075,47.19702618563613],[8.423478078632408,47.197115783993816],[8.423603334216846,47.19728552708798],[8.423605138293418,47.197318282056145],[8.423506690225757,47.19749782762246],[8.423398476367852,47.197645891603756],[8.423369835933409,47.197739734117214],[8.423335806515455,47.19780538601349],[8.423289644915636,47.19786870387966],[8.423221305147328,47.198041416023834],[8.423192899077828,47.1981580599182],[8.423152597271514,47.198278052864694],[8.42313178539943,47.198360584062314],[8.42311622121046,47.19848085123638],[8.423008897918082,47.198790798097],[8.422989996815039,47.19887749579925],[8.42298407753441,47.19901054396317],[8.422967852843552,47.199184600464925],[8.4235832492691,47.19909410645171],[8.423626355396499,47.199136466066285],[8.423789617985905,47.199779439670465],[8.424202338395885,47.200371082136705],[8.424284878103398,47.20059655693898],[8.424430338464308,47.2007677543076],[8.424825053569128,47.201068528300056],[8.424937049279222,47.20123134901787],[8.42550552720828,47.20224660600881],[8.422662755694471,47.205500642110636],[8.422461391718194,47.20569204899191],[8.422330326537839,47.205848924321],[8.4221286061843,47.20615676136381],[8.422108170871551,47.206293765225055],[8.422186604672113,47.20684292247694],[8.421946458186271,47.20693484636908],[8.421677211443676,47.2070817102927],[8.421217616338792,47.207273006924154],[8.420750575907283,47.207481708337575],[8.420529772227548,47.207676992501035],[8.420388701162663,47.20788045705124],[8.420318424699133,47.208131533410075],[8.420237401602442,47.208254534647715],[8.420240208918552,47.2084600019443],[8.420193546531083,47.208662166752255],[8.420169428432924,47.20890020200584],[8.420156899810827,47.20895479398922],[8.420048073948408,47.209244645000275],[8.419943122726572,47.20931981437815],[8.419755788647128,47.209358408501316],[8.41944068645732,47.2093401690137],[8.419108154243766,47.209420999568074],[8.418823673077416,47.20952569882674],[8.418675476270602,47.20960961878204],[8.418586611331829,47.20972354615387],[8.418575499627607,47.209900238540314],[8.418617883256587,47.210119042018874],[8.418619266786145,47.21038618483043],[8.418850505150814,47.21117628953351],[8.419159724329585,47.21141309718226],[8.418994764280042,47.21161045729157],[8.418774325594477,47.21193210199919],[8.418625486950297,47.21209086899178],[8.418282943968414,47.21250902871888],[8.417892276418783,47.212839954321026],[8.417555193703395,47.21305934794241],[8.417258852415024,47.21335328107875],[8.417093751019337,47.213698038027246],[8.416942598757784,47.2140801600269],[8.416852743754559,47.21421274169805],[8.416716285609903,47.21449833489179],[8.416631825746414,47.21480255663396],[8.416460464166931,47.21523934351137],[8.416056860768865,47.215549700792714],[8.415893618584867,47.21574919136416],[8.41577858898025,47.215953705916384],[8.415752670515387,47.21638493084723],[8.415841257111818,47.216927473793945],[8.415827797880594,47.217198807886604],[8.415802556661042,47.217479974913175],[8.415900955999522,47.2176779561614],[8.416097068391297,47.2179214074619],[8.416226359387002,47.21817474475558],[8.416248867386475,47.21837031129938],[8.416324318256448,47.21855861898823],[8.416418783031908,47.218972999129186],[8.416387032511146,47.21947932187588],[8.416319973133778,47.21983528058219],[8.416227133770555,47.22001683966318],[8.416093617745219,47.22069696189827],[8.415571458055666,47.221346323853886],[8.415210701470437,47.221957407070036],[8.415272585313065,47.22339229212952],[8.415342023389957,47.22356567392855],[8.415368834950158,47.223657874052535],[8.415394425076933,47.22370127564268],[8.415370189130588,47.223787665772086],[8.415396806194856,47.223872824159514],[8.415322099243975,47.223997998439486],[8.41527341403469,47.22405214051917],[8.415263405911325,47.224106395478685],[8.415232144130782,47.224187681784315],[8.415236771148221,47.22422124026591],[8.415249772237798,47.22424987925488],[8.415286067764729,47.224296707301534],[8.4152748788186,47.22434125726995],[8.415252153030618,47.2243845647269],[8.415235777631441,47.22442999522568],[8.41484086456308,47.22444377686046],[8.414843656800521,47.22448750667161],[8.41522918736167,47.22929969997797],[8.415252583764127,47.229497579432106],[8.41528876340038,47.229694738830545],[8.415339278519264,47.22989084117131],[8.415402851268277,47.23008460193882],[8.415605937627522,47.2306336207306],[8.415707596616723,47.23085621230553],[8.415842396804381,47.23107049885661],[8.416035956004741,47.23136160188531],[8.41620303498917,47.231660422381616],[8.416398626368697,47.232045086205474],[8.416791203966437,47.23307280143027],[8.416935318446923,47.233726979160096],[8.417037139383703,47.233766566716284],[8.416959339155165,47.233075916640956],[8.416879885283477,47.232703284137585],[8.416841484439583,47.23226462796232],[8.416844838636315,47.232050977840274],[8.416928848607819,47.23144577678328],[8.416975680835595,47.23072215253131],[8.417169117220295,47.230359796049456],[8.417283284876099,47.22970711264307],[8.417384340557048,47.229348229911025],[8.417374544860772,47.22917381212129],[8.417222600546785,47.22895291734403],[8.41725247117178,47.228817283443696],[8.417779397172902,47.22863873736717],[8.417856283284499,47.22858275345398],[8.417951476332059,47.22840878361573],[8.418011411978814,47.22811232667517],[8.41805358984214,47.22778363731935],[8.41821380922019,47.22719487778764],[8.418354500964979,47.22694585911262],[8.418288483455472,47.22676607235908],[8.41818668572255,47.22661535696963],[8.418254740843622,47.22650999128016],[8.418533095195382,47.22617118832237],[8.418704532021176,47.226158935618805],[8.418958103512622,47.22630520185159],[8.419186774629825,47.22628167596204],[8.41944384020595,47.22607843224943],[8.419864558331037,47.22579870085977],[8.419969436077565,47.22575732839329],[8.420145929219348,47.225732877710875],[8.420575193752507,47.22573910573511],[8.420827708771123,47.22571986202152],[8.420941149930597,47.22564153462052],[8.42122842104986,47.22507057715799],[8.42138319305473,47.2246554696782],[8.42146218018869,47.224283286756965],[8.421528389126971,47.22379067467292],[8.421669135215026,47.223438204180184],[8.421695922472741,47.223315188653075],[8.421907330179367,47.223342367574425],[8.421970462809673,47.22331889948578],[8.422085148139725,47.223327968353544],[8.422152147901505,47.2233345656986],[8.422244926130453,47.22335789920424],[8.422355685592882,47.223392566197674],[8.422599008194084,47.223403243659824],[8.422679617385105,47.22341894472552],[8.42298431922758,47.22344934567508],[8.423064836706315,47.223444276917874],[8.423149859764958,47.22346375398106],[8.423190739632695,47.22348240286735],[8.42326285287749,47.223504230027736],[8.42331101954941,47.22351130250228],[8.423467856013096,47.223514801386614],[8.423565578325654,47.22352477840285],[8.423630940604275,47.223526324490045],[8.423733150544297,47.223536919658],[8.423826246664586,47.223553799489565],[8.424017479756548,47.22356875144171],[8.424140607294817,47.223585194238005],[8.424187810586279,47.22360231343702],[8.424363402692912,47.223644069936356],[8.424895801875044,47.22372260365694],[8.425179216243604,47.22374984377641],[8.42528564623155,47.22374866245674],[8.4254640749324,47.22373298444535],[8.425571870554856,47.223737116431174],[8.425642660714995,47.223750857599335],[8.426616404072558,47.22396973442272],[8.426765728975994,47.224006099423534],[8.426962260926036,47.22406041884223],[8.427204805188374,47.224133044516066],[8.427466645605941,47.224219455907125],[8.429292256923695,47.22486744258408],[8.429404890966742,47.22489881241186],[8.42952157897656,47.224922348260606],[8.429650468884734,47.22493880760454],[8.429769974448417,47.22494550658452],[8.4299229428618,47.22494238240382],[8.430063668795505,47.224927759323045],[8.430201531827183,47.22490188049177],[8.430334227139504,47.224865071602565],[8.432316092304882,47.22411969153299],[8.435545091229303,47.22368510394941],[8.435903235473795,47.22376624612894],[8.43605807042501,47.22380533101672],[8.43716820119579,47.22368102287546],[8.439063999733415,47.22389621599279],[8.439697563437031,47.22419521586284],[8.440028635112926,47.22432074797341],[8.441132835731114,47.22520967775781],[8.441572369555816,47.22484261771679],[8.442276364246947,47.223917542904864],[8.44229488771867,47.22392165434875],[8.442628422964752,47.223559318472255],[8.442860240150537,47.22358351058215],[8.44300937108236,47.22330462109604],[8.443172683055202,47.22307571217843],[8.44350989029342,47.22288196058948],[8.443811509355506,47.22263195534033],[8.4440397226542,47.22276802548839],[8.444617270031829,47.22306316057929],[8.445357801979268,47.22322715475147],[8.445923548834424,47.223329794624874],[8.446585130169424,47.223372727274054],[8.446651136079076,47.22337335513028],[8.446586403559898,47.22281547697422],[8.446424673150656,47.22229381729837],[8.446435432351047,47.22211507413649],[8.44650320521558,47.22198816752791],[8.446643242110685,47.221833264504234],[8.446815512341331,47.22169607904476],[8.447352907318724,47.221378585851284],[8.447484480912285,47.221281992224874],[8.447606551519561,47.22117441730347],[8.447706007509286,47.22105653368458],[8.44777435441884,47.2209280920042],[8.44779570987147,47.220800349799624],[8.447801099794038,47.22029538933557],[8.447808018942288,47.220019079167955],[8.44793452753753,47.220104147003504],[8.450020042214742,47.22006443745849],[8.450066242508013,47.22006593885292],[8.450111471508208,47.220072630125166],[8.450154458009509,47.220084315543964],[8.450194020658934,47.22010066365928],[8.450229068805742,47.220121252271625],[8.450259555944209,47.22014641462441],[8.450283277346282,47.22017476679606],[8.450299556783882,47.220205460163456],[8.45030791502031,47.220237590399975],[8.450294873909163,47.21964319690338],[8.450260190946047,47.21946323303996],[8.450553413457586,47.21946291545554],[8.452108127722825,47.21959482969503],[8.452314892099587,47.2193734858079],[8.45255726937648,47.219146187926015],[8.452818341220818,47.21887927092529],[8.453044662354701,47.218627771656536],[8.452568645417138,47.2184865153761],[8.452345974042279,47.21842847558188],[8.452117279470578,47.21838838027903],[8.45188178642235,47.21836922273485],[8.451644164770155,47.218370808915715],[8.451807881765278,47.218292835870905],[8.451881201284914,47.218251243729874],[8.45193553364151,47.2182074887485],[8.452155588357037,47.218075298841796],[8.45231846095799,47.2179953534837],[8.452564227827416,47.21788518222152],[8.452955912986072,47.21775497011915],[8.453119685623856,47.217795653525336],[8.454246389975825,47.218051270493866],[8.454448153355186,47.2180900968325],[8.4549371976306,47.21822898157565],[8.455182143880187,47.218314084994645],[8.455383647352924,47.218434977418504],[8.455647233909058,47.21853723155286],[8.455987226271636,47.21838892591077],[8.456139044312943,47.21847763835627],[8.45668916646357,47.21856622239365],[8.457137622020886,47.21785664639224],[8.457263080484042,47.21769892630733],[8.457637563013613,47.21739687531993],[8.45783358089006,47.21727694091941],[8.458328151569761,47.217055413708934],[8.458511500253634,47.21700512510064],[8.458708594151894,47.21699645336329],[8.458916612277779,47.21680678601019],[8.459269215453883,47.21645904649873],[8.459599494990234,47.21610332683844],[8.459713268754436,47.215971056670064],[8.459964419201286,47.21573135003355],[8.460434750523644,47.21532031422806],[8.46059617733465,47.21505594487954],[8.460870630244186,47.21444721556282],[8.460970698067882,47.21427442418692],[8.461112760125136,47.21412302894614],[8.461345342287833,47.21387961583369],[8.461411538847473,47.21366853423837],[8.461414146792375,47.21362542281679],[8.461859158449526,47.21358305971839],[8.462006460425581,47.213595334192014],[8.462080945837329,47.21363127490914],[8.462561963016837,47.21377326602638],[8.462783754352737,47.21382850529622],[8.463011532861275,47.21387235661016],[8.463242265962336,47.21390502681784],[8.463480160137337,47.21392557892622],[8.463657689818213,47.21393686270101],[8.463668473258075,47.21386579251779],[8.464365273902736,47.21390762513882],[8.4645103054785,47.21391845937542],[8.464568652657405,47.21390444648435],[8.4648908889287,47.21392612445829],[8.465212725537054,47.21395035081216],[8.465428138103887,47.213970217719584],[8.465535370422593,47.21398227817868],[8.465642247292388,47.213995762991594],[8.46585474854222,47.21402693537933],[8.466021103998647,47.21405644104102],[8.46618571810856,47.214090126900516],[8.466348379195217,47.214127967867796],[8.466508861861893,47.214169911989934],[8.466666940363755,47.21421588932728],[8.466838984633991,47.21427068327696],[8.466873535448654,47.21427762519171],[8.466909242415882,47.214280841646044],[8.466936197447389,47.2142806729682],[8.466962189067937,47.21427640195591],[8.466985531579764,47.214267557904414],[8.467012040180407,47.21425103943153],[8.467048456447372,47.21422386281452],[8.467080881887934,47.214194427974576],[8.467279869176147,47.213976615855785],[8.467370089297978,47.21388047609761],[8.467554403014852,47.213689897877224],[8.467648444323302,47.21359548686233],[8.467840295476247,47.21340840302025],[8.468322044041956,47.21295000577035],[8.468450194525685,47.21301253900922],[8.468484219091415,47.213044285665276],[8.468509563343847,47.21306402000945],[8.468551197106038,47.21309122785732],[8.468581177493988,47.21310765537301],[8.468612767077138,47.213122638210535],[8.468874297526288,47.21323193304353],[8.470101558686984,47.213398771654205],[8.470375231154385,47.21222187095446],[8.470424155699822,47.21191738548047],[8.471513208681412,47.21199649958558],[8.471938387516484,47.21191945367221],[8.472267514675922,47.21180495645717],[8.472479019412347,47.211689894962994],[8.47332979149107,47.21095721896575],[8.473559324357588,47.21077740585236],[8.473846791726917,47.21061857075827],[8.473144309144736,47.21031534800991],[8.472890556169084,47.21018404401113],[8.472998544747991,47.20997204007071],[8.473044616172597,47.20972703895997],[8.472657483473085,47.209619511002956],[8.472630942520457,47.20948256808711],[8.472785566885028,47.20923974984262],[8.472914831512918,47.208996250563274],[8.473013116156869,47.20884982084146],[8.47330770172884,47.208519648840785],[8.474025208231755,47.20876821377968],[8.475166648811957,47.208922923760575],[8.475544168094647,47.20959607653525],[8.476230960834709,47.21001572882137],[8.477174886818085,47.209333098621535],[8.477212015696091,47.209314502952225],[8.477264823052536,47.20937591575084],[8.47990850355907,47.20861585240069],[8.478605087658913,47.20802273612449],[8.477226840449317,47.20743903275866],[8.475705389850141,47.206843091490285],[8.475443988228621,47.20690844061398],[8.475123752972346,47.20704121817531],[8.47486575775434,47.20713667022707],[8.474564501685245,47.207202663775185],[8.474349518771634,47.207258984139834],[8.474357956845216,47.20727005367412],[8.47410348002133,47.207348272960004],[8.473925986829462,47.20737606356063],[8.47508653887791,47.20630812308295],[8.476226555155769,47.205931983478884],[8.476701783565183,47.20566438442962],[8.47680616019722,47.20558036106395],[8.475801446183953,47.20506709913762],[8.47406284636265,47.204178867173624],[8.474548381988793,47.20298593346975],[8.47402663776272,47.20289545328487],[8.473787704753507,47.20283460579909],[8.473798939810585,47.20281359925009],[8.473250999975399,47.20272251446672],[8.471772519794248,47.20242861887812],[8.471643403800675,47.202394946603164],[8.471839774410013,47.202044896953716],[8.47047262418723,47.20139302634645],[8.46944684389057,47.200903907458795],[8.469368907121696,47.20087039520224],[8.470435145295864,47.1998106569279],[8.469694964971715,47.1994077934792],[8.468997114845799,47.198857910799376],[8.46994015165256,47.1976985829061],[8.470076701598487,47.1975934526496],[8.470325933595714,47.19736720456752],[8.470523303872081,47.19721043427612],[8.470714161420885,47.19708486447582],[8.470932485513478,47.19696834946623],[8.471154324792947,47.19687468709972],[8.47138479825787,47.19679967551819],[8.471573893893368,47.19674912466511],[8.471993372931507,47.197041223321065],[8.47271502505256,47.196984099817236],[8.473349612944805,47.19741902641102],[8.473417311619443,47.197424867820956],[8.473717516709302,47.19722753351568],[8.473863217409855,47.19711968072975],[8.473972774677668,47.197014158749184],[8.474059551766716,47.19687996589263],[8.474149890828869,47.19667754589042],[8.474233471644936,47.1963980679849],[8.474309854581524,47.19623765648955],[8.474422436259966,47.19627893173393],[8.474534489928377,47.196164121326284],[8.474700055197497,47.196023920704434],[8.475082518820091,47.19579041807285],[8.474712711583585,47.19549446526123],[8.474518920031011,47.19531644236939],[8.474164219732423,47.19494019278911],[8.474003610507093,47.194737672640684],[8.473509418080416,47.19362835262942],[8.47337209544878,47.19329761594079],[8.473361808445505,47.193206520736965],[8.473385015900591,47.19312231193728],[8.473927365657557,47.1929977958876],[8.474322516570588,47.192850043678476],[8.47462016478849,47.19269049276481],[8.474783304996947,47.192546931303156],[8.474891247067623,47.19237086181761],[8.474959865452071,47.1921642645209],[8.475046854593403,47.19159332665613],[8.475101256462727,47.19139204761983],[8.475176763574908,47.1912060058726],[8.475257825519101,47.19105809109599],[8.475433335976412,47.190861361545984],[8.475618336111385,47.19070699616675],[8.47587295962601,47.190559541494714],[8.476089728990507,47.19046142605159],[8.47625655457195,47.190398213238836],[8.47654083001165,47.190345500674646],[8.476868792473642,47.19026876215965],[8.478122598810955,47.18989192363714],[8.478152569703788,47.18966184391936],[8.478202236450656,47.18928073107765],[8.478214798333992,47.18914216724072],[8.478215427354206,47.18890628941213],[8.478190654751124,47.18867719869589],[8.478341706487317,47.188657591665496],[8.478318947742535,47.18853351475437],[8.477962849114816,47.187054569984355],[8.477929747634755,47.186963815889726],[8.477880776425744,47.18686986770008],[8.477830605718284,47.18680586750057],[8.477767571576258,47.18674738971557],[8.477690551564054,47.186373006526246],[8.477617432698032,47.186130156955414],[8.47758420234112,47.18604221952128],[8.477533660064653,47.1859304831623],[8.47739684680524,47.18568538363332],[8.47733410719983,47.1855937273655],[8.477099273393536,47.185317442733385],[8.477055442614546,47.185265888815906],[8.476930578762957,47.18509308612257],[8.47689371115635,47.18505492668285],[8.476800859923799,47.184932516048974],[8.476785975232577,47.18493381970521],[8.476767081132094,47.184838646254434],[8.476757360084155,47.184826580930334],[8.475803730274357,47.18373885310587],[8.475711239306882,47.18299147234134],[8.475693460901816,47.182593606249725],[8.475729481170188,47.182518744570146],[8.475274576568584,47.18227225297985],[8.475543465563263,47.18094703465953],[8.473838098693586,47.16742730819802],[8.46159589973427,47.171286196128214]]]]}},{"type":"Feature","properties":{"id":1831,"uuid":"{5FE38F7C-2CAC-4DB2-A45C-165DB2D251C9}","datum_aenderung":"2025-11-19T00:00:00.000","datum_erstellung":"2008-11-24T00:00:00.000","erstellung_jahr":1997,"erstellung_monat":1,"grund_aenderung":"Verbessert","herkunft":"swisstopo","herkunft_jahr":2026,"herkunft_monat":1,"revision_jahr":2025,"revision_monat":1,"revision_qualitaet":"TGMG_2025_Akt","objektart":"Gemeindegebiet","bfs_nummer":1710,"bezirksnummer":null,"kantonsnummer":9,"name":"Walchwil","gem_flaeche":1588.0,"see_flaeche":234.0,"icc":"CH","shn":"CH09001710","einwohnerzahl":3995,"hist_nr":10457},"geometry":{"type":"MultiPolygon","coordinates":[[[[8.493743292494194,47.11372608115831],[8.500163192376137,47.11446905751507],[8.5003327807273,47.114588520083316],[8.500499248953489,47.11472870141797],[8.50059094132343,47.114795367450014],[8.500777039697958,47.11490402590957],[8.500811372681103,47.11485845115092],[8.501220479948241,47.11511088710862],[8.501703227443228,47.11518734077708],[8.501913879222466,47.11534379861203],[8.502296166783728,47.11560093173432],[8.502542865525466,47.115695146252804],[8.502662328405833,47.11623026753678],[8.502693928375983,47.11627071675833],[8.502889103673516,47.11645770367335],[8.503026420997434,47.116607794685216],[8.503347007119242,47.116771265267765],[8.503478455269029,47.11688917837964],[8.503745060680385,47.116976756041396],[8.504078316503717,47.11720919449169],[8.504374191861942,47.11742720751031],[8.504420557614655,47.117497016407455],[8.5046478008377,47.11756056945531],[8.504860484062966,47.11787446451484],[8.505076332837248,47.11798911923381],[8.50524465721906,47.11839080063562],[8.505306266221092,47.11849074740928],[8.505631190322022,47.11867458280134],[8.505774449528055,47.11885633440168],[8.505983361928235,47.11900221305934],[8.506042058869467,47.11908355630955],[8.50618949167307,47.11919753075944],[8.506252639261842,47.119282628778045],[8.506407322821998,47.11947271151408],[8.506793110960778,47.11976733661474],[8.506726351503529,47.119961185224895],[8.506650193743972,47.12007101996127],[8.506131476491799,47.1204823095066],[8.506222231560933,47.12054407714586],[8.5065317854981,47.12072364486092],[8.506687284449448,47.12088892739213],[8.50675600104249,47.12105291095379],[8.506934135271797,47.12133013267402],[8.507044433550602,47.1216150461466],[8.507104479265646,47.12167789008483],[8.507195244025809,47.1217452702157],[8.507411521797794,47.122044859916564],[8.507501880254978,47.12210833943823],[8.507563904223247,47.122132231220526],[8.507759493752662,47.122180887747795],[8.507844044110668,47.122276886609214],[8.508132188200662,47.12246194766827],[8.508379924868906,47.122548610823785],[8.508638038754475,47.12261767118435],[8.508733851129264,47.12267101478092],[8.509008643977985,47.122698160892924],[8.509052391138873,47.122786109722],[8.50917380084833,47.12306113039051],[8.509107067822399,47.12373420066157],[8.509153144257251,47.12424660930555],[8.509035396725848,47.12483098861386],[8.509118637777664,47.12492709768235],[8.510735237517768,47.125551200677045],[8.511737913201351,47.12532477154116],[8.512934541495166,47.12501638762556],[8.5135645286639,47.12489076666319],[8.514062434292661,47.12498821250803],[8.514487174279514,47.12507752498877],[8.515970647804865,47.1254154676051],[8.51780678411279,47.127375459102154],[8.51871131468331,47.12747607584511],[8.5195467971937,47.12760225278092],[8.520182052733563,47.1275539905859],[8.521398932479205,47.12709058347665],[8.52207887461418,47.12657313062109],[8.522095712785575,47.12654479728842],[8.522204824229554,47.1264668195236],[8.522223161438777,47.126410954055515],[8.522326911274149,47.12638916015465],[8.522341076668862,47.126325147852725],[8.522487327367664,47.12627377103726],[8.52252128930316,47.12631591983356],[8.52260304050718,47.12635793297625],[8.522696824780791,47.12637060543433],[8.522813347269036,47.12642570326996],[8.522850349372488,47.126519701782016],[8.522921019682435,47.126552760465756],[8.522969674990385,47.12655763613203],[8.523296038109795,47.126651514218175],[8.523405589287512,47.126713765870385],[8.523460674146174,47.12669182732037],[8.523520506994021,47.12669932301394],[8.523582725967318,47.126846086326374],[8.523638542884399,47.12685312508548],[8.523656223613918,47.126909361592],[8.523740714231568,47.1269323130853],[8.524192041952945,47.127020160627275],[8.524205767034523,47.12704897937229],[8.524359276709633,47.12710080285186],[8.52441272878989,47.12714461120064],[8.524525380847098,47.1271815634625],[8.525360002796837,47.12750454237629],[8.525875236831972,47.127311831643574],[8.527377250358574,47.12732830450955],[8.530809736942286,47.127357680379944],[8.532003287156005,47.12532926285217],[8.532416239423306,47.124604738562184],[8.532529860003885,47.12443547281828],[8.532563081285707,47.12435777516794],[8.53288685144103,47.12318779019619],[8.533249920337983,47.12195132879311],[8.533888790675315,47.12100338706819],[8.5342625820711,47.12042446475902],[8.534477892755449,47.12046666300807],[8.534654906937268,47.12057783674013],[8.534873610113173,47.120695602440335],[8.534935954569976,47.12090655271825],[8.535396189849283,47.12106795557556],[8.535520501323221,47.121084356429535],[8.535615916823254,47.121207219026594],[8.535874185551142,47.12130746838986],[8.536012757959854,47.12133611081285],[8.536094597625784,47.12140029718541],[8.536185893453052,47.12172529781084],[8.5363105007587,47.121798494348724],[8.53653371446829,47.121811826859734],[8.536874355760654,47.12202186352971],[8.537186811917353,47.122054034079675],[8.53746458747426,47.12217841812691],[8.537695606711559,47.1221211648757],[8.537881038846386,47.121995871119815],[8.537987377377068,47.12202257940698],[8.538210343665845,47.12217594836696],[8.538347220396066,47.122243151143095],[8.538407889534732,47.122244010174974],[8.538560022448584,47.122235187355834],[8.538828781349908,47.1222469822313],[8.53900026252026,47.12238576539144],[8.539130303293092,47.12235559035672],[8.539224511792282,47.122409571877775],[8.53944646077796,47.12247021968964],[8.539584387641188,47.122578782560275],[8.539881559764549,47.12271475957862],[8.540180789999352,47.122807185527925],[8.540519971029552,47.12281388485144],[8.54070178049888,47.12277214709674],[8.54111069891905,47.12277971450072],[8.541481402762225,47.122721635931875],[8.54213596712412,47.1228440313449],[8.542471067483753,47.123056875538914],[8.542646777317865,47.12306388745483],[8.542769337745987,47.12296750816833],[8.5429435967233,47.12289457000821],[8.543079529342103,47.12293797342847],[8.543279261377528,47.122929460784086],[8.543804973441446,47.12296359451014],[8.543977794411369,47.122959630308515],[8.544138838672056,47.12286080153648],[8.544418320063855,47.12281974696969],[8.544944347444197,47.122901064367994],[8.544977289121807,47.12294219100909],[8.545107751693308,47.12295868429686],[8.545137733431105,47.12261088835943],[8.54532748359346,47.122176094638746],[8.545663104686337,47.12182958419316],[8.546105938546948,47.12148582727704],[8.546472135097869,47.12114549678123],[8.54666801046173,47.12086105126488],[8.546634013232051,47.12027575244659],[8.546743615909184,47.11967468531796],[8.54727154433048,47.11913407579613],[8.547635099786916,47.11864884426065],[8.547795751695721,47.118324525032286],[8.548158750299624,47.11807949403667],[8.548681313946814,47.11768780994099],[8.549196049563534,47.117237366388636],[8.550101014606966,47.11737678192666],[8.55082605175037,47.117344329989265],[8.55144803081008,47.11728568572202],[8.552582998001704,47.11734630087184],[8.553241203932501,47.11724213686748],[8.553641335542494,47.11708586771547],[8.554125675436783,47.116924021323086],[8.55480198170405,47.116924294039],[8.555521119112113,47.116880426993134],[8.55618431208016,47.1168149695545],[8.557099320661203,47.11648303127688],[8.557573684175455,47.1161780537067],[8.558295524339067,47.11581074290654],[8.558738840076607,47.11518805120599],[8.559345211401329,47.11476915195311],[8.559911755661597,47.11445750832542],[8.560085178665831,47.1140864387868],[8.560022736165985,47.113458428041504],[8.56010809877751,47.11304235656378],[8.559683078920404,47.11236587721712],[8.559621647628706,47.111968500482035],[8.559824169366664,47.111276814503725],[8.560838846211901,47.11076990216012],[8.561039415631132,47.11025644036058],[8.561190132793946,47.109702623835275],[8.561633257222558,47.10908109961653],[8.561622753920272,47.1089697436979],[8.56103224290353,47.10850017074997],[8.560233213835879,47.10824745045064],[8.5596716757383,47.107789462437665],[8.559527414624819,47.10767680198525],[8.559152996231402,47.10725719804371],[8.559144559072235,47.10696086717569],[8.559030459398992,47.10657722706535],[8.559176450379304,47.10641999585917],[8.559565556182958,47.10619481407548],[8.559848436436127,47.10549039675886],[8.560430162158058,47.10509627980373],[8.560518644520187,47.104785949872316],[8.560487497941587,47.10419882467132],[8.560884801711895,47.103291060513016],[8.561072702363933,47.10274587588927],[8.561075498952992,47.10247057532708],[8.561113054383277,47.10230680778186],[8.561266773144716,47.10220548835084],[8.56136397920615,47.10213214015013],[8.561452616973863,47.10200261546461],[8.561395004113098,47.10193969451199],[8.561207736016675,47.101870834301934],[8.560974474946514,47.10171258128625],[8.560895700383305,47.1016072983293],[8.560831304154263,47.101556974568574],[8.560979639032102,47.101364112210234],[8.561285728321657,47.10141304682314],[8.561377170125162,47.10140419224067],[8.56162519271554,47.10131884522578],[8.562043043229641,47.10110275614821],[8.56280842919163,47.101019347080054],[8.56293740586741,47.10096979563777],[8.563146766744978,47.10082586459186],[8.563255435940395,47.10066809330962],[8.563541446659974,47.100411439895716],[8.563596783150418,47.10030815646406],[8.563560978004768,47.10020470362787],[8.564457839604732,47.09969746047633],[8.564679968971456,47.099485140765175],[8.56502377235933,47.099021003161795],[8.564921420849318,47.09858265688682],[8.564659184866265,47.098308603496974],[8.564462404647374,47.09807564915859],[8.564582719143992,47.09802428248077],[8.564731216037346,47.097944923241855],[8.564925352152263,47.09778691540156],[8.565158618913895,47.09763424502201],[8.565290515608124,47.09753672315946],[8.565532859441014,47.0974712589775],[8.565813068922047,47.09722759240927],[8.566323773293739,47.09604956459954],[8.56634565666139,47.09586191170779],[8.565968447488883,47.09576978858802],[8.56548413496171,47.09569854142855],[8.565155608307542,47.09546508082041],[8.564451327628024,47.095117365117034],[8.56421679761823,47.09489525134487],[8.564225428339547,47.094527856087275],[8.56408842696417,47.093843873836555],[8.564028145928265,47.09323209661969],[8.563933236694517,47.09299295298595],[8.563490592424266,47.09270093549469],[8.563292255710442,47.09260537046164],[8.563144616785237,47.092838639180755],[8.562905422150676,47.093234819267046],[8.562468849979478,47.09374663716531],[8.561924411373761,47.09370850128854],[8.56154379317024,47.09365500744937],[8.561002368042768,47.09375250456727],[8.56044104009339,47.09376895166837],[8.55951667980983,47.093885544320074],[8.55837468981252,47.09395091378928],[8.557547366362778,47.09374396206881],[8.55694086359792,47.09360862181946],[8.556006096100436,47.09342843283962],[8.554408572734554,47.093738003217226],[8.552671394183943,47.09402813370369],[8.55223010943369,47.09398913178513],[8.552163848570407,47.09397882591271],[8.55196634869985,47.09395955427464],[8.551912684389677,47.09396781061881],[8.5518351607784,47.09393846148368],[8.551756136523387,47.09385778746153],[8.551396356572354,47.093823462315264],[8.551127457176808,47.093826749543005],[8.550625004855025,47.093850701919],[8.55036056957454,47.09378725786036],[8.549927521730998,47.09369300484968],[8.54940003673374,47.093694425443445],[8.549016971064749,47.0937052522481],[8.548661683206406,47.09365108427791],[8.548463751342998,47.0937399499843],[8.54820385940996,47.093778092272416],[8.54782496027462,47.093694958153144],[8.547538975574595,47.09369117822858],[8.54730319335272,47.09370598446888],[8.54716261318682,47.09370258186326],[8.547059768546328,47.09383530917412],[8.546824493678816,47.09393265546493],[8.546692762468677,47.0939533477916],[8.546542204221415,47.09406371220601],[8.546347348504751,47.09413212397193],[8.546320436600759,47.09429333713413],[8.546159824277089,47.094316295305106],[8.545908194035135,47.09440513429734],[8.54578291215085,47.094393765186766],[8.545640744109264,47.09432122491172],[8.545487370847296,47.09430883968113],[8.54534201366318,47.094344001068364],[8.545094215115215,47.09439072778151],[8.544626568145604,47.09434563542804],[8.544519796007476,47.094353508831695],[8.544351161604549,47.09445312330637],[8.544210295685827,47.09445063739779],[8.544081034677735,47.09438109259581],[8.543926257220726,47.09432296591842],[8.543801305870735,47.094245193134924],[8.543730761943863,47.09413890194341],[8.54358869577613,47.094112659798355],[8.54346699136164,47.094074770004646],[8.543391725660868,47.09389721393542],[8.543285703386834,47.093843655355286],[8.543177044612905,47.09374652815106],[8.543046647456244,47.093812182694755],[8.54276039888024,47.09375659533304],[8.542603196506246,47.09358698669439],[8.542087148571303,47.0932628661506],[8.541966042553492,47.09319439216563],[8.54148765673817,47.09289628317492],[8.54137092335445,47.09283858860836],[8.541087012664423,47.092731104658725],[8.54094453183015,47.092649871666275],[8.540875350884185,47.09236802077102],[8.540787313637896,47.09226832763441],[8.54050914305106,47.092243144186426],[8.54037694660876,47.092171914219264],[8.540167896165155,47.09212972177342],[8.539878558045345,47.09199305941073],[8.5396004489411,47.09200155362842],[8.539295976510713,47.09206490446025],[8.538718807232023,47.09200135228344],[8.538108748593553,47.09188512640647],[8.537848412218077,47.091911770862076],[8.537578096619349,47.09190655693608],[8.537388485742433,47.09183454125309],[8.53731084381213,47.09181043711387],[8.537099982184914,47.0917921493876],[8.536887284910703,47.09178004996579],[8.536570316646474,47.09178454526178],[8.536346377814898,47.09179851423979],[8.536151998896166,47.09185247482375],[8.535930963570008,47.09194651419641],[8.535619498024081,47.092094410926705],[8.535398907427158,47.09200816844178],[8.535296724853104,47.09201035811199],[8.535176198538847,47.09205784585335],[8.535087919049154,47.09208676423228],[8.534322028424187,47.09206127079459],[8.534032692662588,47.092041251816454],[8.533759675105536,47.09201210775069],[8.533477671935225,47.09181583409201],[8.532924643213054,47.09179934996798],[8.532507069321134,47.09174518568327],[8.532464925321863,47.09175515842424],[8.532327248222487,47.09170393322472],[8.53188211614553,47.09164892248288],[8.531557664626398,47.09169916497544],[8.531077368217991,47.0914918263235],[8.53091632987856,47.09146726928325],[8.530772290105041,47.091492171460715],[8.530609659042945,47.09154071125269],[8.530502955088247,47.09155562375241],[8.530321108607726,47.09159588963316],[8.530204950050075,47.09163552225576],[8.530086622461981,47.0916514443645],[8.529970492145974,47.09164978562498],[8.529587119618599,47.091627473014356],[8.529398164700034,47.091568329047334],[8.529175061949946,47.091618241421635],[8.528839613051636,47.0916433922698],[8.528722916955022,47.09166507281208],[8.528533635628358,47.09164359605339],[8.528132761393216,47.09167002205359],[8.527959346173759,47.09159834114571],[8.527742314753592,47.091604851283016],[8.52757931035693,47.091635812451585],[8.527078046300158,47.09163854650157],[8.5266668095716,47.09166388708178],[8.526439652300597,47.09159789433847],[8.526330685435308,47.09158184275873],[8.525970065725978,47.09159408057613],[8.525712429403677,47.09164819016122],[8.525473681272633,47.091582799941435],[8.525120004472448,47.09134106236619],[8.52503084972347,47.09120874015322],[8.524966499473294,47.0911343413645],[8.524664161875497,47.090879154069086],[8.524650386459184,47.09083375640902],[8.52450444551239,47.0906133976097],[8.524397308624708,47.090424877017],[8.524325266077774,47.09036858718149],[8.52424544147267,47.090329309957234],[8.524007920953387,47.09030724701739],[8.523788876130103,47.090320110805905],[8.523625568781894,47.09035358808022],[8.523574461641893,47.09039904974103],[8.523431872435786,47.090480017961944],[8.523244147083531,47.09051102645711],[8.523163955625291,47.09048613626723],[8.523092721964096,47.09041573259085],[8.523056647023962,47.090390434959694],[8.522827444766328,47.090323779763104],[8.52257340161811,47.09016919941121],[8.522308975620058,47.09005474782327],[8.522280405750355,47.090029289214456],[8.521945216842093,47.08985451246137],[8.521797282285334,47.08996431566849],[8.507949466722776,47.09488510310507],[8.493054991273901,47.10017485346426],[8.493743292494194,47.11372608115831]]]]}},{"type":"Feature","properties":{"id":1963,"uuid":"{C5CFD873-05DE-4CC4-9C32-822C170B3C63}","datum_aenderung":"2025-11-19T00:00:00.000","datum_erstellung":"2008-11-24T00:00:00.000","erstellung_jahr":2000,"erstellung_monat":1,"grund_aenderung":"Verbessert","herkunft":"swisstopo","herkunft_jahr":2026,"herkunft_monat":1,"revision_jahr":2025,"revision_monat":1,"revision_qualitaet":"TGMG_2025_Akt","objektart":"Gemeindegebiet","bfs_nummer":1709,"bezirksnummer":null,"kantonsnummer":9,"name":"Unterägeri","gem_flaeche":2669.0,"see_flaeche":108.0,"icc":"CH","shn":"CH09001709","einwohnerzahl":9495,"hist_nr":10844},"geometry":{"type":"MultiPolygon","coordinates":[[[[8.562848883929869,47.15294910721488],[8.562904513538236,47.15284645274171],[8.562902613800558,47.15279115639285],[8.562959355564182,47.15268307557171],[8.562971701482985,47.15268635531007],[8.56336655098723,47.151942864347745],[8.563372792417788,47.151944314614404],[8.563425573664164,47.15184614958983],[8.563552614903744,47.15167860276766],[8.563665204046478,47.15145213095275],[8.56370851815929,47.15125930599599],[8.563930567695174,47.15055230710611],[8.563924186684249,47.15055111011745],[8.564185634805806,47.14970505541915],[8.56419240582719,47.149704737287855],[8.564201465089875,47.14967464776721],[8.564216207362671,47.149606288623126],[8.564223091450813,47.14953734067873],[8.564222534646866,47.14947573411918],[8.564214370376613,47.14940664555056],[8.564206395733354,47.14936852755162],[8.564187915963092,47.14937075040518],[8.564144892447377,47.14920654881434],[8.564159651479105,47.14920484814283],[8.564056380058586,47.14884174582783],[8.564037219724206,47.14872564498315],[8.564034625850319,47.14865807615617],[8.564039147716956,47.14858338503087],[8.564050005800892,47.1485297269925],[8.564068439951695,47.14847704733697],[8.564111389123738,47.148398768755],[8.564170937175,47.14832604005866],[8.564251195387024,47.14825748062291],[8.564341025856036,47.148202069228354],[8.564449466226883,47.14815566930692],[8.564542060926096,47.14812450128562],[8.56462551936132,47.14810281420291],[8.564623528442018,47.14809780505508],[8.564733380452582,47.14807152357774],[8.564914926966118,47.148057314055],[8.56492581125027,47.14808580504356],[8.565003546671644,47.14814997538383],[8.565113585668978,47.14822345481492],[8.565166457024118,47.148279043677526],[8.56517671777087,47.14830233219752],[8.565164438830413,47.14857353999827],[8.56520907669942,47.148608798067784],[8.565247324534063,47.148618606697546],[8.565411441067901,47.14863384834696],[8.56557556305693,47.14872576966087],[8.56565687911091,47.14873758508548],[8.565814352551207,47.14873163424095],[8.565951571204527,47.148785748534266],[8.566064507091811,47.14875246385292],[8.566220331796359,47.148752123981595],[8.566406154467835,47.148821261017936],[8.566470883899257,47.14892638969912],[8.566619021884684,47.148957978684386],[8.56664978276639,47.1489904216621],[8.566653230838291,47.149060824745426],[8.566624119816606,47.14912421553968],[8.566614462598432,47.14927480949219],[8.566757019481196,47.14936438580125],[8.566788293747273,47.149479998609124],[8.566852541627272,47.14959348886847],[8.566906973026748,47.149625969499795],[8.566946433179215,47.149676984305444],[8.567153047293935,47.14986087319059],[8.56716692077886,47.14995352846756],[8.5673150642714,47.14998772530053],[8.567361689923926,47.15005022023175],[8.567440894339951,47.15012374813206],[8.567489457769163,47.15020371177629],[8.567546480767664,47.150264620302394],[8.567743762047463,47.15034216176881],[8.567906246304902,47.15049478135744],[8.568009974855542,47.15066375614359],[8.568109644051406,47.15070779244907],[8.568282182576988,47.15074748784064],[8.568480898716182,47.15072980272865],[8.568772885219323,47.15081780991466],[8.568871156169838,47.15089613319443],[8.569020807538884,47.150934118256465],[8.569156850703202,47.15095025119111],[8.569264037265206,47.150934948485116],[8.56933991432179,47.15100683458961],[8.569540456273664,47.151048708710356],[8.569615829869413,47.15104617755913],[8.569708564481257,47.151092061833765],[8.56978533337585,47.15106756716761],[8.57001092103041,47.15100916120438],[8.57017932852306,47.15094125996623],[8.570247324187728,47.15097086190788],[8.57035312930955,47.15090394502562],[8.570465710435188,47.15091117651457],[8.570642878285986,47.15086847551946],[8.570767389602615,47.150900480625666],[8.570871509172813,47.15088483777235],[8.570989798287588,47.15079597367159],[8.571129766599691,47.15079131238498],[8.571231202794955,47.150819630988195],[8.57132295467347,47.15075232979964],[8.57153184912257,47.15078383604426],[8.571617945765567,47.150762747637856],[8.571739261539237,47.15081010297583],[8.571963585696496,47.1507388776144],[8.572134492252438,47.15070072488004],[8.572293368483274,47.15073835393119],[8.57238203436403,47.15068978451569],[8.572504514886974,47.15068315290436],[8.572619043640948,47.15062857108532],[8.57269149025324,47.15062671445973],[8.572901172892927,47.15068980362712],[8.573124408688606,47.15071727940526],[8.573195126681112,47.150765761900054],[8.573337191051907,47.15077041487141],[8.573535196516012,47.15084181322834],[8.573568038714376,47.150893808677274],[8.573681043729492,47.15091292526216],[8.573710240521686,47.1509963519101],[8.573858299995818,47.15102935376365],[8.573963439693054,47.15109293286802],[8.574038306987319,47.151090781636896],[8.574097043197588,47.151143780778376],[8.574272659727558,47.151191533059745],[8.57429620760003,47.151233643736205],[8.57447119323323,47.15129763033386],[8.574616617169571,47.15131822507517],[8.574763102069873,47.15137140986448],[8.57483913533527,47.15141051024651],[8.574958587662364,47.15151089276466],[8.575048540531483,47.151555306960084],[8.575149778702176,47.151569158878296],[8.575217739077384,47.15158885390659],[8.57531004750571,47.15151998774433],[8.575464411200679,47.15150634510452],[8.575510189621617,47.151476890312125],[8.575589627888599,47.15146393394883],[8.575669379001734,47.151399275679275],[8.575722258668103,47.15138567314631],[8.575762620024275,47.151396707834955],[8.5758092396837,47.15136030885668],[8.57587521103999,47.15135279292539],[8.575932451574936,47.151376875496645],[8.57597700849831,47.151378081221054],[8.576102920316469,47.15131814783656],[8.576429371052761,47.15124194575796],[8.576478481292275,47.151225348575586],[8.576519914004173,47.15119806835509],[8.576659372273298,47.15099382491991],[8.576797265751447,47.15094924497376],[8.576829173555678,47.15090255601089],[8.57686807291421,47.15086840095644],[8.57698936747505,47.15085932944905],[8.577048398125719,47.15083675060592],[8.577100535379216,47.150860829125406],[8.577093844496519,47.15091390750459],[8.577145214483542,47.15091926437206],[8.577200021945124,47.150880399896245],[8.577256402025352,47.15091362105084],[8.577486367771137,47.151028568771025],[8.57758914827371,47.151074023459344],[8.577789927042723,47.15104985184793],[8.578109957686818,47.150898332828284],[8.578187005199025,47.15089578846971],[8.578270585382297,47.150876150317764],[8.578445500168144,47.15087160170153],[8.57859865891756,47.15083307541982],[8.578690657146582,47.15083597794924],[8.578803593988098,47.15087038303474],[8.579091387377506,47.15087149744442],[8.579183811981308,47.150855414238485],[8.57944842228931,47.150841005972836],[8.57964893054293,47.15085062196749],[8.579739509011938,47.15083702147032],[8.580017425837148,47.15090556502131],[8.58023819022676,47.15088864833487],[8.580353930656692,47.150912247129455],[8.580536241159226,47.15106525517999],[8.58064235934645,47.15107232497865],[8.580742609285897,47.15110348969386],[8.580781229327952,47.151159572848776],[8.580943051281714,47.15123416046627],[8.581064344228603,47.15125280970915],[8.581209936403981,47.151237915066105],[8.581370482462633,47.15131631998142],[8.581537513599137,47.15132168638332],[8.581780235363754,47.15129984380599],[8.581882374154176,47.15131875448963],[8.581946485153408,47.15136124317515],[8.582097330288471,47.15151325711707],[8.582216801043463,47.1515595223579],[8.582319897511972,47.151552245381225],[8.582368783561243,47.15159435444322],[8.582374986555601,47.15168101221501],[8.582477486322482,47.15185131797957],[8.582549121316665,47.15187806085351],[8.582577810797927,47.15193954068596],[8.582893696848867,47.15216886842136],[8.582891770449276,47.152213236839216],[8.583287693704717,47.152432825576966],[8.583464270543962,47.15245150696475],[8.583564895503864,47.15247534294502],[8.583732401243829,47.15250148175581],[8.583904104446264,47.15256601756291],[8.58409991054517,47.15257184946628],[8.584278576903733,47.152597552512376],[8.584444953742489,47.15264422993649],[8.584699379145185,47.15268715135284],[8.58483258091542,47.152738269788394],[8.584909962825542,47.15273213729308],[8.585085622439188,47.15279966351616],[8.585293517124056,47.15285020797174],[8.585586351151523,47.15294573883788],[8.58568866989203,47.15300914658579],[8.585868895918608,47.15305952508969],[8.586025967234484,47.15312227857564],[8.58612716777487,47.15318208078197],[8.586178907702475,47.15323346144061],[8.5864004019912,47.15323299703577],[8.58650871572063,47.15328932753324],[8.58659608455015,47.153276599298344],[8.58679228718124,47.153313692079365],[8.586948953692488,47.15336609419747],[8.587263123594479,47.153368499280944],[8.587306510339172,47.15343184629122],[8.5874844075659,47.15341105279877],[8.587708312321338,47.1533219531999],[8.58786052648277,47.153353654245194],[8.588070770883425,47.15323948416116],[8.588057719327857,47.153132789448335],[8.588264633620614,47.15295756178597],[8.58846817155189,47.15283210525831],[8.588524142120097,47.15273041503524],[8.588690167377754,47.1525659404259],[8.588641975742389,47.152544769285356],[8.588831287254308,47.152482137039],[8.588949690811804,47.15228013087946],[8.589050367845186,47.15225658066985],[8.589087139333712,47.15218753898898],[8.589224614721187,47.15211585290579],[8.589350050299215,47.151850310564136],[8.589515542725113,47.15165332017156],[8.589672563844145,47.15164626175545],[8.589694981478225,47.151570832520825],[8.589838163026604,47.151489274150954],[8.589969575695205,47.15132221129897],[8.590096263125808,47.151258593381456],[8.590122089203625,47.151206788904716],[8.590124938581216,47.15117986292126],[8.590168647661136,47.151114664589116],[8.590272820833667,47.15106679859521],[8.590413596283586,47.15095257279843],[8.59070365323085,47.15082044355745],[8.590824679164562,47.15076100158779],[8.59099894341113,47.15059701664818],[8.591150598463564,47.150533795116395],[8.591300081913717,47.15044138574305],[8.591518447382779,47.150418012394226],[8.591660804325334,47.150427623488596],[8.593157640122572,47.150213686422205],[8.594524379594992,47.15050049375148],[8.596261245520093,47.14806951277887],[8.596181459960313,47.14807022571717],[8.596016083127845,47.14804768199685],[8.595916435814487,47.148061026814815],[8.59583510543773,47.148020770083946],[8.595799688027272,47.147992699570224],[8.595625582261071,47.147764517618896],[8.595617132248698,47.147709089382445],[8.59563881551555,47.14766786832598],[8.595678583810562,47.1476446819003],[8.595745207996977,47.14763170545161],[8.595886000141082,47.14756922546461],[8.59592771010999,47.147518753072475],[8.595962187580078,47.14748627311321],[8.596044211356244,47.14746287731509],[8.596143475090456,47.14736353614473],[8.596226710254061,47.14732543784042],[8.596280225504259,47.14728920384838],[8.596333461479345,47.147221154405315],[8.596352169334283,47.14713749385306],[8.59637325737601,47.14710414998304],[8.596447394487582,47.14704108070745],[8.596471224358238,47.147006485787834],[8.59652975795941,47.14696331935198],[8.596567790953369,47.14694163438486],[8.596599586087937,47.14692965572594],[8.596618902188702,47.14691498698959],[8.59662202820966,47.14688028560309],[8.59664615499127,47.14679724512561],[8.596748587425306,47.14670856753285],[8.596859737290478,47.14658951311507],[8.59688498581182,47.1465406724167],[8.596962649614532,47.1464700287711],[8.597026019453903,47.146445668623386],[8.59719473466488,47.14631802784768],[8.597219123331127,47.14624592351831],[8.597269616865747,47.14625048857362],[8.59730237734512,47.146214903928154],[8.597446663838262,47.14620386089395],[8.5975628885304,47.14614454991478],[8.59762411664514,47.14612787545475],[8.597744866358536,47.146067475177446],[8.597755992016289,47.14603872034073],[8.597784498457948,47.14598998153521],[8.597788807268564,47.14596427300885],[8.597930474979954,47.14586703070605],[8.597988187073929,47.14580795814522],[8.598052043657683,47.14569714256547],[8.59798567164568,47.14563090054901],[8.597994919816733,47.14558912964646],[8.598030879262906,47.145557614635734],[8.598031603807812,47.1455314024734],[8.598108165292722,47.145503148485034],[8.598144885888258,47.14546964668114],[8.598188045466273,47.14541748556862],[8.598232218074553,47.14532991562292],[8.5982964072098,47.145287464864865],[8.598322299990581,47.1452483688046],[8.598325025683978,47.14514958506414],[8.598238413612622,47.14503702079651],[8.59820866935415,47.14497133621346],[8.598207780428066,47.144882196461246],[8.598130722169596,47.144694465563276],[8.598196399832988,47.14456370572707],[8.598188115057118,47.1445111366257],[8.59816808951002,47.1444400195231],[8.598117585893593,47.144369767392774],[8.598092791630647,47.1443116253615],[8.598033014996107,47.14424300495542],[8.597954264514529,47.14418652222654],[8.59785886491534,47.144134453272805],[8.597793392176905,47.14407980670734],[8.597809466289327,47.14402081195638],[8.597795178716469,47.14400459251839],[8.597795541480636,47.1439525299646],[8.597785877931452,47.14390811595747],[8.597692021981864,47.14385728173346],[8.597686834587982,47.14377966396363],[8.597713395194196,47.14368798963124],[8.597703102263452,47.14361815073029],[8.59767879772218,47.14354787728606],[8.597680017907662,47.14351349190164],[8.597660891752636,47.143469865912536],[8.597575385836654,47.143350956928366],[8.597599341956215,47.143235200014004],[8.597560424841426,47.14320249645803],[8.597547251841652,47.14315247739734],[8.59758952274164,47.143122059363385],[8.597595456508818,47.14307579695736],[8.597574061367167,47.1430321038558],[8.597582117572147,47.14299191924141],[8.597625876142656,47.142944960849086],[8.597638590965264,47.14290985691438],[8.597680350900852,47.142880208637735],[8.597693282546317,47.14284050563816],[8.59766098303883,47.142815660762516],[8.597701229309703,47.14270330200718],[8.597690928349753,47.142673890466945],[8.59766938591464,47.14264836146054],[8.597671216855572,47.142634273520244],[8.597744210446187,47.14260765692703],[8.597766696588492,47.14258664093966],[8.597760455759392,47.14255719748376],[8.59776099996641,47.14248245457613],[8.597826716898515,47.14241205654602],[8.59782255895652,47.14233631750664],[8.597906545096114,47.14225171978621],[8.597932582822022,47.1421925795835],[8.597949542498563,47.14209048578353],[8.597995921554366,47.14201785367826],[8.597959858460584,47.14186301195821],[8.597972915597206,47.14176397108744],[8.59802374692721,47.14166194065772],[8.598042024040616,47.14159878553789],[8.598013548618392,47.141456425528666],[8.597979856958412,47.14141718343752],[8.59791531586389,47.14136583801805],[8.597896731254748,47.141327712048444],[8.597900901148591,47.14127733828976],[8.597949011184808,47.14123048880897],[8.59797962861709,47.14118438236793],[8.598043696202934,47.141135320943],[8.598087320489135,47.1411193903468],[8.598224933218553,47.14110826052874],[8.598320084540156,47.14107970193547],[8.598414464099058,47.14098447386043],[8.598545909949786,47.14077753934982],[8.598536593680889,47.14069742636411],[8.598545769753734,47.14062682440507],[8.598588312262128,47.14054272502185],[8.598585692098835,47.140503934380995],[8.598551341911254,47.14045376014572],[8.598550964559498,47.140408343935555],[8.598650246069989,47.14033376563763],[8.59868961528944,47.14022613809554],[8.59865995563553,47.14017704106126],[8.598671810287568,47.14003352773024],[8.598669979743978,47.13999954189928],[8.598691191221917,47.13994166459081],[8.598717802352466,47.13989873788384],[8.598727211189127,47.139843156607455],[8.598812446743398,47.139655830951995],[8.598813841459984,47.139625887703474],[8.598791999166602,47.13953841652493],[8.598750952758449,47.13943046659684],[8.598706904286704,47.139335464968845],[8.59866743687401,47.13928699761156],[8.598638843584181,47.13926153989152],[8.598533189235509,47.139212849436106],[8.598468021227227,47.139195155109924],[8.59841687505161,47.139171112218165],[8.598362798814573,47.139093348667785],[8.59832374908708,47.1390124019775],[8.598265203756243,47.13893889350032],[8.598216561969934,47.138852106228356],[8.598003032382808,47.1387177919112],[8.597971988486597,47.13870211922502],[8.597927272887553,47.13864075949768],[8.597892721408632,47.13859094692524],[8.597895001496806,47.138565339755196],[8.597836183488871,47.13845299874104],[8.597805023944712,47.13841370408286],[8.597776553218697,47.138357326191276],[8.59774345450149,47.13823026958567],[8.597699902532126,47.138139805472704],[8.597687891206766,47.13808249703281],[8.597695407099144,47.138025306653525],[8.597666382320504,47.13797498852194],[8.597617566636195,47.137924545972595],[8.597554828957062,47.13787225560969],[8.597489244728726,47.137840720328164],[8.59743774915814,47.13777852014661],[8.597438119260463,47.137709725171135],[8.597491151930056,47.13765228308156],[8.597562768096775,47.137609235973486],[8.597605999155116,47.13756673574598],[8.59764654111983,47.13751146150847],[8.597678919954117,47.1373866326581],[8.59770313116396,47.137337001447065],[8.59776174255553,47.13733267746147],[8.597754225564918,47.13728870954549],[8.597742308558638,47.13728447566049],[8.597873594935484,47.13712102022342],[8.598213447010535,47.13660609905185],[8.598265172000442,47.13651392777745],[8.60436582302868,47.127777695327424],[8.601450245376839,47.12129267763958],[8.60145642208612,47.12127183466719],[8.601452408445063,47.12124904369586],[8.601423369406156,47.12117717237151],[8.601359497798478,47.12113930692772],[8.601339033537016,47.12110727261788],[8.601321202335937,47.12103625048355],[8.601341253540896,47.12100797154048],[8.601341011178494,47.120965234524],[8.60131500684157,47.12086679460862],[8.601332757118895,47.1208023394763],[8.601338969305239,47.12072909509429],[8.601366313048468,47.12065063529007],[8.601374564507259,47.12059119696172],[8.60136134941764,47.12046082723677],[8.601347690111918,47.1204010617445],[8.601347067741166,47.120342639732925],[8.60130679546598,47.12028509547979],[8.601279628740546,47.12021201771899],[8.601239178815467,47.12016571110565],[8.601229269454299,47.12011415690861],[8.601178991048423,47.12006920008949],[8.601141581463066,47.12004213189639],[8.601117095462527,47.11998871899496],[8.601043758633459,47.11991239270017],[8.601007193869062,47.119882950003394],[8.601000739315158,47.11984058164497],[8.600999428906475,47.11976865475651],[8.600952330973437,47.119714157028326],[8.600916259414436,47.11962118933249],[8.600923566469875,47.119557082710315],[8.600733496216609,47.11936977551862],[8.600684419253852,47.119248323276835],[8.60062354104726,47.11917031450165],[8.600599699521815,47.119065159604034],[8.600566135460376,47.119012405075026],[8.600572187668716,47.11895361872804],[8.600562665595934,47.118817202307284],[8.600563725617416,47.11875914110374],[8.600599470816611,47.11870953632281],[8.600622592447497,47.11866426019992],[8.600621643315357,47.118545173173935],[8.600545315097555,47.11846569225208],[8.600516220068029,47.11837531669596],[8.600481688957425,47.11832838325928],[8.600479871509645,47.11828347613803],[8.600418838537346,47.118178822981136],[8.600290555636294,47.11808266675908],[8.600191059186635,47.117927143527254],[8.600189601146447,47.117851394847115],[8.600141992604073,47.1177896422621],[8.600120326085982,47.11770024407076],[8.600043729235193,47.11760463589777],[8.599940745918623,47.11735324245225],[8.599792486310406,47.11723271069602],[8.599689099234475,47.117201549578255],[8.599647942475523,47.117147998859],[8.599610963770537,47.117067715116015],[8.599650333442277,47.11698652540648],[8.599707177611613,47.11659526862292],[8.599672235694458,47.11642593194858],[8.599770669655456,47.11626877804414],[8.59979887164499,47.116160605417484],[8.599734196208948,47.11598865439371],[8.59961606109643,47.11583568481562],[8.599574285428945,47.11576994187991],[8.599472842638436,47.115668431035935],[8.599369070580359,47.11547582418704],[8.599216463461058,47.1152948291987],[8.599230379743082,47.11515008865999],[8.599242666387006,47.11507976063655],[8.59928036093166,47.11508430082929],[8.599467165564505,47.11512975108527],[8.599557133658434,47.11514085209788],[8.59964890224863,47.115145646724166],[8.599733028017015,47.11514437427234],[8.599825856308327,47.115136653756295],[8.599948564578133,47.115115227434714],[8.600034431774624,47.11509338154199],[8.600117595075893,47.115083581423484],[8.600187406936158,47.115083397825885],[8.600484088764558,47.11510333030875],[8.600516247517744,47.11510173686662],[8.600588947479027,47.11508889359286],[8.600655969061052,47.11506335148494],[8.600792726941284,47.11497218995897],[8.600817614400928,47.11495007832392],[8.60084399435113,47.11493602091689],[8.60089219514157,47.11492311026968],[8.600939487472985,47.1149217775149],[8.60099129111256,47.1149334071987],[8.601034376887071,47.11495866383987],[8.601056320267304,47.11498610435293],[8.601064424580178,47.11501950514632],[8.601098265131547,47.1150887372502],[8.601110944518338,47.115105242455776],[8.601157712423015,47.11514349687732],[8.601222063719135,47.11517101227349],[8.60132998705685,47.11519941835035],[8.601443011712506,47.11522181744131],[8.601815343869905,47.115262769350565],[8.602108058737251,47.11531233431185],[8.602267890880759,47.11533227076892],[8.602443555950494,47.11537857563471],[8.602498382783004,47.11538981420421],[8.60255897705113,47.1153972070801],[8.602625721958116,47.11539958990178],[8.602785101006116,47.115391984777965],[8.602958941485447,47.1153712878627],[8.60323731472128,47.11535330104348],[8.603290766950124,47.11534555381374],[8.603409613081107,47.115324117936794],[8.603538287048977,47.115294072224174],[8.603860768734034,47.115196850789076],[8.60414905563743,47.1151651684506],[8.604284560010559,47.11515655285766],[8.604495624137662,47.115150886148996],[8.605053217378956,47.115163032862114],[8.605100645856803,47.11517097179521],[8.605149157525734,47.11518689707889],[8.605184581436728,47.11520514115636],[8.605286179208603,47.11527094973964],[8.60532721035748,47.11528767953251],[8.605366682107768,47.115298154990064],[8.605422423398428,47.11530537071495],[8.605815550629083,47.11532257434163],[8.605874489950502,47.11531689323016],[8.605927580034098,47.11530524422278],[8.606077958235728,47.1152456486049],[8.606137040674115,47.1152332369645],[8.606189144499503,47.115232572859554],[8.606228074769867,47.11523815075184],[8.606475742325804,47.115255839846164],[8.60657559067254,47.115251604936454],[8.606678876535895,47.115236404982994],[8.606729966595523,47.11522369641423],[8.606782945926525,47.11520456353706],[8.6068365383764,47.115177894827966],[8.606879700907697,47.115149128087076],[8.60693681637317,47.115123880865454],[8.607032044113362,47.1150987320429],[8.607094746024476,47.11506136444658],[8.607447164844412,47.11510871672195],[8.60792433211873,47.11504770279937],[8.608397648247776,47.11503184957086],[8.60868481785403,47.115007687771396],[8.609074217812678,47.11498642466173],[8.609226270781162,47.11666930714404],[8.609260209073105,47.1168588652466],[8.609299681048542,47.11693740242793],[8.60935998282271,47.11698856882358],[8.609419142977877,47.11701643840984],[8.609504164047285,47.11710121359559],[8.609627828201706,47.1173151812087],[8.60971233424648,47.11740710424185],[8.609768877492664,47.117525013388274],[8.609862919428231,47.11759497011272],[8.609983366923647,47.117593617019814],[8.610039553377216,47.11762647333824],[8.610091425559,47.1176934501],[8.610132612599667,47.11773643567718],[8.610224903552908,47.11776606329463],[8.610253928668776,47.117797073269244],[8.610334195658822,47.11782886540872],[8.610379557725429,47.117897023885575],[8.610440516464726,47.11793053305255],[8.61060989136615,47.11804941471704],[8.610762875342683,47.118131669975725],[8.610827935165199,47.118187554937904],[8.610952590266537,47.118270008827636],[8.610995777890416,47.118289341443784],[8.611288811298639,47.118112093072305],[8.611452140471624,47.118045620441485],[8.611664154282968,47.117941398763826],[8.611953158757089,47.11787039550551],[8.612021329570517,47.11789800088664],[8.612377655631905,47.11780624852891],[8.61262169217941,47.117697299105245],[8.612825233351083,47.11757345170962],[8.613174714916738,47.11743475408568],[8.613292175335546,47.11737592613977],[8.613444861742302,47.117336349202105],[8.613528321410985,47.1172685037058],[8.613571012549794,47.117201506614464],[8.613698928356495,47.117153762306394],[8.61380086332154,47.11710093086341],[8.613941875350365,47.11705547230966],[8.614002296128263,47.11704278206939],[8.614448333366305,47.116919321913606],[8.614533106342147,47.11683634908394],[8.614606614460941,47.11681413291595],[8.614758466254122,47.11673545747299],[8.614853454852005,47.11671445173752],[8.614954958467008,47.11667507256064],[8.615001495510633,47.11663688547267],[8.615419934576407,47.11641815818647],[8.615548003595874,47.116387142623694],[8.615644889763432,47.116350580838],[8.615810239736488,47.11622782967935],[8.61594748060458,47.116168058732384],[8.616047610759795,47.116135223673155],[8.616189338612767,47.11606617665753],[8.616263970038004,47.116001622076624],[8.616495307325032,47.11584445020368],[8.616580016936377,47.11581095403402],[8.616614011480447,47.115756207340446],[8.616936627323277,47.1156450309422],[8.61704289659395,47.11557384540727],[8.617177641914802,47.115540942378686],[8.617303549570744,47.11547232601089],[8.617455831705943,47.115447690022805],[8.617643966251634,47.11538093603669],[8.617698000429124,47.11534882413957],[8.618171512863777,47.115304150671726],[8.618505285221774,47.11526360831576],[8.618744045157477,47.11525239554482],[8.61922559552147,47.115085191579055],[8.61951675197208,47.11500115676931],[8.61989464797795,47.114871897988614],[8.620940241074985,47.11446898936501],[8.62111175244768,47.11438379697543],[8.621369628609152,47.11431348566785],[8.6215029462754,47.11432062410784],[8.62153512483372,47.11429490646211],[8.621570890612482,47.114290805114635],[8.621353620243859,47.113947119902356],[8.621011156149978,47.11384893474675],[8.620848762605227,47.11374651293938],[8.620672591042897,47.11367298359552],[8.620294508391057,47.11359856100576],[8.620098056872994,47.113600265361555],[8.619709074642948,47.11352749118433],[8.619263866769344,47.11352832217039],[8.618859564578752,47.113607041073735],[8.618205660950006,47.113647199587405],[8.617148048914041,47.11368305566996],[8.616790669646285,47.113728909839224],[8.616299029263017,47.11367068812193],[8.615574658155944,47.11383477074571],[8.614723853000907,47.11385279806114],[8.61430870600219,47.1138568736581],[8.613340536562353,47.11437526575621],[8.613297701278931,47.11432862780181],[8.613264224340863,47.11436141816624],[8.61321944500005,47.11438718124131],[8.613163520491051,47.114404673970164],[8.613106969570888,47.114411027123396],[8.613049976791997,47.11440744426865],[8.612996197094896,47.11439413995397],[8.612716716304968,47.114270449051666],[8.61266093745111,47.11425009420519],[8.612574665017043,47.114229708890974],[8.612485279855221,47.114220618191275],[8.612402231453139,47.11422227581876],[8.612314198600014,47.11423460845927],[8.611769658707214,47.11436328493167],[8.611719381313069,47.11436788214685],[8.611668635347039,47.11436732945918],[8.611618580195781,47.11436161503819],[8.61156975603538,47.11435073337341],[8.611509405866878,47.11432861643428],[8.611456751687513,47.11429868445683],[8.6111466534658,47.11405652901344],[8.61104637564889,47.113987437565484],[8.610944259183396,47.11392945675075],[8.610717489087802,47.11381932010456],[8.610675799918107,47.11379542918575],[8.610624547207685,47.11375482238049],[8.610582948617504,47.1137043475634],[8.610562933251062,47.11366524844153],[8.610514343544764,47.11352529049221],[8.610480659502821,47.11345348659327],[8.610433758188469,47.1133768426719],[8.610347413194104,47.11325904862534],[8.610302879470972,47.11317857524434],[8.610277615414939,47.113116374070955],[8.610206821567356,47.11289620077574],[8.610203936564742,47.11283116268612],[8.610216049260531,47.112771639173815],[8.610236740825595,47.11272358798241],[8.610356247508891,47.1125116314663],[8.610364936769974,47.112466698227706],[8.610356263619028,47.11242500957404],[8.610324401092022,47.11237800680197],[8.610276037548271,47.112342300161515],[8.610227441560644,47.11232187094499],[8.610139154164292,47.112300748714354],[8.6100931724772,47.1122853754946],[8.610046721634511,47.112263008210704],[8.610002435894296,47.11223238757792],[8.609964472602687,47.11219321035518],[8.609905622015551,47.112102726304244],[8.609891016998908,47.112069356312986],[8.609886210396086,47.11203815345627],[8.609890313622236,47.11200343237065],[8.609902407428045,47.11197317280792],[8.609924303332905,47.111942237627815],[8.609954470576398,47.111914744562874],[8.609983812364327,47.11189590498184],[8.610021451050692,47.11187866308352],[8.610114243607839,47.11185275378482],[8.610165161868018,47.111834180047424],[8.610245603767655,47.11179062956458],[8.610675162231027,47.11142631471339],[8.610736527743525,47.111378766273134],[8.610834683166862,47.111316170289655],[8.611107768554646,47.11116841586598],[8.611141175872662,47.111146925691855],[8.611185987988394,47.111100463430965],[8.611208990382828,47.11104608231533],[8.611211280634283,47.111021284173326],[8.611205343069269,47.11099442893048],[8.611175558299761,47.110944220628056],[8.611134169754509,47.11090868608636],[8.611029679782748,47.11085397710631],[8.610959584141007,47.110801804956225],[8.61092821252286,47.11076938872423],[8.610899357205017,47.11073032582095],[8.610863741145238,47.11065568100067],[8.610852597436654,47.110577566068265],[8.610866430579991,47.11049977216572],[8.610892810003982,47.11044375539336],[8.611047064910792,47.110206929698485],[8.611064301300301,47.11014256795369],[8.611061279253674,47.11007371696096],[8.611036340025244,47.11000345225302],[8.610991718745625,47.10994358966101],[8.610931039531987,47.10989234699227],[8.610837421356116,47.109839398123604],[8.610803508616563,47.10981547293869],[8.610767336520412,47.109778616647176],[8.610744431800395,47.10974109429902],[8.610658909880469,47.1093842252658],[8.610640885595695,47.10932765373342],[8.61060597828249,47.10925462985983],[8.610485896353703,47.109068226053324],[8.610467141671352,47.10902403134081],[8.610462306961459,47.108981907715545],[8.610469579355346,47.108939696645876],[8.6104909749142,47.108895596381814],[8.610521407416075,47.108857431252666],[8.610566178963836,47.10882122496844],[8.61064998916038,47.10885718178875],[8.610717024093624,47.10889244599577],[8.610813646943893,47.10896597398881],[8.610887866096341,47.108999563559856],[8.610963986916497,47.109018290405054],[8.61102170364338,47.109020904289636],[8.611069895869527,47.109051304765984],[8.611091016507812,47.10908437427515],[8.61114860529404,47.10911063970073],[8.61137631317815,47.109126641434095],[8.611417120297553,47.10917599957077],[8.611529362841885,47.10921300605658],[8.611579520015319,47.10922119331308],[8.611780394440146,47.10923206151087],[8.611896347397956,47.10922909683696],[8.612050159713446,47.109267810541716],[8.612166122308695,47.10931821835648],[8.612261433773817,47.10931852266769],[8.612329148228591,47.10933119922238],[8.612412694290793,47.10936523234133],[8.61253255673295,47.109347644701444],[8.61259493174945,47.10937641537574],[8.612711964618477,47.109417905743065],[8.612945246511014,47.10949275281415],[8.613019035326284,47.109509019257615],[8.613185606386843,47.10952980714924],[8.61325220997061,47.10952905459263],[8.613336674960408,47.10950580055491],[8.613419354312162,47.109514086452265],[8.613609143431354,47.10954453196136],[8.613702266866657,47.109565808975965],[8.61378869722259,47.109543856915614],[8.61386370431918,47.10954296411583],[8.613915200694871,47.10954789813105],[8.613979021880105,47.109625726093796],[8.614044917986137,47.10969602119984],[8.614093262561383,47.109696624338255],[8.614154438782661,47.10970493169092],[8.61417888154129,47.10967252125876],[8.614235739698772,47.1096461754113],[8.61428189183246,47.109619525220936],[8.61434421799244,47.109603981485435],[8.614461234534353,47.109603216352134],[8.614517112915284,47.109579066397394],[8.614562110574553,47.10950402977361],[8.614734056289427,47.10952772910173],[8.614767707432904,47.109572076593594],[8.614827962645231,47.10962906101955],[8.61490730373243,47.10967192439975],[8.61495031568691,47.10972131272693],[8.615087470202388,47.109753733785425],[8.615203899953382,47.1097352339204],[8.615270525500078,47.10976666742877],[8.615313347358715,47.10975638752932],[8.615486447576318,47.10960405044548],[8.615797793447523,47.10918243437285],[8.615896080596675,47.108906215040776],[8.615937719240396,47.10888769774133],[8.615965194585717,47.10886084232547],[8.615975878141818,47.108833151350886],[8.615973667926463,47.10880692384066],[8.615985966148045,47.10878495573505],[8.615992072032835,47.10875881396778],[8.615989712755853,47.10873239906948],[8.615977560260035,47.108704636134036],[8.615958615463008,47.1086819714975],[8.6159214836987,47.108650740085416],[8.615904868683796,47.1086231667833],[8.615902760764964,47.10858660188947],[8.61592053003088,47.108552775082806],[8.615864254739837,47.1085341990984],[8.615788510049281,47.108521247026935],[8.615771884012371,47.10849436650611],[8.615653700615445,47.10840772241535],[8.615635275095144,47.10837749582054],[8.615435219201279,47.10827001861852],[8.615345409717658,47.1082009856379],[8.615303629244602,47.10816143539705],[8.615254398488677,47.108131218227214],[8.615215854615574,47.10812324655197],[8.61518142409027,47.10813278383641],[8.615162928467626,47.10808194819005],[8.615339231902471,47.10798209672523],[8.615542625559645,47.10782410572177],[8.61551692517131,47.10773380674064],[8.61550536209545,47.107710661632126],[8.615481534940063,47.10770263832141],[8.615476543931363,47.1076745681138],[8.61550914759746,47.10759627547921],[8.615515685402535,47.107548404113295],[8.615486309435115,47.10749830962917],[8.615468742788176,47.10744238180638],[8.615458283552108,47.107308125525115],[8.615467389827003,47.10725961613788],[8.616118362233717,47.10697324746669],[8.61651133497571,47.106956644759386],[8.616914371296348,47.10680093221525],[8.617404728175567,47.106601232166966],[8.617763431342773,47.10643990796238],[8.61794863923776,47.10628235095955],[8.618239616186337,47.10607435642633],[8.617978205017927,47.106043502067045],[8.617800133221309,47.10584398175827],[8.617432102528715,47.10568776391098],[8.617091807498115,47.105610577796],[8.616678379218547,47.10567973066955],[8.616491159343957,47.105706883029434],[8.616414893652538,47.10564008701125],[8.616397769977958,47.10532981238411],[8.616161287439027,47.10510753463524],[8.615229462327637,47.10536262168377],[8.614884767173521,47.105138174541054],[8.614603121991523,47.10497390288418],[8.613860047177873,47.10485858264659],[8.613441247214034,47.104804642373914],[8.611925899660324,47.10447644940438],[8.610648661652657,47.10417369623038],[8.609306472182858,47.10430510475037],[8.609185501056986,47.10431187833099],[8.60870850670317,47.10428345928653],[8.608591593624041,47.10426308617807],[8.608479761365897,47.10422740413231],[8.608291882014138,47.10414100318056],[8.6075648941224,47.10425156455944],[8.606877584947801,47.104569299124584],[8.606410447779716,47.10486382319049],[8.605723686520147,47.105317464569225],[8.607460006141906,47.09199114021103],[8.599947092634565,47.09053373939476],[8.59878109664885,47.090604567183725],[8.598196680098882,47.090576596527434],[8.597566484513367,47.09091189999626],[8.596720964815368,47.09125169118877],[8.59615970627886,47.09146801332328],[8.595497013126877,47.09128438698988],[8.59514382545482,47.091080693852305],[8.594898148464132,47.090898965448645],[8.594426277972659,47.090736946059785],[8.593789677273266,47.090615524323354],[8.593665841386798,47.09040978168511],[8.593244472975083,47.09033429452416],[8.592554583578133,47.089732460759194],[8.59240993695554,47.089590041273716],[8.591916892978093,47.08932641732947],[8.591325714036634,47.089141788573016],[8.59126553501732,47.088974636068386],[8.590931079624925,47.08887374573809],[8.590109503440935,47.08639868086134],[8.587339694296672,47.085675362383355],[8.585720879970642,47.08546483810284],[8.585613740765695,47.085557270395434],[8.585171991735262,47.08546500017116],[8.584679162850987,47.08521597091115],[8.58353476184455,47.08464995856751],[8.58284544516649,47.08445935581737],[8.58173013787303,47.08411711560073],[8.581101674800102,47.08399174722179],[8.580678776829046,47.083993900599246],[8.580446317847874,47.0839552345959],[8.57984390977392,47.0839479958182],[8.578646919444974,47.084081611991785],[8.578131939793735,47.08423326426952],[8.577961629023934,47.08436858769238],[8.577601982758244,47.08447850331169],[8.576868586540117,47.0847221840874],[8.576551612701943,47.08483296902021],[8.576161555284143,47.08542654986505],[8.576032687995738,47.085560857259836],[8.575788855511346,47.085815003500436],[8.575730831923043,47.08587549055326],[8.575603952591845,47.08606636206062],[8.575452426014957,47.08629429755407],[8.575408009231706,47.0863611088653],[8.575368634611955,47.08645452516413],[8.57527367170541,47.086679858688036],[8.574921564761738,47.08705878577307],[8.574431965939564,47.087299310446475],[8.573949821112418,47.08774208630617],[8.573741051490593,47.087928205215476],[8.573650294541032,47.08813926415607],[8.573517358599988,47.088448399177295],[8.573289108756986,47.08870937561352],[8.572915301843175,47.088914385670336],[8.572674362791943,47.089199001363674],[8.572325908109,47.08959531795223],[8.572223628182346,47.090024828816276],[8.571840538761922,47.09037701872079],[8.571623592371925,47.09063201477559],[8.571196867009585,47.09102583385776],[8.570825519387991,47.091429450917694],[8.570646624976341,47.0916648368258],[8.570507673400481,47.0919834998081],[8.569854237696886,47.09258265573607],[8.569472539043169,47.09283442937933],[8.56896907470479,47.09323808066768],[8.567982992145,47.09358799147083],[8.567421215798129,47.09370370174115],[8.567393776794297,47.09374368810467],[8.567450065565254,47.093834506397585],[8.567407457798161,47.09390729683095],[8.567328167486599,47.094000868209136],[8.567358849873214,47.094077967437386],[8.567318509384606,47.09412395481152],[8.567203942321067,47.09420625888775],[8.56712013367954,47.09433176489199],[8.567099774074599,47.09447902054105],[8.567055533075962,47.09465070961432],[8.567003006801862,47.09474172397242],[8.566881148690138,47.094906393624306],[8.566924943008278,47.095019401724294],[8.56691925425077,47.095060784662415],[8.566763035132539,47.095222696944404],[8.566813019060445,47.095317481631334],[8.566803250669182,47.095391595644635],[8.56664083858042,47.09555223714274],[8.566778800189343,47.09566746948014],[8.56672799536607,47.09575897954365],[8.56634565666139,47.09586191170779],[8.566323773293739,47.09604956459954],[8.565813068922047,47.09722759240927],[8.565532859441014,47.0974712589775],[8.565290515608124,47.09753672315946],[8.565158618913895,47.09763424502201],[8.564925352152263,47.09778691540156],[8.564731216037346,47.097944923241855],[8.564582719143992,47.09802428248077],[8.564462404647374,47.09807564915859],[8.564659184866265,47.098308603496974],[8.564921420849318,47.09858265688682],[8.56502377235933,47.099021003161795],[8.564679968971456,47.099485140765175],[8.564457839604732,47.09969746047633],[8.563560978004768,47.10020470362787],[8.563596783150418,47.10030815646406],[8.563541446659974,47.100411439895716],[8.563255435940395,47.10066809330962],[8.563146766744978,47.10082586459186],[8.56293740586741,47.10096979563777],[8.56280842919163,47.101019347080054],[8.562043043229641,47.10110275614821],[8.56162519271554,47.10131884522578],[8.561377170125162,47.10140419224067],[8.561285728321657,47.10141304682314],[8.560979639032102,47.101364112210234],[8.560831304154263,47.101556974568574],[8.560895700383305,47.1016072983293],[8.560974474946514,47.10171258128625],[8.561207736016675,47.101870834301934],[8.561395004113098,47.10193969451199],[8.561452616973863,47.10200261546461],[8.56136397920615,47.10213214015013],[8.561266773144716,47.10220548835084],[8.561113054383277,47.10230680778186],[8.561075498952992,47.10247057532708],[8.561072702363933,47.10274587588927],[8.560884801711895,47.103291060513016],[8.560487497941587,47.10419882467132],[8.560518644520187,47.104785949872316],[8.560430162158058,47.10509627980373],[8.559848436436127,47.10549039675886],[8.559565556182958,47.10619481407548],[8.559176450379304,47.10641999585917],[8.559030459398992,47.10657722706535],[8.559144559072235,47.10696086717569],[8.559152996231402,47.10725719804371],[8.559527414624819,47.10767680198525],[8.5596716757383,47.107789462437665],[8.560233213835879,47.10824745045064],[8.56103224290353,47.10850017074997],[8.561622753920272,47.1089697436979],[8.561633257222558,47.10908109961653],[8.561190132793946,47.109702623835275],[8.561039415631132,47.11025644036058],[8.560838846211901,47.11076990216012],[8.559824169366664,47.111276814503725],[8.559621647628706,47.111968500482035],[8.559683078920404,47.11236587721712],[8.56010809877751,47.11304235656378],[8.560022736165985,47.113458428041504],[8.560085178665831,47.1140864387868],[8.559911755661597,47.11445750832542],[8.559345211401329,47.11476915195311],[8.558738840076607,47.11518805120599],[8.558295524339067,47.11581074290654],[8.557573684175455,47.1161780537067],[8.557099320661203,47.11648303127688],[8.55618431208016,47.1168149695545],[8.555521119112113,47.116880426993134],[8.55480198170405,47.116924294039],[8.554125675436783,47.116924021323086],[8.553641335542494,47.11708586771547],[8.553241203932501,47.11724213686748],[8.552582998001704,47.11734630087184],[8.55144803081008,47.11728568572202],[8.55082605175037,47.117344329989265],[8.550101014606966,47.11737678192666],[8.549196049563534,47.117237366388636],[8.548681313946814,47.11768780994099],[8.548158750299624,47.11807949403667],[8.547795751695721,47.118324525032286],[8.547635099786916,47.11864884426065],[8.54727154433048,47.11913407579613],[8.546743615909184,47.11967468531796],[8.546634013232051,47.12027575244659],[8.54666801046173,47.12086105126488],[8.546472135097869,47.12114549678123],[8.546105938546948,47.12148582727704],[8.545663104686337,47.12182958419316],[8.54532748359346,47.122176094638746],[8.545137733431105,47.12261088835943],[8.545107751693308,47.12295868429686],[8.545069865120587,47.12338958740322],[8.54483018302445,47.12431575206312],[8.544662559297286,47.125305632662396],[8.544949494546238,47.12582202802853],[8.54509861083535,47.126200116373646],[8.545599122138967,47.12693733429299],[8.54508524949777,47.127133089656546],[8.543899252772201,47.127957992922525],[8.543498293275977,47.12856501305622],[8.543506135622296,47.12953874840363],[8.54368323095751,47.130027757202456],[8.54370736283905,47.1302467253191],[8.543605047235765,47.130442134148154],[8.542888942972942,47.130930025744256],[8.542675686938313,47.131199607548346],[8.542804403661357,47.131666898378626],[8.542760837025893,47.1318567405861],[8.54239616909536,47.13246780640944],[8.542318987258001,47.1328802833906],[8.541936922322385,47.133621989014046],[8.541724859072515,47.13372367836773],[8.541676771576913,47.13383253855056],[8.541728391142813,47.13408586786799],[8.54168271933103,47.134308825105364],[8.541725666285986,47.134378526141774],[8.54182588550634,47.13484279860676],[8.54188239968659,47.13490170946009],[8.541972715522089,47.135120654434],[8.54198054172901,47.13521450408559],[8.541965320472396,47.13527167423948],[8.542011778854198,47.135420252284234],[8.54200460446974,47.13562100752023],[8.542077880224877,47.135826046504725],[8.542086688916484,47.13600594913616],[8.542216872838766,47.136610654286216],[8.542923798388744,47.138185421796365],[8.543264246084611,47.13899842732562],[8.543235577866655,47.139884514517504],[8.543373201220321,47.14030491358732],[8.543489438309543,47.14089635622005],[8.543480215973668,47.14122254076845],[8.544066650663979,47.14174657590018],[8.544226110099377,47.14199224647023],[8.5444458918357,47.1423050748908],[8.544736926264013,47.142587981530504],[8.544821472019235,47.14272363398635],[8.544847765729102,47.142869966844984],[8.54484555452041,47.14320008710928],[8.544919234668598,47.14327051685926],[8.545130559044338,47.14337078381328],[8.545262387007709,47.14352875832489],[8.545693758291385,47.143696929912544],[8.546242495370997,47.1440304631308],[8.546836683467347,47.144089878201434],[8.54711574973081,47.14413368824219],[8.54736548918255,47.1442517883339],[8.54756423711062,47.14442112452522],[8.547727937217793,47.144477622785374],[8.549009866483033,47.14464752702938],[8.549148704325164,47.14470921994429],[8.54919118957503,47.144909621937884],[8.549077777057128,47.145124096079705],[8.549202939691094,47.14516845120224],[8.549921472058207,47.14554324638257],[8.551551342279899,47.14638317369112],[8.552056945520663,47.146670912698355],[8.552686311580032,47.14705298586349],[8.553435775770405,47.14748102055453],[8.553882010103552,47.147819343393394],[8.554533532122491,47.14836986218179],[8.554750082190544,47.14861838300148],[8.554849553596066,47.148740929534185],[8.555030920235167,47.14877605212775],[8.555505926122352,47.14880615589833],[8.555753908340616,47.14880143606775],[8.555865627535262,47.148823290267266],[8.556005716926407,47.148877073595635],[8.556130996740356,47.1490387877547],[8.55626328342608,47.14912933126011],[8.556739649538322,47.14931087828452],[8.556796705084986,47.149361986333446],[8.557037681540018,47.14946426439896],[8.557351340762851,47.149577889469796],[8.557429236316771,47.14966394095824],[8.557491013850159,47.14967152625891],[8.557738704737156,47.14981480319407],[8.557866330962515,47.14986763503629],[8.558115781276676,47.15007478191048],[8.558309882622963,47.15021534964997],[8.558327574410281,47.150347549995246],[8.558300699626969,47.150449013816925],[8.558298515930542,47.1506567020727],[8.558395834803814,47.15078861313598],[8.55852198873863,47.15085791183386],[8.558559415932228,47.150861253731506],[8.55860174461625,47.150885211147184],[8.558675218503698,47.15094062033161],[8.558755854376345,47.150954507297115],[8.55891445641501,47.15103870144563],[8.55900031929709,47.15102698939543],[8.559207109178557,47.151083636613066],[8.559334466123708,47.15109882224102],[8.559589569515826,47.151064653727886],[8.559659606064846,47.1510339344359],[8.559755218588258,47.151007346785235],[8.559984306601127,47.151014838387965],[8.560032436949934,47.15100852198483],[8.56014699471021,47.15095029116505],[8.560201915874154,47.150912495302364],[8.560422292949498,47.15087179972013],[8.560527752993286,47.15087657355816],[8.560692193561357,47.15089065837513],[8.560821072094225,47.150925591197336],[8.560926756090646,47.15098381528261],[8.56102894574362,47.15099108540637],[8.561136089962252,47.151022082885426],[8.561236005639735,47.151054221300114],[8.56138802781673,47.15111873059529],[8.561453748757902,47.15117150597609],[8.561485359197816,47.15131684777484],[8.561534754515991,47.15135448966575],[8.561628904080154,47.15139333189318],[8.561676502714208,47.151408178019054],[8.561750575654573,47.15140835445969],[8.56181414355157,47.15138675573185],[8.56188619765109,47.15138750053681],[8.561965975299492,47.15140251811491],[8.562025321879645,47.15144871654766],[8.56204742253582,47.15150652337515],[8.562115560886955,47.151547508324306],[8.56223568033019,47.151600390699045],[8.562270837069537,47.15163185632312],[8.5622739362631,47.15167585129764],[8.562231176129083,47.15169741797005],[8.56216344702555,47.151662123406645],[8.562119449195023,47.15166115875334],[8.562088961873197,47.15170578758643],[8.56208983867064,47.15174568420942],[8.562109670798655,47.15179215153341],[8.562193426610179,47.15187416650182],[8.562254738615165,47.15198632951113],[8.56229408000515,47.152016737735295],[8.562331667218855,47.152035819429216],[8.562198915553159,47.15214512810273],[8.56191642695411,47.1524285273344],[8.561847893488531,47.15250828717103],[8.561812113616218,47.15257032939805],[8.561799831874033,47.15262667278265],[8.561811847427727,47.15267077861198],[8.561849688657652,47.1527000681666],[8.561935870719738,47.15273363547075],[8.562024985779802,47.152757404679214],[8.562246093781484,47.15280401135922],[8.56269927088433,47.152907974235134],[8.562848883929869,47.15294910721488]]]]}}]}